symbol,name,sector,industry,market_cap_usd
NVDA,NVIDIA Corporation Common Stock,Technology,Semiconductors,5210986000000.0
GOOGL,Alphabet Inc. Class A Common Stock,Technology,Computer Software: Programming Data Processing,4640064520000.0
GOOG,Alphabet Inc. Class C Capital Stock,Technology,Computer Software: Programming Data Processing,4596568080000.0
AAPL,Apple Inc. Common Stock,Technology,Computer Manufacturing,4535749279920.0
MSFT,Microsoft Corporation Common Stock,Technology,Computer Software: Prepackaged Software,3109319914053.0
AMZN,Amazon.com Inc. Common Stock,Consumer Discretionary,Catalog/Specialty Distribution,2864833384996.0
AVGO,Broadcom Inc. Common Stock,Technology,Semiconductors,1960815481722.0
TSLA,Tesla Inc. Common Stock,Industrials,Auto Manufacturing,1599975926285.0
META,Meta Platforms Inc. Class A Common Stock,Technology,Computer Software: Programming Data Processing,1549098205499.0
BRK/B,Berkshire Hathaway Inc.,,,1073105724627.0
BRK/A,Berkshire Hathaway Inc.,,,1071739102234.0
LLY,Eli Lilly and Company Common Stock,Health Care,Biotechnology: Pharmaceutical Preparations,1002954597390.0
WMT,Walmart Inc. Common Stock,Consumer Discretionary,Department/Specialty Retail Stores,958840848795.0
MU,Micron Technology Inc. Common Stock,Technology,Semiconductors,846928272301.0
JPM,JP Morgan Chase & Co. Common Stock,Finance,Major Banks,820948708247.0
AMD,Advanced Micro Devices Inc. Common Stock,Technology,Semiconductors,762322104739.0
XOM,Exxon Mobil Corporation Common Stock,Energy,Integrated oil Companies,642135214337.0
V,Visa Inc.,Consumer Discretionary,Business Services,623052621698.0
INTC,Intel Corporation Common Stock,Technology,Semiconductors,602315840000.0
JNJ,Johnson & Johnson Common Stock,Health Care,Biotechnology: Pharmaceutical Preparations,564107224984.0
ORCL,Oracle Corporation Common Stock,Technology,Computer Software: Prepackaged Software,552430915680.0
CSCO,Cisco Systems Inc. Common Stock (DE),Telecommunications,Computer Communications Equipment,474588148013.0
COST,Costco Wholesale Corporation Common Stock,Consumer Discretionary,Department/Specialty Retail Stores,456181287730.0
MA,Mastercard Incorporated Common Stock,Consumer Discretionary,Business Services,440501895072.0
CAT,Caterpillar Inc. Common Stock,Industrials,Construction/Ag Equipment/Trucks,405309912807.0
LRCX,Lam Research Corporation Common Stock,Technology,Industrial Machinery/Components,381861854850.0
CVX,Chevron Corporation Common Stock,Energy,Integrated oil Companies,381251553837.0
ABBV,AbbVie Inc. Common Stock,Health Care,Biotechnology: Pharmaceutical Preparations,381097211490.0
NFLX,Netflix Inc. Common Stock,Consumer Discretionary,Consumer Electronics/Video Chains,373076749581.0
BAC,Bank of America Corporation Common Stock,Finance,Major Banks,367603395722.0
UNH,UnitedHealth Group Incorporated Common Stock (DE),Health Care,Medical Specialities,352786856622.0
KO,Coca-Cola Company (The) Common Stock,Consumer Staples,Beverages (Production/Distribution),350702376418.0
AMAT,Applied Materials Inc. Common Stock,Technology,Semiconductors,342966440123.0
PG,Procter & Gamble Company (The) Common Stock,Consumer Discretionary,Package Goods/Cosmetics,336342836382.0
PLTR,Palantir Technologies Inc. Class A Common Stock,Technology,Computer Software: Prepackaged Software,328144063412.0
MS,Morgan Stanley Common Stock,Finance,Investment Bankers/Brokers/Service,317081566762.0
GE,GE Aerospace Common Stock,Technology,Consumer Electronics/Appliances,315964248247.0
HD,Home Depot Inc. (The) Common Stock,Consumer Discretionary,RETAIL: Building Materials,311826378890.0
MRK,Merck & Company Inc. Common Stock (new),Health Care,Biotechnology: Pharmaceutical Preparations,302331206640.0
PM,Philip Morris International Inc Common Stock,Health Care, Medicinal Chemicals and Botanical Products ,294552036306.0
GS,Goldman Sachs Group Inc. (The) Common Stock,Finance,Investment Bankers/Brokers/Service,294042746733.0
TXN,Texas Instruments Incorporated Common Stock,Technology,Semiconductors,281409791905.0
GEV,GE Vernova Inc. Common Stock,,,279130207606.0
QCOM,QUALCOMM Incorporated Common Stock,Technology,Radio And Television Broadcasting And Communications Equipment,251020640000.0
KLAC,KLA Corporation Common Stock,Technology,Electronic Components,246674398106.0
LIN,Linde plc Ordinary Shares,Basic Materials,Major Chemicals,239432269396.0
IBM,International Business Machines Corporation Common Stock,Technology,Computer Manufacturing,238580479475.0
RTX,RTX Corporation Common Stock,Industrials,Aerospace,238376433590.0
WFC,Wells Fargo & Company Common Stock,Finance,Major Banks,233798477342.0
CCZ,Comcast Holdings ZONES,Telecommunications,Cable & Other Pay Television Services,228367191933.0
SNDK,Sandisk Corporation Common Stock,Technology,Electronic Components,218978844257.0
C,Citigroup Inc. Common Stock,Finance,Major Banks,213350621301.0
AXP,American Express Company Common Stock,Finance,Finance: Consumer Services,212735738399.0
PANW,Palo Alto Networks Inc. Common Stock,Technology,Computer peripheral equipment,212633280000.0
TMUS,T-Mobile US Inc. Common Stock,Telecommunications,Telecommunications Equipment,207209737164.0
PEP,PepsiCo Inc. Common Stock,Consumer Staples,Beverages (Production/Distribution),205794305190.0
VZ,Verizon Communications Inc. Common Stock,Telecommunications,Telecommunications Equipment,201888273299.0
MCD,McDonald's Corporation Common Stock,Consumer Discretionary,Restaurants,200554488820.0
ANET,Arista Networks Inc. Common Stock,Telecommunications,Computer Communications Equipment,193954975400.0
ADI,Analog Devices Inc. Common Stock,Technology,Semiconductors,193407650973.0
DELL,Dell Technologies Inc. Class C Common Stock ,Technology,Computer Manufacturing,191746062640.0
NEE,NextEra Energy Inc. Common Stock,Technology,EDP Services,184656985929.0
AMGN,Amgen Inc. Common Stock,Health Care,Biotechnology: Biological Products (No Diagnostic Substances),183123017368.0
DIS,Walt Disney Company (The) Common Stock,Consumer Discretionary,Services-Misc. Amusement & Recreation,178860676672.0
T,AT&T Inc.,Telecommunications,Telecommunications Equipment,175515038972.0
TJX,TJX Companies Inc. (The) Common Stock,Consumer Discretionary,Clothing/Shoe/Accessory Stores,175017223405.0
BA,Boeing Company (The) Common Stock,Industrials,Aerospace,172653976536.0
MRVL,Marvell Technology Inc. Common Stock,Technology,Semiconductors,171897354455.0
CRWD,CrowdStrike Holdings Inc. Class A Common Stock,Technology,Computer Software: Prepackaged Software,168874800223.0
GLW,Corning Incorporated Common Stock,Industrials,Telecommunications Equipment,167006769941.0
WDC,Western Digital Corporation Common Stock,Technology,Electronic Components,166922662401.0
GILD,Gilead Sciences Inc. Common Stock,Health Care,Biotechnology: Biological Products (No Diagnostic Substances),166817328271.0
TMO,Thermo Fisher Scientific Inc Common Stock,Industrials,Industrial Machinery/Components,166590470330.0
BLK,BlackRock Inc. Common Stock,Finance,Investment Bankers/Brokers/Service,166566070197.0
CRM,Salesforce Inc. Common Stock,Technology,Computer Software: Prepackaged Software,166204610000.0
APH,Amphenol Corporation Common Stock,Technology,Electrical Products,162464760807.0
APP,Applovin Corporation Class A Common Stock,Technology,Computer Software: Programming Data Processing,161815579200.0
UNP,Union Pacific Corporation Common Stock,Industrials,Railroads,157856469072.0
SCHW,Charles Schwab Corporation (The) Common Stock,Finance,Investment Bankers/Brokers/Service,156783065956.0
ISRG,Intuitive Surgical Inc. Common Stock,Health Care,Industrial Specialties,155158741080.0
WELL,Welltower Inc. Common Stock,Real Estate,Real Estate Investment Trusts,152597526657.0
ABT,Abbott Laboratories Common Stock,Health Care,Biotechnology: Pharmaceutical Preparations,152251824419.0
TBB,AT&T Inc. 5.350% Global Notes due 2066,Telecommunications,Telecommunications Equipment,150015087370.0
SCCO,Southern Copper Corporation Common Stock,Basic Materials,Metal Mining,148419105916.0
PFE,Pfizer Inc. Common Stock,Health Care,Biotechnology: Pharmaceutical Preparations,147615603977.0
COP,ConocoPhillips Common Stock,Energy,Integrated oil Companies,146755696083.0
UBER,Uber Technologies Inc. Common Stock,Consumer Discretionary,Business Services,146196721114.0
HON,Honeywell International Inc. Common Stock,Industrials,Aerospace,144422218882.0
DE,Deere & Company Common Stock,Industrials,Industrial Machinery/Components,142927268270.0
IBKR,Interactive Brokers Group Inc. Class A Common Stock,Finance,Investment Bankers/Brokers/Service,137998376912.0
PLD,Prologis Inc. Common Stock,Real Estate,Real Estate Investment Trusts,136028114200.0
VRT,Vertiv Holdings LLC Class A Common Stock,Technology,Industrial Machinery/Components,125780272887.0
BKNG,Booking Holdings Inc. Common Stock,Consumer Discretionary,Transportation Services,124801920902.0
SPGI,S&P Global Inc. Common Stock,Finance,Finance: Consumer Services,123609600000.0
MO,Altria Group Inc.,Health Care, Medicinal Chemicals and Botanical Products ,123404962267.0
LMT,Lockheed Martin Corporation Common Stock,Industrials,Military/Government/Technical,122945738330.0
DHR,Danaher Corporation Common Stock,Industrials,Industrial Machinery/Components,121736547844.0
BMY,Bristol-Myers Squibb Company Common Stock,Health Care,Biotechnology: Pharmaceutical Preparations,121421556347.0
SYK,Stryker Corporation Common Stock,Health Care,Medical/Dental Instruments,121326013958.0
LOW,Lowe's Companies Inc. Common Stock,Consumer Discretionary,RETAIL: Building Materials,120430439138.0
CVS,CVS Health Corporation Common Stock,Consumer Staples,Retail-Drug Stores and Proprietary Stores,118992980651.0
SBUX,Starbucks Corporation Common Stock,Consumer Discretionary,Restaurants,117514467000.0
COF,Capital One Financial Corporation Common Stock,Finance,Major Banks,116860361720.0
PGR,Progressive Corporation (The) Common Stock,Finance,Property-Casualty Insurers,116580967933.0
NEM,Newmont Corporation,Basic Materials,Precious Metals,114911379517.0
VRTX,Vertex Pharmaceuticals Incorporated Common Stock,Health Care,Biotechnology: Pharmaceutical Preparations,110283529795.0
PH,Parker-Hannifin Corporation Common Stock,Industrials,Metal Fabrications,109311855807.0
PWR,Quanta Services Inc. Common Stock,Industrials,Engineering & Construction,108559514193.0
SO,Southern Company (The) Common Stock,Utilities,Electric Utilities: Central,106682639454.0
EQIX,Equinix Inc. Common Stock REIT,Real Estate,Real Estate Investment Trusts,106493476748.0
CEG,Constellation Energy Corporation Common Stock ,Utilities,Electric Utilities: Central,106215161826.0
CME,CME Group Inc. Class A Common Stock,Finance,Investment Bankers/Brokers/Service,105529912627.0
NOW,ServiceNow Inc. Common Stock,Technology,Computer Software: Prepackaged Software,105296030000.0
CDNS,Cadence Design Systems Inc. Common Stock,Technology,Computer Software: Prepackaged Software,103042099440.0
HWM,Howmet Aerospace Inc. Common Stock,Industrials,Metal Fabrications,102647574764.0
MDT,Medtronic plc. Ordinary Shares,Health Care,Biotechnology: Electromedical & Electrotherapeutic Apparatus,100913358170.0
SNPS,Synopsys Inc. Common Stock,Technology,Computer Software: Prepackaged Software,100520258048.0
ADBE,Adobe Inc. Common Stock,Technology,Computer Software: Prepackaged Software,98931992000.0
FTNT,Fortinet Inc. Common Stock,Technology,Computer peripheral equipment,98123599007.0
DUK,Duke Energy Corporation (Holding Company) Common Stock,Utilities,Power Generation,97971856590.0
MAR,Marriott International Class A Common Stock,Consumer Discretionary,Hotels/Resorts,97340655180.0
WMB,Williams Companies Inc. (The) Common Stock,Utilities,Natural Gas Distribution,95968673855.0
BNY,The Bank of New York Mellon Corporation Common Stock,Finance,Major Banks,95509644112.0
FDX,FedEx Corporation Common Stock,Consumer Discretionary,Air Freight/Delivery Services,94058783215.0
GD,General Dynamics Corporation Common Stock,Industrials,Marine Transportation,92727806820.0
MCK,McKesson Corporation Common Stock,Health Care,Other Pharmaceuticals,92085919390.0
ADP,Automatic Data Processing Inc. Common Stock,Industrials,Diversified Commercial Services,90719801653.0
CMCSA,Comcast Corporation Class A Common Stock,Telecommunications,Cable & Other Pay Television Services,90078170151.0
FCX,Freeport-McMoRan Inc. Common Stock,Basic Materials,Metal Mining,89114336031.0
CMI,Cummins Inc. Common Stock,Industrials,Industrial Machinery/Components,88250907800.0
BX,Blackstone Inc. Common Stock,Finance,Investment Managers,88038685928.0
PNC,PNC Financial Services Group Inc. (The) Common Stock,Finance,Major Banks,88035014273.0
INTU,Intuit Inc. Common Stock,Technology,Computer Software: Prepackaged Software,87515427780.0
WM,Waste Management Inc. Common Stock,Utilities,Environmental Services,87503356361.0
HCA,HCA Healthcare Inc. Common Stock,Health Care,Hospital/Nursing Management,87420409986.0
ICE,Intercontinental Exchange Inc. Common Stock,Finance,Investment Bankers/Brokers/Service,86506446360.0
BE,Bloom Energy Corporation Class A Common Stock,Energy,Industrial Machinery/Components,86041425631.0
BSX,Boston Scientific Corporation Common Stock,Health Care,Medical/Dental Instruments,85881602243.0
UPS,United Parcel Service Inc. Common Stock,Industrials,Trucking Freight/Courier Services,85867634305.0
EPD,Enterprise Products Partners L.P. Common Stock,Utilities,Natural Gas Distribution,85740229080.0
ELV,Elevance Health Inc. Common Stock,Health Care,Medical Specialities,85711819762.0
AMT,American Tower Corporation (REIT) Common Stock,Real Estate,Real Estate Investment Trusts,85654440736.0
USB,U.S. Bancorp Common Stock,Finance,Major Banks,85112595018.0
MNST,Monster Beverage Corporation,Consumer Staples,Beverages (Production/Distribution),84881323867.0
CSX,CSX Corporation Common Stock,Industrials,Railroads,84582480725.0
KKR,KKR & Co. Inc. Common Stock,Finance,Investment Managers,84435971372.0
CIEN,Ciena Corporation Common Stock,Utilities,Telecommunications Equipment,82539917777.0
ABNB,Airbnb Inc. Class A Common Stock,Consumer Discretionary,Diversified Commercial Services,79767996559.0
MMM,3M Company Common Stock,Health Care,Medical/Dental Instruments,79507713267.0
MDLZ,Mondelez International Inc. Class A Common Stock,Consumer Staples,Packaged Foods,79278209548.0
DDOG,Datadog Inc. Class A Common Stock,Technology,Computer Software: Prepackaged Software,79137069218.0
MRSH,Marsh Common Stock,Finance,Specialty Insurers,79067295559.0
NOC,Northrop Grumman Corporation Common Stock,Industrials,Industrial Machinery/Components,78910958596.0
RKLB,Rocket Lab Corporation Common Stock,Industrials,Military/Government/Technical,78587048406.0
MCO,Moody's Corporation Common Stock,Finance,Finance: Consumer Services,78461264000.0
MPWR,Monolithic Power Systems Inc. Common Stock,Technology,Semiconductors,78107365300.0
EMR,Emerson Electric Company Common Stock,Technology,Consumer Electronics/Appliances,76408842000.0
NET,Cloudflare Inc. Class A Common Stock,Technology,Computer Software: Prepackaged Software,76408798614.0
SHW,Sherwin-Williams Company (The) Common Stock,Consumer Discretionary,RETAIL: Building Materials,76230137739.0
ORLY,O'Reilly Automotive Inc. Common Stock,Consumer Discretionary,Auto & Home Supply Stores,76026321347.0
CI,The Cigna Group Common Stock,Health Care,Medical Specialities,75719755321.0
ROST,Ross Stores Inc. Common Stock,Consumer Discretionary,Clothing/Shoe/Accessory Stores,75643606632.0
EOG,EOG Resources Inc. Common Stock,Energy,Oil & Gas Production,75217801007.0
KMI,Kinder Morgan Inc. Common Stock,Utilities,Natural Gas Distribution,75176862329.0
CVNA,Carvana Co. Class A Common Stock,Consumer Discretionary,Retail-Auto Dealers and Gas Stations,74891944327.0
MPC,Marathon Petroleum Corporation Common Stock,Energy,Integrated oil Companies,74341664103.0
APO,Apollo Global Management Inc. (New) Common Stock,Finance,Investment Managers,74088265596.0
COHR,Coherent Corp. Common Stock,Technology,Electronic Components,73867538430.0
LITE,Lumentum Holdings Inc. Common Stock,Telecommunications,Telecommunications Equipment,73668820000.0
VLO,Valero Energy Corporation Common Stock,Energy,Integrated oil Companies,73330519843.0
HLT,Hilton Worldwide Holdings Inc. Common Stock ,Consumer Discretionary,Hotels/Resorts,73093339282.0
ITW,Illinois Tool Works Inc. Common Stock,Industrials,Industrial Machinery/Components,72557940000.0
CL,Colgate-Palmolive Company Common Stock,Consumer Discretionary,Package Goods/Cosmetics,72505153379.0
AEP,American Electric Power Company Inc. Common Stock,Utilities,Electric Utilities: Central,71598781161.0
ECL,Ecolab Inc. Common Stock,Consumer Discretionary,Package Goods/Cosmetics,71293748007.0
PSX,Phillips 66 Common Stock,Energy,Integrated oil Companies,71242143704.0
GM,General Motors Company Common Stock,Industrials,Auto Manufacturing,71042200714.0
NSC,Norfolk Southern Corporation Common Stock,Industrials,Railroads,70641551135.0
DASH,DoorDash Inc. Class A Common Stock,Technology,EDP Services,69823925201.0
AON,Aon plc Class A Ordinary Shares (Ireland),Finance,Specialty Insurers,69365521496.0
CTAS,Cintas Corporation Common Stock,Industrials,Garments and Clothing,69195670831.0
ET,Energy Transfer LP Common Units ,Utilities,Natural Gas Distribution,69064066689.0
RCL,Royal Caribbean Cruises Ltd. Common Stock,Consumer Discretionary,Marine Transportation,68684733866.0
TDG,Transdigm Group Incorporated Common Stock,Industrials,Military/Government/Technical,67875962306.0
WBD,Warner Bros. Discovery Inc. Series A Common Stock ,Consumer Discretionary,Services-Misc. Amusement & Recreation,67767905055.0
DLR,Digital Realty Trust Inc. Common Stock,Real Estate,Real Estate Investment Trusts,67480507622.0
MSI,Motorola Solutions Inc. Common Stock,Technology,Radio And Television Broadcasting And Communications Equipment,67075494775.0
REGN,Regeneron Pharmaceuticals Inc. Common Stock,Health Care,Biotechnology: Pharmaceutical Preparations,66979560764.0
HOOD,Robinhood Markets Inc. Class A Common Stock,Finance,Investment Bankers/Brokers/Service,66313192397.0
SPG,Simon Property Group Inc. Common Stock,Real Estate,Real Estate Investment Trusts,66288100912.0
NKE,Nike Inc. Common Stock,Consumer Discretionary,Shoe Manufacturing,66151223764.0
BKR,Baker Hughes Company Class A Common Stock,Consumer Discretionary,Oil and Gas Field Machinery,65536058124.0
TRV,The Travelers Companies Inc. Common Stock,Finance,Property-Casualty Insurers,65167092617.0
APD,Air Products and Chemicals Inc. Common Stock,Basic Materials,Major Chemicals,64459378176.0
FIX,Comfort Systems USA Inc. Common Stock,Industrials,Engineering & Construction,64358831678.0
RSG,Republic Services Inc. Common Stock,Utilities,Environmental Services,64280257697.0
SRE,DBA Sempra Common Stock,Utilities,Natural Gas Distribution,60664046813.0
TFC,Truist Financial Corporation Common Stock,Finance,Major Banks,60275639325.0
AFL,AFLAC Incorporated Common Stock,Finance,Accident &Health Insurance,59988960785.0
SNOW,Snowflake Inc. Common Stock,Technology,Computer Software: Prepackaged Software,59684740933.0
D,Dominion Energy Inc. Common Stock,Utilities,Electric Utilities: Central,59512747121.0
F,Ford Motor Company Common Stock,Industrials,Auto Manufacturing,59491460966.0
KEYS,Keysight Technologies Inc. Common Stock,Industrials,Industrial Machinery/Components,59435904667.0
TRGP,Targa Resources Inc. Common Stock,Utilities,Natural Gas Distribution,59402700155.0
OKE,ONEOK Inc. Common Stock,Utilities,Oil & Gas Production,59241989074.0
GWW,W.W. Grainger Inc. Common Stock,Industrials,Office Equipment/Supplies/Services,58912057757.0
URI,United Rentals Inc. Common Stock,Consumer Discretionary,Diversified Commercial Services,58801311331.0
OXY,Occidental Petroleum Corporation Common Stock,Energy,Oil & Gas Production,58494466766.0
SOMN,Southern Company (The) 2025 Series A Corporate Units,Basic Materials,Metal Mining,58311568556.0
LHX,L3Harris Technologies Inc. Common Stock,Industrials,Industrial Machinery/Components,58120298813.0
O,Realty Income Corporation Common Stock,Real Estate,Real Estate Investment Trusts,57833186711.0
CRWV,CoreWeave Inc. Class A Common Stock,Technology,Computer Software: Prepackaged Software,57552215800.0
PCAR,PACCAR Inc. Common Stock,Consumer Discretionary,Motor Vehicles,57549399141.0
MPLX,MPLX LP Common Units Representing Limited Partner Interests,Energy,Natural Gas Distribution,57302013112.0
TGT,Target Corporation Common Stock,Consumer Discretionary,Department/Specialty Retail Stores,57044536623.0
FANG,Diamondback Energy Inc. Common Stock,Energy,Oil & Gas Production,56462391841.0
AZO,AutoZone Inc. Common Stock,Consumer Discretionary,Auto & Home Supply Stores,56128287330.0
TER,Teradyne Inc. Common Stock,Industrials,Electrical Products,56110972547.0
MSTR,Strategy Inc Common Stock Class A,Technology,Computer Software: Prepackaged Software,56033110254.0
ALL,Allstate Corporation (The) Common Stock,Finance,Property-Casualty Insurers,55757373438.0
CBRS,Cerebras Systems Inc. Class A Common Stock,Technology,Semiconductors,55266384758.0
MET,MetLife Inc. Common Stock,Finance,Life Insurance,54087295643.0
PSA,Public Storage Common Stock,Real Estate,Real Estate Investment Trusts,53585339577.0
COR,Cencora Inc. Common Stock,Health Care,Other Pharmaceuticals,53486781005.0
SE,Sea Limited American Depositary Shares each representing one Class A Ordinary Share,Consumer Discretionary,Other Consumer Services,53451524235.0
CTVA,Corteva Inc. Common Stock ,Consumer Staples,Farming/Seeds/Milling,53211319200.0
BRKRP,Bruker Corporation 6.375% Mandatory Convertible Preferred Stock Series A,Industrials,Biotechnology: Laboratory Analytical Instruments,53081026364.0
NUE,Nucor Corporation Common Stock,Industrials,Steel/Iron Ore,52835900400.0
CARR,Carrier Global Corporation Common Stock ,Industrials,Industrial Machinery/Components,52775182709.0
VST,Vistra Corp. Common Stock,Utilities,Electric Utilities: Central,52691504274.0
ALAB,Astera Labs Inc. Common Stock,Technology,Semiconductors,52601668320.0
AJG,Arthur J. Gallagher & Co. Common Stock,Finance,Specialty Insurers,52600275000.0
EBAY,eBay Inc. Common Stock,Consumer Discretionary,Business Services,51510044201.0
NDAQ,Nasdaq Inc. Common Stock,Finance,Investment Bankers/Brokers/Service,51469868026.0
ETR,Entergy Corporation Common Stock,Utilities,Electric Utilities: Central,51466481603.0
AME,AMETEK Inc.,Industrials,Industrial Machinery/Components,51460658009.0
ADSK,Autodesk Inc. Common Stock,Technology,Computer Software: Prepackaged Software,50883894038.0
HBANL,Huntington Bancshares Incorporated Depositary Shares Each Representing a 1/40th Interest in a Share of 6.875% Series J Non-Cumulative Perpetual Preferred Stock,Finance,Major Banks,50880977734.0
XEL,Xcel Energy Inc. Common Stock,Utilities,Power Generation,50615775925.0
MCHP,Microchip Technology Incorporated Common Stock,Technology,Semiconductors,50558285841.0
LNG,Cheniere Energy Inc. Common Stock,Utilities,Oil/Gas Transmission,50470567408.0
FAST,Fastenal Company Common Stock,Consumer Discretionary,RETAIL: Building Materials,50444660580.0
EA,Electronic Arts Inc. Common Stock,Consumer Discretionary,Services-Misc. Amusement & Recreation,50393525739.0
ROK,Rockwell Automation Inc. Common Stock,Industrials,Industrial Machinery/Components,50328096202.0
DAL,Delta Air Lines Inc. Common Stock,Consumer Discretionary,Air Freight/Delivery Services,50023549048.0
HPE,Hewlett Packard Enterprise Company Common Stock,Technology,Retail: Computer Software & Peripheral Equipment,49863176665.0
EW,Edwards Lifesciences Corporation Common Stock,Health Care,Industrial Specialties,49392124000.0
COIN,Coinbase Global Inc. Class A Common Stock,Finance,Finance: Consumer Services,48728421979.0
MDLN,Medline Inc. Class A Common Stock,Health Care,Medical/Dental Instruments,48619598950.0
GFS,GlobalFoundries Inc. Ordinary Shares,Technology,Semiconductors,47651573804.0
EXC,Exelon Corporation Common Stock,Utilities,Power Generation,47302912405.0
CAH,Cardinal Health Inc. Common Stock,Health Care,Other Pharmaceuticals,47000430981.0
ON,ON Semiconductor Corporation Common Stock,Technology,Semiconductors,45539150794.0
FITB,Fifth Third Bancorp Common Stock,Finance,Major Banks,44844295395.0
HBANM,Huntington Bancshares Incorporated Depositary Shares each representing a 1/1000th interest in a share of Huntington Series I Preferred Stock,Finance,Major Banks,44738772055.0
PCG,Pacific Gas & Electric Co. Common Stock,Utilities,Power Generation,44192677564.0
IDXX,IDEXX Laboratories Inc. Common Stock,Health Care,Biotechnology: In Vitro & In Vivo Diagnostic Substances,44124782032.0
ODFL,Old Dominion Freight Line Inc. Common Stock,Industrials,Trucking Freight/Courier Services,43771084523.0
WAB,Westinghouse Air Brake Technologies Corporation Common Stock,Industrials,Railroads,43506968288.0
MCHPP,Microchip Technology Incorporated Depositary Shares Each Representing a 1/20th Interest in a Share of 7.50% Series A Mandatory Convertible Preferred Stock,Technology,Semiconductors,43068971102.0
VTR,Ventas Inc. Common Stock,Real Estate,Real Estate Investment Trusts,42870446174.0
MSCI,MSCI Inc. Common Stock,Consumer Discretionary,Business Services,42846440000.0
YUM,Yum! Brands Inc.,Consumer Discretionary,Restaurants,42762629490.0
STT,State Street Corporation Common Stock,Finance,Major Banks,42608284730.0
CMG,Chipotle Mexican Grill Inc. Common Stock,Consumer Discretionary,Restaurants,42189121260.0
TTWO,Take-Two Interactive Software Inc. Common Stock,Consumer Discretionary,Services-Misc. Amusement & Recreation,42136675013.0
HEI,Heico Corporation Common Stock,Industrials,Aerospace,42000618835.0
HBANZ,Huntington Bancshares Incorporated Depositary Shares Each Representing a 1/1000th Interest in a Share of 5.50% Series L Non-Cumulative Perpetual Preferred Stock,Finance,Major Banks,41373735281.0
KR,Kroger Company (The) Common Stock,Consumer Staples,Food Chains,41199633676.0
ASTS,AST SpaceMobile Inc. Class A Common Stock,Consumer Discretionary,Telecommunications Equipment,41086867192.0
ARES,Ares Management Corporation Class A Common Stock,Finance,Investment Managers,41036343151.0
AIG,American International Group Inc. New Common Stock,Finance,Life Insurance,40852389328.0
DHI,D.R. Horton Inc. Common Stock,Consumer Discretionary,Homebuilding,40758897776.0
BDX,Becton Dickinson and Company Common Stock,Health Care,Medical/Dental Instruments,40678033238.0
AMP,Ameriprise Financial Inc. Common Stock,Finance,Investment Managers,40661350064.0
XYZ,Block Inc. Class A Common Stock,Technology,Computer Software: Prepackaged Software,40519922480.0
CRDO,Credo Technology Group Holding Ltd Ordinary Shares,Technology,Semiconductors,40285711395.0
ED,Consolidated Edison Inc. Common Stock,Utilities,Power Generation,40000214181.0
CCI,Crown Castle Inc. Common Stock,Real Estate,Real Estate Investment Trusts,39917898365.0
ALNY,Alnylam Pharmaceuticals Inc. Common Stock,Health Care,Biotechnology: Pharmaceutical Preparations,39713314839.0
PEG,Public Service Enterprise Group Incorporated Common Stock,Utilities,Power Generation,39621534673.0
KDP,Keurig Dr Pepper Inc. Common Stock,Consumer Staples,Beverages (Production/Distribution),39619491796.0
HSY,The Hershey Company Common Stock,Consumer Staples,Specialty Foods,39509831998.0
RKT,Rocket Companies Inc. Class A Common Stock,Finance,Finance: Consumer Services,39017835866.0
PYPL,PayPal Holdings Inc. Common Stock,Industrials,Diversified Commercial Services,39015525955.0
LYV,Live Nation Entertainment Inc. Common Stock,Consumer Discretionary,Services-Misc. Amusement & Recreation,38994816611.0
JBL,Jabil Inc. Common Stock,Technology,Electrical Products,38439880326.0
CBRE,CBRE Group Inc Common Stock Class A,Finance,Real Estate,38379469010.0
EME,EMCOR Group Inc. Common Stock,Industrials,Engineering & Construction,37725796397.0
BTSGU,BrightSpring Health Services Inc. Tangible Equity Unit,Health Care,Medical/Nursing Services,37630834724.0
IRM,Iron Mountain Incorporated (Delaware)Common Stock REIT,Real Estate,Real Estate Investment Trusts,37624971159.0
VIK,Viking Holdings Ltd Ordinary Shares,Consumer Discretionary,Marine Transportation,37548558065.0
TRI,Thomson Reuters Corporation Common Shares,Consumer Discretionary,Publishing,37452600881.0
ADM,Archer-Daniels-Midland Company Common Stock,Consumer Staples,Packaged Foods,37361269973.0
HIG,The Hartford Insurance Group Inc. Common Stock,Finance,Property-Casualty Insurers,37287274136.0
CCL,Carnival Corporation Ltd. Common Shares,Consumer Discretionary,Marine Transportation,37099851757.0
HUM,Humana Inc. Common Stock,Health Care,Medical Specialities,36972938925.0
UI,Ubiquiti Inc. Common Stock,Technology,Radio And Television Broadcasting And Communications Equipment,36967494739.0
WEC,WEC Energy Group Inc. Common Stock,Utilities,Power Generation,36940549142.0
PPLC,PPL Corporation Corporate Units,Utilities,Electric Utilities: Central,36759838687.0
TKO,TKO Group Holdings Inc. Class A Common Stock,Consumer Discretionary,Services-Misc. Amusement & Recreation,36600684152.0
SYY,Sysco Corporation Common Stock,Consumer Discretionary,Food Distributors,36480551164.0
EQT,EQT Corporation Common Stock,Energy,Oil & Gas Production,36227685760.0
PRU,Prudential Financial Inc. Common Stock,Finance,Life Insurance,36129640000.0
SATS,EchoStar  Corporation Common Stock,Consumer Discretionary,Telecommunications Equipment,35994835210.0
STRF,Strategy Inc 10.00% Series A Perpetual Strife Preferred Stock,Technology,Computer Software: Prepackaged Software,35566954529.0
STRC,Strategy Inc Variable Rate Series A Perpetual Stretch Preferred Stock,Technology,Computer Software: Prepackaged Software,34799473690.0
PAYX,Paychex Inc. Common Stock,Industrials,Diversified Commercial Services,34754215457.0
HAL,Halliburton Company Common Stock,Energy,Oilfield Services/Equipment,34643944070.0
STLD,Steel Dynamics Inc.,Industrials,Steel/Iron Ore,34615393823.0
RBLX,Roblox Corporation Class A Common Stock,Technology,Computer Software: Prepackaged Software,34481536359.0
VG,Venture Global Inc. Class A common stock,Utilities,Oil/Gas Transmission,34358671555.0
ZTS,Zoetis Inc. Class A Common Stock,Health Care,Biotechnology: Pharmaceutical Preparations,34091630556.0
VMC,Vulcan Materials Company (Holding Company) Common Stock,Industrials,Mining & Quarrying of Nonmetallic Minerals (No Fuels),33820610775.0
KVUE,Kenvue Inc. Common Stock,Consumer Discretionary,Specialty Chemicals,33657751950.0
WAT,Waters Corporation Common Stock,Industrials,Biotechnology: Laboratory Analytical Instruments,33615891176.0
HBANP,Huntington Bancshares Incorporated Depositary Shares 4.500% Series H Non-Cumulative Perpetual Preferred Stock,Finance,Major Banks,33586310418.0
ROP,Roper Technologies Inc. Common Stock,Technology,Computer Software: Programming Data Processing,32993921351.0
KMB,Kimberly-Clark Corporation Common Stock,Consumer Discretionary,Containers/Packaging,32908566993.0
Q,Qnity Electronics Inc. Common Stock,Technology,Semiconductors,32851601755.0
LVS,Las Vegas Sands Corp. Common Stock,Consumer Discretionary,Hotels/Resorts,32754162975.0
SYM,Symbotic Inc. Class A Common Stock,Industrials,Industrial Machinery/Components,32564249214.0
CPRT,Copart Inc. (DE) Common Stock,Consumer Discretionary,Retail-Auto Dealers and Gas Stations,32550190431.0
A,Agilent Technologies Inc. Common Stock,Industrials,Biotechnology: Laboratory Analytical Instruments,32487962362.0
UAL,United Airlines Holdings Inc. Common Stock,Consumer Discretionary,Air Freight/Delivery Services,32444089971.0
HBAN,Huntington Bancshares Incorporated Common Stock,Finance,Major Banks,32271918945.0
RVMD,Revolution Medicines Inc. Common Stock,Health Care,Biotechnology: Biological Products (No Diagnostic Substances),32221119781.0
MLM,Martin Marietta Materials Inc. Common Stock,Industrials,Mining & Quarrying of Nonmetallic Minerals (No Fuels),32213424432.0
WDAY,Workday Inc. Class A Common Stock,Technology,EDP Services,31994706505.0
EL,Estee Lauder Companies Inc. (The) Common Stock,Consumer Discretionary,Package Goods/Cosmetics,31953726893.0
RPRX,Royalty Pharma plc Class A Ordinary Shares ,Health Care,Biotechnology: Pharmaceutical Preparations,31382855118.0
MTB,M&T Bank Corporation Common Stock,Finance,Major Banks,31219157891.0
AXON,Axon Enterprise Inc. Common Stock,Industrials,Ordnance And Accessories,31112401722.0
ZM,Zoom Communications Inc. Class A Common Stock,Technology,Computer Software: Programming Data Processing,31065725409.0
NTRS,Northern Trust Corporation Common Stock,Finance,Major Banks,31045378475.0
AEE,Ameren Corporation Common Stock,Utilities,Power Generation,30799687345.0
CQP,Cheniere Energy Partners LP Common Units,Utilities,Oil/Gas Transmission,30684190857.0
CASY,Casey's General Stores Inc. Common Stock,Consumer Discretionary,Retail-Auto Dealers and Gas Stations,30491938931.0
VICI,VICI Properties Inc. Common Stock,Real Estate,Real Estate Investment Trusts,30467360330.0
FISV,Fiserv Inc. Common Stock,Consumer Discretionary,Business Services,30464800220.0
EXR,Extra Space Storage Inc Common Stock,Real Estate,Real Estate Investment Trusts,30273692129.0
DTE,DTE Energy Company Common Stock,Utilities,Electric Utilities: Central,30226513879.0
MTZ,MasTec Inc. Common Stock,Industrials,Water Sewer Pipeline Comm & Power Line Construction,30193780433.0
RMD,ResMed Inc. Common Stock,Health Care,Medical/Dental Instruments,30178980691.0
ATO,Atmos Energy Corporation Common Stock,Utilities,Oil/Gas Transmission,29680013550.0
AGNCN,AGNC Investment Corp. Depositary Shares Each Representing a 1/1000th Interest in a Share of 7.00% Series C Fixed-To-Floating Rate Cumulative Redeemable Preferred Stock,Real Estate,Real Estate Investment Trusts,29593616632.0
RJF,Raymond James Financial Inc. Common Stock,Finance,Investment Bankers/Brokers/Service,29516984330.0
MTSI,MACOM Technology Solutions Holdings Inc. Common Stock,Technology,Semiconductors,29448642849.0
AGNCO,AGNC Investment Corp. Depositary Shares each representing a 1/1000th interest in a share of 6.50% Series E Fixed-to-Floating Cumulative Redeemable Preferred Stock,Real Estate,Real Estate Investment Trusts,29352551485.0
DVN,Devon Energy Corporation Common Stock,Energy,Oil & Gas Production,29345113977.0
ZS,Zscaler Inc. Common Stock,Technology,EDP Services,29323400506.0
GEHC,GE HealthCare Technologies Inc. Common Stock ,Health Care,Medical Electronics,29217699415.0
CNC,Centene Corporation Common Stock,Health Care,Medical Specialities,29203154580.0
NTRA,Natera Inc. Common Stock,Health Care,Medical Specialities,29099933469.0
AGNCZ,AGNC Investment Corp. Depositary Shares Each Representing a 1/1000th Interest in a Share of 8.75% Series H Fixed-Rate Cumulative Redeemable Preferred Stock,,,29065569167.0
NRG,NRG Energy Inc. Common Stock,Utilities,Electric Utilities: Central,29042287596.0
P,Everpure Inc. Class A common stock,Technology,Electronic Components,28963707069.0
CPNG,Coupang Inc. Class A Common Stock,Consumer Discretionary,Catalog/Specialty Distribution,28936434920.0
FTS,Fortis Inc. Common Shares,Utilities,Electric Utilities: Central,28755831558.0
FICO,Fair Isaac Corporation Common Stock,Consumer Discretionary,Business Services,28754636258.0
TDY,Teledyne Technologies Incorporated Common Stock,Industrials,Industrial Machinery/Components,28744913672.0
AGNCP,AGNC Investment Corp. Depositary Shares Each Representing a 1/1000th Interest in a Share of 6.125% Series F Fixed-to-Floating Rate Cumulative Redeemable Preferred Stock,Real Estate,Real Estate Investment Trusts,28663793922.0
BIIB,Biogen Inc. Common Stock,Health Care,Biotechnology: Biological Products (No Diagnostic Substances),28606167790.0
AGNCM,AGNC Investment Corp. Depositary Shares rep 6.875% Series D Fixed-to-Floating Cumulative Redeemable Preferred Stock,Real Estate,Real Estate Investment Trusts,28560480287.0
TWLO,Twilio Inc. Class A Common Stock,Technology,Computer Software: Prepackaged Software,28515272817.0
AGNCL,AGNC Investment Corp. Depositary Shares Each Representing a 1/1000th Interest in a Share of 7.75% Series G Fixed-Rate Reset Cumulative Redeemable Preferred Stock,Real Estate,Real Estate Investment Trusts,28514563116.0
DOV,Dover Corporation Common Stock,Industrials,Industrial Machinery/Components,28265430799.0
VRSN,VeriSign Inc. Common Stock,Technology,EDP Services,28210000000.0
KHC,The Kraft Heinz Company Common Stock,Consumer Staples,Packaged Foods,28209650008.0
CRCL,Circle Internet Group Inc. Class A Common Stock,Finance,Finance: Consumer Services,28118920514.0
IQV,IQVIA Holdings Inc. Common Stock,Health Care,Biotechnology: Commercial Physical & Biological Resarch,28022510000.0
CNP,CenterPoint Energy Inc (Holding Co) Common Stock,Utilities,Electric Utilities: Central,28018078828.0
TPR,Tapestry Inc. Common Stock,Consumer Discretionary,Apparel,27981172442.0
OTIS,Otis Worldwide Corporation Common Stock ,Technology,Consumer Electronics/Appliances,27923018851.0
DXCM,DexCom Inc. Common Stock,Health Care,Medical/Dental Instruments,27821441642.0
IR,Ingersoll Rand Inc. Common Stock,Industrials,Industrial Machinery/Components,27749694899.0
TPL,Texas Pacific Land Corporation Common Stock,Energy,Oil & Gas Production,27729789691.0
FSLR,First Solar Inc. Common Stock,Technology,Semiconductors,27706849650.0
NTAP,NetApp Inc. Common Stock,Technology,Electronic Components,27499964544.0
EIX,Edison International Common Stock,Utilities,Electric Utilities: Central,27389632720.0
PPL,PPL Corporation Common Stock,Utilities,Electric Utilities: Central,27325365148.0
RDDT,Reddit Inc. Class A Common Stock,Technology,EDP Services,27262287559.0
CW,Curtiss-Wright Corporation Common Stock,Technology,Industrial Machinery/Components,27012856763.0
FOXA,Fox Corporation Class A Common Stock,Industrials,Broadcasting,26883520434.0
FE,FirstEnergy Corp. Common Stock,Utilities,Electric Utilities: Central,26787147714.0
CFG,Citizens Financial Group Inc. Common Stock,Finance,Major Banks,26595045332.0
ES,Eversource Energy (D/B/A) Common Stock,Utilities,Electric Utilities: Central,26325601750.0
MDB,MongoDB Inc. Class A Common Stock,Technology,Computer Software: Prepackaged Software,26253443475.0
XYL,Xylem Inc. Common Stock New,Industrials,Fluid Controls,26212838408.0
VEEV,Veeva Systems Inc. Class A Common Stock,Technology,Computer Software: Prepackaged Software,26124296404.0
CINF,Cincinnati Financial Corporation Common Stock,Finance,Property-Casualty Insurers,26002841330.0
DOW,Dow Inc. Common Stock ,Industrials,Major Chemicals,25953899182.0
FTAI,FTAI Aviation Ltd. Common Stock,Industrials,Misc Corporate Leasing Services,25864244730.0
STRK,Strategy Inc 8.00% Series A Perpetual Strike Preferred Stock,Technology,Computer Software: Prepackaged Software,25856043996.0
AVB,AvalonBay Communities Inc. Common Stock,Real Estate,Real Estate Investment Trusts,25826155610.0
STRD,Strategy Inc 10.00% Series A Perpetual Stride Preferred Stock,Technology,Computer Software: Prepackaged Software,25789458900.0
EXPE,Expedia Group Inc. Common Stock,Consumer Discretionary,Transportation Services,25762738828.0
STZ,Constellation Brands Inc. Common Stock,Consumer Staples,Beverages (Production/Distribution),25743670817.0
ROL,Rollins Inc. Common Stock,Consumer Discretionary,Diversified Commercial Services,25739047424.0
WRB,W.R. Berkley Corporation Common Stock,Finance,Property-Casualty Insurers,25143570479.0
HUBB,Hubbell Inc Common Stock,Technology,Electrical Products,25100372493.0
TW,Tradeweb Markets Inc. Class A Common Stock,Finance,Investment Bankers/Brokers/Service,25065963430.0
CTSH,Cognizant Technology Solutions Corporation Class A Common Stock,Technology,EDP Services,24996614490.0
EQR,Equity Residential Common Shares of Beneficial Interest,Real Estate,Real Estate Investment Trusts,24803268857.0
AWK,American Water Works Company Inc. Common Stock,Utilities,Water Supply,24449121229.0
JBHT,J.B. Hunt Transport Services Inc. Common Stock,Industrials,Trucking Freight/Courier Services,24401804760.0
SYF,Synchrony Financial Common Stock,Finance,Finance: Consumer Services,24161474483.0
UTHR,United Therapeutics Corporation Common Stock,Health Care,Biotechnology: Pharmaceutical Preparations,24127996439.0
FOX,Fox Corporation Class B Common Stock,Industrials,Broadcasting,24051464671.0
PPG,PPG Industries Inc. Common Stock,Consumer Discretionary,Paints/Coatings,24024162000.0
XPO,XPO Inc. Common Stock,Consumer Discretionary,Transportation Services,23824833345.0
IONQ,IonQ Inc. Common Stock,Technology,EDP Services,23754899491.0
RF,Regions Financial Corporation Common Stock,Finance,Major Banks,23749552543.0
FITBM,Fifth Third Bancorp Depositary Shares Representing a 1/40th Ownership Interest in a Share of 6.875% Fixed-Rate Reset Non-Cumulative Perpetual Preferred Stock Series M,Finance,Major Banks,23618478941.0
SOJC,Southern Company (The) Series 2017B 5.25% Junior Subordinated Notes due December 1 2077,Utilities,Electric Utilities: Central,23530014036.0
EXE,Expand Energy Corporation Common Stock,Energy,Oil & Gas Production,23430073471.0
BG,Bunge Limited Common Shares,Consumer Staples,Packaged Foods,23419926662.0
KEY,KeyCorp Common Stock,Finance,Major Banks,23375905833.0
DRI,Darden Restaurants Inc. Common Stock,Consumer Discretionary,Restaurants,23309018461.0
DG,Dollar General Corporation Common Stock,Consumer Discretionary,Department/Specialty Retail Stores,23266910708.0
MKL,Markel Group Inc. Common Stock,Finance,Property-Casualty Insurers,23249096672.0
FITBI,Fifth Third Bancorp Depositary Shares,Finance,Major Banks,23192512513.0
HPQ,HP Inc. Common Stock,Technology,Computer Manufacturing,23164889664.0
FCNCA,First Citizens BancShares Inc. Class A Common Stock,Finance,Major Banks,23076038070.0
INSM,Insmed Incorporated Common Stock,Health Care,Biotechnology: Pharmaceutical Preparations,23027780394.0
CMS,CMS Energy Corporation Common Stock,Utilities,Power Generation,23023777937.0
TSN,Tyson Foods Inc. Common Stock,Consumer Staples,Meat/Poultry/Fish,22906017600.0
RL,Ralph Lauren Corporation Common Stock,Industrials,Garments and Clothing,22869446103.0
LPLA,LPL Financial Holdings Inc. Common Stock,Finance,Investment Bankers/Brokers/Service,22857502017.0
NI,NiSource Inc Common Stock,Utilities,Power Generation,22833806063.0
CHD,Church & Dwight Company Inc. Common Stock,Consumer Discretionary,Package Goods/Cosmetics,22805821693.0
CPAY,Corpay Inc. Common Stock,Consumer Discretionary,Business Services,22739411620.0
WSM,Williams-Sonoma Inc. Common Stock (DE),Consumer Discretionary,Home Furnishings,22665463975.0
FIS,Fidelity National Information Services Inc. Common Stock,Consumer Discretionary,Business Services,22515255818.0
STRL,Sterling Infrastructure Inc. Common Stock,Industrials,Military/Government/Technical,22490963125.0
ULTA,Ulta Beauty Inc. Common Stock,Consumer Discretionary,Other Specialty Stores,22435356657.0
PFG,Principal Financial Group Inc Common Stock,Finance,Accident &Health Insurance,22432886078.0
VRSK,Verisk Analytics Inc. Common Stock,Industrials,Diversified Commercial Services,22419147042.0
L,Loews Corporation Common Stock,Finance,Property-Casualty Insurers,22402057204.0
WST,West Pharmaceutical Services Inc. Common Stock,Health Care,Medical/Dental Instruments,22354312010.0
FFIV,F5 Inc. Common Stock,Telecommunications,Computer Communications Equipment,22208308197.0
FWONK,Liberty Media Corporation Series C Liberty Formula One Common Stock,Industrials,Broadcasting,22193641500.0
PHM,PulteGroup Inc. Common Stock,Consumer Discretionary,Homebuilding,22178326080.0
TROW,T. Rowe Price Group Inc. Common Stock,Finance,Investment Bankers/Brokers/Service,22153024394.0
ATI,ATI Inc. Common Stock,Industrials,Steel/Iron Ore,22147785598.0
LEN,Lennar Corporation Class A Common Stock,Consumer Discretionary,Homebuilding,21886066583.0
ILMN,Illumina Inc. Common Stock,Health Care,Medical Specialities,21849233000.0
AFRM,Affirm Holdings Inc. Class A Common Stock,Finance,Finance: Consumer Services,21842084409.0
SBAC,SBA Communications Corporation Class A Common Stock,Real Estate,Real Estate Investment Trusts,21803374405.0
MKSI,MKS Inc. Common Stock,Industrials,Industrial Machinery/Components,21655998640.0
DGX,Quest Diagnostics Incorporated Common Stock,Health Care,Medical Specialities,21609049905.0
CRS,Carpenter Technology Corporation Common Stock,Industrials,Steel/Iron Ore,21569517881.0
SOJD,Southern Company (The) Series 2020A 4.95% Junior Subordinated Notes due January 30 2080,Utilities,Electric Utilities: Central,21428923488.0
AKAM,Akamai Technologies Inc. Common Stock,Consumer Discretionary,Business Services,21405099951.0
SMCI,Super Micro Computer Inc. Common Stock,Technology,Computer Manufacturing,21398469590.0
OMC,Omnicom Group Inc. Common Stock,Consumer Discretionary,Advertising,21355514266.0
VLTO,Veralto Corp Common Stock ,Industrials,Electrical Products,21318016289.0
LH,Labcorp Holdings Inc. Common Stock,Health Care,Medical Specialities,21314260000.0
FITBP,Fifth Third Bancorp Depositary Shares each representing 1/40th share of Fifth Third 6.00% Non-Cumulative Perpetual Class B Preferred Stock Series A,Finance,Major Banks,21307384493.0
STE,STERIS plc (Ireland) Ordinary Shares,Health Care,Industrial Specialties,21240108164.0
WWD,Woodward Inc. Common Stock,Energy,Industrial Machinery/Components,20935034041.0
ULS,UL Solutions Inc. Class A Common Stock,Health Care,Precision Instruments,20730766378.0
EXPD,Expeditors International of Washington Inc. Common Stock,Industrials,Integrated Freight & Logistics,20727778758.0
DKS,Dick's Sporting Goods Inc Common Stock,Consumer Discretionary,Other Specialty Stores,20684163867.0
ENTG,Entegris Inc. Common Stock,Industrials,Plastic Products,20630200000.0
CHRW,C.H. Robinson Worldwide Inc. Common Stock,Industrials,Integrated Freight & Logistics,20537020108.0
FWONA,Liberty Media Corporation Series A Liberty Formula One Common Stock,Industrials,Broadcasting,20527113542.0
BURL,Burlington Stores Inc. Common Stock,Consumer Discretionary,Department/Specialty Retail Stores,20389051242.0
ALB,Albemarle Corporation Common Stock,Industrials,Major Chemicals,20235227419.0
CHTR,Charter Communications Inc. Class A Common Stock New,Telecommunications,Cable & Other Pay Television Services,20173605546.0
AQNB,Algonquin Power & Utilities Corp. 6.20% Fixed-to-Floating Subordinated Notes Series 2019-A due July 1 2079,Utilities,Electric Utilities: Central,20053132776.0
GPN,Global Payments Inc. Common Stock,Consumer Discretionary,Business Services,20039797323.0
SOFI,SoFi Technologies Inc. Common Stock  ,Finance,Finance: Consumer Services,20036417544.0
LUV,Southwest Airlines Company Common Stock,Consumer Discretionary,Air Freight/Delivery Services,19971293913.0
DD,DuPont de Nemours Inc. Common Stock,Industrials,Major Chemicals,19725413245.0
TTMI,TTM Technologies Inc. Common Stock,Technology,Electrical Products,19723203205.0
LSCC,Lattice Semiconductor Corporation Common Stock,Technology,Semiconductors,19622265280.0
NXT,Nextpower Inc. Class A Common Stock,Industrials,Industrial Machinery/Components,19610818596.0
BRO,Brown & Brown Inc. Common Stock,Finance,Specialty Insurers,19597964167.0
EFX,Equifax Inc. Common Stock,Finance,Finance: Consumer Services,19532637972.0
INCY,Incyte Corp. Common Stock,Health Care,Biotechnology: Commercial Physical & Biological Resarch,19408462796.0
VTRS,Viatris Inc. Common Stock,Health Care,Biotechnology: Pharmaceutical Preparations,19389801689.0
EVRG,Evergy Inc. Common Stock,Utilities,Power Generation,19349263319.0
PKG,Packaging Corporation of America Common Stock,Consumer Discretionary,Containers/Packaging,19237288874.0
SITM,SiTime Corporation Common Stock,Technology,Semiconductors,19231673008.0
IFF,International Flavors & Fragrances Inc. Common Stock,Industrials,Major Chemicals,19219245447.0
LNT,Alliant Energy Corporation Common Stock,Utilities,Power Generation,19099586886.0
SNX,TD SYNNEX Corporation Common Stock,Technology,Retail: Computer Software & Peripheral Equipment,19080022013.0
SNA,Snap-On Incorporated Common Stock,Consumer Discretionary,Industrial Machinery/Components,18993172501.0
AA,Alcoa Corporation Common Stock ,Industrials,Aluminum,18836459278.0
RS,Reliance Inc. Common Stock,Industrials,Metal Fabrications,18734807574.0
CF,CF Industries Holdings Inc. Common Stock,Industrials,Agricultural Chemicals,18696682646.0
RGLD,Royal Gold Inc. Common Stock,Industrials,Precious Metals,18695263755.0
MRNA,Moderna Inc. Common Stock,Health Care,Biotechnology: Biological Products (No Diagnostic Substances),18601339822.0
BWXT,BWX Technologies Inc. Common Stock,Industrials,Industrial Machinery/Components,18589528429.0
DUKB,Duke Energy Corporation 5.625% Junior Subordinated Debentures due 2078,Utilities,Power Generation,18538798040.0
ROKU,Roku Inc. Class A Common Stock,Telecommunications,Cable & Other Pay Television Services,18529119097.0
DLTR,Dollar Tree Inc. Common Stock,Consumer Discretionary,Department/Specialty Retail Stores,18495019062.0
SOJE,Southern Company (The) Series 2020C 4.20% Junior Subordinated Notes due October 15 2060,Basic Materials,Metal Mining,18487215298.0
CDE,Coeur Mining Inc. Common Stock,Basic Materials,Precious Metals,18238424805.0
IOT,Samsara Inc. Class A Common Stock,Technology,EDP Services,18151419054.0
WES,Western Midstream Partners LP Common Units Representing Limited Partner Interests,Utilities,Natural Gas Distribution,18117879407.0
WMG,Warner Music Group Corp. Class A Common Stock,Consumer Discretionary,Services-Misc. Amusement & Recreation,18110491132.0
APG,APi Group Corporation Common Stock,Consumer Discretionary,Engineering & Construction,18035281182.0
FTV,Fortive Corporation Common Stock ,Industrials,Industrial Machinery/Components,18026432172.0
GIS,General Mills Inc. Common Stock,Consumer Staples,Packaged Foods,17979720234.0
RIVN,Rivian Automotive Inc. Class A Common Stock,Industrials,Auto Manufacturing,17923141031.0
ESS,Essex Property Trust Inc. Common Stock,Real Estate,Real Estate Investment Trusts,17781535022.0
USFD,US Foods Holding Corp. Common Stock,Consumer Discretionary,Food Distributors,17721236658.0
RBC,RBC Bearings Incorporated Common Stock,Industrials,Metal Fabrications,17714219272.0
WCC,WESCO International Inc. Common Stock,Consumer Discretionary,Telecommunications Equipment,17707637584.0
ITT,ITT Inc. Common Stock ,Industrials,Fluid Controls,17433894000.0
BR,Broadridge Financial Solutions Inc. Common Stock,Consumer Discretionary,Business Services,17405417116.0
INVH,Invitation Homes Inc. Common Stock,Finance,Real Estate,17399488891.0
PTC,PTC Inc. Common Stock,Technology,Computer Software: Prepackaged Software,17121423400.0
PR,Permian Resources Corporation Class A Common Stock,Energy,Oil & Gas Production,17114169255.0
WY,Weyerhaeuser Company Common Stock,Real Estate,Real Estate Investment Trusts,17059877380.0
PAA,Plains All American Pipeline L.P. Common Units representing Limited Partner Interests,Energy,Natural Gas Distribution,17038590144.0
TLN,Talen Energy Corporation Common Stock,Utilities,Electric Utilities: Central,16907370357.0
EWBC,East West Bancorp Inc. Common Stock,Finance,Major Banks,16866979777.0
LII,Lennox International Inc. Common Stock,Industrials,Industrial Machinery/Components,16865456492.0
FITBO,Fifth Third Bancorp Depositary Shares each representing a 1/1000th ownership interest in a share of Non-Cumulative Perpetual Preferred Stock Series K,Finance,Major Banks,16839268562.0
VNOM,Viper Energy Inc. Class A Common Stock,Energy,Oil & Gas Production,16834708602.0
WPC,W. P. Carey Inc. REIT,Real Estate,Real Estate Investment Trusts,16589608540.0
TSCO,Tractor Supply Company Common Stock,Consumer Discretionary,RETAIL: Building Materials,16583096858.0
IP,International Paper Company Common Stock,Basic Materials,Paper,16568586116.0
ZBH,Zimmer Biomet Holdings Inc. Common Stock,Health Care,Industrial Specialties,16541042211.0
DOCN,DigitalOcean Holdings Inc. Common Stock,Technology,Computer Software: Programming Data Processing,16537548121.0
LOGI,Logitech International S.A. Ordinary Shares,Technology,Computer peripheral equipment,16510312988.0
H,Hyatt Hotels Corporation Class A Common Stock,Consumer Discretionary,Hotels/Resorts,16398397111.0
CG,The Carlyle Group Inc. Common Stock,Finance,Investment Managers,16353638219.0
AMKR,Amkor Technology Inc. Common Stock,Technology,Semiconductors,16297618059.0
NVR,NVR Inc. Common Stock,Consumer Discretionary,Homebuilding,16295598811.0
KIM,Kimco Realty Corporation (HC) Common Stock,Real Estate,Real Estate Investment Trusts,16259537885.0
NWS,News Corporation Class B Common Stock,Consumer Discretionary,Newspapers/Magazines,16248219837.0
OKTA,Okta Inc. Class A Common Stock,Technology,Computer Software: Prepackaged Software,16215893095.0
NDSN,Nordson Corporation Common Stock,Industrials,Industrial Machinery/Components,16171665060.0
SSNC,SS&C Technologies Holdings Inc. Common Stock,Technology,Computer Software: Prepackaged Software,16145513975.0
BEN,Franklin Resources Inc. Common Stock,Finance,Investment Managers,16119144765.0
TPG,TPG Inc. Class A Common Stock,Finance,Investment Managers,15995079757.0
TXT,Textron Inc. Common Stock,Industrials,Aerospace,15968225125.0
GNRC,Generac Holdlings Inc. Common Stock,Consumer Discretionary,Metal Fabrications,15902785485.0
SN,SharkNinja Inc. Ordinary Shares,Consumer Discretionary,Consumer Electronics/Appliances,15854528059.0
LDOS,Leidos Holdings Inc. Common Stock,Technology,EDP Services,15850226571.0
GH,Guardant Health Inc. Common Stock,Health Care,Medical Specialities,15772761555.0
NBIX,Neurocrine Biosciences Inc. Common Stock,Health Care,Biotechnology: Biological Products (No Diagnostic Substances),15756182336.0
SUI,Sun Communities Inc. Common Stock,Real Estate,Real Estate Investment Trusts,15742729207.0
NLY,Annaly Capital Management Inc. Common Stock,Real Estate,Real Estate Investment Trusts,15711711144.0
OWL,Blue Owl Capital Inc. Class A Common Stock,Finance,Investment Managers,15684046109.0
YUMC,Yum China Holdings Inc. Common Stock,Consumer Discretionary,Restaurants,15558006852.0
LAMR,Lamar Advertising Company Class A Common Stock,Real Estate,Real Estate Investment Trusts,15535837963.0
RMBS,Rambus Inc. Common Stock,Technology,Semiconductors,15461423542.0
IEX,IDEX Corporation Common Stock,Industrials,Fluid Controls,15452862557.0
DTM,DT Midstream Inc. Common Stock ,Utilities,Natural Gas Distribution,15416373512.0
PL,Planet Labs PBC Class A Common Stock,Technology,Radio And Television Broadcasting And Communications Equipment,15351709347.0
HST,Host Hotels & Resorts Inc. Common Stock,Real Estate,Real Estate Investment Trusts,15327598309.0
MAA,Mid-America Apartment Communities Inc. Common Stock,Real Estate,Real Estate Investment Trusts,15262702934.0
WSO,Watsco Inc. Common Stock,Consumer Discretionary,Industrial Machinery/Components,15253487031.0
CLH,Clean Harbors Inc. Common Stock,Industrials,Environmental Services,15162583501.0
DECK,Deckers Outdoor Corporation Common Stock,Consumer Discretionary,Shoe Manufacturing,15141803407.0
BALL,Ball Corporation Common Stock,Industrials,Containers/Packaging,15045590337.0
GEN,Gen Digital Inc. Common Stock,Technology,Computer Software: Prepackaged Software,15032574871.0
THC,Tenet Healthcare Corporation Common Stock,Health Care,Hospital/Nursing Management,14968887860.0
APOS,Apollo Global Management Inc. 7.625% Fixed-Rate Resettable Junior Subordinated Notes due 2053,Finance,Investment Managers,14887625844.0
MLI,Mueller Industries Inc. Common Stock,Industrials,Metal Fabrications,14749014068.0
PFGC,Performance Food Group Company Common Stock,Consumer Discretionary,Food Distributors,14708322749.0
PNFP,Pinnacle Financial Partners Inc. Common stock,Finance,Major Banks,14680026786.0
KKRS,KKR Group Finance Co. IX LLC 4.625% Subordinated Notes due 2061,Finance,Investment Managers,14653286397.0
SMTC,Semtech Corporation Common Stock,Technology,Semiconductors,14598491467.0
AAOI,Applied Optoelectronics Inc. Common Stock,Technology,Semiconductors,14563259783.0
REG,Regency Centers Corporation Common Stock,Real Estate,Real Estate Investment Trusts,14435350924.0
LECO,Lincoln Electric Holdings Inc. Common Shares,Industrials,Industrial Machinery/Components,14432568387.0
SUN,Sunoco LP Common Units representing limited partner interests,Energy,Integrated oil Companies,14401086287.0
VLYPN,Valley National Bancorp 8.250% Fixed-Rate Reset Non-Cumulative Perpetual Preferred Stock Series C,Finance,Major Banks,14324298706.0
OHI,Omega Healthcare Investors Inc. Common Stock,Real Estate,Real Estate Investment Trusts,14264715800.0
NWSA,News Corporation Class A Common Stock,Consumer Discretionary,Newspapers/Magazines,14173396616.0
ARXS,Arxis Inc. Class A Common Stock,Industrials,Military/Government/Technical,14171499322.0
CDW,CDW Corporation Common Stock,Technology,Retail: Computer Software & Peripheral Equipment,14157637440.0
SLMBP,SLM Corporation Floating Rate Non-Cumulative Preferred Stock Series B,Finance,Finance: Consumer Services,14138816835.0
BEPC,Brookfield Renewable Corporation Brookfield Renewable Corporation Class A Subordinate Voting Shares,Utilities,Electric Utilities: Central,14133233775.0
SGI,Somnigroup International Inc. Common Stock,Consumer Discretionary,Home Furnishings,14069684339.0
RGA,Reinsurance Group of America Incorporated Common Stock,Finance,Life Insurance,14022437409.0
VLYPP,Valley National Bancorp 6.25% Fixed-to-Floating Rate Non-Cumulative Perpetual Preferred Stock Series A,Finance,Major Banks,13944718644.0
VLYPO,Valley National Bancorp 5.50% Fixed-to-Floating Rate Non-Cumulative Perpetual Preferred Stock Series B,Finance,Major Banks,13886534839.0
TME,Tencent Music Entertainment Group American Depositary Shares each representing two Class A Ordinary Shares,Consumer Discretionary,Broadcasting,13866098645.0
AUR,Aurora Innovation Inc. Class A Common Stock,Technology,EDP Services,13865705839.0
CSGP,CoStar Group Inc. Common Stock,Finance,Real Estate,13863676524.0
MOD,Modine Manufacturing Company Common Stock,Consumer Discretionary,Auto Parts:O.E.M.,13737531442.0
APA,APA Corporation Common Stock,Energy,Oil & Gas Production,13714644808.0
RBRK,Rubrik Inc. Class A Common Stock,Technology,Computer Software: Prepackaged Software,13704876979.0
TRU,TransUnion Common Stock,Finance,Finance: Consumer Services,13623248000.0
DOC,Healthpeak Properties Inc. Common Stock,Real Estate,Real Estate Investment Trusts,13602250720.0
MAS,Masco Corporation Common Stock,Industrials,Industrial Specialties,13568658233.0
J,Jacobs Solutions Inc. Common Stock,Industrials,Military/Government/Technical,13542696013.0
GLPI,Gaming and Leisure Properties Inc. Common Stock,Real Estate,Real Estate Investment Trusts,13541847066.0
JLL,Jones Lang LaSalle Incorporated Common Stock,Finance,Real Estate,13532541892.0
BBIO,BridgeBio Pharma Inc. Common Stock,Health Care,Biotechnology: Pharmaceutical Preparations,13527316362.0
CSL,Carlisle Companies Incorporated Common Stock,Industrials,Specialty Chemicals,13507242369.0
UNM,Unum Group Common Stock,Finance,Accident &Health Insurance,13504287382.0
BWA,BorgWarner Inc. Common Stock,Consumer Discretionary,Auto Parts:O.E.M.,13500665417.0
ARMK,Aramark Common Stock,Consumer Discretionary,Restaurants,13478999691.0
GPC,Genuine Parts Company Common Stock,Consumer Discretionary,Automotive Aftermarket,13469314219.0
TOST,Toast Inc. Class A Common Stock,Technology,EDP Services,13432800000.0
SREA,DBA Sempra 5.750% Junior Subordinated Notes due 2079,Utilities,Natural Gas Distribution,13425858279.0
EVR,Evercore Inc. Class A Common Stock,Finance,Investment Managers,13388781362.0
RRX,Regal Rexnord Corporation Common Stock,Consumer Discretionary,Metal Fabrications,13365838867.0
ARCC,Ares Capital Corporation Common Stock,Finance,Finance: Consumer Services,13348044689.0
SOLV,Solventum Corporation Common Stock,Health Care,Medical/Dental Instruments,13305013123.0
TYL,Tyler Technologies Inc. Common Stock,Technology,Computer Software: Prepackaged Software,13208955279.0
SANM,Sanmina Corporation Common Stock,Technology,Electrical Products,13208625813.0
IESC,IES Holdings Inc. Common Stock,Industrials,Engineering & Construction,13142792060.0
TRMB,Trimble Inc. Common Stock,Industrials,Industrial Machinery/Components,13133502980.0
APLD,Applied Digital Corporation Common Stock,Finance,Finance: Consumer Services,13108248754.0
FNF,Fidelity National Financial Inc. Common Stock,Finance,Specialty Insurers,13083748019.0
ONTO,Onto Innovation Inc. Common Stock,Industrials,Industrial Machinery/Components,13045250446.0
NIO,NIO Inc. American depositary shares each  representing one Class A ordinary share,Industrials,Auto Manufacturing,13029468514.0
BBY,Best Buy Co. Inc. Common Stock,Consumer Discretionary,Consumer Electronics/Video Chains,12985144375.0
SOLS,Solstice Advanced Materials Inc. Common Stock ,Industrials,Aerospace,12983837360.0
ALLY,Ally Financial Inc. Common Stock,Finance,Major Banks,12981251676.0
PEN,Penumbra Inc. Common Stock,Health Care,Medical/Dental Instruments,12927846083.0
SMMT,Summit Therapeutics Inc. Common Stock ,Health Care,Biotechnology: Pharmaceutical Preparations,12899823160.0
RPM,RPM International Inc. Common Stock,Consumer Discretionary,Paints/Coatings,12877516574.0
CET,Central Securities Corporation Common Stock,Finance,Finance/Investors Services,12863639380.0
MKC,McCormick & Company Incorporated Common Stock,Consumer Staples,Packaged Foods,12845053566.0
DVA,DaVita Inc. Common Stock,Health Care,Misc Health and Biotechnology Services,12744984000.0
TOL,Toll Brothers Inc. Common Stock,Consumer Discretionary,Homebuilding,12721991310.0
CRBG,Corebridge Financial Inc. Common Stock,Finance,Life Insurance,12669776777.0
HII,Huntington Ingalls Industries Inc. Common Stock,Industrials,Marine Transportation,12634113818.0
AIZ,Assurant Inc. Common Stock,Finance,Property-Casualty Insurers,12625728860.0
EXEL,Exelixis Inc. Common Stock,Health Care,Biotechnology: Biological Products (No Diagnostic Substances),12605457412.0
DINO,HF Sinclair Corporation Common Stock,Energy,Natural Gas Distribution,12603055801.0
GGG,Graco Inc. Common Stock,Industrials,Fluid Controls,12552173227.0
NTNX,Nutanix Inc. Class A Common Stock,Technology,Computer Software: Prepackaged Software,12496794011.0
IONS,Ionis Pharmaceuticals Inc. Common Stock,Health Care,Biotechnology: Pharmaceutical Preparations,12487238731.0
PNW,Pinnacle West Capital Corporation Common Stock,Utilities,Electric Utilities: Central,12475006868.0
HAS,Hasbro Inc. Common Stock,Consumer Discretionary,Recreational Games/Products/Toys,12465329965.0
DKNG,DraftKings Inc. Class A Common Stock,Consumer Discretionary,Services-Misc. Amusement & Recreation,12462755883.0
SWKS,Skyworks Solutions Inc. Common Stock,Technology,Semiconductors,12396459470.0
MEDP,Medpace Holdings Inc. Common Stock,Health Care,Biotechnology: Commercial Physical & Biological Resarch,12360633399.0
AEIS,Advanced Energy Industries Inc. Common Stock,Technology,Industrial Machinery/Components,12354639233.0
UDR,UDR Inc. Common Stock,Real Estate,Real Estate Investment Trusts,12350043971.0
DY,Dycom Industries Inc. Common Stock,Industrials,Water Sewer Pipeline Comm & Power Line Construction,12343647909.0
ELS,Equity Lifestyle Properties Inc. Common Stock,Real Estate,Real Estate Investment Trusts,12324731493.0
VICR,Vicor Corporation Common Stock,Technology,Industrial Machinery/Components,12215361262.0
AVY,Avery Dennison Corporation Common Stock,Consumer Discretionary,Containers/Packaging,12212454869.0
COO,The Cooper Companies Inc. Common Stock,Health Care,Ophthalmic Goods,12204405595.0
ZBRA,Zebra Technologies Corporation Class A Common Stock,Industrials,Industrial Machinery/Components,12172713326.0
SAIA,Saia Inc. Common Stock,Industrials,Trucking Freight/Courier Services,12168207963.0
AXSM,Axsome Therapeutics Inc. Common Stock,Health Care,Biotechnology: Pharmaceutical Preparations,12142960983.0
FIVE,Five Below Inc. Common Stock,Consumer Discretionary,Department/Specialty Retail Stores,12137236916.0
GL,Globe Life Inc. Common Stock,Finance,Life Insurance,12134323249.0
NYT,New York Times Company (The) Common Stock,Consumer Discretionary,Newspapers/Magazines,12133227917.0
QXO,QXO Inc. Common Stock,Consumer Discretionary,RETAIL: Building Materials,12088551060.0
DT,Dynatrace Inc. Common Stock,Technology,Computer Software: Prepackaged Software,12011714957.0
FIG,Figma Inc. Class A Common Stock,Technology,Computer Software: Prepackaged Software,11999431973.0
IVZ,Invesco Ltd Common Stock,Finance,Investment Managers,11991173814.0
EQH,Equitable Holdings Inc. Common Stock,Finance,Specialty Insurers,11987095626.0
GDDY,GoDaddy Inc. Class A Common Stock,Technology,EDP Services,11977794760.0
MDGL,Madrigal Pharmaceuticals Inc. Common Stock,Health Care,Biotechnology: Pharmaceutical Preparations,11925770174.0
HUT,Hut 8 Corp. Common Stock,Finance,Finance: Consumer Services,11923716461.0
CNA,CNA Financial Corporation Common Stock,Finance,Property-Casualty Insurers,11916909271.0
SWK,Stanley Black & Decker Inc. Common Stock,Consumer Discretionary,Industrial Machinery/Components,11886132423.0
GWRE,Guidewire Software Inc. Common Stock,Technology,Computer Software: Prepackaged Software,11874056742.0
AGNC,AGNC Investment Corp. Common Stock,Real Estate,Real Estate Investment Trusts,11720357867.0
ALGN,Align Technology Inc. Common Stock,Health Care,Industrial Specialties,11717441758.0
PSKY,Paramount Skydance Corporation Class B Common Stock,Industrials,Broadcasting,11706550187.0
HRL,Hormel Foods Corporation Common Stock,Consumer Staples,Meat/Poultry/Fish,11688036557.0
COKE,Coca-Cola Consolidated Inc. Common Stock,Consumer Staples,Beverages (Production/Distribution),11684030526.0
TXRH,Texas Roadhouse Inc. Common Stock,Consumer Discretionary,Restaurants,11671607736.0
LFUS,Littelfuse Inc. Common Stock,Energy,Electrical Products,11645034514.0
AMH,American Homes 4 Rent Common Shares of Beneficial Interest,Real Estate,Real Estate Investment Trusts,11636419754.0
WBS,Webster Financial Corporation Common Stock,Finance,Major Banks,11633502556.0
VIAV,Viavi Solutions Inc. Common Stock,Technology,Semiconductors,11580778644.0
GMED,Globus Medical Inc. Class A Common Stock,Health Care,Medical/Dental Instruments,11512501731.0
CLX,Clorox Company (The) Common Stock,Consumer Discretionary,Specialty Chemicals,11500829694.0
FHN,First Horizon Corporation Common Stock,Finance,Major Banks,11499989609.0
BLD,TopBuild Corp. Common Stock,Consumer Discretionary,Engineering & Construction,11481157423.0
MP,MP Materials Corp. Common Stock,Basic Materials,Metal Mining,11475310883.0
OKLO,Oklo Inc. Class A common stock,Utilities,Electric Utilities: Central,11462526224.0
KNX,Knight-Swift Transportation Holdings Inc.,Industrials,Trucking Freight/Courier Services,11394079280.0
HL,Hecla Mining Company Common Stock,Industrials,Mining & Quarrying of Nonmetallic Minerals (No Fuels),11388696603.0
AR,Antero Resources Corporation Common Stock,Energy,Oil & Gas Production,11386473000.0
AFG,American Financial Group Inc. Common Stock,Finance,Property-Casualty Insurers,11357036685.0
WLK,Westlake Corporation Common Stock,Industrials,Major Chemicals,11351692838.0
AIT,Applied Industrial Technologies Inc. Common Stock,Consumer Discretionary,Industrial Specialties,11350275041.0
BTSG,BrightSpring Health Services Inc. Common Stock,Health Care,Medical/Nursing Services,11344226283.0
WULF,TeraWulf Inc. Common Stock,Technology,EDP Services,11308054959.0
ALLE,Allegion plc Ordinary Shares,Consumer Discretionary,Diversified Commercial Services,11208614350.0
XE,X-Energy Inc. Class A Common Stock,Industrials,Metal Fabrications,11193441711.0
GLXY,Galaxy Digital Inc. Class A Common Stock,Finance,Investment Bankers/Brokers/Service,11190985955.0
U,Unity Software Inc. Common Stock,Technology,Computer Software: Prepackaged Software,11162199873.0
SF,Stifel Financial Corporation Common Stock,Finance,Investment Bankers/Brokers/Service,11135434412.0
ARW,Arrow Electronics Inc. Common Stock,Technology,Electronic Components,11112940484.0
CACI,CACI International Inc. Class A Common Stock,Technology,EDP Services,11075475762.0
BJ,BJ's Wholesale Club Holdings Inc. Common Stock,Consumer Discretionary,Department/Specialty Retail Stores,11063271962.0
AAON,AAON Inc. Common Stock,Industrials,Industrial Machinery/Components,11025316166.0
SJM,The J.M. Smucker Company Common Stock,Consumer Staples,Packaged Foods,11023170252.0
CGNX,Cognex Corporation Common Stock,Industrials,Industrial Machinery/Components,10998661517.0
SEIC,SEI Investments Company Common Stock,Finance,Investment Bankers/Brokers/Service,10888312517.0
FRVO,Fervo Energy Company Class A common stock,Utilities,Electric Utilities: Central,10874615471.0
ELAN,Elanco Animal Health Incorporated Common Stock,Health Care,Biotechnology: Pharmaceutical Preparations,10853039439.0
PAG,Penske Automotive Group Inc. Common Stock,Consumer Discretionary,Retail-Auto Dealers and Gas Stations,10830874776.0
RVTY,Revvity Inc. Common Stock,Industrials,Biotechnology: Laboratory Analytical Instruments,10815719992.0
CCK,Crown Holdings Inc.,Industrials,Containers/Packaging,10807015330.0
PINS,Pinterest Inc. Class A Common Stock,Technology,Computer Software: Programming Data Processing,10805434838.0
CPT,Camden Property Trust Common Stock,Real Estate,Real Estate Investment Trusts,10802855598.0
QBTS,D-Wave Quantum Inc. Common Shares,Technology,EDP Services,10782085469.0
BMNR,BitMine Immersion Technologies Inc. Common Stock,Finance,Finance: Consumer Services,10753610343.0
JOBY,Joby Aviation Inc. Common Stock,Industrials,Aerospace,10741379944.0
PODD,Insulet Corporation Common Stock,Health Care,Medical/Dental Instruments,10727020062.0
IT,Gartner Inc. Common Stock,Consumer Discretionary,Other Consumer Services,10712971759.0
GSAT,Globalstar Inc. Common Stock,Consumer Discretionary,Telecommunications Equipment,10689481273.0
SCI,Service Corporation International Common Stock,Consumer Discretionary,Other Consumer Services,10677575535.0
JEF,Jefferies Financial Group Inc. Common Stock,Finance,Investment Bankers/Brokers/Service,10626391318.0
WTRG,Essential Utilities Inc. Common Stock,Utilities,Water Supply,10619218884.0
HLI,Houlihan Lokey Inc. Class A Common Stock,Finance,Investment Managers,10581544887.0
ARWR,Arrowhead Pharmaceuticals Inc. Common Stock,Health Care,Biotechnology: Pharmaceutical Preparations,10557233724.0
KTOS,Kratos Defense & Security Solutions Inc. Common Stock,Industrials,Military/Government/Technical,10534872701.0
AM,Antero Midstream Corporation Common Stock,Utilities,Natural Gas Distribution,10530306600.0
DPZ,Domino's Pizza Inc Common Stock,Consumer Discretionary,Food Distributors,10528047092.0
TTD,The Trade Desk Inc. Class A Common Stock,Technology,Computer Software: Programming Data Processing,10521025119.0
AES,The AES Corporation Common Stock,Utilities,Electric Utilities: Central,10469155227.0
BMRN,BioMarin Pharmaceutical Inc. Common Stock,Health Care,Biotechnology: Pharmaceutical Preparations,10454755251.0
EHC,Encompass Health Corporation Common Stock,Health Care,Hospital/Nursing Management,10411935437.0
SPXC,SPX Technologies Inc. Common Stock,Industrials,Industrial Machinery/Components,10403473544.0
CR,Crane Company Common Stock,Industrials,Metal Fabrications,10379787059.0
SFD,Smithfield Foods Inc. Common Stock,Consumer Staples,Meat/Poultry/Fish,10364191107.0
WMS,Advanced Drainage Systems Inc. Common Stock,Consumer Discretionary,Containers/Packaging,10360112805.0
ERIE,Erie Indemnity Company Class A Common Stock,Finance,Specialty Insurers,10357544710.0
FRT,Federal Realty Investment Trust Common Stock,Real Estate,Real Estate Investment Trusts,10345106341.0
HUBS,HubSpot Inc. Common Stock,Technology,Computer Software: Prepackaged Software,10344446948.0
POWL,Powell Industries Inc. Common Stock,Energy,Electrical Products,10172445034.0
VSAT,ViaSat Inc. Common Stock,Technology,Radio And Television Broadcasting And Communications Equipment,10127589259.0
WTFC,Wintrust Financial Corporation Common Stock,Finance,Major Banks,10109744147.0
UHAL,U-Haul Holding Company Common Stock,Consumer Discretionary,Rental/Leasing Companies,10107814714.0
WTS,Watts Water Technologies Inc. Class A Common Stock,Industrials,Metal Fabrications,10098740772.0
WYNN,Wynn Resorts Limited Common stock,Consumer Discretionary,Hotels/Resorts,10092221528.0
BSY,Bentley Systems Incorporated Class B Common Stock,Technology,Computer Software: Prepackaged Software,10073897710.0
FORM,FormFactor Inc. FormFactor Inc. Common Stock,Technology,Semiconductors,10055386040.0
ENSG,The Ensign Group Inc. Common Stock,Health Care,Hospital/Nursing Management,10049102076.0
MUSA,Murphy USA Inc. Common Stock,Consumer Discretionary,Retail-Auto Dealers and Gas Stations,10024779577.0
OGE,OGE Energy Corp Common Stock,Utilities,Electric Utilities: Central,10017409541.0
FCFS,FirstCash Holdings Inc. Common Stock,Consumer Discretionary,Other Specialty Stores,9976791594.0
UMBF,UMB Financial Corporation Common Stock,Finance,Major Banks,9969168770.0
VMI,Valmont Industries Inc. Common Stock,Industrials,Metal Fabrications,9967550833.0
JKHY,Jack Henry & Associates Inc. Common Stock,Technology,EDP Services,9960608848.0
GTLS,Chart Industries Inc. Common Stock,Industrials,Metal Fabrications,9954853045.0
ESI,Element Solutions Inc. Common Stock,Industrials,Major Chemicals,9926993319.0
BAX,Baxter International Inc. Common Stock,Health Care,Medical/Dental Instruments,9905875573.0
GME,GameStop Corporation Common Stock,Consumer Discretionary,Electronics Distribution,9852370163.0
MGM,MGM Resorts International Common Stock,Consumer Discretionary,Hotels/Resorts,9824687424.0
SIRI,SiriusXM Holdings Inc. Common Stock,Consumer Discretionary,Broadcasting,9724949951.0
CTRE,CareTrust REIT Inc. Common Stock,Real Estate,Real Estate Investment Trusts,9718923268.0
BPOP,Popular Inc. Common Stock,Finance,Major Banks,9712925205.0
DOCU,DocuSign Inc. Common Stock,Technology,Computer Software: Prepackaged Software,9705197505.0
LUMN,Lumen Technologies Inc. Common Stock,Telecommunications,Telecommunications Equipment,9695227169.0
DCI,Donaldson Company Inc. Common Stock,Industrials,Pollution Control Equipment,9689019569.0
CART,Maplebear Inc. Common Stock,Consumer Discretionary,Business Services,9687928933.0
AHR,American Healthcare REIT Inc. Common Stock,Real Estate,Real Estate Investment Trusts,9672732639.0
RRC,Range Resources Corporation Common Stock,Energy,Oil & Gas Production,9672293363.0
BXP,BXP Inc. Common Stock,Real Estate,Real Estate Investment Trusts,9614891903.0
MOH,Molina Healthcare Inc Common Stock,Health Care,Medical Specialities,9593694000.0
ONBPO,Old National Bancorp Depositary Shares Each Representing a 1/40th Interest in a Share of Series C Preferred Stock,Finance,Major Banks,9585914130.0
PRAX,Praxis Precision Medicines Inc. Common Stock,Health Care,Biotechnology: Pharmaceutical Preparations,9578031595.0
CYTK,Cytokinetics Incorporated Common Stock,Health Care,Biotechnology: Pharmaceutical Preparations,9573841551.0
ORI,Old Republic International Corporation Common Stock,Finance,Property-Casualty Insurers,9555235170.0
UHS,Universal Health Services Inc. Common Stock,Health Care,Hospital/Nursing Management,9552636188.0
ONBPP,Old National Bancorp Depositary Shares Each Representing a 1/40th Interest in a Share of Series A Preferred Stock,Finance,Major Banks,9543413100.0
BAH,Booz Allen Hamilton Holding Corporation Common Stock,Consumer Discretionary,Professional Services,9488366527.0
SNAP,Snap Inc. Class A Common Stock,Technology,Computer Software: Programming Data Processing,9478960542.0
EMP,Entergy Mississippi LLC First Mortgage Bonds 4.90% Series Due October 1 2066,Utilities,Electric Utilities: Central,9477123849.0
BRX,Brixmor Property Group Inc. Common Stock,Real Estate,Real Estate Investment Trusts,9462841268.0
OC,Owens Corning Inc Common Stock New,Industrials,Industrial Machinery/Components,9455635217.0
R,Ryder System Inc. Common Stock,Consumer Discretionary,Rental/Leasing Companies,9440608392.0
QRVO,Qorvo Inc. Common Stock,Technology,Semiconductors,9367295217.0
CAVA,CAVA Group Inc. Common Stock,Consumer Discretionary,Restaurants,9366827500.0
MASI,Masimo Corporation Common Stock,Health Care,Biotechnology: Electromedical & Electrotherapeutic Apparatus,9363530128.0
DAR,Darling Ingredients Inc. Common Stock,Consumer Staples,Packaged Foods,9313143472.0
EAI,Entergy Arkansas LLC First Mortgage Bonds 4.875% Series Due September 1 2066,Utilities,Electric Utilities: Central,9312304304.0
LINE,Lineage Inc. Common Stock,Real Estate,Real Estate Investment Trusts,9307328041.0
ACM,AECOM Common Stock,Consumer Discretionary,Military/Government/Technical,9258791157.0
RIOT,Riot Platforms Inc. Common Stock ,Finance,Finance: Consumer Services,9252669929.0
ONB,Old National Bancorp Common Stock,Finance,Major Banks,9249769620.0
SSB,SouthState Bank Corporation Common Stock,Finance,Major Banks,9239396868.0
AXTI,AXT Inc Common Stock,Technology,Semiconductors,9213547003.0
CNM,Core & Main Inc. Class A Common Stock,Consumer Discretionary,Durable Goods,9193539606.0
AGX,Argan Inc. Common Stock,Consumer Discretionary,Engineering & Construction,9162951203.0
AAL,American Airlines Group Inc. Common Stock,Consumer Discretionary,Air Freight/Delivery Services,9160184147.0
ZION,Zions Bancorporation N.A. Common Stock,Finance,Major Banks,9137343672.0
ENJ,Entergy New Orleans LLC First Mortgage Bonds 5.0% Series due December 1 2052,Utilities,Power Generation,9120014834.0
ALSN,Allison Transmission Holdings Inc. Common Stock,Consumer Discretionary,Auto Parts:O.E.M.,9112176232.0
BROS,Dutch Bros Inc. Class A Common Stock,Consumer Discretionary,Restaurants,9102666946.0
CUBE,CubeSmart Common Shares,Real Estate,Real Estate Investment Trusts,9072394154.0
ADC,Agree Realty Corporation Common Stock,Real Estate,Real Estate Investment Trusts,9062961740.0
LLYVK,Liberty Live Holdings Inc. Series C Liberty Live Group Common Stock,Consumer Discretionary,Services-Misc. Amusement & Recreation,9039435149.0
CIFR,Cipher Digital Inc. Common Stock,Finance,Finance: Consumer Services,8986810858.0
FROG,JFrog Ltd. Ordinary Shares,Technology,Computer Software: Prepackaged Software,8961648379.0
SAIL,SailPoint Inc. Common Stock,Technology,Computer Software: Prepackaged Software,8933755745.0
FLS,Flowserve Corporation Common Stock,Industrials,Fluid Controls,8896646732.0
SARO,StandardAero Inc. Common Stock,Industrials,Aerospace,8890300531.0
SNEX,StoneX Group Inc. Common Stock,Finance,Investment Bankers/Brokers/Service,8885677732.0
MXL,MaxLinear Inc. Common Stock,Technology,Semiconductors,8879377294.0
W,Wayfair Inc. Class A Common Stock,Consumer Discretionary,Catalog/Specialty Distribution,8853005188.0
KRYS,Krystal Biotech Inc. Common Stock,Health Care,Biotechnology: Biological Products (No Diagnostic Substances),8827712934.0
LLYVA,Liberty Live Holdings Inc. Series A Liberty Live Group Common Stock,Consumer Discretionary,Services-Misc. Amusement & Recreation,8825984874.0
LGN,Legence Corp. Class A Common stock,Consumer Discretionary,Engineering & Construction,8813734493.0
TTC,Toro Company (The) Common Stock,Consumer Discretionary,Tools/Hardware,8801511043.0
RGTI,Rigetti Computing Inc. Common Stock,Technology,EDP Services,8781976481.0
DDS,Dillard's Inc. Common Stock,Consumer Discretionary,Department/Specialty Retail Stores,8773670488.0
CFR,Cullen/Frost Bankers Inc. Common Stock,Finance,Major Banks,8752652550.0
TPGXL,TPG Operating Group II L.P. 6.950% Fixed-Rate Junior Subordinated Notes due 2064,,,8744873827.0
CRUS,Cirrus Logic Inc. Common Stock,Technology,Semiconductors,8730934775.0
PRI,Primerica Inc. Common Stock,Finance,Life Insurance,8723726238.0
AYI,Acuity Inc. Common Stock,Consumer Discretionary,Building Products,8718339165.0
AVAV,AeroVironment Inc. Common Stock,Industrials,Aerospace,8699999600.0
CHWY,Chewy Inc. Class A Common Stock,Consumer Discretionary,Catalog/Specialty Distribution,8637713464.0
RYAN,Ryan Specialty Holdings Inc. Class A Common Stock,Finance,Specialty Insurers,8616389682.0
COLB,Columbia Banking System Inc. Common Stock,Finance,Major Banks,8606548581.0
WAL,Western Alliance Bancorporation Common Stock (DE),Finance,Major Banks,8580877442.0
NNN,NNN REIT Inc. Common Stock,Real Estate,Real Estate Investment Trusts,8561167965.0
GAP,Gap Inc. (The) Common Stock,Consumer Discretionary,Clothing/Shoe/Accessory Stores,8545307067.0
PRMB,Primo Brands Corporation Class A Common Stock,Consumer Staples,Beverages (Production/Distribution),8523782521.0
MSGS,Madison Square Garden Sports Corp. Class A Common Stock (New),Consumer Discretionary,Services-Misc. Amusement & Recreation,8519811984.0
ALGM,Allegro MicroSystems Inc. Common Stock,Technology,Semiconductors,8514115477.0
KRMN,Karman Holdings Inc. Common Stock,Industrials,Military/Government/Technical,8494935766.0
ENS,EnerSys Common Stock,Technology,Industrial Machinery/Components,8480887602.0
EMN,Eastman Chemical Company Common Stock,Industrials,Major Chemicals,8475619035.0
LEVI,Levi Strauss & Co Class A Common Stock,Consumer Discretionary,Apparel,8468809447.0
HSIC,Henry Schein Inc. Common Stock,Health Care,Medical Specialities,8453762537.0
FDS,FactSet Research Systems Inc. Common Stock,Technology,Computer Software: Programming Data Processing,8452021464.0
ENPH,Enphase Energy Inc. Common Stock,Technology,Semiconductors,8439040027.0
ZG,Zillow Group Inc. Class A Common Stock,Consumer Discretionary,Business Services,8438210753.0
ARE,Alexandria Real Estate Equities Inc. Common Stock,Real Estate,Real Estate Investment Trusts,8429414748.0
FR,First Industrial Realty Trust Inc. Common Stock,Real Estate,Real Estate Investment Trusts,8389056431.0
MTCH,Match Group Inc. Common Stock,Technology,Computer Software: Programming Data Processing,8350941631.0
TKR,Timken Company (The) Common Stock,Industrials,Metal Fabrications,8335866475.0
Z,Zillow Group Inc. Class C Capital Stock,Consumer Discretionary,Business Services,8314657775.0
LUNR,Intuitive Machines Inc. Class A Common Stock,Industrials,Industrial Machinery/Components,8303221509.0
NE,Noble Corporation plc A Ordinary Shares,Energy,Oil & Gas Production,8296389088.0
TEM,Tempus AI Inc. Class A Common Stock,Technology,Computer Software: Programming Data Processing,8292300940.0
KNTK,Kinetik Holdings Inc. Class A Common Stock,Utilities,Natural Gas Distribution,8204047667.0
MANH,Manhattan Associates Inc. Common Stock,Technology,Computer Software: Prepackaged Software,8202580421.0
ORA,Ormat Technologies Inc. Common Stock,Utilities,Electric Utilities: Central,8201350822.0
AGCO,AGCO Corporation Common Stock,Industrials,Industrial Machinery/Components,8170578187.0
REXR,Rexford Industrial Realty Inc. Common Stock,Real Estate,Real Estate Investment Trusts,8166481545.0
SFM,Sprouts Farmers Market Inc. Common Stock,Consumer Staples,Food Chains,8154581340.0
VIRT,Virtu Financial Inc. Class A Common Stock,Finance,Investment Bankers/Brokers/Service,8137381099.0
CHRD,Chord Energy Corporation Common Stock,Energy,Oil & Gas Production,8105956368.0
HALO,Halozyme Therapeutics Inc. Common Stock,Health Care,Biotechnology: Biological Products (No Diagnostic Substances),8103640160.0
SM,SM Energy Company Common Stock,Energy,Oil & Gas Production,8096313633.0
PRH,Prudential Financial Inc. 5.950% Junior Subordinated Notes due 2062,Finance,Life Insurance,8074880000.0
NUVL,Nuvalent Inc. Class A Common Stock,Health Care,Biotechnology: Pharmaceutical Preparations,8067267080.0
CORZ,Core Scientific Inc. Common Stock,Finance,Finance: Consumer Services,8029782476.0
CORZZ,Core Scientific Inc. Tranche 2 Warrants,Finance,Finance: Consumer Services,8026603623.0
YOU,Clear Secure Inc. Class A Common Stock,Technology,Computer Software: Prepackaged Software,8026495757.0
ACI,Albertsons Companies Inc. Class A Common Stock,Consumer Staples,Food Chains,8016409789.0
OSK,Oshkosh Corporation (Holding Company)Common Stock,Industrials,Auto Manufacturing,8012766720.0
ZWS,Zurn Elkay Water Solutions Corporation Common Stock,Industrials,Industrial Machinery/Components,8009851824.0
BLDR,Builders FirstSource Inc. Common Stock,Consumer Discretionary,RETAIL: Building Materials,7975564805.0
AMG,Affiliated Managers Group Inc. Common Stock,Finance,Investment Managers,7975393187.0
CMC,Commercial Metals Company Common Stock,Industrials,Steel/Iron Ore,7972802910.0
BOKF,BOK Financial Corporation Common Stock,Finance,Major Banks,7944204790.0
FLY,Firefly Aerospace Inc. Common Stock,Industrials,Military/Government/Technical,7931643242.0
PRS,Prudential Financial Inc. 5.625% Junior Subordinated Notes due 2058,Finance,Life Insurance,7927040000.0
RTO,Rentokil Initial plc American Depositary Shares (each representing five (5) Ordinary Shares),Consumer Discretionary,Other Consumer Services,7903948000.0
AOS,A.O. Smith Corporation Common Stock,Consumer Discretionary,Consumer Electronics/Appliances,7894823583.0
IDA,IDACORP Inc. Common Stock,Utilities,Electric Utilities: Central,7867969370.0
WFRD,Weatherford International plc Ordinary Shares,Consumer Discretionary,Oil and Gas Field Machinery,7824756868.0
MWH,SOLV Energy Inc. Class A Common Stock,Industrials,Military/Government/Technical,7780084289.0
CRL,Charles River Laboratories International Inc. Common Stock,Health Care,Biotechnology: Commercial Physical & Biological Resarch,7721287119.0
BIO,Bio-Rad Laboratories Inc. Class A Common Stock,Industrials,Biotechnology: Laboratory Analytical Instruments,7700382209.0
CELH,Celsius Holdings Inc. Common Stock,Consumer Staples,Beverages (Production/Distribution),7699887643.0
NFG,National Fuel Gas Company Common Stock,Utilities,Oil/Gas Transmission,7690261493.0
KEX,Kirby Corporation Common Stock,Consumer Discretionary,Marine Transportation,7668690000.0
ESE,ESCO Technologies Inc. Common Stock,Telecommunications,Telecommunications Equipment,7658678187.0
UGI,UGI Corporation Common Stock,Utilities,Natural Gas Distribution,7643135833.0
CBSH,Commerce Bancshares Inc. Common Stock,Finance,Major Banks,7634349764.0
SSD,Simpson Manufacturing Company Inc. Common Stock,Consumer Discretionary,Industrial Machinery/Components,7611001508.0
ECG,Everus Construction Group Inc. Common Stock,Consumer Discretionary,Homebuilding,7587334732.0
IBRX,ImmunityBio Inc. Common Stock,Health Care,Biotechnology: Biological Products (No Diagnostic Substances),7561895714.0
TECH,Bio-Techne Corp Common Stock,Health Care,Biotechnology: Biological Products (No Diagnostic Substances),7548179486.0
VLY,Valley National Bancorp Common Stock,Finance,Major Banks,7508481527.0
NCLH,Norwegian Cruise Line Holdings Ltd. Ordinary Shares,Consumer Discretionary,Marine Transportation,7483495282.0
VOYA,Voya Financial Inc. Common Stock,Finance,Life Insurance,7469997693.0
NOV,NOV Inc. Common Stock,Consumer Discretionary,Oil and Gas Field Machinery,7468469269.0
JXN,Jackson Financial Inc. Class A Common Stock ,Finance,Life Insurance,7459024973.0
ATR,AptarGroup Inc. Common Stock,Industrials,Plastic Products,7417835329.0
HQY,HealthEquity Inc. Common Stock,Consumer Discretionary,Business Services,7386301566.0
GJS,Goldman Sachs Group Securities STRATS Trust for Goldman Sachs Group Securities Series 2006-2,Finance,Finance: Consumer Services,7316628838.0
SATA,Strive Inc. Variable Rate Series A Perpetual Preferred Stock,,,7308993926.0
STAG,Stag Industrial Inc. Common Stock,Real Estate,Real Estate Investment Trusts,7294472848.0
CWAN,Clearwater Analytics Holdings Inc. Class A Common Stock,Technology,Computer Software: Prepackaged Software,7259235237.0
TTEK,Tetra Tech Inc. Common Stock,Consumer Discretionary,Military/Government/Technical,7175857927.0
SLAB,Silicon Laboratories Inc. Common Stock,Technology,Semiconductors,7173546503.0
MOS,Mosaic Company (The) Common Stock,Industrials,Agricultural Chemicals,7154727956.0
KNSL,Kinsale Capital Group Inc. Common Stock,Finance,Property-Casualty Insurers,7153855826.0
LTH,Life Time Group Holdings Inc. Common Stock,Consumer Discretionary,Hotels/Resorts,7138869808.0
PLXS,Plexus Corp. Common Stock,Technology,Electrical Products,7109716188.0
BRKR,Bruker Corporation Common Stock,Industrials,Biotechnology: Laboratory Analytical Instruments,7081293161.0
PCOR,Procore Technologies Inc. Common Stock,Technology,Computer Software: Prepackaged Software,7069206620.0
RHP,Ryman Hospitality Properties Inc. (REIT),Real Estate,Real Estate Investment Trusts,7065714093.0
GKOS,Glaukos Corporation Common Stock,Health Care,Medical/Dental Instruments,7061578120.0
HR,Healthcare Realty Trust Incorporated Common Stock,Real Estate,Real Estate Investment Trusts,7055179328.0
AVT,Avnet Inc. Common Stock,Technology,Electronic Components,7046688799.0
MTDR,Matador Resources Company Common Stock,Energy,Oil & Gas Production,7033454777.0
TRNO,Terreno Realty Corporation Common Stock,Finance,Real Estate,7021591154.0
IMVT,Immunovant Inc. Common Stock,Health Care,Biotechnology: Biological Products (No Diagnostic Substances),7011299516.0
VAL,Valaris Limited Common Shares,Energy,Oil & Gas Production,7006202583.0
LEA,Lear Corporation Common Stock,Consumer Discretionary,Auto Parts:O.E.M.,7003294840.0
PB,Prosperity Bancshares Inc. Common Stock,Finance,Major Banks,6968050463.0
MYRG,MYR Group Inc. Common Stock,Industrials,Water Sewer Pipeline Comm & Power Line Construction,6958695988.0
FAF,First American Corporation (New) Common Stock,Finance,Specialty Insurers,6949580000.0
LKQ,LKQ Corporation Common Stock,Consumer Discretionary,Motor Vehicles,6917571170.0
RAL,Ralliant Corporation Common Stock,Industrials,Industrial Machinery/Components,6889485259.0
LNC,Lincoln National Corporation Common Stock,Finance,Life Insurance,6889411488.0
JBTM,JBT Marel Corporation Common Stock,Industrials,Industrial Machinery/Components,6874513218.0
FSS,Federal Signal Corporation Common Stock,Industrials,Auto Manufacturing,6869464048.0
NVTS,Navitas Semiconductor Corporation Common Stock,Technology,Semiconductors,6836110106.0
MORN,Morningstar Inc. Common Stock,Finance,Investment Managers,6831353154.0
PCVX,Vaxcyte Inc. Common Stock,Health Care,Biotechnology: Pharmaceutical Preparations,6830010359.0
THG,Hanover Insurance Group Inc,Finance,Property-Casualty Insurers,6826971747.0
OSCR,Oscar Health Inc. Class A Common Stock,Health Care,Medical Specialities,6825801520.0
CBC,Central Bancompany Inc. Class A Common Stock,,,6821404209.0
CMSD,CMS Energy Corporation 5.875% Junior Subordinated Notes due 2079,Utilities,Power Generation,6803895029.0
NEU,NewMarket Corp Common Stock,Industrials,Major Chemicals,6785562577.0
CMSC,CMS Energy Corporation 5.875% Junior Subordinated Notes due 2078,Utilities,Power Generation,6782941546.0
CHYM,Chime Financial Inc. Class A Common Stock,Finance,Finance: Consumer Services,6782140674.0
EPRT,Essential Properties Realty Trust Inc. Common Stock,Real Estate,Real Estate Investment Trusts,6774985770.0
PPC,Pilgrim's Pride Corporation Common Stock,Consumer Staples,Meat/Poultry/Fish,6771258441.0
IDCC,InterDigital Inc. Common Stock,Miscellaneous,Multi-Sector Companies,6745035668.0
CELC,Celcuity Inc. Common Stock,Health Care,Medical Specialities,6740963990.0
POOL,Pool Corporation Common Stock,Consumer Discretionary,Industrial Specialties,6728836074.0
AWI,Armstrong World Industries Inc Common Stock,Industrials,Plastic Products,6708014413.0
LNTH,Lantheus Holdings Inc. Common Stock,Health Care,Biotechnology: In Vitro & In Vivo Diagnostic Substances,6705926446.0
MIDD,Middleby Corporation (The) Common Stock,Industrials,Industrial Machinery/Components,6695814713.0
MSA,MSA Safety Incorporated Common Stock,Health Care,Industrial Specialties,6599369015.0
TEX,Terex Corporation Common Stock,Industrials,Construction/Ag Equipment/Trucks,6596192000.0
TXNM,TXNM Energy Inc. Common Stock,Utilities,Electric Utilities: Central,6583760574.0
LSTR,Landstar System Inc. Common Stock,Industrials,Trucking Freight/Courier Services,6582412022.0
PAYC,Paycom Software Inc. Common Stock,Technology,Computer Software: Prepackaged Software,6563613810.0
VFC,V.F. Corporation Common Stock,Industrials,Garments and Clothing,6542554074.0
KGS,Kodiak Gas Services Inc. Common Stock,Utilities,Natural Gas Distribution,6541264589.0
AROC,Archrock Inc. Common Stock,Utilities,Natural Gas Distribution,6528494451.0
NPO,Enpro Inc. Common Stock,Industrials,Metal Fabrications,6512294178.0
SWX,Southwest Gas Holdings Inc. Common Stock (DE),Utilities,Oil & Gas Production,6507224831.0
HXL,Hexcel Corporation Common Stock,Industrials,Major Chemicals,6501068989.0
RGEN,Repligen Corporation Common Stock,Health Care,Biotechnology: Biological Products (No Diagnostic Substances),6490274564.0
KYMR,Kymera Therapeutics Inc. Common Stock,Health Care,Biotechnology: Biological Products (No Diagnostic Substances),6489301117.0
CAG,ConAgra Brands Inc. Common Stock,Consumer Staples,Packaged Foods,6487607835.0
CMSA,CMS Energy Corporation 5.625% Junior Subordinated Notes due 2078,Utilities,Power Generation,6480612731.0
CORT,Corcept Therapeutics Incorporated Common Stock,Health Care,Biotechnology: Pharmaceutical Preparations,6464712991.0
INGR,Ingredion Incorporated Common Stock,Consumer Staples,Packaged Foods,6457878437.0
URBN,Urban Outfitters Inc. Common Stock,Consumer Discretionary,Clothing/Shoe/Accessory Stores,6455808934.0
CENX,Century Aluminum Company Common Stock,Industrials,Aluminum,6438261757.0
VSH,Vishay Intertechnology Inc. Common Stock,Technology,Electrical Products,6431000326.0
SYRE,Spyre Therapeutics Inc. Common Stock,Health Care,Biotechnology: Pharmaceutical Preparations,6430594785.0
STWD,STARWOOD PROPERTY TRUST INC. Starwood Property Trust Inc.,Real Estate,Real Estate Investment Trusts,6410242775.0
CLF,Cleveland-Cliffs Inc. Common Stock,Basic Materials,Metal Mining,6405756598.0
STEP,StepStone Group Inc. Class A Common Stock,Finance,Investment Managers,6403748576.0
DBX,Dropbox Inc. Class A Common Stock,Technology,Computer Software: Prepackaged Software,6399436802.0
S,SentinelOne Inc. Class A Common Stock,Technology,Computer Software: Prepackaged Software,6389130054.0
ROAD,Construction Partners Inc. Class A Common Stock,Industrials,Military/Government/Technical,6380510982.0
PTGX,Protagonist Therapeutics Inc. Common Stock,Health Care,Biotechnology: Pharmaceutical Preparations,6379045088.0
PRIM,Primoris Services Corporation Common Stock,Industrials,Water Sewer Pipeline Comm & Power Line Construction,6377667609.0
AN,AutoNation Inc. Common Stock,Consumer Discretionary,Retail-Auto Dealers and Gas Stations,6357014820.0
LAD,Lithia Motors Inc. Common Stock,Consumer Discretionary,Retail-Auto Dealers and Gas Stations,6307633696.0
RSI,Rush Street Interactive Inc. Class A Common Stock,Consumer Discretionary,Services-Misc. Amusement & Recreation,6297622332.0
COMP,Compass Inc. Class A Common Stock,Technology,EDP Services,6276085578.0
PJT,PJT Partners Inc. Class A Common Stock,Finance,Investment Managers,6266991279.0
FLR,Fluor Corporation Common Stock,Industrials,Military/Government/Technical,6266988234.0
AXTA,Axalta Coating Systems Ltd. Common Shares,Consumer Discretionary,Paints/Coatings,6253628401.0
MHK,Mohawk Industries Inc. Common Stock,Consumer Discretionary,Home Furnishings,6241602048.0
FNB,F.N.B. Corporation Common Stock,Finance,Major Banks,6240048026.0
GBCI,Glacier Bancorp Inc. Common Stock,Finance,Major Banks,6202598890.0
OMF,OneMain Holdings Inc. Common Stock,Finance,Finance: Consumer Services,6178595313.0
EXP,Eagle Materials Inc Common Stock,Industrials,Building Materials,6171988956.0
INGM,Ingram Micro Holding Corporation Common Stock,Technology,Retail: Computer Software & Peripheral Equipment,6171063666.0
CPB,The Campbell's Company Common Stock,Consumer Staples,Packaged Foods,6135854723.0
RYN,Rayonier Inc. REIT Common Stock,Real Estate,Real Estate Investment Trusts,6123213460.0
APGE,Apogee Therapeutics Inc. Common Stock,Health Care,Biotechnology: Biological Products (No Diagnostic Substances),6118601675.0
AUGO,Aura Minerals Inc. Common Shares,,,6081421805.0
PCTY,Paylocity Holding Corporation Common Stock,Technology,Computer Software: Prepackaged Software,6051549435.0
LW,Lamb Weston Holdings Inc. Common Stock ,Consumer Staples,Packaged Foods,6042065859.0
VSNT,Versant Media Group Inc. Class A Common Stock ,Industrials,Broadcasting,6037720300.0
TTAN,ServiceTitan Inc. Class A Common Stock,Technology,Computer Software: Prepackaged Software,6025656170.0
GATX,GATX Corporation Common Stock,Consumer Discretionary,Transportation Services,6023285000.0
RYTM,Rhythm Pharmaceuticals Inc. Common Stock,Health Care,Biotechnology: Pharmaceutical Preparations,6019904199.0
VNO,Vornado Realty Trust Common Stock,Real Estate,Real Estate Investment Trusts,6015366237.0
MIRM,Mirum Pharmaceuticals Inc. Common Stock,Health Care,Biotechnology: Pharmaceutical Preparations,6013968607.0
CGABL,The Carlyle Group Inc. 4.625% Subordinated Notes due 2061,Finance,Investment Managers,5984733221.0
PACS,PACS Group Inc. Common Stock,Health Care,Hospital/Nursing Management,5974782194.0
ACT,Enact Holdings Inc. Common Stock,Finance,Specialty Insurers,5965139834.0
UBSI,United Bankshares Inc. Common Stock,Finance,Major Banks,5961167003.0
TGTX,TG Therapeutics Inc. Common Stock,Health Care,Biotechnology: Pharmaceutical Preparations,5950358755.0
MSM,MSC Industrial Direct Company Inc. Common Stock,Industrials,Industrial Machinery/Components,5946354122.0
CHDN,Churchill Downs Incorporated Common Stock,Consumer Discretionary,Services-Misc. Amusement & Recreation,5932600809.0
ACA,Arcosa Inc. Common Stock ,Industrials,Metal Fabrications,5928385953.0
WH,Wyndham Hotels & Resorts Inc. Common Stock ,Consumer Discretionary,Hotels/Resorts,5924458545.0
ETSY,Etsy Inc. Common Stock,Consumer Discretionary,Business Services,5919626890.0
MRCY,Mercury Systems Inc Common Stock,Technology,Electrical Products,5917265540.0
OUT,OUTFRONT Media Inc. Common Stock,Real Estate,Real Estate Investment Trusts,5915733936.0
CAR,Avis Budget Group Inc. Common Stock,Consumer Discretionary,Rental/Leasing Companies,5901038911.0
BYD,Boyd Gaming Corporation Common Stock,Consumer Discretionary,Hotels/Resorts,5895124672.0
EAT,Brinker International Inc. Common Stock,Consumer Discretionary,Restaurants,5893211224.0
TFX,Teleflex Incorporated Common Stock,Health Care,Medical/Dental Instruments,5876870510.0
CORZW,Core Scientific Inc. Tranche 1 Warrants,Finance,Finance: Consumer Services,5874520196.0
SNDR,Schneider National Inc. Common Stock,Industrials,Trucking Freight/Courier Services,5849151887.0
OCTVV,Octave Intelligence plc Class B Ordinary Shares When Issued,Technology,Computer Software: Prepackaged Software,5838526500.0
LOAR,Loar Holdings Inc. Common Stock,Industrials,Military/Government/Technical,5836549522.0
CHE,Chemed Corp,Health Care,Medical/Nursing Services,5832110333.0
APPF,AppFolio Inc. Class A Common Stock,Technology,Computer Software: Prepackaged Software,5831329262.0
CZR,Caesars Entertainment Inc. Common Stock,Consumer Discretionary,Hotels/Resorts,5798682197.0
PFH,Prudential Financial Inc. 4.125% Junior Subordinated Notes due 2060,Finance,Life Insurance,5795895000.0
MAC,Macerich Company (The) Common Stock,Real Estate,Real Estate Investment Trusts,5794820916.0
NJR,NewJersey Resources Corporation Common Stock,Utilities,Oil/Gas Transmission,5779778486.0
RRR,Red Rock Resorts Inc. Class A Common Stock,Consumer Discretionary,Hotels/Resorts,5778982636.0
FLG,Flagstar Bank N.A. Common Stock,Finance,Banks,5772889440.0
IBP,Installed Building Products Inc. Common Stock,Consumer Discretionary,Homebuilding,5771238896.0
SRRK,Scholar Rock Holding Corporation Common Stock,Health Care,Biotechnology: Biological Products (No Diagnostic Substances),5767337908.0
POR,Portland General Electric Co Common Stock,Utilities,Electric Utilities: Central,5765669148.0
NXST,Nexstar Media Group Inc. Common Stock,Industrials,Broadcasting,5761786527.0
PSN,Parsons Corporation Common Stock,Technology,EDP Services,5745816363.0
CE,Celanese Corporation Common Stock,Industrials,Major Chemicals,5745220418.0
PEGA,Pegasystems Inc. Common Stock,Technology,EDP Services,5740436352.0
PIPR,Piper Sandler Companies Common Stock,Finance,Investment Bankers/Brokers/Service,5731825483.0
KMX,CarMax Inc,Consumer Discretionary,Retail-Auto Dealers and Gas Stations,5723193963.0
PTCT,PTC Therapeutics Inc. Common Stock,Health Care,Biotechnology: Pharmaceutical Preparations,5707743948.0
ABCB,Ameris Bancorp Common Stock,Finance,Major Banks,5699002079.0
CACC,Credit Acceptance Corporation Common Stock,Finance,Finance: Consumer Services,5698646681.0
PATH,UiPath Inc. Class A Common Stock,Technology,Computer Software: Prepackaged Software,5688446329.0
NOVT,Novanta Inc. Common Stock,Miscellaneous,Industrial Machinery/Components,5687213723.0
GVA,Granite Construction Incorporated Common Stock,Industrials,Military/Government/Technical,5684883535.0
AMTM,Amentum Holdings Inc. Common Stock,Consumer Discretionary,Business Services,5675468090.0
ESTC,Elastic N.V. Ordinary Shares,Technology,Computer Software: Prepackaged Software,5672890248.0
CGON,CG Oncology Inc. Common stock,Health Care,Biotechnology: Biological Products (No Diagnostic Substances),5667008890.0
BKH,Black Hills Corporation Common Stock,Utilities,Electric Utilities: Central,5655557886.0
USAR,USA Rare Earth Inc. Class A Common Stock,Basic Materials,Metal Mining,5642794760.0
MCY,Mercury General Corporation Common Stock,Finance,Property-Casualty Insurers,5595912986.0
ESAB,ESAB Corporation Common Stock,Industrials,Industrial Machinery/Components,5590767613.0
COGT,Cogent Biosciences Inc. Common Stock,Health Care,Biotechnology: Pharmaceutical Preparations,5582257691.0
CWST,Casella Waste Systems Inc. Class A Common Stock,Utilities,Environmental Services,5560144943.0
SYNA,Synaptics Incorporated Common Stock $0.001 Par Value,Technology,Semiconductors,5551848958.0
AVTR,Avantor Inc. Common Stock,Industrials,Biotechnology: Laboratory Analytical Instruments,5543973864.0
CRC,California Resources Corporation Common Stock,Energy,Oil & Gas Production,5508835658.0
ADT,ADT Inc. Common Stock,Consumer Discretionary,Diversified Commercial Services,5504169362.0
MATX,Matson Inc. Common Stock,Consumer Discretionary,Marine Transportation,5503075017.0
MTG,MGIC Investment Corporation Common Stock,Finance,Property-Casualty Insurers,5498746968.0
HIMS,Hims & Hers Health Inc. Class A Common Stock,Health Care,Medical/Nursing Services,5497120256.0
KRG,Kite Realty Group Trust Common Stock,Real Estate,Real Estate Investment Trusts,5488888874.0
CROX,Crocs Inc. Common Stock,Consumer Discretionary,Shoe Manufacturing,5487724725.0
HWC,Hancock Whitney Corporation Common Stock,Finance,Major Banks,5478162840.0
OBDC,Blue Owl Capital Corporation Common Stock,Finance,Diversified Financial Services,5474248827.0
SEI,Solaris Energy Infrastructure Inc. Class A Common Stock,Consumer Discretionary,Oil and Gas Field Machinery,5461963523.0
GXO,GXO Logistics Inc. Common Stock ,Consumer Discretionary,Transportation Services,5461356520.0
M,Macy's Inc Common Stock,Consumer Discretionary,Department/Specialty Retail Stores,5449312569.0
MUR,Murphy Oil Corporation Common Stock,Energy,Oil & Gas Production,5447283888.0
OZK,Bank OZK Common Stock,Finance,Major Banks,5446373394.0
LEGN,Legend Biotech Corporation American Depositary Shares,Health Care,Biotechnology: Pharmaceutical Preparations,5432147382.0
SIGI,Selective Insurance Group Inc. Common Stock,Finance,Property-Casualty Insurers,5430165464.0
LQDA,Liquidia Corporation Common Stock,Health Care,Biotechnology: Pharmaceutical Preparations,5422835477.0
TMHC,Taylor Morrison Home Corporation Common Stock,Consumer Discretionary,Homebuilding,5417869655.0
MGY,Magnolia Oil & Gas Corporation Class A Common Stock,Energy,Oil & Gas Production,5407876859.0
BLTE,Belite Bio Inc American Depositary Shares,Health Care,Biotechnology: Pharmaceutical Preparations,5401376508.0
AUB,Atlantic Union Bankshares Corporation Common Stock,Finance,Major Banks,5375424640.0
VCTR,Victory Capital Holdings Inc. Class A Common Stock,Finance,Investment Managers,5372047316.0
EPAM,EPAM Systems Inc. Common Stock,Technology,EDP Services,5364982673.0
BGC,BGC Group Inc. Class A Common Stock,Finance,Investment Bankers/Brokers/Service,5360643768.0
HOMB,Home BancShares Inc. Common Stock,Finance,Major Banks,5359611186.0
RUSHA,Rush Enterprises Inc. Common Stock Cl A,Consumer Discretionary,Retail-Auto Dealers and Gas Stations,5353599727.0
WTM,White Mountains Insurance Group Ltd. Common Stock,Finance,Property-Casualty Insurers,5317038990.0
LYFT,Lyft Inc. Class A Common Stock,Consumer Discretionary,Business Services,5277587195.0
PLUG,Plug Power Inc. Common Stock,Energy,Industrial Machinery/Components,5273361130.0
MARA,MARA Holdings Inc. Common Stock,Technology,EDP Services,5265345646.0
BC,Brunswick Corporation Common Stock,Industrials,Industrial Machinery/Components,5260330500.0
EQPT,EquipmentShare.com Inc Class A Common Stock,Consumer Discretionary,Diversified Commercial Services,5231735761.0
SBRA,Sabra Health Care REIT Inc. Common Stock,Real Estate,Real Estate Investment Trusts,5225378768.0
HESM,Hess Midstream LP Class A Representing Limited Partner Interests,Energy,Oil & Gas Production,5221313839.0
WEX,WEX Inc. common stock,Consumer Discretionary,Business Services,5219635610.0
HASI,HA Sustainable Infrastructure Capital Inc. Common Stock,Finance,Finance/Investors Services,5215654505.0
FND,Floor & Decor Holdings Inc. Common Stock,Consumer Discretionary,RETAIL: Building Materials,5211218972.0
BCPC,Balchem Corporation Common Stock,Industrials,Major Chemicals,5197000973.0
LBRT,Liberty Energy Inc. Class A common stock,Energy,Oilfield Services/Equipment,5196014685.0
GOLF,Acushnet Holdings Corp. Common Stock,Consumer Discretionary,Recreational Games/Products/Toys,5177934907.0
OGS,ONE Gas Inc. Common Stock,Utilities,Oil/Gas Transmission,5177908973.0
DLB,Dolby Laboratories Common Stock,Miscellaneous,Multi-Sector Companies,5175462872.0
RITM,Rithm Capital Corp. Common Stock,Real Estate,Real Estate Investment Trusts,5169919088.0
MC,Moelis & Company Class A Common Stock,Finance,Investment Managers,5166401060.0
IRDM,Iridium Communications Inc Common Stock,Telecommunications,Telecommunications Equipment,5163743017.0
CHH,Choice Hotels International Inc. Common Stock,Consumer Discretionary,Hotels/Resorts,5146450168.0
SR,Spire Inc. Common Stock,Utilities,Oil/Gas Transmission,5142569736.0
PAGP,Plains GP Holdings L.P. Class A Units representing Limited Partner Interests,Energy,Natural Gas Distribution,5135612018.0
GNTX,Gentex Corporation Common Stock,Consumer Discretionary,Auto Parts:O.E.M.,5095489274.0
PSMT,PriceSmart Inc. Common Stock,Consumer Discretionary,Department/Specialty Retail Stores,5087006477.0
PECO,Phillips Edison & Company Inc. Common Stock,Real Estate,Real Estate Investment Trusts,5077800000.0
IEP,Icahn Enterprises L.P. Common Stock,Consumer Discretionary,Auto Parts:O.E.M.,5073981675.0
IPGP,IPG Photonics Corporation Common Stock,Technology,Semiconductors,5050790304.0
QS,QuantumScape Corporation Class A Common Stock,Miscellaneous,Industrial Machinery/Components,5044189623.0
RGTIW,Rigetti Computing Inc. Warrants,Technology,EDP Services,5042489902.0
HLNE,Hamilton Lane Incorporated Class A Common Stock,Finance,Investment Managers,5037608296.0
NAKA,Nakamoto Inc. Common Stock,Health Care,Medical/Nursing Services,5032698787.0
SITE,SiteOne Landscape Supply Inc. Common Stock,Consumer Discretionary,Professional and commerical equipment,5022780839.0
NAVN,Navan Inc. Class A Common Stock,Technology,Computer Software: Prepackaged Software,5020745072.0
RUSHB,Rush Enterprises Inc. Class B,Consumer Discretionary,Retail-Auto Dealers and Gas Stations,5003117295.0
CNX,CNX Resources Corporation Common Stock,Energy,Oil & Gas Production,4995573844.0
WHD,Cactus Inc. Class A Common Stock,Consumer Discretionary,Oil and Gas Field Machinery,4991811615.0
DUOL,Duolingo Inc. Class A Common Stock,Technology,Computer Software: Prepackaged Software,4967292203.0
OLLI,Ollie's Bargain Outlet Holdings Inc. Common Stock,Consumer Discretionary,Department/Specialty Retail Stores,4964520301.0
UWMC,UWM Holdings Corporation Class A Common Stock,Finance,Finance: Consumer Services,4947362300.0
HRB,H&R Block Inc. Common Stock,Consumer Discretionary,Other Consumer Services,4929704450.0
LPX,Louisiana-Pacific Corporation Common Stock,Basic Materials,Forest Products,4926172689.0
GBTG,Global Business Travel Group Inc. Class A Common Stock,Consumer Discretionary,Transportation Services,4922544168.0
ALH,Alliance Laundry Holdings Inc. Common Stock,Industrials,Industrial Machinery/Components,4919536310.0
OTF,Blue Owl Technology Finance Corp. Common Stock,,,4917886629.0
AX,Axos Financial Inc. Common Stock,Finance,Savings Institutions,4896060534.0
SON,Sonoco Products Company Common Stock,Consumer Discretionary,Containers/Packaging,4881147176.0
MIAX,Miami International Holdings Inc. Common Stock,Finance,Investment Bankers/Brokers/Service,4880122362.0
MKTX,MarketAxess Holdings Inc. Common Stock,Finance,Investment Bankers/Brokers/Service,4873525190.0
LBRDK,Liberty Broadband Corporation Class C Common Stock,Telecommunications,Cable & Other Pay Television Services,4871747934.0
SXT,Sensient Technologies Corporation Common Stock,Industrials,Major Chemicals,4871591782.0
LBRDA,Liberty Broadband Corporation Class A Common Stock,Telecommunications,Cable & Other Pay Television Services,4860268115.0
ACMR,ACM Research Inc. Class A Common Stock,Technology,Industrial Machinery/Components,4857594361.0
RLI,RLI Corp. Common Stock (DE),Finance,Property-Casualty Insurers,4832278677.0
ACHR,Archer Aviation Inc. Class A Common Stock,Industrials,Aerospace,4831043337.0
RDN,Radian Group Inc. Common Stock,Finance,Property-Casualty Insurers,4830988871.0
ACLS,Axcelis Technologies Inc. Common Stock,Technology,Industrial Machinery/Components,4823377795.0
VSEC,VSE Corporation Common Stock,Consumer Discretionary,Military/Government/Technical,4822463286.0
UNF,Unifirst Corporation Common Stock,Consumer Discretionary,Other Consumer Services,4800482860.0
GHC,Graham Holdings Company Common Stock,Real Estate,Other Consumer Services,4757992624.0
PBF,PBF Energy Inc. Class A Common Stock,Energy,Integrated oil Companies,4757183579.0
DNTH,Dianthus Therapeutics Inc. Common Stock,Health Care,Biotechnology: Pharmaceutical Preparations,4727535830.0
CWEN,Clearway Energy Inc. Class C Common Stock,Utilities,Electric Utilities: Central,4715370000.0
SEB,Seaboard Corporation Common Stock,Industrials,Farming/Seeds/Milling,4713744859.0
NTSK,Netskope Inc. Class A Common Stock,Technology,Computer Software: Prepackaged Software,4703693119.0
BOOT,Boot Barn Holdings Inc. Common Stock,Consumer Discretionary,Clothing/Shoe/Accessory Stores,4693236699.0
XMTR,Xometry Inc. Class A Common Stock,Consumer Discretionary,Business Services,4692338770.0
ZETA,Zeta Global Holdings Corp. Class A Common Stock,Technology,Computer Software: Prepackaged Software,4683550699.0
PTEN,Patterson-UTI Energy Inc. Common Stock,Energy,Oil & Gas Production,4673093308.0
ENO,Entergy New Orleans LLC First Mortgage Bonds 5.50% Series due April 1 2066,Utilities,Power Generation,4661512443.0
ASB,Associated Banc-Corp Common Stock,Finance,Major Banks,4648025028.0
FCN,FTI Consulting Inc. Common Stock,Consumer Discretionary,Professional Services,4644895586.0
LAUR,Laureate Education Inc. Common Stock,Real Estate,Other Consumer Services,4636080932.0
NNI,Nelnet Inc. Common Stock,Finance,Finance: Consumer Services,4633692266.0
MDU,MDU Resources Group Inc. Common Stock (Holding Company),Industrials,Mining & Quarrying of Nonmetallic Minerals (No Fuels),4631573492.0
SPHR,Sphere Entertainment Co. Class A Common Stock,Consumer Discretionary,Services-Misc. Amusement & Recreation,4630437302.0
FFIN,First Financial Bankshares Inc. Common Stock,Finance,Major Banks,4619409423.0
MAIN,Main Street Capital Corporation Common Stock,Finance,Finance/Investors Services,4615085660.0
ALK,Alaska Air Group Inc. Common Stock,Consumer Discretionary,Air Freight/Delivery Services,4606473951.0
DHCNL,Diversified Healthcare Trust 6.25% Senior Notes Due 2046,Real Estate,Real Estate Investment Trusts,4606185932.0
LGND,Ligand Pharmaceuticals Incorporated Common Stock,Health Care,Biotechnology: Pharmaceutical Preparations,4596016519.0
MIR,Mirion Technologies Inc. Class A Common Stock,Industrials,Industrial Machinery/Components,4595212010.0
AQN,Algonquin Power & Utilities Corp. Common Shares,Utilities,Electric Utilities: Central,4593662517.0
REYN,Reynolds Consumer Products Inc. Common Stock,Consumer Discretionary,Containers/Packaging,4592621145.0
EBC,Eastern Bankshares Inc. Common Stock,Finance,Savings Institutions,4588190515.0
MRP,Millrose Properties Inc. Class A Common Stock,Finance,Real Estate,4587904223.0
CSW,CSW Industrials Inc. Common Stock,Industrials,Home Furnishings,4578723940.0
DIOD,Diodes Incorporated Common Stock,Technology,Semiconductors,4578392743.0
UFPI,UFP Industries Inc. Common Stock,Basic Materials,Forest Products,4574663543.0
PI,Impinj Inc. Common Stock,Technology,Industrial Machinery/Components,4561567546.0
MTN,Vail Resorts Inc. Common Stock,Consumer Discretionary,Services-Misc. Amusement & Recreation,4547489969.0
RELY,Remitly Global Inc. Common Stock,Consumer Discretionary,Business Services,4543908085.0
GTLB,GitLab Inc. Class A Common Stock,Technology,Computer Software: Prepackaged Software,4540830012.0
HCXY,Hercules Capital Inc. 6.25% Notes due 2033,Finance,Investment Managers,4532808291.0
IBOC,International Bancshares Corporation Common Stock,Finance,Major Banks,4525550938.0
EXLS,ExlService Holdings Inc. Common Stock,Consumer Discretionary,Business Services,4508624294.0
ONDS,Ondas Inc. Common Stock,Technology,Radio And Television Broadcasting And Communications Equipment,4491609609.0
FBIN,Fortune Brands Innovations Inc. Common Stock,Basic Materials,Forest Products,4491397150.0
WSC,WillScot Holdings Corporation Class A Common Stock,Industrials,Misc Corporate Leasing Services,4485048146.0
EPR,EPR Properties Common Stock,Real Estate,Real Estate Investment Trusts,4484879381.0
TFSL,TFS Financial Corporation Common Stock,Finance,Savings Institutions,4478501292.0
MTRN,Materion Corporation,Industrials,Industrial Specialties,4473151334.0
TDS,Telephone and Data Systems Inc. Common Shares,Telecommunications,Telecommunications Equipment,4472340000.0
SHC,Sotera Health Company Common Stock,Health Care,Misc Health and Biotechnology Services,4465715126.0
PFSI,PennyMac Financial Services Inc. Common Stock,Finance,Finance: Consumer Services,4459308265.0
KVYO,Klaviyo Inc. Series A Common Stock,Technology,Computer Software: Prepackaged Software,4450290819.0
HCC,Warrior Met Coal Inc. Common Stock,Energy,Coal Mining,4431668839.0
LASR,nLIGHT Inc. Common Stock,Technology,Semiconductors,4430622048.0
NWE,NorthWestern Energy Group Inc. Common Stock,Utilities,Power Generation,4424271591.0
CVLT,Commvault Systems Inc. Common Stock,Technology,Computer Software: Prepackaged Software,4424129746.0
DHCNI,Diversified Healthcare Trust 5.625% Senior Notes due 2042,Real Estate,Real Estate Investment Trusts,4420296877.0
CNO,CNO Financial Group Inc. Common Stock,Finance,Accident &Health Insurance,4414450707.0
OLED,Universal Display Corporation Common Stock,Technology,Electrical Products,4409076530.0
POST,Post Holdings Inc. Common Stock,Consumer Staples,Packaged Foods,4403995682.0
CAI,Caris Life Sciences Inc. Common Stock,Health Care,Medical Specialities,4395684807.0
DTW,DTE Energy Company 2017 Series E 5.25% Junior Subordinated Debentures due 2077,Utilities,Electric Utilities: Central,4394598112.0
OXLCM,Oxford Lane Capital Corp. Preferred Stock Shares 8.25% Series 2031,Finance,Investment Managers,4387740000.0
MAT,Mattel Inc. Common Stock,Consumer Discretionary,Recreational Games/Products/Toys,4385154000.0
AD,Array Digital Infrastructure Inc. Common Shares,Telecommunications,Telecommunications Equipment,4377888000.0
OPEN,Opendoor Technologies Inc Common Stock,Finance,Real Estate,4370256943.0
CUZ,Cousins Properties Incorporated Common Stock,Real Estate,Real Estate Investment Trusts,4360318825.0
CRGY,Crescent Energy Company Class A Common Stock,Energy,Oil & Gas Production,4359321490.0
REZI,Resideo Technologies Inc. Common Stock ,Industrials,Wholesale Distributors,4355019238.0
ACIW,ACI Worldwide Inc. Common Stock,Technology,Computer Software: Prepackaged Software,4342982270.0
COCO,The Vita Coco Company Inc. Common Stock,Consumer Staples,Beverages (Production/Distribution),4342845374.0
FELE,Franklin Electric Co. Inc. Common Stock,Consumer Discretionary,Metal Fabrications,4342229761.0
LMND,Lemonade Inc. Common Stock,Finance,Property-Casualty Insurers,4341910994.0
TCBI,Texas Capital Bancshares Inc. Common Stock,Finance,Major Banks,4340454627.0
OXLCP,Oxford Lane Capital Corp. 6.25% Series 2027 Term Preferred Shares,Finance,Investment Managers,4334792000.0
ELC,Entergy Louisiana Inc. Collateral Trust Mortgage Bonds 4.875 % Series due September 1 2066,Utilities,Electric Utilities: Central,4330854681.0
BCO,Brinks Company (The) Common Stock,Industrials,Integrated Freight & Logistics,4313668269.0
AIR,AAR Corp. Common Stock,Industrials,Aerospace,4310844294.0
SAIC,Science Applications International Corporation Common Stock,Technology,EDP Services,4310669724.0
HRI,Herc Holdings Inc. Common Stock ,Industrials,Misc Corporate Leasing Services,4307703579.0
CBT,Cabot Corporation Common Stock,Industrials,Major Chemicals,4305742392.0
FTDR,Frontdoor Inc. Common Stock,Consumer Discretionary,Diversified Commercial Services,4305400719.0
OXLCZ,Oxford Lane Capital Corp. 5.00% Notes due 2027,Finance,Finance Companies,4305297360.0
OXLCN,Oxford Lane Capital Corp. 7.125% Series 2029 Term Preferred Stock,Finance,Investment Managers,4296600000.0
REGCP,Regency Centers Corporation 6.25% Series A Cumulative Redeemable Preferred Stock,Real Estate,Real Estate Investment Trusts,4288126822.0
MTH,Meritage Homes Corporation Common Stock,Consumer Discretionary,Homebuilding,4284297272.0
VVV,Valvoline Inc. Common Stock,Industrials,Major Chemicals,4282661533.0
RDNT,RadNet Inc. Common Stock,Health Care,Medical Specialities,4277702438.0
HNGE,Hinge Health Inc. Class A Common Stock,Technology,EDP Services,4275252127.0
CVSA,Covista Inc. Common Shares,Real Estate,Other Consumer Services,4258965508.0
KBR,KBR Inc. Common Stock,Industrials,Military/Government/Technical,4242391961.0
CNR,Core Natural Resources Inc. Common Stock,Energy,Coal Mining,4237767773.0
SFBS,ServisFirst Bancshares Inc. Common Stock,Finance,Major Banks,4231449128.0
COLD,Americold Realty Trust Inc. Common Stock,Real Estate,Real Estate Investment Trusts,4225382630.0
OXLCL,Oxford Lane Capital Corp. 6.75% Notes due 2031,Finance,Finance Companies,4223688000.0
USAC,USA Compression Partners LP Common Units Representing Limited Partner Interests,Utilities,Natural Gas Distribution,4217245894.0
SLM,SLM Corporation Common Stock,Finance,Finance: Consumer Services,4177334839.0
VNT,Vontier Corporation Common Stock ,Industrials,Industrial Machinery/Components,4171904000.0
SMR,NuScale Power Corporation Class A Common Stock,Industrials,Metal Fabrications,4166485178.0
VSCO,Victorias Secret & Co. Common Stock ,Consumer Discretionary,Clothing/Shoe/Accessory Stores,4165876287.0
FHI,Federated Hermes Inc. Common Stock,Finance,Investment Managers,4160772511.0
LOPE,Grand Canyon Education Inc. Common Stock,Real Estate,Other Consumer Services,4154790183.0
OXLCO,Oxford Lane Capital Corp. Preferred Stock Shares 6.00% Series 2029,Finance,Investment Managers,4152512000.0
PLNT,Planet Fitness Inc. Common Stock,Consumer Discretionary,Hotels/Resorts,4134996543.0
INSW,International Seaways Inc. Common Stock ,Consumer Discretionary,Marine Transportation,4134632210.0
TVTX,Travere Therapeutics Inc. Common Stock,Health Care,Biotechnology: Pharmaceutical Preparations,4131674769.0
BDC,Belden Inc Common Stock,Industrials,Telecommunications Equipment,4129236561.0
BRC,Brady Corporation Common Stock,Consumer Discretionary,Miscellaneous manufacturing industries,4123311381.0
AZZ,AZZ Inc.,Industrials,Industrial Specialties,4120494611.0
EE,Excelerate Energy Inc. Class A Common Stock,Utilities,Oil/Gas Transmission,4103486217.0
REGCO,Regency Centers Corporation 5.875% Series B Cumulative Redeemable Preferred Stock,Real Estate,Real Estate Investment Trusts,4098621644.0
CLSK,CleanSpark Inc. Common Stock,Finance,Finance: Consumer Services,4098039438.0
FULT,Fulton Financial Corporation Common Stock,Finance,Major Banks,4097904084.0
KNF,Knife Riv Holding Co. Common Stock,Industrials,Mining & Quarrying of Nonmetallic Minerals (No Fuels),4097628331.0
PVH,PVH Corp. Common Stock,Industrials,Garments and Clothing,4096904259.0
KNSA,Kiniksa Pharmaceuticals International plc Class A Ordinary Shares,Health Care,Biotechnology: Pharmaceutical Preparations,4096179972.0
CRK,Comstock Resources Inc. Common Stock,Energy,Oil & Gas Production,4094119898.0
SKT,Tanger Inc. Common Stock,Real Estate,Real Estate Investment Trusts,4078092711.0
TREX,Trex Company Inc. Common Stock,Basic Materials,Forest Products,4070752202.0
TNL,Travel   Leisure Co. Common  Stock,Consumer Discretionary,Hotels/Resorts,4064895634.0
THO,Thor Industries Inc. Common Stock,Industrials,Homebuilding,4050412800.0
PDI,PIMCO Dynamic Income Fund Common Stock,Finance,Trusts Except Educational Religious and Charitable,4037724900.0
RXO,RXO Inc. Common Stock,Consumer Discretionary,Transportation Services,4019108003.0
SLGN,Silgan Holdings Inc. Common Stock,Industrials,Containers/Packaging,4006319626.0
ATMU,Atmus Filtration Technologies Inc. Common Stock,Consumer Discretionary,Auto Parts:O.E.M.,3988064659.0
HP,Helmerich & Payne Inc. Common Stock,Energy,Oil & Gas Production,3985246366.0
UCB,United Community Banks Inc. Common Stock,Finance,Major Banks,3975990280.0
IRT,Independence Realty Trust Inc. Common Stock,Real Estate,Real Estate Investment Trusts,3974149539.0
AMRX,Amneal Pharmaceuticals Inc. Class A Common Stock,Health Care,Biotechnology: Pharmaceutical Preparations,3962263077.0
MWA,MUELLER WATER PRODUCTS Common Stock,Industrials,Metal Fabrications,3960283009.0
FLNC,Fluence Energy Inc. Class A Common Stock,Miscellaneous,Industrial Machinery/Components,3960183368.0
BLLN,BillionToOne Inc. Class A Common Stock,Health Care,Medical Specialities,3951931985.0
CVCO,Cavco Industries Inc. Common Stock When Issued,Consumer Discretionary,Homebuilding,3951751365.0
KRC,Kilroy Realty Corporation Common Stock,Real Estate,Real Estate Investment Trusts,3949991074.0
POWI,Power Integrations Inc. Common Stock,Technology,Semiconductors,3947760866.0
TDW,Tidewater Inc. Common Stock,Consumer Discretionary,Marine Transportation,3943143397.0
UNMA,Unum Group 6.250% Junior Subordinated Notes due 2058,Finance,Accident &Health Insurance,3930829579.0
SKY,Champion Homes Inc. Common Stock,Consumer Discretionary,Homebuilding,3926443491.0
ENVA,Enova International Inc. Common Stock,Finance,Finance: Consumer Services,3919619969.0
BNL,Broadstone Net Lease Inc. Common Stock,Real Estate,Real Estate Investment Trusts,3912037722.0
GFF,Griffon Corporation Common Stock,Industrials,Building Products,3893159639.0
GPI,Group 1 Automotive Inc. Common Stock,Consumer Discretionary,Retail-Auto Dealers and Gas Stations,3880952593.0
CRNX,Crinetics Pharmaceuticals Inc. Common Stock,Health Care,Biotechnology: Pharmaceutical Preparations,3880199654.0
BETA,Beta Technologies Inc. Class A Common Stock,Industrials,Aerospace,3867470878.0
OII,Oceaneering International Inc. Common Stock,Energy,Oilfield Services/Equipment,3867123304.0
KTB,Kontoor Brands Inc. Common Stock ,Industrials,Garments and Clothing,3864090618.0
HGV,Hilton Grand Vacations Inc. Common Stock ,Consumer Discretionary,Hotels/Resorts,3861368898.0
PII,Polaris Inc. Common Stock,Consumer Discretionary,Industrial Specialties,3858588708.0
AMBA,Ambarella Inc. Ordinary Shares,Technology,Semiconductors,3840072924.0
CATY,Cathay General Bancorp Common Stock,Finance,Major Banks,3839121653.0
IRTC,iRhythm Holdings Inc. Common Stock,Health Care,Medical/Dental Instruments,3830442276.0
TPC,Tutor Perini Corporation Common Stock,Consumer Discretionary,General Bldg Contractors - Nonresidential Bldgs,3828245790.0
MMSI,Merit Medical Systems Inc. Common Stock,Health Care,Medical/Dental Instruments,3828052045.0
CPRX,Catalyst Pharmaceuticals Inc. Common Stock,Health Care,Biotechnology: Pharmaceutical Preparations,3825629810.0
WING,Wingstop Inc. Common Stock,Consumer Discretionary,Restaurants,3823722767.0
NVST,Envista Holdings Corporation Common Stock,Health Care,Medical/Dental Instruments,3812715236.0
FRMI,Fermi Inc. Common Stock,Real Estate,Real Estate Investment Trusts,3812693949.0
INDB,Independent Bank Corp. Common Stock,Finance,Major Banks,3809142810.0
HHH,Howard Hughes Holdings Inc. Common Stock,Real Estate,Real Estate Investment Trusts,3797490073.0
RNST,Renasant Corporation Common Stock,Finance,Major Banks,3783156920.0
KAI,Kadant Inc Common Stock,Industrials,Industrial Machinery/Components,3771858932.0
TWST,Twist Bioscience Corporation Common Stock,Health Care,Biotechnology: Biological Products (No Diagnostic Substances),3771773489.0
LRN,Stride Inc. Common Stock,Real Estate,Other Consumer Services,3768976569.0
UCTT,Ultra Clean Holdings Inc. Common Stock,Technology,Semiconductors,3766029852.0
WAY,Waystar Holding Corp. Common Stock,Technology,EDP Services,3753778277.0
OPLN,OPENLANE Inc. Common Stock,Consumer Discretionary,Retail-Auto Dealers and Gas Stations,3750492152.0
STUB,StubHub Holdings Inc. Class A Common Stock,Consumer Discretionary,Services-Misc. Amusement & Recreation,3746864264.0
BANF,BancFirst Corporation Common Stock,Finance,Major Banks,3738500737.0
ASBA,Associated Banc-Corp 6.625% Fixed-Rate Reset Subordinated Notes due 2033,Finance,Major Banks,3734795171.0
WSFS,WSFS Financial Corporation Common Stock,Finance,Major Banks,3731037658.0
NHI,National Health Investors Inc. Common Stock,Real Estate,Real Estate Investment Trusts,3704159857.0
DAN,Dana Incorporated Common Stock ,Consumer Discretionary,Auto Parts:O.E.M.,3697331478.0
CNS,Cohen & Steers Inc Common Stock,Finance,Investment Managers,3692138423.0
CII,BlackRock Enhanced Large Cap Core Fund Inc. Common Stock,Finance,Investment Bankers/Brokers/Service,3687821656.0
FG,F&G Annuities & Life Inc. Common Stock,Finance,Life Insurance,3681757872.0
ITRI,Itron Inc. Common Stock,Industrials,Electrical Products,3681052588.0
HGTY,Hagerty Inc. Class A Common Stock,Finance,Specialty Insurers,3673892101.0
BMI,Badger Meter Inc. Common Stock,Industrials,Industrial Machinery/Components,3672712129.0
OTTR,Otter Tail Corporation Common Stock,Utilities,Electric Utilities: Central,3667315503.0
JOE,St. Joe Company (The) Common Stock,Real Estate,Homebuilding,3663315892.0
OSIS,OSI Systems Inc. Common Stock (DE),Technology,Semiconductors,3660849869.0
ORKA,Oruka Therapeutics Inc. Common Stock,Health Care,Biotechnology: In Vitro & In Vivo Diagnostic Substances,3655516442.0
RNG,RingCentral Inc. Class A Common Stock,Technology,EDP Services,3651203618.0
CALM,Cal-Maine Foods Inc. Common Stock,Consumer Staples,Farming/Seeds/Milling,3648471042.0
DOCS,Doximity Inc. Class A Common Stock,Technology,EDP Services,3646468617.0
CDP,COPT Defense Properties Common Shares of Beneficial Interest,Real Estate,Real Estate Investment Trusts,3642799251.0
VECO,Veeco Instruments Inc. Common Stock,Technology,Industrial Machinery/Components,3634544032.0
ACAD,ACADIA Pharmaceuticals Inc. Common Stock,Health Care,Biotechnology: Pharmaceutical Preparations,3613076857.0
QLYS,Qualys Inc. Common Stock,Technology,Computer Software: Prepackaged Software,3612632079.0
BOX,Box Inc. Class A Common Stock,Technology,Computer Software: Prepackaged Software,3600945221.0
GPGI,GPGI Inc. Class A Common Stock,Finance,Finance: Consumer Services,3600074030.0
BILL,BILL Holdings Inc. Common Stock,Technology,EDP Services,3599425714.0
VCYT,Veracyte Inc. Common Stock,Health Care,Medical Specialities,3593062894.0
CVBF,CVB Financial Corporation Common Stock,Finance,Major Banks,3590863239.0
BHF,Brighthouse Financial Inc. Common Stock,Finance,Life Insurance,3588638189.0
VKTX,Viking Therapeutics Inc. Common Stock,Health Care,Biotechnology: Pharmaceutical Preparations,3586503312.0
BBWI,Bath & Body Works Inc.,Consumer Discretionary,Clothing/Shoe/Accessory Stores,3576553520.0
RUM,Rumble Inc. Class A Common Stock,Technology,Computer Software: Programming Data Processing,3574204430.0
BFAM,Bright Horizons Family Solutions Inc. Common Stock,Consumer Discretionary,Other Consumer Services,3564102231.0
VRNS,Varonis Systems Inc. Common Stock,Technology,Computer Software: Prepackaged Software,3559238650.0
FULTP,Fulton Financial Corporation Depositary Shares Each Representing a 1/40th Interest in a Share of Fixed Rate Non-Cumulative Perpetual Preferred Stock Series A,Finance,Major Banks,3545528020.0
AB,AllianceBernstein Holding L.P.  Units,Finance,Investment Managers,3542808144.0
SOUN,SoundHound AI Inc Class A Common Stock,Technology,Computer Software: Prepackaged Software,3535727918.0
KFY,Korn Ferry Common Stock,Consumer Discretionary,Diversified Commercial Services,3529878529.0
DORM,Dorman Products Inc. Common Stock,Consumer Discretionary,Auto Parts:O.E.M.,3528559725.0
LEU,Centrus Energy Corp. Class A Common Stock,Industrials,Mining & Quarrying of Nonmetallic Minerals (No Fuels),3528512332.0
OGN,Organon & Co. Common Stock ,Health Care,Biotechnology: Pharmaceutical Preparations,3526729577.0
EWTX,Edgewise Therapeutics Inc. Common Stock,Health Care,Biotechnology: Pharmaceutical Preparations,3518291296.0
BFH,Bread Financial Holdings Inc. Common Stock,Consumer Discretionary,Business Services,3499251829.0
AAP,Advance Auto Parts Inc.,Consumer Discretionary,Auto & Home Supply Stores,3496077604.0
ERAS,Erasca Inc. Common Stock,Health Care,Biotechnology: Pharmaceutical Preparations,3495466252.0
ABG,Asbury Automotive Group Inc Common Stock,Consumer Discretionary,Retail-Auto Dealers and Gas Stations,3495121136.0
DTB,DTE Energy Company 2020 Series G 4.375% Junior Subordinated Debentures due 2080,Utilities,Electric Utilities: Central,3490715092.0
RUN,Sunrun Inc. Common Stock,Miscellaneous,Industrial Machinery/Components,3487590576.0
RDW,Redwire Corporation Common Stock,Industrials,Military/Government/Technical,3479088553.0
GNW,Genworth Financial Inc Common Stock,Finance,Life Insurance,3473893952.0
DTG,DTE Energy Company 2021 Series E 4.375% Junior Subordinated Debentures,Utilities,Electric Utilities: Central,3469912261.0
NTRSO,Northern Trust Corporation Depositary Shares Each Representing a 1/1000th Interest in a Share of Series E Non-Cumulative Perpetual Preferred Stock,Finance,Major Banks,3460383725.0
SEZL,Sezzle Inc. Common Stock,Finance,Finance: Consumer Services,3456857553.0
ANF,Abercrombie & Fitch Company Common Stock,Consumer Discretionary,Clothing/Shoe/Accessory Stores,3456498442.0
FIBK,First Interstate BancSystem Inc. Common Stock (DE),Finance,Major Banks,3447600776.0
SMG,Scotts Miracle-Gro Company (The) Common Stock,Industrials,Agricultural Chemicals,3442043393.0
BELFB,Bel Fuse Inc. Class B Common Stock,,,3435258117.0
FOUR,Shift4 Payments Inc. Class A Common Stock,Consumer Discretionary,Business Services,3430182674.0
AVA,Avista Corporation Common Stock,Utilities,Power Generation,3427015692.0
YETI,YETI Holdings Inc. Common Stock,Consumer Discretionary,Recreational Games/Products/Toys,3425791366.0
APLE,Apple Hospitality REIT Inc. Common Shares,Real Estate,Real Estate Investment Trusts,3415897506.0
BATRA,Atlanta Braves Holdings Inc. Series A Common Stock,Consumer Discretionary,Services-Misc. Amusement & Recreation,3406036895.0
NAN,Nuveen New York Quality Municipal Income Fund Common Stock,Finance,Investment Managers,3405194476.0
ASO,Academy Sports and Outdoors Inc. Common Stock,Consumer Discretionary,Other Specialty Stores,3387967198.0
ALHC,Alignment Healthcare Inc. Common Stock,Health Care,Medical Specialities,3380098006.0
WOLF,Wolfspeed Inc. Common Stock New,Technology,Semiconductors,3378418371.0
SKYW,SkyWest Inc. Common Stock,Consumer Discretionary,Air Freight/Delivery Services,3363985034.0
BKU,BankUnited Inc. Common Stock,Finance,Savings Institutions,3359348821.0
GBDC,Golub Capital BDC Inc. Common Stock,Finance,Finance: Consumer Services,3357782883.0
EXTR,Extreme Networks Inc. Common Stock,Telecommunications,Computer Communications Equipment,3347919053.0
MMED,MiniMed Group Inc. Common Stock,Health Care,Medical/Dental Instruments,3333333258.0
CBU,Community Financial System Inc. Common Stock,Finance,Major Banks,3332508048.0
ICUI,ICU Medical Inc. Common Stock,Health Care,Medical/Dental Instruments,3331894816.0
FHB,First Hawaiian Inc. Common Stock,Finance,Major Banks,3327099412.0
WSBC,WesBanco Inc. Common Stock,Finance,Major Banks,3324000154.0
MHO,M/I Homes Inc. Common Stock,Consumer Discretionary,Homebuilding,3322107950.0
FIZZ,National Beverage Corp. Common Stock,Consumer Staples,Beverages (Production/Distribution),3303340559.0
NSA,National Storage Affiliates Trust Common Shares of Beneficial Interest,Real Estate,Real Estate Investment Trusts,3297747284.0
NATL,NCR Atleos Corporation Common Stock,Miscellaneous,Office Equipment/Supplies/Services,3297220022.0
MSGE,Madison Square Garden Entertainment Corp. Class A Common Stock,Consumer Discretionary,Services-Misc. Amusement & Recreation,3294336496.0
BULL,Webull Corporation Class A Ordinary Shares,Finance,Investment Bankers/Brokers/Service,3286639350.0
OPCH,Option Care Health Inc. Common Stock,Health Care,Medical/Nursing Services,3286585659.0
CVI,CVR Energy Inc. Common Stock,Energy,Integrated oil Companies,3262217938.0
LIF,Life360 Inc. Common Stock,Technology,EDP Services,3259094612.0
COLM,Columbia Sportswear Company Common Stock,Consumer Discretionary,Apparel,3241814805.0
CON,Concentra Group Holdings Parent Inc. Common Stock,Health Care,Medical Specialities,3239992270.0
CSQ,Calamos Strategic Total Return Common Stock,Finance,Finance Companies,3230185355.0
RWTN,Redwood Trust Inc. 9.125% Senior Notes Due 2029,Real Estate,Real Estate Investment Trusts,3229294365.0
FFBC,First Financial Bancorp. Common Stock,Finance,Major Banks,3224479663.0
PTRN,Pattern Group Inc. Series A Common Stock,Consumer Discretionary,Catalog/Specialty Distribution,3222500069.0
MMS,Maximus Inc. Common Stock,Consumer Discretionary,Business Services,3213894005.0
CC,Chemours Company (The) Common Stock,Industrials,Major Chemicals,3213571641.0
BELFA,Bel Fuse Inc. Class A Common Stock,,,3210447884.0
CRVL,CorVel Corp. Common Stock,Finance,Specialty Insurers,3209303897.0
GPOR,Gulfport Energy Corporation Common Shares,Energy,Oil & Gas Production,3202549419.0
ARLP,Alliance Resource Partners L.P. Common Units representing Limited Partners Interests,Energy,Coal Mining,3201030969.0
HWKN,Hawkins Inc. Common Stock,Consumer Discretionary,Specialty Chemicals,3195752473.0
BKD,Brookdale Senior Living Inc. Common Stock,Health Care,Hospital/Nursing Management,3175904287.0
BATRK,Atlanta Braves Holdings Inc. Series C Common Stock,Consumer Discretionary,Services-Misc. Amusement & Recreation,3175119140.0
LBRDP,Liberty Broadband Corporation Series A Cumulative Redeemable Preferred Stock,Telecommunications,Cable & Other Pay Television Services,3158385037.0
MZTI,The Marzetti Company Common Stock,Consumer Staples,Packaged Foods,3153530000.0
RWTO,Redwood Trust Inc. 9.00% Senior Notes Due 2029,Real Estate,Real Estate Investment Trusts,3152626084.0
FGN,F&G Annuities & Life Inc. 7.950% Senior Notes due 2053,Finance,Life Insurance,3152463700.0
FUL,H. B. Fuller Company Common Stock,Industrials,Home Furnishings,3148275847.0
TDC,Teradata Corporation Common Stock,Technology,Computer Software: Prepackaged Software,3146704000.0
AVNT,Avient Corporation Common Stock,Industrials,Major Chemicals,3146575830.0
GEO,Geo Group Inc (The) REIT,Consumer Discretionary,Homebuilding,3142702040.0
KN,Knowles Corporation Common Stock,Consumer Staples,Consumer Electronics/Appliances,3136653796.0
MCHB,Mechanics Bancorp Class A Common Stock,Finance,Major Banks,3132825282.0
IAC,IAC Inc. Common Stock,Technology,Computer Software: Programming Data Processing,3126193670.0
ELF,e.l.f. Beauty Inc. Common Stock,Consumer Discretionary,Package Goods/Cosmetics,3123863443.0
INOD,Innodata Inc. Common Stock,Technology,EDP Services,3117933582.0
CHEF,The Chefs' Warehouse Inc. Common Stock,Consumer Discretionary,Food Distributors,3117857513.0
SXI,Standex International Corporation Common Stock,Industrials,Industrial Machinery/Components,3099239346.0
SFNC,Simmons First National Corporation Class A Common Stock,Finance,Major Banks,3095670220.0
BKV,BKV Corporation Common Stock,Energy,Oil & Gas Production,3094547225.0
CNK,Cinemark Holdings Inc Cinemark Holdings Inc. Common Stock,Consumer Discretionary,Movies/Entertainment,3086700470.0
BOH,Bank of Hawaii Corporation Common Stock,Finance,Major Banks,3082118912.0
LXP,LXP Industrial Trust Common Stock (Maryland REIT),Real Estate,Real Estate Investment Trusts,3079679227.0
WRBY,Warby Parker Inc. Class A Common Stock,Health Care,Ophthalmic Goods,3078925271.0
SLG,SL Green Realty Corp Common Stock,Real Estate,Real Estate Investment Trusts,3077556379.0
PRK,Park National Corporation Common Stock,Finance,Major Banks,3068734773.0
SHOO,Steven Madden Ltd. Common Stock,Consumer Discretionary,Shoe Manufacturing,3064472331.0
APAM,Artisan Partners Asset Management Inc. Class A Common Stock,Finance,Investment Managers,3062362248.0
NHC,National HealthCare Corporation Common Stock,Health Care,Hospital/Nursing Management,3061449636.0
BHE,Benchmark Electronics Inc. Common Stock,Technology,Electrical Products,3053853304.0
AEHR,Aehr Test Systems Common Stock,Industrials,Electrical Products,3050527591.0
CTRI,Centuri Holdings Inc. Common Stock,Utilities,Oil & Gas Production,3048226792.0
KBH,KB Home Common Stock,Consumer Discretionary,Homebuilding,3044704756.0
USLM,United States Lime & Minerals Inc. Common Stock,Industrials,Mining & Quarrying of Nonmetallic Minerals (No Fuels),3041445218.0
MPT,Medical Properties Trust Inc. common stock,Real Estate,Real Estate Investment Trusts,3038348000.0
CAKE,Cheesecake Factory Incorporated (The) Common Stock,Consumer Discretionary,Restaurants,3037763094.0
CPK,Chesapeake Utilities Corporation Common Stock,Utilities,Oil & Gas Production,3037082362.0
PLAB,Photronics Inc. Common Stock,Technology,Semiconductors,3034410635.0
ITGR,Integer Holdings Corporation Common Stock,Health Care,Biotechnology: Electromedical & Electrotherapeutic Apparatus,3031488026.0
VC,Visteon Corporation Common Stock,Consumer Discretionary,Auto Parts:O.E.M.,3028970563.0
BXMT,Blackstone Mortgage Trust Inc. Common Stock,Real Estate,Real Estate Investment Trusts,3027869184.0
CWK,Cushman & Wakefield Ltd. Common Shares,Finance,Real Estate,3020133509.0
FSK,FS KKR Capital Corp. Common Stock,Finance,Investment Managers,3019116148.0
PLMR,Palomar Holdings Inc. Common stock,Finance,Property-Casualty Insurers,3017995791.0
TR,Tootsie Roll Industries Inc. Common Stock,Consumer Staples,Specialty Foods,3011357511.0
NIC,Nicolet Bankshares Inc. Common Stock,Finance,Major Banks,3011182419.0
GPK,Graphic Packaging Holding Company,Consumer Discretionary,Containers/Packaging,3009174726.0
TXG,10x Genomics Inc. Class A Common Stock,Industrials,Biotechnology: Laboratory Analytical Instruments,3006322556.0
HAYW,Hayward Holdings Inc. Common Stock,Industrials,Industrial Machinery/Components,3004937439.0
AWR,American States Water Company Common Stock,Utilities,Water Supply,3003724926.0
UNFI,United Natural Foods Inc. Common Stock,Consumer Discretionary,Food Distributors,2995679394.0
BTU,Peabody Energy Corporation Common Stock ,Energy,Coal Mining,2991025412.0
PATK,Patrick Industries Inc. Common Stock,Consumer Discretionary,Auto Parts:O.E.M.,2989007174.0
CURB,Curbline Properties Corp. Common Stock,Finance,Real Estate,2988874222.0
CLMT,Calumet Inc. Common Stock,Energy,Integrated oil Companies,2982175370.0
HAE,Haemonetics Corporation Common Stock,Health Care,Medical/Dental Instruments,2976257427.0
IPAR,Interparfums Inc. Common Stock,Consumer Discretionary,Package Goods/Cosmetics,2966548094.0
NN,NextNav Inc. Common Stock,Industrials,Industrial Machinery/Components,2966139054.0
GEF,Greif Inc. Class A Common Stock,,,2966103177.0
SBCF,Seacoast Banking Corporation of Florida Common Stock,Finance,Major Banks,2965054078.0
OLN,Olin Corporation Common Stock,Industrials,Major Chemicals,2964758927.0
BRZE,Braze Inc. Class A Common Stock,Technology,Computer Software: Prepackaged Software,2964170596.0
ADEA,Adeia Inc. Common Stock,Technology,Computer Software: Prepackaged Software,2962490098.0
DNLI,Denali Therapeutics Inc. Common Stock,Health Care,Biotechnology: Biological Products (No Diagnostic Substances),2958349498.0
HYMC,Hycroft Mining Holding Corporation Class A Common Stock,Basic Materials,Precious Metals,2952774624.0
NSIT,Insight Enterprises Inc. Common Stock,Consumer Discretionary,Catalog/Specialty Distribution,2951828808.0
PARR,Par Pacific Holdings Inc.  Common Stock,Energy,Oil & Gas Production,2949987816.0
PAY,Paymentus Holdings Inc. Class A Common Stock,Consumer Discretionary,Business Services,2949759953.0
RCUS,Arcus Biosciences Inc. Common Stock,Health Care,Biotechnology: Pharmaceutical Preparations,2946865186.0
BEAM,Beam Therapeutics Inc. Common Stock,Health Care,Biotechnology: Biological Products (No Diagnostic Substances),2946460689.0
BSM,Black Stone Minerals L.P. Common units representing limited partner interests,Energy,Oil & Gas Production,2936740754.0
AKR,Acadia Realty Trust Common Stock,Real Estate,Real Estate Investment Trusts,2932036416.0
NTCT,NetScout Systems Inc. Common Stock,Technology,EDP Services,2932018767.0
CECO,CECO Environmental Corp. Common Stock,Industrials,Pollution Control Equipment,2931185363.0
TNGX,Tango Therapeutics Inc.,Health Care,Biotechnology: Pharmaceutical Preparations,2927675156.0
DAVE,Dave Inc. Class A Common Stock,Finance,Finance: Consumer Services,2927342053.0
WT,WisdomTree Inc. Common Stock,Finance,Investment Bankers/Brokers/Service,2918119374.0
POWWP,Outdoor Holding Company 8.75% Series A Cumulative Redeemable Perpetual Preferred Stock,Industrials,Ordnance And Accessories,2914624742.0
ATRO,Astronics Corporation Common Stock,Industrials,Military/Government/Technical,2898051105.0
BANC,Banc of California Inc. Common Stock,Finance,Major Banks,2891563243.0
QTWO,Q2 Holdings Inc. Common Stock,Technology,Computer Software: Prepackaged Software,2887131509.0
GRAL,GRAIL Inc. Common Stock ,Health Care,Medical Specialities,2883565884.0
PFS,Provident Financial Services Inc Common Stock,Finance,Savings Institutions,2873416798.0
PRVA,Privia Health Group Inc. Common Stock,Health Care,Medical/Nursing Services,2871822003.0
DYN,Dyne Therapeutics Inc. Common Stock,Health Care,Biotechnology: Pharmaceutical Preparations,2871500637.0
HTGC,Hercules Capital Inc. Common Stock,Finance,Investment Managers,2870399171.0
KALU,Kaiser Aluminum Corporation Common Stock,Industrials,Metal Fabrications,2867286135.0
LFST,LifeStance Health Group Inc. Common Stock,Health Care,Medical/Nursing Services,2866096452.0
DBRG,DigitalBridge Group Inc.,Real Estate,Real Estate Investment Trusts,2865070121.0
GRBK,Green Brick Partners Inc. Common Stock,Consumer Discretionary,Homebuilding,2861892951.0
ATKR,Atkore Inc. Common Stock,Miscellaneous,Industrial Machinery/Components,2861775794.0
NMIH,NMI Holdings Inc. Common Stock,Finance,Property-Casualty Insurers,2841348723.0
HIW,Highwoods Properties Inc. Common Stock,Real Estate,Real Estate Investment Trusts,2828494678.0
WK,Workiva Inc. Class A Common Stock,Technology,Computer Software: Prepackaged Software,2823363794.0
UE,Urban Edge Properties Common Shares of Beneficial Interest,Finance,Real Estate,2807725466.0
ALMS,Alumis Inc. Common Stock,Health Care,Biotechnology: Pharmaceutical Preparations,2807373400.0
ZIONP,Zions Bancorporation N.A. Depositary Shares (Each representing 1/40th Interest in a Share of Series A Floating-Rate Non-Cumulative Perpetual Preferred Stock),Finance,Major Banks,2806526578.0
TENB,Tenable Holdings Inc. Common Stock,Technology,Computer Software: Prepackaged Software,2806421713.0
BWIN,The Baldwin Insurance Group Inc. Class A Common Stock,Finance,Specialty Insurers,2802879508.0
EXPO,Exponent Inc. Common Stock,Consumer Discretionary,Professional Services,2802516807.0
SUPN,Supernus Pharmaceuticals Inc. Common Stock,Health Care,Biotechnology: Pharmaceutical Preparations,2798094949.0
MGEE,MGE Energy Inc,Energy,Electric Utilities: Central,2795693457.0
RHI,Robert Half Inc. Common Stock,Consumer Discretionary,Professional Services,2793637916.0
WDFC,WD-40 Company Common Stock,Industrials,Major Chemicals,2789304835.0
GPCR,Structure Therapeutics Inc. American Depositary Shares,Health Care,Biotechnology: Pharmaceutical Preparations,2785410282.0
QUBT,Quantum Computing Inc. Common Stock,Technology,Computer Software: Prepackaged Software,2776335690.0
VISN,Vistance Networks Inc. Common Stock,Technology,Radio And Television Broadcasting And Communications Equipment,2774506461.0
ARCB,ArcBest Corporation Common Stock,Industrials,Trucking Freight/Courier Services,2773399075.0
KD,Kyndryl Holdings Inc. Common Stock,Technology,EDP Services,2770745990.0
FTAIM,FTAI Aviation Ltd. 9.500% Fixed-Rate Reset Series D Cumulative Perpetual Redeemable Preferred Shares,Industrials,Misc Corporate Leasing Services,2769729986.0
AEO,American Eagle Outfitters Inc. Common Stock,Consumer Discretionary,Clothing/Shoe/Accessory Stores,2769182729.0
PHIN,PHINIA Inc. Common Stock,Consumer Discretionary,Auto Parts:O.E.M.,2769137738.0
WHR,Whirlpool Corporation Common Stock,Consumer Discretionary,Consumer Electronics/Appliances,2766002573.0
CALY,Callaway Golf Company Common Stock,Consumer Discretionary,Recreational Games/Products/Toys,2764671319.0
FCPT,Four Corners Property Trust Inc. Common Stock,Real Estate,Real Estate Investment Trusts,2750314877.0
KMT,Kennametal Inc. Common Stock,Industrials,Industrial Machinery/Components,2749660516.0
DX,Dynex Capital Inc. Common Stock,Real Estate,Real Estate Investment Trusts,2736719537.0
EOSE,Eos Energy Enterprises Inc. Class A Common Stock,Miscellaneous,Industrial Machinery/Components,2736483058.0
UPST,Upstart Holdings Inc. Common stock,Finance,Finance: Consumer Services,2733522411.0
DKL,Delek Logistics Partners L.P. Common Units representing Limited Partner Interests,Energy,Natural Gas Distribution,2727528865.0
WOR,Worthington Enterprises Inc. Common Shares,Industrials,Steel/Iron Ore,2715810089.0
FBK,FB Financial Corporation Common Stock,Finance,Major Banks,2714255978.0
LCII,LCI Industries,Consumer Discretionary,Auto Parts:O.E.M.,2711928507.0
MGRC,McGrath RentCorp Common Stock,Consumer Discretionary,Diversified Commercial Services,2703759642.0
PENG,Penguin Solutions Inc. Common Stock,Technology,Semiconductors,2700274901.0
NMFCZ,New Mountain Finance Corporation 8.250% Notes due 2028,,,2688805094.0
SHAK,Shake Shack Inc. Class A Common Stock,Consumer Discretionary,Restaurants,2683256997.0
UNIT,Uniti Group Inc. Common Stock,Real Estate,Real Estate Investment Trusts,2680684798.0
TARS,Tarsus Pharmaceuticals Inc. Common Stock,Health Care,Biotechnology: Biological Products (No Diagnostic Substances),2678671687.0
TALO,Talos Energy Inc. Common Stock,Energy,Oil & Gas Production,2677490121.0
DK,Delek US Holdings Inc. Common Stock,Energy,Integrated oil Companies,2677039835.0
CCC,CCC Intelligent Solutions Holdings Inc. Common Stock,Technology,Computer Software: Prepackaged Software,2676448844.0
WTTR,Select Water Solutions Inc. Class A common stock,Energy,Oilfield Services/Equipment,2663431975.0
VOYG,Voyager Technologies Inc. Class A Common Stock,Industrials,Military/Government/Technical,2645462242.0
FA,First Advantage Corporation Common Stock,Technology,EDP Services,2645101265.0
CWT,California Water Service Group Common Stock,Utilities,Water Supply,2630550865.0
GDV,Gabelli Dividend & Income Trust Common Shares of Beneficial Interest,Finance,Investment Managers,2622681318.0
ASH,Ashland Inc. Common Stock,Consumer Discretionary,Specialty Chemicals,2619518722.0
WU,Western Union Company (The) Common Stock,Consumer Discretionary,Business Services,2615081820.0
HLIO,Helios Technologies Inc. Common Stock,Industrials,Metal Fabrications,2614627845.0
FTAIN,FTAI Aviation Ltd. 8.25% Fixed - Rate Reset Series C Cumulative Perpetual Redeemable Preferred Shares,Industrials,Misc Corporate Leasing Services,2609710808.0
ARQT,Arcutis Biotherapeutics Inc. Common Stock,Health Care,Biotechnology: Pharmaceutical Preparations,2609239182.0
WAFD,WaFd Inc. Common Stock,Finance,Major Banks,2603830035.0
KLRA,Kailera Therapeutics Inc. Common Stock,Health Care,Biotechnology: Pharmaceutical Preparations,2602825524.0
TRMK,Trustmark Corporation Common Stock,Finance,Major Banks,2602086287.0
TRN,Trinity Industries Inc. Common Stock,Industrials,Railroads,2601420058.0
NESR,National Energy Services Reunited Corp Ordinary Shares,Energy,Oilfield Services/Equipment,2597825289.0
BW,Babcock & Wilcox Enterprises Inc. Common Stock,Industrials,Building Products,2593486019.0
RLAY,Relay Therapeutics Inc. Common Stock,Health Care,Biotechnology: Biological Products (No Diagnostic Substances),2592160812.0
NMRK,Newmark Group Inc. Class A Common Stock,Finance,Real Estate,2591904668.0
TOWN,TowneBank Common Stock,Finance,Major Banks,2583998138.0
MFAO,MFA Financial Inc. 9.000% Senior Notes due 2029,Real Estate,Real Estate Investment Trusts,2583657886.0
VAC,Marriott Vacations Worldwide Corporation Common Stock,Finance,Real Estate,2582254982.0
RH,RH Common Stock,Consumer Discretionary,Other Specialty Stores,2578442907.0
MFAN,MFA Financial Inc. 8.875% Senior Notes due 2029,Real Estate,Real Estate Investment Trusts,2578011107.0
DBD,Diebold Nixdorf Incorporated Common stock,Miscellaneous,Office Equipment/Supplies/Services,2572889526.0
IVT,InvenTrust Properties Corp. Common Stock,Real Estate,Real Estate Investment Trusts,2563310337.0
IDYA,IDEAYA Biosciences Inc. Common Stock,Health Care,Biotechnology: Pharmaceutical Preparations,2556752772.0
FSLY,Fastly Inc. Class A Common Stock,Technology,Computer Software: Prepackaged Software,2554080000.0
IRON,Disc Medicine Inc. Common Stock,Health Care,Biotechnology: Pharmaceutical Preparations,2552463127.0
CARG,CarGurus Inc. Class A Common Stock ,Technology,EDP Services,2546883648.0
HUN,Huntsman Corporation Common Stock,Industrials,Major Chemicals,2544315615.0
HTFL,Heartflow Inc. Common Stock,Health Care,Medical/Dental Instruments,2543242018.0
CUBI,Customers Bancorp Inc Common Stock,Finance,Major Banks,2541955363.0
BKE,Buckle Inc. (The) Common Stock,Consumer Discretionary,Clothing/Shoe/Accessory Stores,2541387182.0
HUBG,Hub Group Inc. Class A Common Stock,Industrials,Integrated Freight & Logistics,2535424525.0
FRPT,Freshpet Inc. Common Stock,Consumer Staples,Packaged Foods,2534785160.0
BWNB,Babcock & Wilcox Enterprises Inc. 6.50% Senior Notes due 2026,Industrials,Building Products,2532493427.0
ELVN,Enliven Therapeutics Inc. Common Stock,Health Care,Biotechnology: Pharmaceutical Preparations,2529991457.0
FRME,First Merchants Corporation Common Stock,Finance,Major Banks,2529732824.0
NIQ,NIQ Global Intelligence plc Ordinary Shares,Technology,Computer Software: Programming Data Processing,2523415724.0
EEFT,Euronet Worldwide Inc. Common Stock,Finance,Investment Bankers/Brokers/Service,2520571223.0
NOG,Northern Oil and Gas Inc. Common Stock,Energy,Oil & Gas Production,2512539171.0
FRSH,Freshworks Inc. Class A Common Stock,Technology,Computer Software: Prepackaged Software,2510022236.0
CALX,Calix Inc Common Stock,Consumer Discretionary,Telecommunications Equipment,2502179590.0
HOG,Harley-Davidson Inc. Common Stock,Consumer Discretionary,Motor Vehicles,2498016806.0
DGII,Digi International Inc. Common Stock,Telecommunications,Computer Communications Equipment,2494377486.0
WSBCO,WesBanco Inc. Depositary Shares each representing 1/40th interest in a share of 7.375% Fixed-Rate Reset Non-Cumulative Perpetual Preferred Stock Series B,Finance,Major Banks,2478573031.0
PTON,Peloton Interactive Inc. Class A Common Stock,Consumer Discretionary,Recreational Games/Products/Toys,2472383892.0
SAH,Sonic Automotive Inc. Common Stock,Consumer Discretionary,Retail-Auto Dealers and Gas Stations,2470176690.0
AMSC,American Superconductor Corporation Common Stock,Consumer Discretionary,Metal Fabrications,2468220854.0
FLOC,Flowco Holdings Inc. Class A Common Stock,Consumer Discretionary,Oil and Gas Field Machinery,2463719494.0
KWR,Quaker Houghton Common Stock,Industrials,Major Chemicals,2463256417.0
MLYS,Mineralys Therapeutics Inc. Common Stock,Health Care,Biotechnology: Pharmaceutical Preparations,2462568315.0
DFTX,Definium Therapeutics Inc. Common Shares,Health Care, Medicinal Chemicals and Botanical Products ,2454002618.0
IMNM,Immunome Inc. Common Stock,Health Care,Biotechnology: Pharmaceutical Preparations,2453003534.0
VERA,Vera Therapeutics Inc. Class A Common Stock,Health Care,Biotechnology: Pharmaceutical Preparations,2443490052.0
GRDN,Guardian Pharmacy Services Inc. Class A Common Stock,Consumer Staples,Retail-Drug Stores and Proprietary Stores,2436577996.0
HTO,H2O America Common Stock,Utilities,Water Supply,2432173558.0
FBNC,First Bancorp Common Stock,Finance,Major Banks,2426667972.0
CENT,Central Garden & Pet Company Common Stock,Consumer Discretionary,Consumer Specialties,2413980654.0
ANDE,Andersons Inc. (The) Common Stock,Industrials,Farming/Seeds/Milling,2412729868.0
BBT,Beacon Financial Corporation Common stock,Finance,Banks,2412226955.0
CLDX,Celldex Therapeutics Inc.,Health Care,Biotechnology: In Vitro & In Vivo Diagnostic Substances,2412061373.0
ROG,Rogers Corporation Common Stock,Industrials,Major Chemicals,2411872535.0
NOVTU,Novanta Inc. Tangible Equity Units,Miscellaneous,Industrial Machinery/Components,2408608016.0
ICHR,Ichor Holdings Ordinary Shares,Technology,Semiconductors,2404431975.0
NBTB,NBT Bancorp Inc. Common Stock,Finance,Major Banks,2388829956.0
DNOW,DNOW Inc. Common Stock,Consumer Discretionary,Oil and Gas Field Machinery,2385876011.0
WERN,Werner Enterprises Inc. Common Stock,Industrials,Trucking Freight/Courier Services,2385415076.0
MFICL,MidCap Financial Investment Corporation 8.00% Notes due 2028,Finance,Finance/Investors Services,2382741247.0
TMDX,TransMedics Group Inc. Common Stock,Health Care,Biotechnology: Electromedical & Electrotherapeutic Apparatus,2382456400.0
AESI,Atlas Energy Solutions Inc. Common Stock,Industrials,Mining & Quarrying of Nonmetallic Minerals (No Fuels),2381949487.0
MTX,Minerals Technologies Inc. Common Stock,Basic Materials,Major Chemicals,2381160684.0
RAMP,LiveRamp Holdings Inc. Common Stock,Technology,EDP Services,2379808504.0
CXT,Crane NXT Co. Common Stock,Industrials,Metal Fabrications,2365566707.0
MNR,Mach Natural Resources LP Common Units representing Limited Partner Interests,Energy,Oil & Gas Production,2363550193.0
BCC,Boise Cascade L.L.C. Common Stock,Consumer Discretionary,RETAIL: Building Materials,2363342670.0
HE,Hawaiian Electric Industries Inc. Common Stock,Utilities,Electric Utilities: Central,2359928980.0
ABM,ABM Industries Incorporated Common Stock,Consumer Discretionary,Diversified Commercial Services,2352434036.0
OUST,Ouster Inc. Common Stock,Industrials,Industrial Machinery/Components,2349964200.0
UAA,Under Armour Inc. Class A Common Stock,Consumer Discretionary,Apparel,2344786906.0
NGVT,Ingevity Corporation Common Stock ,Industrials,Major Chemicals,2318228572.0
PK,Park Hotels & Resorts Inc. Common Stock ,Consumer Discretionary,Hotels/Resorts,2317674721.0
VVX,V2X Inc. Common Stock,Consumer Discretionary,Diversified Commercial Services,2316016160.0
RARE,Ultragenyx Pharmaceutical Inc. Common Stock,Health Care,Biotechnology: Pharmaceutical Preparations,2303662949.0
TBBK,The Bancorp Inc Common Stock,Finance,Major Banks,2303217165.0
UA,Under Armour Inc. Class C Common Stock,Consumer Discretionary,Apparel,2302154417.0
BUSE,First Busey Corporation Class A Common Stock,Finance,Major Banks,2290349493.0
ADAMI,Adamas Trust Inc. 9.125% Senior Notes Due 2029,Real Estate,Real Estate Investment Trusts,2283507909.0
ADAMM,Adamas Trust Inc. 7.875% Series E Fixed-to-Floating Rate Cumulative Redeemable Preferred Stock,Real Estate,Real Estate Investment Trusts,2282472143.0
LCID,Lucid Group Inc. Common Stock,Industrials,Auto Manufacturing,2279099759.0
SOC,Sable Offshore Corp. Common Stock,Energy,Oil & Gas Production,2275309293.0
PBH,Prestige Consumer Healthcare Inc. Common Stock,Health Care,Biotechnology: Pharmaceutical Preparations,2273863968.0
DRVN,Driven Brands Holdings Inc. Common Stock,Consumer Discretionary,Automotive Aftermarket,2271126598.0
AMPX,Amprius Technologies Inc. Common Stock,Miscellaneous,Industrial Machinery/Components,2270283535.0
KOD,Kodiak Sciences Inc Common Stock,Health Care,Biotechnology: Biological Products (No Diagnostic Substances),2267216917.0
PENN,PENN Entertainment Inc. Common Stock,Consumer Discretionary,Hotels/Resorts,2259276102.0
PLUS,ePlus inc. Common Stock,Technology,Retail: Computer Software & Peripheral Equipment,2253132933.0
NKTR,Nektar Therapeutics  Common Stock,Health Care,Biotechnology: Pharmaceutical Preparations,2250487592.0
AGYS,Agilysys Inc. Common Stock (DE),Technology,EDP Services,2244162440.0
NGL,NGL ENERGY PARTNERS LP Common Units representing Limited Partner Interests,Utilities,Natural Gas Distribution,2242276774.0
NEXT,NextDecade Corporation Common Stock,Utilities,Oil & Gas Production,2241840670.0
DXPE,DXP Enterprises Inc. Common Stock,Industrials,Industrial Machinery/Components,2235865990.0
LMAT,LeMaitre Vascular Inc. Common Stock,Health Care,Medical/Dental Instruments,2233659737.0
AMR,Alpha Metallurgical Resources Inc. Common Stock,Energy,Coal Mining,2228873587.0
PMTU,PennyMac Mortgage Investment Trust 8.50% Senior Notes due 2028,Real Estate,Real Estate Investment Trusts,2228020349.0
EFSC,Enterprise Financial Services Corporation Common Stock,Finance,Major Banks,2225514518.0
ADPT,Adaptive Biotechnologies Corporation Common Stock,Health Care,Biotechnology: Biological Products (No Diagnostic Substances),2221416161.0
BGR,BlackRock Energy and Resources Trust,Finance,Trusts Except Educational Religious and Charitable,2220901858.0
HNI,HNI Corporation Common Stock,Consumer Discretionary,Office Equipment/Supplies/Services,2210182276.0
UTI,Universal Technical Institute Inc Common Stock,Real Estate,Other Consumer Services,2205758923.0
DJT,Trump Media & Technology Group Corp. Common Stock,Technology,Computer Software: Programming Data Processing,2201782933.0
BANR,Banner Corporation Common Stock,Finance,Major Banks,2196027515.0
COHU,Cohu Inc. Common Stock,Industrials,Electrical Products,2195068896.0
DRH,Diamondrock Hospitality Company Common Stock,Real Estate,Real Estate Investment Trusts,2190094230.0
ADAML,Adamas Trust Inc. 6.875% Series F Fixed-to-Floating Rate Cumulative Redeemable Preferred Stock $0.01 par value per share,Real Estate,Real Estate Investment Trusts,2188387563.0
AVPT,AvePoint Inc. Class A Common Stock,Technology,Computer Software: Prepackaged Software,2181656947.0
HTH,Hilltop Holdings Inc.,Finance,Major Banks,2178493932.0
DCO,Ducommun Incorporated Common Stock,Industrials,Military/Government/Technical,2177902153.0
AXGN,Axogen Inc. Common Stock,Health Care,Biotechnology: Electromedical & Electrotherapeutic Apparatus,2174973002.0
VERX,Vertex Inc. Class A Common Stock,Technology,Computer Software: Prepackaged Software,2174819553.0
WLY,John Wiley & Sons Inc. Common Stock,Consumer Discretionary,Books,2173015651.0
ALRM,Alarm.com Holdings Inc. Common Stock,Technology,Computer Software: Prepackaged Software,2166373535.0
CENTA,Central Garden & Pet Company Class A Common Stock Nonvoting,Consumer Discretionary,Consumer Specialties,2163071830.0
THR,Thermon Group Holdings Inc. Common Stock,Energy,Industrial Machinery/Components,2158466524.0
BUSEP,First Busey Corporation Depositary Shares Each Representing a 1/40thInterest in a Share of 8.25% Fixed-Rate Series B Non-Cumulative Perpetual Preferred Stock $0.001 par value,Finance,Major Banks,2152488722.0
SLDE,Slide Insurance Holdings Inc. Common Stock,Finance,Property-Casualty Insurers,2134238753.0
GCMG,GCM Grosvenor Inc. Class A Common Stock,Finance,Investment Managers,2133637398.0
ACHC,Acadia Healthcare Company Inc. Common Stock,Health Care,Medical Specialities,2131795686.0
PRDO,Perdoceo Education Corporation Common Stock,Real Estate,Other Consumer Services,2130652459.0
CXW,CoreCivic Inc. Common Stock,Real Estate,Real Estate Investment Trusts,2126101890.0
DHC,Diversified Healthcare Trust Common Shares of Beneficial Interest,Real Estate,Real Estate Investment Trusts,2118435603.0
CLBK,Columbia Financial Inc. Common Stock,Finance,Savings Institutions,2118406469.0
WLYB,John Wiley & Sons Inc. Common Stock,Consumer Discretionary,Books,2115020665.0
MBIN,Merchants Bancorp Common Stock,Finance,Major Banks,2112569414.0
ASTH,Astrana Health Inc. Common Stock,Consumer Discretionary,Professional Services,2108858927.0
BCRX,BioCryst Pharmaceuticals Inc. Common Stock,Health Care,Biotechnology: Biological Products (No Diagnostic Substances),2107008451.0
ADAMN,Adamas Trust Inc. 8.00% Series D Fixed-to-Floating Rate Cumulative Redeemable Preferred Stock,Real Estate,Real Estate Investment Trusts,2105445760.0
SYBT,Stock Yards Bancorp Inc. Common Stock,Finance,Major Banks,2102071689.0
NWN,Northwest Natural Holding Company Common Stock,Utilities,Oil/Gas Transmission,2101071975.0
BTX,BlackRock Technology and Private Equity Term Trust Common Shares of Beneficial Interest,,,2100943910.0
ATEN,A10 Networks Inc. Common Stock,Telecommunications,Computer Communications Equipment,2099466783.0
BLBD,Blue Bird Corporation Common Stock,Consumer Discretionary,Construction/Ag Equipment/Trucks,2098168851.0
FIGS,FIGS Inc. Class A Common Stock,Consumer Discretionary,Apparel,2094772553.0
CDNL,Cardinal Infrastructure Group Inc. Class A Common Stock,Industrials,Military/Government/Technical,2094046062.0
EZPW,EZCORP Inc. Class A Non Voting Common Stock,Consumer Discretionary,Other Specialty Stores,2079300697.0
PUMP,ProPetro Holding Corp. Common Stock,Energy,Oilfield Services/Equipment,2078357743.0
MCRI,Monarch Casino & Resort Inc. Common Stock,Consumer Discretionary,Hotels/Resorts,2073320964.0
BRSL,Brightstar Lottery PLC Trading under the Legal Name to begin at the market open on July 21 2025. Ordinary Shares,Consumer Discretionary,Services-Misc. Amusement & Recreation,2066400000.0
INVX,Innovex International Inc. Common Stock,Consumer Discretionary,Oil and Gas Field Machinery,2066228264.0
PBI,Pitney Bowes Inc. Common Stock,Miscellaneous,Office Equipment/Supplies/Services,2065481731.0
STC,Stewart Information Services Corporation Common Stock,Finance,Specialty Insurers,2059609248.0
ARR,ARMOUR Residential REIT Inc.,Real Estate,Real Estate Investment Trusts,2055444142.0
VRRM,Verra Mobility Corporation Class A Common Stock,Consumer Discretionary,Transportation Services,2049220749.0
SEM,Select Medical Holdings Corporation Common Stock,Health Care,Hospital/Nursing Management,2048757536.0
PCT,PureCycle Technologies Inc. Common stock,Industrials,Major Chemicals,2047375386.0
XRAY,DENTSPLY SIRONA Inc. Common Stock,Health Care,Medical/Dental Instruments,2045335433.0
NWBI,Northwest Bancshares Inc. Common Stock,Finance,Major Banks,2044015674.0
UMBFO,UMB Financial Corporation Depositary Shares Each Representing a 1/400th Interest in a Share of 7.750% Fixed-Rate Reset Non-Cumulative Perpetual Preferred Stock Series B,Finance,Major Banks,2040674639.0
WS,Worthington Steel Inc. Common Shares,Industrials,Steel/Iron Ore,2036826090.0
CIMN,Chimera Investment Corporation 9.000% Senior Notes due 2029,Real Estate,Real Estate Investment Trusts,2033400074.0
SFB,Stifel Financial Corporation 5.20% Senior Notes due 2047,Finance,Investment Bankers/Brokers/Service,2027120375.0
FUN,Six Flags Entertainment Corporation Common Stock New,Consumer Discretionary,Services-Misc. Amusement & Recreation,2026704170.0
OMCL,Omnicell Inc. Common Stock ($0.001 par value),Technology,Computer Manufacturing,2019718349.0
HCI,HCI Group Inc. Common Stock,Finance,Property-Casualty Insurers,2014159054.0
GTY,Getty Realty Corporation Common Stock,Finance,Real Estate,2009319340.0
FBYD,Falcon's Beyond Global Inc. Class A Common Stock,Consumer Discretionary,Services-Misc. Amusement & Recreation,2007771031.0
TRVI,Trevi Therapeutics Inc. Common Stock,Health Care,Biotechnology: Pharmaceutical Preparations,2006173274.0
BBAI,BigBear.ai Inc. Common Stock,Technology,Computer Software: Prepackaged Software,2002008701.0
NTST,NetSTREIT Corp. Common Stock,Real Estate,Real Estate Investment Trusts,1987034201.0
LPG,Dorian LPG Ltd. Common Stock,Consumer Discretionary,Marine Transportation,1985891025.0
GEL,Genesis Energy L.P. Common Units,Energy,Oil Refining/Marketing,1981472665.0
LWLG,Lightwave Logic Inc. Common Stock,Industrials,Containers/Packaging,1979923271.0
SAM,Boston Beer Company Inc. (The) Common Stock,Consumer Staples,Beverages (Production/Distribution),1979595324.0
SHO,Sunstone Hotel Investors Inc. Sunstone Hotel Investors Inc. Common Shares,Consumer Discretionary,Hotels/Resorts,1978413287.0
GNL,Global Net Lease Inc. Common Stock,Real Estate,Real Estate Investment Trusts,1977320438.0
RVT,Royce Small-Cap Trust Inc. Common Stock,Finance,Trusts Except Educational Religious and Charitable,1976687452.0
SPSC,SPS Commerce Inc. Common Stock,Technology,Computer Software: Prepackaged Software,1972206351.0
LTC,LTC Properties Inc. Common Stock,Real Estate,Real Estate Investment Trusts,1969462427.0
BAND,Bandwidth Inc. Class A Common Stock,Technology,Computer Software: Prepackaged Software,1965542477.0
TNET,TriNet Group Inc. Common Stock,Consumer Discretionary,Business Services,1965511828.0
IOSP,Innospec Inc. Common Stock,Industrials,Major Chemicals,1960138720.0
FLYW,Flywire Corporation Voting Common Stock,Consumer Discretionary,Business Services,1959298307.0
PGNY,Progyny Inc. Common Stock,Health Care,Misc Health and Biotechnology Services,1948909366.0
BRUN,Boost Run Inc. Class A Common Stock,Technology,EDP Services,1940200992.0
NEOG,Neogen Corporation Common Stock,Health Care,Biotechnology: In Vitro & In Vivo Diagnostic Substances,1937290065.0
TYRA,Tyra Biosciences Inc. Common Stock,Health Care,Biotechnology: Pharmaceutical Preparations,1931003271.0
KYN,Kayne Anderson Energy Infrastructure Fund Inc.,Finance,Finance/Investors Services,1928983780.0
AGM,Federal Agricultural Mortgage Corporation Common Stock,Finance,Finance Companies,1926890535.0
SKWD,Skyward Specialty Insurance Group Inc. Common Stock,Finance,Property-Casualty Insurers,1923768434.0
DEI,Douglas Emmett Inc. Common Stock,Real Estate,Real Estate Investment Trusts,1919381160.0
GRC,Gorman-Rupp Company (The) Common Stock,Industrials,Fluid Controls,1918968256.0
NBHC,National Bank Holdings Corporation Common Stock,Finance,Major Banks,1916529501.0
ADMA,ADMA Biologics Inc Common Stock,Health Care,Biotechnology: Biological Products (No Diagnostic Substances),1909807172.0
STEL,Stellar Bancorp Inc. Common Stock,Finance,Major Banks,1907998554.0
TY,Tri Continental Corporation Common Stock,Finance,Finance Companies,1894673594.0
EVCM,EverCommerce Inc. Common Stock,Technology,Computer Software: Prepackaged Software,1891602994.0
HMN,Horace Mann Educators Corporation Common Stock,Finance,Property-Casualty Insurers,1891454096.0
FCF,First Commonwealth Financial Corporation Common Stock,Finance,Major Banks,1891330863.0
MGNI,Magnite Inc. Common Stock,Technology,Computer Software: Programming Data Processing,1890438040.0
HWCPZ,Hancock Whitney Corporation 6.25% Subordinated Notes due 2060,Finance,Major Banks,1886645810.0
TIC,TIC Solutions Inc. Common Stock,Consumer Discretionary,Business Services,1883282986.0
JBLU,JetBlue Airways Corporation Common Stock,Consumer Discretionary,Air Freight/Delivery Services,1878695415.0
ZYME,Zymeworks Inc. Common Stock,Health Care,Biotechnology: Pharmaceutical Preparations,1870120592.0
CLOV,Clover Health Investments Corp. Class A Common Stock,Health Care,Medical Specialities,1869729350.0
GENB,Generate Biomedicines Inc. Common Stock,Health Care,Biotechnology: Pharmaceutical Preparations,1862636793.0
ANIP,ANI Pharmaceuticals Inc.,Health Care,Biotechnology: Pharmaceutical Preparations,1857739657.0
SION,Sionna Therapeutics Inc. Common Stock,Health Care,Biotechnology: Pharmaceutical Preparations,1857033073.0
OZKAP,Bank OZK 4.625% Series A Non-Cumulative Perpetual Preferred Stock,Finance,Major Banks,1850895806.0
SONO,Sonos Inc. Common Stock,Consumer Staples,Consumer Electronics/Appliances,1847685687.0
PDFS,PDF Solutions Inc. Common Stock,Technology,Computer Software: Prepackaged Software,1839963038.0
PDO,PIMCO Dynamic Income Opportunities Fund Common Shares of Beneficial Interest,Finance,Trusts Except Educational Religious and Charitable,1839097868.0
IOVA,Iovance Biotherapeutics Inc. Common Stock,Health Care,Biotechnology: Biological Products (No Diagnostic Substances),1835124848.0
SKYT,SkyWater Technology Inc. Common Stock,Technology,Semiconductors,1830903240.0
STOK,Stoke Therapeutics Inc. Common Stock,Health Care,Biotechnology: Pharmaceutical Preparations,1827343758.0
ALG,Alamo Group Inc. Common Stock,Industrials,Industrial Machinery/Components,1825494817.0
JSM,Navient Corporation 6% Senior Notes due December 15 2043,Finance,Investment Bankers/Brokers/Service,1820582306.0
SPB,Spectrum Brands Holdings Inc. Common Stock,Miscellaneous,Industrial Machinery/Components,1817273248.0
NRIX,Nurix Therapeutics Inc. Common stock,Health Care,Biotechnology: Pharmaceutical Preparations,1809601728.0
XPRO,Expro Group Holdings N.V. Common Stock,Energy,Oilfield Services/Equipment,1806386858.0
MUJ,Blackrock MuniHoldings New Jersey Quality Fund Inc. Common Stock,Finance,Investment Bankers/Brokers/Service,1805976398.0
RAPP,Rapport Therapeutics Inc. Common Stock,Health Care,Biotechnology: Pharmaceutical Preparations,1804031762.0
LC,LendingClub Corporation Common Stock,Finance,Finance: Consumer Services,1802934958.0
OCUL,Ocular Therapeutix Inc. Common Stock,Health Care,Biotechnology: Pharmaceutical Preparations,1802043746.0
ALKT,Alkami Technology Inc. Common Stock,Technology,Computer Software: Prepackaged Software,1797922123.0
TH,Target Hospitality Corp. Common Stock,Consumer Discretionary,Hotels/Resorts,1792932754.0
PLSE,Pulse Biosciences Inc Common Stock (DE),Health Care,Medical/Dental Instruments,1791839444.0
WMK,Weis Markets Inc. Common Stock,Consumer Staples,Food Chains,1789034363.0
RQI,Cohen & Steers Quality Income Realty Fund Inc Common Shares,Finance,Trusts Except Educational Religious and Charitable,1788881435.0
TRINI,Trinity Capital Inc. 7.875% Notes Due 2029,Finance,Finance: Consumer Services,1788440660.0
TRINZ,Trinity Capital Inc. 7.875% Notes due 2029,Finance,Finance: Consumer Services,1787385947.0
COTY,Coty Inc. Class A Common Stock,Consumer Discretionary,Package Goods/Cosmetics,1787346869.0
MIY,Blackrock MuniYield Michigan Quality Fund Inc. Common Stock,Finance,Investment Bankers/Brokers/Service,1786637277.0
VRE,Veris Residential Inc. Common Stock,Real Estate,Real Estate Investment Trusts,1782922323.0
CTS,CTS Corporation Common Stock,Technology,Electrical Products,1781910151.0
SRCE,1st Source Corporation Common Stock,Finance,Major Banks,1779894489.0
EPAC,Enerpac Tool Group Corp. Common Stock,Technology,Industrial Machinery/Components,1779270194.0
WTFCN,Wintrust Financial Corporation Depositary Shares Each Representing a 1/1000th Interest in a Share of 7.875% Fixed-Rate Reset Non-Cumulative Perpetual Preferred StocK,Finance,Major Banks,1777248371.0
VRDN,Viridian Therapeutics Inc. Common Stock,Health Care,Medical Specialities,1777008518.0
BKSY,BlackSky Technology Inc. Class A Common Stock,Technology,Radio And Television Broadcasting And Communications Equipment,1776409075.0
STRA,Strategic Education Inc. Common Stock,Real Estate,Other Consumer Services,1775113357.0
SRPT,Sarepta Therapeutics Inc. Common Stock (DE),Health Care,Biotechnology: Pharmaceutical Preparations,1773680530.0
VCEL,Vericel Corporation Common Stock,Health Care,Biotechnology: Biological Products (No Diagnostic Substances),1773599558.0
UFPT,UFP Technologies Inc. Common Stock,Health Care,Medical/Dental Instruments,1771526923.0
SNDX,Syndax Pharmaceuticals Inc. Common Stock,Health Care,Biotechnology: Pharmaceutical Preparations,1766603203.0
AIN,Albany International Corporation Common Stock,Consumer Discretionary,Textiles,1764492000.0
NTLA,Intellia Therapeutics Inc. Common Stock,Health Care,Biotechnology: In Vitro & In Vivo Diagnostic Substances,1760500690.0
CHCO,City Holding Company Common Stock,Finance,Major Banks,1758745174.0
PRKS,United Parks & Resorts Inc. Common Stock,Health Care,Biotechnology: Electromedical & Electrotherapeutic Apparatus,1758302069.0
WLTH,Wealthfront Corporation Common Stock,Finance,Finance: Consumer Services,1758148447.0
SGRY,Surgery Partners Inc. Common Stock,Health Care,Hospital/Nursing Management,1752694567.0
SNDA,Sonida Senior Living Inc. Common Stock,Health Care,Hospital/Nursing Management,1752284972.0
AFGB,American Financial Group Inc. 5.875% Subordinated Debentures due 2059,Finance,Property-Casualty Insurers,1749792908.0
KMPR,Kemper Corporation,Finance,Property-Casualty Insurers,1749153433.0
PLPC,Preformed Line Products Company Common Stock,Industrials,Water Sewer Pipeline Comm & Power Line Construction,1749028454.0
NCNO,nCino Inc. Common Stock,Technology,Computer Software: Prepackaged Software,1748329190.0
CASH,Pathward Financial Inc. Common Stock,Finance,Major Banks,1746644213.0
MD,Pediatrix Medical Group Inc. Common Stock,Health Care,Hospital/Nursing Management,1745911828.0
AMBQ,Ambiq Micro Inc. Common Stock,Technology,Semiconductors,1745757829.0
HRMY,Harmony Biosciences Holdings Inc. Common Stock,Health Care,Biotechnology: Pharmaceutical Preparations,1745464181.0
TPB,Turning Point Brands Inc. Common Stock,Consumer Discretionary,Tobacco,1742884385.0
FIVN,Five9 Inc. Common Stock,Technology,EDP Services,1742596367.0
ANAB,AnaptysBio Inc. Common Stock,Health Care,Biotechnology: Pharmaceutical Preparations,1737614858.0
PWP,Perella Weinberg Partners Class A Common Stock,Finance,Finance: Consumer Services,1736015956.0
GLOB,Globant S.A. Common Shares,Technology,EDP Services,1732795582.0
ADUS,Addus HomeCare Corporation Common Stock,Health Care,Medical/Nursing Services,1729291496.0
WD,Walker & Dunlop Inc Common Stock,Finance,Finance: Consumer Services,1729264609.0
CBZ,CBIZ Inc. Common Stock,Consumer Discretionary,Business Services,1729098632.0
LOB,Live Oak Bancshares Inc. Common Stock,Finance,Major Banks,1724661936.0
CDZIP,Cadiz Inc. Depositary Shares,Utilities,Water Supply,1723768863.0
ECPG,Encore Capital Group Inc Common Stock,Finance,Finance Companies,1719521042.0
SMA,SmartStop Self Storage REIT Inc. Common Stock,Real Estate,Real Estate Investment Trusts,1715216839.0
HURN,Huron Consulting Group Inc. Common Stock,Consumer Discretionary,Professional Services,1709699486.0
PRLB,Proto Labs Inc. Common stock,Industrials,Metal Fabrications,1697943051.0
BL,BlackLine Inc. Common Stock,Technology,Computer Software: Prepackaged Software,1695300501.0
MHD,Blackrock MuniHoldings Fund Inc. Common Stock,Finance,Investment Bankers/Brokers/Service,1694404545.0
GT,The Goodyear Tire & Rubber Company Common Stock,Consumer Discretionary,Automotive Aftermarket,1693013537.0
ADNT,Adient plc Ordinary Shares ,Consumer Discretionary,Auto Parts:O.E.M.,1692160891.0
EFC,Ellington Financial Inc. Common Stock ,Finance,Real Estate,1691559988.0
UZD,Array Digital Infrastructure Inc. 6.250% Senior Notes due 2069,Telecommunications,Telecommunications Equipment,1689900000.0
GLP,Global Partners LP Common Units representing Limited Partner Interests,Energy,Oil Refining/Marketing,1686859836.0
MQ,Marqeta Inc. Class A Common Stock,Technology,Computer Software: Prepackaged Software,1683400343.0
AMRC,Ameresco Inc. Class A Common Stock,Consumer Discretionary,Engineering & Construction,1682266518.0
FLO,Flowers Foods Inc. Common Stock,Consumer Staples,Packaged Foods,1682140348.0
IMKTA,Ingles Markets Incorporated Class A Common Stock,Consumer Staples,Food Chains,1679482726.0
BCAT,BlackRock Capital Allocation Term Trust Common Shares of Beneficial Interest,Finance,Finance/Investors Services,1678255200.0
CNXN,PC Connection Inc. Common Stock,Consumer Discretionary,Catalog/Specialty Distribution,1676018563.0
PEB,Pebblebrook Hotel Trust Common Shares of Beneficial Interest,Real Estate,Real Estate Investment Trusts,1675597293.0
AIP,Arteris Inc. Common Stock,Technology,Semiconductors,1675119507.0
HTZ,Hertz Global Holdings Inc Common Stock,Consumer Discretionary,Rental/Leasing Companies,1673551972.0
AGIO,Agios Pharmaceuticals Inc. Common Stock,Health Care,Biotechnology: Pharmaceutical Preparations,1673531077.0
TILE,Interface Inc. Common Stock,Consumer Discretionary,Home Furnishings,1672598892.0
CAPR,Capricor Therapeutics Inc. Common Stock,Health Care,Biotechnology: Pharmaceutical Preparations,1671916351.0
OXLC,Oxford Lane Capital Corp. Common Stock,Finance,Investment Managers,1671768000.0
SILA,Sila Realty Trust Inc. Common Stock,Real Estate,Real Estate Investment Trusts,1668993442.0
ECAT,BlackRock ESG Capital Allocation Term Trust Common Shares of Beneficial Interest,Finance,Trusts Except Educational Religious and Charitable,1665279000.0
RZC,Reinsurance Group of America Incorporated 7.125% Fixed-Rate Reset Subordinated Debentures due 2052,Finance,Life Insurance,1662724077.0
SHLS,Shoals Technologies Group Inc. Class A Common Stock,Technology,Semiconductors,1662618706.0
MQY,Blackrock MuniYield Quality Fund Inc. Common Stock,Finance,Investment Bankers/Brokers/Service,1660189176.0
INVA,Innoviva Inc. Common Stock,Health Care,Biotechnology: Pharmaceutical Preparations,1657744503.0
FSUN,FirstSun Capital Bancorp Common Stock,Finance,Major Banks,1656348825.0
RZB,Reinsurance Group of America Incorporated 5.75% Fixed-To-Floating Rate Subordinated Debentures due 2056,Finance,Life Insurance,1656172761.0
PAYO,Payoneer Global Inc. Common Stock,Consumer Discretionary,Business Services,1653806600.0
PRCT,PROCEPT BioRobotics Corporation Common Stock,Health Care,Medical/Dental Instruments,1650646476.0
HLIT,Harmonic Inc. Common Stock,Technology,Radio And Television Broadcasting And Communications Equipment,1649145827.0
WBTN,WEBTOON Entertainment Inc. Common stock,Consumer Discretionary,Publishing,1647159011.0
FRA,Blackrock Floating Rate Income Strategies Fund Inc  Common Stock,Finance,Investment Bankers/Brokers/Service,1643825305.0
NUVB,Nuvation Bio Inc. Class A Common Stock,Health Care,Biotechnology: Pharmaceutical Preparations,1643513303.0
AFGD,American Financial Group Inc. 5.625% Subordinated Debentures due 2060,Finance,Property-Casualty Insurers,1643027291.0
IIPR,Innovative Industrial Properties Inc. Common Stock,Finance,Real Estate,1641871258.0
FMC,FMC Corporation Common Stock,Industrials,Major Chemicals,1639343896.0
KRP,Kimbell Royalty Partners Common Units Representing Limited Partner Interests,Energy,Oil & Gas Production,1637096022.0
PVLA,Palvella Therapeutics Inc. Common Stock,Health Care,Biotechnology: Pharmaceutical Preparations,1634940788.0
GAB,Gabelli Equity Trust Inc. (The) Common Stock,Finance,Investment Managers,1633623704.0
NHPAP,National Healthcare Properties Inc. 7.375% Series A Cumulative Redeemable Perpetual Preferred Stock,Real Estate,Real Estate Investment Trusts,1633076513.0
ADAMZ,Adamas Trust Inc. 7.000% Series G Cumulative Redeemable Preferred Stock $0.01 par value per share,Real Estate,Real Estate Investment Trusts,1629181888.0
DCOM,Dime Community Bancshares Inc. Common Stock,Finance,Major Banks,1627787818.0
BPOPM,Popular Inc. Popular Capital Trust II - 6.125% Cumulative Monthly Income Trust Preferred Securities,Finance,Major Banks,1626350267.0
SLNHP,Soluna Holdings Inc 9.0% Series A Cumulative Perpetual Preferred Stock ,Technology,EDP Services,1625491133.0
GABC,German American Bancorp Inc. Common Stock,Finance,Major Banks,1625407953.0
BDJ,Blackrock Enhanced Equity Dividend Trust,Finance,Finance Companies,1624431377.0
NVRI,Enviri Corporation Common Stock,Miscellaneous,Diversified Commercial Services,1621029799.0
LILAK,Liberty Latin America Ltd. Class C Common Stock,Telecommunications,Cable & Other Pay Television Services,1617242000.0
TCBK,TriCo Bancshares Common Stock,Finance,Major Banks,1617228701.0
STAA,STAAR Surgical Company Common Stock,Health Care,Ophthalmic Goods,1616632433.0
STBA,S&T Bancorp Inc. Common Stock,Finance,Major Banks,1613923106.0
NHPBP,National Healthcare Properties Inc. 7.125% Series B Cumulative Redeemable Perpetual Preferred Stock,Real Estate,Real Estate Investment Trusts,1611197760.0
ZD,Ziff Davis Inc. Common Stock,Telecommunications,Telecommunications Equipment,1609706980.0
CNXC,Concentrix Corporation Common Stock,Technology,Computer Software: Prepackaged Software,1606867117.0
REX,REX American Resources Corporation,Industrials,Major Chemicals,1606372507.0
LILA,Liberty Latin America Ltd. Class A Common Stock,Telecommunications,Cable & Other Pay Television Services,1599116000.0
ASAN,Asana Inc. Class A Common Stock,Technology,Computer Software: Prepackaged Software,1596353830.0
AEVA,Aeva Technologies Inc. Common Stock,Consumer Discretionary,Auto Parts:O.E.M.,1596193588.0
AVAH,Aveanna Healthcare Holdings Inc. Common Stock,Health Care,Medical/Nursing Services,1596145638.0
RXRX,Recursion Pharmaceuticals Inc. Class A Common Stock,Health Care,Biotechnology: Biological Products (No Diagnostic Substances),1595014649.0
ETV,Eaton Vance Corporation Eaton Vance Tax-Managed Buy-Write Opportunities Fund Common Shares of Beneficial Interest,Finance,Investment Bankers/Brokers/Service,1592039845.0
TFIN,Triumph Financial Inc. Common Stock,Finance,Major Banks,1589543513.0
GLUE,Monte Rosa Therapeutics Inc. Common Stock,Health Care,Biotechnology: Biological Products (No Diagnostic Substances),1589057853.0
MYI,Blackrock MuniYield Quality Fund III Inc Common Stock,Finance,Investment Bankers/Brokers/Service,1588783190.0
BFC,Bank First Corporation Common Stock,Finance,Major Banks,1583718786.0
HOPE,Hope Bancorp Inc. Common Stock,Finance,Major Banks,1582645372.0
FRMEP,First Merchants Corporation Depository Shares,Finance,Major Banks,1581870799.0
MUC,Blackrock MuniHoldings California Quality Fund Inc.  Common Stock,Finance,Investment Bankers/Brokers/Service,1579857442.0
TSHA,Taysha Gene Therapies Inc. Common Stock,Health Care,Biotechnology: Biological Products (No Diagnostic Substances),1577612000.0
INTA,Intapp Inc. Common Stock,Technology,Computer Software: Prepackaged Software,1572056538.0
APPN,Appian Corporation Class A Common Stock,Technology,Computer Software: Prepackaged Software,1568817004.0
MUA,Blackrock MuniAssets Fund Inc Common Stock,Finance,Investment Bankers/Brokers/Service,1567956444.0
RES,RPC Inc. Common Stock,Energy,Oilfield Services/Equipment,1564763821.0
RBCAA,Republic Bancorp Inc. Class A Common Stock,Finance,Major Banks,1557843939.0
NCV,Virtus Convertible & Income Fund Common Shares of Beneficial Interest,Finance,Finance Companies,1554425387.0
BKKT,Bakkt Inc. Class A Common Stock,Finance,Finance: Consumer Services,1553445087.0
BKT,BlackRock Income Trust Inc. (The),Finance,Investment Bankers/Brokers/Service,1553080197.0
DXC,DXC Technology Company Common Stock ,Technology,EDP Services,1553058651.0
OXSQG,Oxford Square Capital Corp. 5.50% Notes due 2028,Consumer Discretionary,Other Consumer Services,1552503891.0
PRGO,Perrigo Company plc Ordinary Shares,Health Care,Biotechnology: Pharmaceutical Preparations,1552486379.0
XHR,Xenia Hotels & Resorts Inc. Common Stock,Consumer Discretionary,Hotels/Resorts,1551574945.0
VSTS,Vestis Corporation Common Stock,Consumer Discretionary,Consumer Specialties,1550913663.0
VIR,Vir Biotechnology Inc. Common Stock,Health Care,Biotechnology: Biological Products (No Diagnostic Substances),1549911641.0
GIGGU,GigCapital7 Corp. Unit,Technology,Computer Software: Prepackaged Software,1548923362.0
NWL,Newell Brands Inc. Common Stock,Industrials,Plastic Products,1546737090.0
GAM,General American Investors Inc. Common Stock,Finance,Investment Managers,1541631723.0
LINC,Lincoln Educational Services Corporation Common Stock,Real Estate,Other Consumer Services,1535283235.0
KW,Kennedy-Wilson Holdings Inc. Common Stock,Finance,Real Estate,1530942992.0
AFGC,American Financial Group Inc. 5.125% Subordinated Debentures due 2059,Finance,Property-Casualty Insurers,1530445649.0
UZE,Array Digital Infrastructure Inc. 5.500% Senior Notes due 2070,Telecommunications,Telecommunications Equipment,1529940000.0
UZF,Array Digital Infrastructure Inc. 5.500% Senior Notes due 2070,Telecommunications,Telecommunications Equipment,1521340000.0
DCH,Dauch Corporation Common Stock,Consumer Discretionary,Auto Parts:O.E.M.,1516773417.0
MBX,MBX Biosciences Inc. Common Stock,Health Care,Biotechnology: Pharmaceutical Preparations,1515981522.0
WKC,World Kinect Corporation Common Stock,Energy,Oil Refining/Marketing,1514985805.0
NVAX,Novavax Inc. Common Stock,Health Care,Biotechnology: Biological Products (No Diagnostic Substances),1514475076.0
SLVM,Sylvamo Corporation Common Stock,Basic Materials,Paper,1513946782.0
VPG,Vishay Precision Group Inc. Common Stock,Technology,Electrical Products,1513121760.0
PGEN,Precigen Inc. Common Stock,Health Care,Biotechnology: Pharmaceutical Preparations,1511606555.0
ECVT,Ecovyst Inc. Common Stock,Industrials,Major Chemicals,1511552614.0
AMLX,Amylyx Pharmaceuticals Inc. Common Stock,Health Care,Biotechnology: Pharmaceutical Preparations,1509910185.0
ARDX,Ardelyx Inc. Common Stock,Health Care,Biotechnology: Pharmaceutical Preparations,1509349555.0
DV,DoubleVerify Holdings Inc. Common Stock,Technology,Computer Software: Programming Data Processing,1508552978.0
BY,Byline Bancorp Inc. Common Stock,Finance,Major Banks,1506225121.0
QCRH,QCR Holdings Inc. Common Stock,Finance,Major Banks,1500409624.0
LZB,La-Z-Boy Incorporated Common Stock,Consumer Discretionary,Home Furnishings,1499853972.0
CNOB,ConnectOne Bancorp Inc. Common Stock,Finance,Major Banks,1496585581.0
CCS,Century Communities Inc. Common Stock,Consumer Discretionary,Homebuilding,1494565447.0
LKFN,Lakeland Financial Corporation Common Stock,Finance,Major Banks,1492323801.0
ECCC,Eagle Point Credit Company 6.50% Series C Term Preferred Stock due 2031,Finance,Trusts Except Educational Religious and Charitable,1489264964.0
WEN,Wendy's Company (The) Common Stock,Consumer Discretionary,Restaurants,1487653798.0
INBX,Inhibrx Biosciences Inc. Common Stock,Health Care,Biotechnology: Biological Products (No Diagnostic Substances),1486484566.0
HLX,Helix Energy Solutions Group Inc. Common Stock,Energy,Oilfield Services/Equipment,1484744607.0
GSHD,Goosehead Insurance Inc. Class A Common Stock,Finance,Specialty Insurers,1484060331.0
GBX,Greenbrier Companies Inc. (The) Common Stock,Industrials,Railroads,1483196196.0
TRIN,Trinity Capital Inc. Common Stock,Finance,Finance: Consumer Services,1482247365.0
ALGT,Allegiant Travel Company Common Stock,Consumer Discretionary,Air Freight/Delivery Services,1480698760.0
KSS,Kohl's Corporation Common Stock,Consumer Discretionary,Department/Specialty Retail Stores,1466026152.0
OBK,Origin Bancorp Inc. Common Stock,Finance,Major Banks,1462381681.0
CBL,CBL & Associates Properties Inc. Common Stock,Real Estate,Real Estate Investment Trusts,1461520920.0
ECCV,Eagle Point Credit Company 5.375% Notes due 2029,Finance,Trusts Except Educational Religious and Charitable,1458023764.0
ENVX,Enovix Corporation Common Stock,Miscellaneous,Industrial Machinery/Components,1457264979.0
RLJ,RLJ Lodging Trust Common Shares of Beneficial Interest $0.01 par value,Real Estate,Real Estate Investment Trusts,1455486775.0
ARI,Apollo Commercial Real Estate Finance Inc,Real Estate,Real Estate Investment Trusts,1453375740.0
SLS,SELLAS Life Sciences Group Inc. Common Stock,Health Care,Biotechnology: Pharmaceutical Preparations,1447333426.0
PBT,Permian Basin Royalty Trust Common Stock,Energy,Oil & Gas Production,1445338764.0
HLMN,Hillman Solutions Corp. Common Stock,Consumer Discretionary,Industrial Machinery/Components,1444102700.0
AGL,agilon health inc. Common Stock,Health Care,Misc Health and Biotechnology Services,1441312273.0
TRS,TriMas Corporation Common Stock,Industrials,Industrial Specialties,1437406722.0
ATRC,AtriCure Inc. Common Stock,Health Care,Medical/Dental Instruments,1432633041.0
KDK,Kodiak AI Inc. Common Stock ,Technology,EDP Services,1430356229.0
ARLO,Arlo Technologies Inc. Common Stock,Consumer Staples,Consumer Electronics/Appliances,1429305192.0
TNC,Tennant Company Common Stock,Industrials,Industrial Machinery/Components,1429052795.0
MAZE,Maze Therapeutics Inc. Common Stock,Health Care,Biotechnology: Biological Products (No Diagnostic Substances),1426800829.0
BCAX,Bicara Therapeutics Inc. Common Stock,Health Care,Biotechnology: Pharmaceutical Preparations,1424459815.0
BHVN,Biohaven Ltd. Common Shares ,Health Care,Biotechnology: Pharmaceutical Preparations,1422286331.0
AHCO,AdaptHealth Corp. Common Stock,Health Care,Medical/Nursing Services,1421765888.0
KMPB,Kemper Corporation 5.875% Fixed-Rate Reset Junior Subordinated Debentures due 2062,Finance,Property-Casualty Insurers,1416514022.0
YSWY,Yesway Inc. Class A Common Stock,Consumer Staples,Food Chains,1416457850.0
CSWC,Capital Southwest Corporation Common Stock,Consumer Discretionary,Textiles,1414944331.0
WLDN,Willdan Group Inc. Common Stock,Consumer Discretionary,Military/Government/Technical,1413597191.0
TTI,Tetra Technologies Inc. Common Stock,Energy,Oil & Gas Production,1409409754.0
GCT,GigaCloud Technology Inc Class A Ordinary Shares,Consumer Discretionary,Catalog/Specialty Distribution,1404914167.0
WGS,GeneDx Holdings Corp. Class A Common Stock,Technology,Retail: Computer Software & Peripheral Equipment,1404540557.0
HCSG,Healthcare Services Group Inc. Common Stock,Health Care,Hospital/Nursing Management,1402421681.0
WLFC,Willis Lease Finance Corporation Common Stock,Consumer Discretionary,Industrial Specialties,1401268623.0
AAT,American Assets Trust Inc. Common Stock,Real Estate,Real Estate Investment Trusts,1398485522.0
JJSF,J & J Snack Foods Corp. Common Stock,Consumer Staples,Specialty Foods,1398067163.0
NNAVW,NextNav Inc. Warrant,Industrials,Industrial Machinery/Components,1393021147.0
ENOV,Enovis Corporation Common Stock,Health Care,Industrial Specialties,1392439367.0
NNE,Nano Nuclear Energy Inc. Common Stock,Utilities,Electric Utilities: Central,1392186449.0
ALMR,Alamar Biosciences Inc. Common Stock,Industrials,Biotechnology: Laboratory Analytical Instruments,1390382391.0
RYZ,Ryerson Holding Corporation Common Stock,Industrials,Metal Fabrications,1384910044.0
OLPX,Olaplex Holdings Inc. Common Stock,Consumer Discretionary,Package Goods/Cosmetics,1377686461.0
RVLV,Revolve Group Inc. Class A Common Stock,Consumer Discretionary,Catalog/Specialty Distribution,1376013092.0
EYE,National Vision Holdings Inc. Common Stock,Health Care,Ophthalmic Goods,1372398471.0
CRI,Carter's Inc. Common Stock,Consumer Discretionary,Apparel,1371929856.0
AFGE,American Financial Group Inc. 4.500% Subordinated Debentures due 2060,Finance,Property-Casualty Insurers,1368436096.0
MAN,ManpowerGroup Common Stock,Consumer Discretionary,Professional Services,1365920635.0
LEG,Leggett & Platt Incorporated Common Stock,Consumer Discretionary,Home Furnishings,1362960235.0
MRTN,Marten Transport Ltd. Common Stock,Industrials,Trucking Freight/Courier Services,1361722663.0
PFBC,Preferred Bank Common Stock,Finance,Major Banks,1360585407.0
UVV,Universal Corporation Common Stock,Industrials,Farming/Seeds/Milling,1358829002.0
BLKB,Blackbaud Inc. Common Stock,Technology,Computer Software: Prepackaged Software,1358212374.0
OI,O-I Glass Inc. Common Stock,Consumer Discretionary,Containers/Packaging,1353635141.0
ORC,Orchid Island Capital Inc. Common Stock,Real Estate,Real Estate Investment Trusts,1349973528.0
AI,C3.ai Inc. Class A Common Stock,Technology,Computer Software: Prepackaged Software,1349755452.0
NRP,Natural Resource Partners LP Limited Partnership,Energy,Coal Mining,1349289454.0
PAHC,Phibro Animal Health Corporation Class A Common Stock,Health Care,Biotechnology: Pharmaceutical Preparations,1349182454.0
LIND,Lindblad Expeditions Holdings Inc. Common Stock,Consumer Discretionary,Transportation Services,1348802011.0
SPH,Suburban Propane Partners L.P. Common Stock,Consumer Discretionary,Other Specialty Stores,1346100627.0
WWW,Wolverine World Wide Inc. Common Stock,Consumer Discretionary,Shoe Manufacturing,1345448368.0
PRG,PROG Holdings Inc. Common Stock,Consumer Discretionary,Diversified Commercial Services,1340593771.0
MLTX,MoonLake Immunotherapeutics Class A Ordinary Shares,Health Care,Biotechnology: Pharmaceutical Preparations,1339064053.0
NSSC,NAPCO Security Technologies Inc. Common Stock,Telecommunications,Telecommunications Equipment,1336559677.0
DFH,Dream Finders Homes Inc. Class A Common Stock,Consumer Discretionary,Homebuilding,1335501953.0
ASST,Strive Inc. Class A Common Stock,Technology,Computer Software: Prepackaged Software,1330834711.0
IDT,IDT Corporation Class B Common Stock,Telecommunications,Telecommunications Equipment,1326532567.0
DMLP,Dorchester Minerals L.P. Common Units Representing Limited Partnership Interests,Energy,Oil & Gas Production,1325577212.0
FCEL,FuelCell Energy Inc. Common Stock,Energy,Industrial Machinery/Components,1324976429.0
ARDT,Ardent Health Inc. Common Stock,Health Care,Hospital/Nursing Management,1323120786.0
UAN,CVR Partners LP Common Units representing Limited Partner Interests,Industrials,Agricultural Chemicals,1323001463.0
FOR,Forestar Group Inc Common Stock ,Finance,Real Estate,1322146359.0
TWO,Two Harbors Investment Corp,Real Estate,Real Estate Investment Trusts,1313079163.0
NPKI,NPK International Inc. Common Stock,Consumer Discretionary,Oil and Gas Field Machinery,1310617999.0
WINA,Winmark Corporation Common Stock,Consumer Discretionary,Other Specialty Stores,1305349041.0
ARRY,Array Technologies Inc. Common Stock,Consumer Discretionary,Miscellaneous manufacturing industries,1304447685.0
MPLT,MapLight Therapeutics Inc. Common Stock,Health Care,Biotechnology: Pharmaceutical Preparations,1303688185.0
UMH,UMH Properties Inc. Common Stock,Real Estate,Real Estate Investment Trusts,1303042784.0
WABC,Westamerica Bancorporation Common Stock,Finance,Major Banks,1300293189.0
GIII,G-III Apparel Group LTD. Common Stock,Consumer Discretionary,Apparel,1300273825.0
CDRE,Cadre Holdings Inc. Common Stock,Health Care,Industrial Specialties,1297190740.0
ACDC,ProFrac Holding Corp. Class A Common Stock,Energy,Oilfield Services/Equipment,1293583384.0
LADR,Ladder Capital Corp Class A Common Stock,Real Estate,Real Estate Investment Trusts,1293277691.0
CMP,Compass Minerals Intl Inc Common Stock,Industrials,Mining & Quarrying of Nonmetallic Minerals (No Fuels),1283505865.0
SEPN,Septerna Inc. Common Stock,Health Care,Biotechnology: Pharmaceutical Preparations,1278342116.0
IPX,IperionX Limited American Depositary Share,Basic Materials,Other Metals and Minerals,1276762871.0
ATEC,Alphatec Holdings Inc. Common Stock,Health Care,Medical/Dental Instruments,1271837552.0
PRA,ProAssurance Corporation Common Stock,Finance,Property-Casualty Insurers,1270582214.0
ADTN,ADTRAN Holdings Inc. Common Stock,Utilities,Telecommunications Equipment,1269240227.0
VTOL,Bristow Group Inc. Common Stock,Consumer Discretionary,Transportation Services,1265064380.0
BHRB,Burke & Herbert Financial Services Corp. Common Stock,Finance,Major Banks,1264803323.0
KMTS,Kestra Medical Technologies Ltd. Common Stock,Health Care,Medical/Dental Instruments,1263199359.0
INSP,Inspire Medical Systems Inc. Common Stock,Health Care,Medical/Dental Instruments,1263168628.0
SVV,Savers Value Village Inc. Common Stock,Consumer Discretionary,Other Specialty Stores,1262686496.0
GOLD,Gold.com Inc. Common Stock,Industrials,Other Specialty Stores,1258789832.0
ALX,Alexander's Inc. Common Stock,Real Estate,Real Estate Investment Trusts,1257516944.0
ATLC,Atlanticus Holdings Corporation Common Stock,Finance,Finance: Consumer Services,1256910271.0
PRGS,Progress Software Corporation Common Stock (DE),Technology,Computer Software: Prepackaged Software,1253101006.0
FTRE,Fortrea Holdings Inc. Common Stock,Health Care,Medical Specialities,1250612000.0
ICFI,ICF International Inc. Common Stock,Consumer Discretionary,Professional Services,1247921127.0
UAMY,United States Antimony Corporation Common Stock,Industrials,Metal Fabrications,1247722937.0
DSGR,Distribution Solutions Group Inc. Common Stock,Consumer Discretionary,Industrial Specialties,1247269455.0
CNOBP,ConnectOne Bancorp Inc. Depositary Shares each representing a 1/40th interest in a share of 5.25% Fixed-Rate Reset Non-Cumulative Perpetual Preferred Stock Series A,Finance,Major Banks,1246651766.0
AVBP,ArriVent BioPharma Inc. Common Stock,Health Care,Biotechnology: Pharmaceutical Preparations,1244947825.0
ENR,Energizer Holdings Inc. Common Stock,Miscellaneous,Industrial Machinery/Components,1244847957.0
RVMDW,Revolution Medicines Inc. Warrant,Health Care,Biotechnology: Biological Products (No Diagnostic Substances),1241563338.0
PEBO,Peoples Bancorp Inc. Common Stock,Finance,Major Banks,1240796688.0
TMP,Tompkins Financial Corporation Common Stock,Finance,Major Banks,1234056338.0
AMAL,Amalgamated Financial Corp. Common Stock (DE),Finance,Major Banks,1233222758.0
CXM,Sprinklr Inc. Class A Common Stock,Technology,Computer Software: Prepackaged Software,1233015782.0
XPEL,XPEL Inc. Common Stock,Industrials,Industrial Specialties,1232251639.0
YELP,Yelp Inc. Common Stock,Consumer Discretionary,Other Consumer Services,1231241863.0
HROW,Harrow Inc. Common Stock,Health Care,Biotechnology: Pharmaceutical Preparations,1230078531.0
SBET,Sharplink Inc. Common Stock,Technology,Computer Software: Prepackaged Software,1228627097.0
NSP,Insperity Inc. Common Stock,Consumer Discretionary,Professional Services,1224849050.0
CCO,Clear Channel Outdoor Holdings Inc. Common Stock,Consumer Discretionary,Advertising,1221560414.0
PRCH,Porch Group Inc. Common Stock,Technology,Computer Software: Prepackaged Software,1220959970.0
LUCK,Lucky Strike Entertainment Corporation Class A Common Stock,Consumer Discretionary,Services-Misc. Amusement & Recreation,1218669917.0
VIA,Via Transportation Inc. Class A Common Stock,Technology,Computer Software: Prepackaged Software,1216999189.0
CTBI,Community Trust Bancorp Inc. Common Stock,Finance,Major Banks,1211520191.0
PRSU,Pursuit Attractions and Hospitality Inc. Common Stock,Consumer Discretionary,Business Services,1210755477.0
UFCS,United Fire Group Inc. Common Stock,Finance,Property-Casualty Insurers,1210201350.0
WAFDP,WaFd Inc. Depositary Shares,Finance,Major Banks,1207707206.0
AVLN,Avalyn Pharma Inc. Common Stock,Health Care,Biotechnology: Pharmaceutical Preparations,1205859435.0
TROX,Tronox Holdings plc Ordinary Shares (UK),Industrials,Major Chemicals,1204406910.0
SBH,Sally Beauty Holdings Inc. (Name to be changed from Sally Holdings Inc.) Common Stock,Consumer Discretionary,Other Specialty Stores,1203101008.0
NEO,NeoGenomics Inc. Common Stock,Health Care,Precision Instruments,1201854729.0
ZBIO,Zenas BioPharma Inc. Common Stock,Health Care,Biotechnology: Pharmaceutical Preparations,1197640162.0
OLMA,Olema Pharmaceuticals Inc. Common Stock,Health Care,Biotechnology: Pharmaceutical Preparations,1194913403.0
ATEX,Anterix Inc. Common Stock,Telecommunications,Telecommunications Equipment,1190849754.0
DEC,Diversified Energy Company Common Stock,,,1188954948.0
TDOC,Teladoc Health Inc. Common Stock,Health Care,Medical/Nursing Services,1185970982.0
SCL,Stepan Company Common Stock,Consumer Discretionary,Package Goods/Cosmetics,1182682729.0
ABTC,American Bitcoin Corp. Class A Common Stock,Technology,EDP Services,1179944658.0
MBINM,Merchants Bancorp Depositary Shares Each Representing a 1/40th Interest in a Share of 8.25% Fixed-Rate Reset Series D Non-Cumulative Perpetual Preferred Stock,Finance,Major Banks,1179621277.0
PNTG,The Pennant Group Inc. Common Stock ,Health Care,Medical/Nursing Services,1179315533.0
SCCD,Sachem Capital Corp. 6.00% Notes due 2026,Real Estate,Real Estate Investment Trusts,1178822971.0
NCZ,Virtus Convertible & Income Fund II Common Shares of Beneficial Interest,Finance,Finance Companies,1178271795.0
IRMD,iRadimed Corporation Common Stock,Health Care,Medical/Dental Instruments,1177317524.0
IART,Integra LifeSciences Holdings Corporation Common Stock,Health Care,Medical/Dental Instruments,1174733235.0
BV,BrightView Holdings Inc. Common Stock,Consumer Discretionary,Business Services,1173388000.0
TRIP,TripAdvisor Inc. Common Stock,Technology,Computer Software: Programming Data Processing,1172920584.0
SCCG,Sachem Capital Corp. 8.00% Notes due 2027,Real Estate,Real Estate Investment Trusts,1171011494.0
BLFS,BioLife Solutions Inc. Common Stock,Health Care,Biotechnology: Electromedical & Electrotherapeutic Apparatus,1170135089.0
SCCF,Sachem Capital Corp. 7.125% Notes due 2027,Real Estate,Real Estate Investment Trusts,1168407668.0
BFLY,Butterfly Network Inc. Class A Common Stock,Health Care,Medical Electronics,1167875581.0
WYFI,WhiteFiber Inc. Ordinary Shares,Finance,Finance: Consumer Services,1165763181.0
SCCE,Sachem Capital Corp. 6.00% Notes due 2027,Real Estate,Real Estate Investment Trusts,1163436728.0
SG,Sweetgreen Inc. Class A Common Stock,Consumer Discretionary,Restaurants,1162134485.0
FMBH,First Mid Bancshares Inc. Common Stock,Finance,Major Banks,1160448706.0
RCAT,Red Cat Holdings Inc. Common Stock,Technology,Computer Software: Prepackaged Software,1155005617.0
AVNS,Avanos Medical Inc. Common Stock,Health Care,Industrial Specialties,1152358156.0
RMIX,Suncrete Inc. Class A Common Stock,Industrials,Building Materials,1149922531.0
CSR,D/B/A Centerspace Common Stock,Real Estate,Real Estate Investment Trusts,1146646888.0
LFMDP,LifeMD Inc. 8.875% Series A Cumulative Perpetual Preferred Stock,Health Care,Medical/Nursing Services,1142564299.0
PSEC,Prospect Capital Corporation Common Stock,Finance,Finance: Consumer Services,1142297449.0
MBINL,Merchants Bancorp Depositary Shares Each Representing a 1/40thInterest in a Share of 7.25% Fixed Rate Series E Non-CumulativePerpetual Preferred Stock without par value,Finance,Major Banks,1141637289.0
SHAZ,SharonAI Holdings Inc. Class A Common Stock,Technology,EDP Services,1139613723.0
GIC,Global Industrial Company Common Stock,Industrials,Industrial Machinery/Components,1137885084.0
ULCC,Frontier Group Holdings Inc. Common Stock,Consumer Discretionary,Air Freight/Delivery Services,1137457208.0
MRVI,Maravai LifeSciences Holdings Inc. Class A Common Stock,Health Care,Biotechnology: Pharmaceutical Preparations,1136037074.0
LNN,Lindsay Corporation Common Stock,Industrials,Industrial Machinery/Components,1135101569.0
MCB,Metropolitan Bank Holding Corp. Common Stock,Finance,Major Banks,1130529434.0
AKTS,Aktis Oncology Inc. Common stock,Health Care,Biotechnology: Pharmaceutical Preparations,1124343272.0
SBR,Sabine Royalty Trust Common Stock,Energy,Oil & Gas Production,1123192739.0
EVLV,Evolv Technologies Holdings Inc. Class A Common Stock,Technology,Computer peripheral equipment,1122397598.0
CNMD,CONMED Corporation Common Stock,Health Care,Biotechnology: Electromedical & Electrotherapeutic Apparatus,1120965293.0
HFWA,Heritage Financial Corporation Common Stock,Finance,Banks,1120327446.0
UTZ,Utz Brands Inc Class A Common Stock ,Consumer Staples,Packaged Foods,1117994694.0
CDNA,CareDx Inc. Common Stock,Health Care,Medical Specialities,1117394574.0
ASTE,Astec Industries Inc. Common Stock,Industrials,Construction/Ag Equipment/Trucks,1116981965.0
LIFE,Ethos Technologies Inc. Class A Common Stock,Finance,Specialty Insurers,1114998437.0
HTLD,Heartland Express Inc. Common Stock,Industrials,Trucking Freight/Courier Services,1111977138.0
DSL,DoubleLine Income Solutions Fund Common Shares of Beneficial Interests,Finance,Trusts Except Educational Religious and Charitable,1109725489.0
CIM,Chimera Investment Corporation Common Stock,Real Estate,Real Estate Investment Trusts,1109146199.0
TDAY,USA TODAY Co. Inc. Common Stock,Consumer Discretionary,Newspapers/Magazines,1109067959.0
REAL,The RealReal Inc. Common Stock,Consumer Discretionary,Other Specialty Stores,1108487098.0
GHM,Graham Corporation Common Stock,Industrials,Industrial Machinery/Components,1108451272.0
DJTWW,Trump Media & Technology Group Corp. Warrants,Technology,Computer Software: Programming Data Processing,1107815312.0
SVC,Service Properties Trust Common Stock,Real Estate,Real Estate Investment Trusts,1106723903.0
XIFR,XPLR Infrastructure LP Common Units representing limited partner interests,Utilities,Electric Utilities: Central,1105819885.0
COLL,Collegium Pharmaceutical Inc. Common Stock,Health Care,Biotechnology: Pharmaceutical Preparations,1105018851.0
RJET,Republic Airways Holdings Inc. Common Stock,Consumer Discretionary,Air Freight/Delivery Services,1103770749.0
DEA,Easterly Government Properties Inc. Common Stock,Real Estate,Real Estate Investment Trusts,1103172633.0
ROCK,Gibraltar Industries Inc. Common Stock,Industrials,Steel/Iron Ore,1102830148.0
AIAI,AIAI Holdings Corporation Class A Common Stock,Technology,EDP Services,1102523363.0
PZZA,Papa John's International Inc. Common Stock,Consumer Discretionary,Restaurants,1098927268.0
COAG,Hemab Therapeutics Holdings Inc. Common Stock,Health Care,Biotechnology: Biological Products (No Diagnostic Substances),1098846940.0
CEVA,CEVA Inc. Common Stock,Technology,Computer Software: Programming Data Processing,1098494920.0
ASA,ASA  Gold and Precious Metals Limited,Industrials,Precious Metals,1097074573.0
JBIO,Jade Biosciences Inc. Common Stock,Health Care,Biotechnology: Pharmaceutical Preparations,1096282824.0
UVSP,Univest Financial Corporation Common Stock,Finance,Major Banks,1094340019.0
LZ,LegalZoom.com Inc. Common Stock,Technology,EDP Services,1091679779.0
INDI,indie Semiconductor Inc. Class A Common Stock,Technology,Semiconductors,1091406980.0
MMI,Marcus & Millichap Inc. Common Stock,Finance,Real Estate,1090402725.0
AORT,Artivion Inc. Common Stock,Health Care,Medical/Dental Instruments,1090283641.0
UVE,UNIVERSAL INSURANCE HOLDINGS INC Common Stock,Finance,Property-Casualty Insurers,1087975380.0
BTZ,BlackRock Credit Allocation Income Trust,Finance,Finance Companies,1087838100.0
UPWK,Upwork Inc. Common Stock,Technology,EDP Services,1086959606.0
DLX,Deluxe Corporation Common Stock,Consumer Discretionary,Publishing,1086455768.0
GOODN,Gladstone Commercial Corporation 6.625% Series E Cumulative Redeemable Preferred Stock,Real Estate,Real Estate,1084800713.0
OSBC,Old Second Bancorp Inc. Common Stock,Finance,Major Banks,1084194402.0
EYPT,EyePoint Inc. Common Stock,Industrials,Biotechnology: Laboratory Analytical Instruments,1084067983.0
ODC,Oil-Dri Corporation Of America Common Stock,Consumer Discretionary,Miscellaneous manufacturing industries,1083828524.0
GPRE,Green Plains Inc. Common Stock,Industrials,Major Chemicals,1083366792.0
PGY,Pagaya Technologies Ltd. Class A Ordinary Shares,Finance,Finance: Consumer Services,1083298340.0
SOUNW,SoundHound AI Inc. Warrant,Technology,Computer Software: Prepackaged Software,1081924088.0
NWPX,NWPX Infrastructure Inc. Common Stock,Industrials,Steel/Iron Ore,1081850518.0
JBGS,JBG SMITH Properties Common Shares ,Real Estate,Real Estate Investment Trusts,1081206643.0
OCFC,OceanFirst Financial Corp. Common Stock,Finance,Major Banks,1078273292.0
ALNT,Allient Inc. Common Stock,Industrials,Electrical Products,1077068965.0
NHP,National Healthcare Properties Inc. Class A Common Stock,,,1073888823.0
LQDT,Liquidity Services Inc. Common Stock,Consumer Discretionary,Business Services,1073569783.0
SMPL,The Simply Good Foods Company Common Stock,Consumer Staples,Packaged Foods,1073199825.0
AMN,AMN Healthcare Services Inc,Consumer Discretionary,Professional Services,1072822198.0
ABR,Arbor Realty Trust Common Stock,Real Estate,Real Estate Investment Trusts,1071451901.0
LGIH,LGI Homes Inc. Common Stock,Consumer Discretionary,Homebuilding,1071240385.0
XERS,Xeris Biopharma Holdings Inc. Common Stock,Health Care,Biotechnology: Pharmaceutical Preparations,1068654320.0
HYLN,Hyliion Holdings Corp. Class A Common Stock,Consumer Discretionary,Construction/Ag Equipment/Trucks,1068180168.0
PTA,Cohen & Steers Tax-Advantaged Preferred Securities and Income Fund Common Shares of Beneficial Interest,Finance,Trusts Except Educational Religious and Charitable,1067883189.0
SAFT,Safety Insurance Group Inc. Common Stock,Finance,Property-Casualty Insurers,1067779320.0
HMH,HMH Holding Inc. Class A Common Stock,Consumer Discretionary,Oil and Gas Field Machinery,1067498806.0
HTFC,Horizon Technology Finance Corporation 6.25% Notes due 2027,Finance,Finance: Consumer Services,1065344804.0
LPTH,LightPath Technologies Inc. Class A Common Stock,Technology,Semiconductors,1064280449.0
GTM,ZoomInfo Technologies Inc Common Stock,Technology,Computer Software: Prepackaged Software,1063932103.0
EVEX,Eve Holding Inc. Common Stock,Industrials,Aerospace,1062328981.0
CCB,Coastal Financial Corporation Common Stock,Finance,Major Banks,1062231965.0
CRVS,Corvus Pharmaceuticals Inc. Common Stock,Health Care,Biotechnology: Pharmaceutical Preparations,1060380247.0
FINV,FinVolution Group American Depositary Shares,Finance,Finance: Consumer Services,1060062069.0
FUBO,FuboTV Inc. Class A Common Stock,Consumer Discretionary,Movies/Entertainment,1057174121.0
MLKN,MillerKnoll Inc. Common Stock,Consumer Discretionary,Office Equipment/Supplies/Services,1056389609.0
SAFE,Safehold Inc. New Common Stock ,Real Estate,Real Estate Investment Trusts,1049802629.0
MNKD,MannKind Corporation Common Stock,Health Care,Biotechnology: Pharmaceutical Preparations,1044251561.0
DCBG,Dime Community Bancshares Inc. 9.000% Fixed-to-Floating Rate Subordinated Notes due 2034,Finance,Major Banks,1041353744.0
UPBD,Upbound Group Inc. Common Stock,Consumer Discretionary,Diversified Commercial Services,1039960072.0
ACVA,ACV Auctions Inc. Class A Common Stock,Consumer Discretionary,Business Services,1038780119.0
OCSL,Oaktree Specialty Lending Corporation Common Stock,Finance,Finance: Consumer Services,1036766606.0
BRBR,BellRing Brands Inc. Common Stock ,Consumer Staples,Packaged Foods,1036035644.0
RXT,Rackspace Technology Inc. Common Stock,Technology,Computer Software: Programming Data Processing,1034273371.0
PURR,Hyperliquid Strategies Inc Common Stock,Finance,Finance: Consumer Services,1032547450.0
HBT,HBT Financial Inc. Common Stock,Finance,Major Banks,1031767372.0
BST,BlackRock Science and Technology Trust Common Shares of Beneficial Interest,Finance,Finance Companies,1030117517.0
ETW,Eaton Vance Corporation Eaton Vance Tax-Managed Global Buy-Write Opportunites Fund Common Shares of Beneficial Interest,Finance,Investment Managers,1029123211.0
SVRA,Savara Inc. Common Stock,Health Care,Biotechnology: Pharmaceutical Preparations,1028734604.0
TNDM,Tandem Diabetes Care Inc. Common Stock,Health Care,Medical/Dental Instruments,1025537817.0
PDM,Piedmont Realty Trust Inc. Class A Common Stock,Real Estate,Building operators,1025155825.0
PLOW,Douglas Dynamics Inc. Common Stock,Industrials,Construction/Ag Equipment/Trucks,1022133486.0
BCX,BlackRock Resources Common Shares of Beneficial Interest,Finance,Finance/Investors Services,1021690440.0
TWFG,TWFG Inc. Class A Common Stock,Finance,Specialty Insurers,1021619287.0
RNP,Cohen & Steers REIT and Preferred and Income Fund Inc. Common Shares,Finance,Investment Managers,1021100690.0
BULLW,Webull Corporation Warrants,Finance,Investment Bankers/Brokers/Service,1021091837.0
GNK,Genco Shipping & Trading Limited Ordinary Shares New (Marshall Islands),Consumer Discretionary,Marine Transportation,1019267223.0
OPY,Oppenheimer Holdings Inc. Class A Common Stock (DE),Finance,Investment Bankers/Brokers/Service,1005053349.0
AEF,abrdn Emerging Markets ex-China Fund Inc. Common Stock,Finance,Finance/Investors Services,1004913000.0
NBN,Northeast Bank Common Stock,Finance,Major Banks,1004055000.0
THRM,Gentherm Inc Common Stock,Consumer Discretionary,Auto Parts:O.E.M.,1004047075.0
FSCO,FS Credit Opportunities Corp. Common Stock,Finance,Trusts Except Educational Religious and Charitable,1003680854.0
SBGI,Sinclair Inc. Class A Common Stock,Industrials,Broadcasting,1000214953.0
KURA,Kura Oncology Inc. Common Stock,Health Care,Biotechnology: Pharmaceutical Preparations,998711606.0
GSBD,Goldman Sachs BDC Inc. Common Stock,Finance,Investment Managers,997361934.0
GLIBA,GCI Liberty Inc. Series A GCI Group Common Stock,Telecommunications,Cable & Other Pay Television Services,996826750.0
GLIBK,GCI Liberty Inc. Series C GCI Group Common Stock,Telecommunications,Cable & Other Pay Television Services,996427700.0
SDGR,Schrodinger Inc. Common Stock,Health Care,Biotechnology: Pharmaceutical Preparations,993785629.0
HPK,HighPeak Energy Inc. Common Stock,Energy,Oil & Gas Production,991911116.0
MBC,MasterBrand Inc. Common Stock,Consumer Discretionary,Home Furnishings,986761189.0
EEX,Emerald Holding Inc. Common Stock,Consumer Discretionary,Business Services,985589126.0
AIZN,Assurant Inc. 5.25% Subordinated Notes due 2061,Finance,Property-Casualty Insurers,984464253.0
RR,Richtech Robotics Inc. Class B Common Stock,Industrials,Industrial Machinery/Components,984423641.0
SIGIP,Selective Insurance Group Inc. Depositary Shares each representing a 1/1000th interest in a share of 4.60% Non-Cumulative Preferred Stock Series B,Finance,Property-Casualty Insurers,983057518.0
CFFN,Capitol Federal Financial Inc. Common Stock,Finance,Savings Institutions,982466159.0
OMDA,Omada Health Inc. Common Stock,Health Care,Medical/Nursing Services,981494851.0
DAKT,Daktronics Inc. Common Stock,Consumer Discretionary,Miscellaneous manufacturing industries,979968652.0
GOODO,Gladstone Commercial Corporation 6.00% Series G Cumulative Redeemable Preferred Stock par value $0.001 per share,Real Estate,Real Estate,977821259.0
INNV,InnovAge Holding Corp. Common Stock,Health Care,Medical/Nursing Services,977302030.0
NMAX,Newsmax Inc. Class B Common Stock,Industrials,Broadcasting,976454476.0
WSR,Whitestone REIT Common Shares,Real Estate,Real Estate Investment Trusts,975971623.0
DFIN,Donnelley Financial Solutions Inc. Common Stock ,Consumer Discretionary,Other Consumer Services,974312625.0
SBSI,Southside Bancshares Inc. Common Stock,Finance,Major Banks,974071018.0
MSEX,Middlesex Water Company Common Stock,Utilities,Water Supply,970513784.0
SENEB,Seneca Foods Corp. Class B Common Stock,Consumer Staples,Packaged Foods,964204752.0
ESRT,Empire State Realty Trust Inc. Class A Common Stock,Real Estate,Real Estate Investment Trusts,962160555.0
BHFAL,Brighthouse Financial Inc. 6.25% Junior Subordinated Debentures due 2058,Finance,Life Insurance,961642441.0
MFA,MFA Financial Inc.,Real Estate,Real Estate Investment Trusts,960084392.0
VRTS,Virtus Investment Partners Inc. Common Stock,Finance,Investment Managers,959686362.0
LXRX,Lexicon Pharmaceuticals Inc. Common Stock,Health Care,Biotechnology: Pharmaceutical Preparations,959464202.0
OPK,OPKO Health Inc. Common Stock,Health Care,Biotechnology: Pharmaceutical Preparations,958967165.0
TRUP,Trupanion Inc. Common Stock,Health Care,Medical Specialities,958777975.0
FMN,Federated Hermes Premier Municipal Income Fund,Finance,Investment Managers,958722658.0
KODK,Eastman Kodak Company Common New,Consumer Discretionary,Industrial Machinery/Components,958432000.0
JCAP,Jefferson Capital Inc. Common Stock,Finance,Finance Companies,958185294.0
CRAI,CRA International Inc. Common Stock,Consumer Discretionary,Other Consumer Services,958016123.0
ESQ,Esquire Financial Holdings Inc. Common Stock,Finance,Commercial Banks,957248955.0
EQBK,Equity Bancshares Inc. Class A Common Stock,Finance,Major Banks,948856565.0
ACEL,Accel Entertainment Inc. ,Consumer Discretionary,Services-Misc. Amusement & Recreation,948227285.0
APEI,American Public Education Inc. Common Stock,Real Estate,Other Consumer Services,944689632.0
USPH,U.S. Physical Therapy Inc. Common Stock,Health Care,Medical/Nursing Services,942956166.0
NPK,National Presto Industries Inc. Common Stock,Industrials,Ordnance And Accessories,942864740.0
CVLG,Covenant Logistics Group Inc. Class A Common Stock,Industrials,Trucking Freight/Courier Services,941646698.0
HBNC,Horizon Bancorp Inc. Common Stock,Finance,Major Banks,941387872.0
SENEA,Seneca Foods Corp. Class A Common Stock,Consumer Staples,Packaged Foods,940859209.0
KOPN,Kopin Corporation Common Stock,Technology,Semiconductors,940210393.0
LXU,LSB Industries Inc. Common Stock,Basic Materials,Major Chemicals,938082539.0
BJRI,BJ's Restaurants Inc. Common Stock,Consumer Discretionary,Restaurants,936514133.0
AVR,Anteris Technologies Global Corp. Common Stock,Health Care,Industrial Specialties,936431993.0
MCBS,MetroCity Bankshares Inc. Common Stock,Finance,Major Banks,935033870.0
FCRX,Crescent Capital BDC Inc. 5.00% Notes due 2026,Finance,Finance: Consumer Services,932835432.0
UTL,UNITIL Corporation Common Stock,Utilities,Power Generation,932103918.0
RHLD,Resolute Holdings Management Common Stock ,Finance,Finance: Consumer Services,930861437.0
AZTA,Azenta Inc.,Technology,Industrial Machinery/Components,930152785.0
BOW,Bowhead Specialty Holdings Inc. Common Stock,Finance,Property-Casualty Insurers,929316391.0
AMC,AMC Entertainment Holdings Inc. Class A Common Stock,Consumer Discretionary,Movies/Entertainment,924224832.0
MBINN,Merchants Bancorp Depositary Shares Preferred Series C,Finance,Major Banks,923301701.0
GAINZ,Gladstone Investment Corporation 4.875% Notes due 2028,Finance,Finance: Consumer Services,922994405.0
INR,Infinity Natural Resources Inc. Class A Common Stock,Energy,Oil & Gas Production,921846955.0
HQH,abrdn Healthcare Investors Shares of Beneficial Interest,Finance,Finance Companies,921782345.0
GENVR,Gen Digital Inc. Contingent Value Rights,Technology,Computer Software: Prepackaged Software,920548370.0
PCRX,Pacira BioSciences Inc. Common Stock,Health Care,Biotechnology: Pharmaceutical Preparations,918774025.0
BHFAO,Brighthouse Financial Inc. Depositary Shares 6.75% Non-Cumulative Preferred Stock Series B,Finance,Life Insurance,917983644.0
PMT,PennyMac Mortgage Investment Trust Common Shares of Beneficial Interest,Real Estate,Real Estate Investment Trusts,915624801.0
TCBIO,Texas Capital Bancshares Inc. Depositary Shares 5.75% Fixed Rate Non-Cumulative Perpetual Preferred Stock Series B,Finance,Major Banks,914906172.0
NRGV,Energy Vault Holdings Inc. Common Stock,Miscellaneous,Industrial Machinery/Components,914402996.0
RWAYL,Runway Growth Finance Corp. 7.50% Notes due 2027,Finance,Finance: Consumer Services,914107792.0
BFST,Business First Bancshares Inc. Common Stock,Finance,Major Banks,909754629.0
CCOI,Cogent Communications Holdings Inc.,Consumer Discretionary,Telecommunications Equipment,909410360.0
VYX,NCR Voyix Corporation Common Stock,Miscellaneous,Office Equipment/Supplies/Services,908149283.0
CCNE,CNB Financial Corporation Common Stock,Finance,Major Banks,908129248.0
ROOT,Root Inc. Class A Common Stock,Finance,Property-Casualty Insurers,908112864.0
METC,Ramaco Resources Inc. Class A Common Stock,Energy,Coal Mining,907234093.0
CPF,Central Pacific Financial Corp New,Finance,Major Banks,906495683.0
RPC,Ridgepost Capital Inc. Class A Common Stock,Finance,Investment Managers,906466149.0
TRON,Tron Inc. Common Stock,Consumer Discretionary,Recreational Games/Products/Toys,906069742.0
EVC,Entravision Communications Corporation Common Stock,Industrials,Broadcasting,905665531.0
PHAT,Phathom Pharmaceuticals Inc. Common Stock,Health Care,Biotechnology: Pharmaceutical Preparations,903634947.0
MBWM,Mercantile Bank Corporation Common Stock,Finance,Major Banks,901722375.0
COUR,Coursera Inc. Common Stock,Technology,Computer Software: Prepackaged Software,900853880.0
HAFC,Hanmi Financial Corporation Common Stock,Finance,Major Banks,898053344.0
GDRX,GoodRx Holdings Inc. Class A Common Stock,Technology,EDP Services,897489738.0
FSBC,Five Star Bancorp Common Stock,Finance,Major Banks,896943380.0
JBSS,John B. Sanfilippo & Son Inc. Common Stock,Consumer Staples,Specialty Foods,896707298.0
SCSC,ScanSource Inc. Common Stock,Technology,Retail: Computer Software & Peripheral Equipment,896108484.0
PSIX,Power Solutions International Inc. Common Stock,Industrials,Industrial Machinery/Components,895970992.0
ARHS,Arhaus Inc. Class A Common Stock,Consumer Discretionary,Other Specialty Stores,894533204.0
ETON,Eton Pharmaceuticals Inc. Common Stock,Health Care,Biotechnology: Pharmaceutical Preparations,892716947.0
LANDO,Gladstone Land Corporation 6.00% Series B Cumulative Redeemable Preferred Stock,Real Estate,Real Estate Investment Trusts,892495695.0
BBDC,Barings BDC Inc. Common Stock,Finance,Diversified Financial Services,891055583.0
AMPL,Amplitude Inc. Class A Common Stock,Technology,Computer Software: Prepackaged Software,888548948.0
BANFP,BancFirst Corporation - BFC Capital Trust II Cumulative Trust Preferred Securities,Finance,Major Banks,887963617.0
PSNL,Personalis Inc. Common Stock,Health Care,Medical Specialities,886987700.0
SPTX,Seaport Therapeutics Inc. Common Stock,Health Care,Biotechnology: Pharmaceutical Preparations,886686798.0
BHFAP,Brighthouse Financial Inc. Depositary Shares 6.6% Non-Cumulative Preferred Stock Series A,Finance,Life Insurance,885808260.0
JANX,Janux Therapeutics Inc. Common Stock,Health Care,Biotechnology: Pharmaceutical Preparations,885492820.0
SCHL,Scholastic Corporation Common Stock,Consumer Discretionary,Books,885132127.0
NBBK,NB Bancorp Inc. Common Stock,Finance,Banks,884287904.0
AMTB,Amerant Bancorp Inc. Class A Common Stock,Finance,Major Banks,883909684.0
LANDP,Gladstone Land Corporation 6.00% Series C Cumulative Redeemable Preferred Stock,Real Estate,Real Estate Investment Trusts,880417455.0
SHEN,Shenandoah Telecommunications Co Common Stock,Telecommunications,Telecommunications Equipment,878513376.0
TRST,TrustCo Bank Corp NY Common Stock,Finance,Major Banks,878284001.0
MFIC,MidCap Financial Investment Corporation Common Stock,Finance,Finance/Investors Services,873149857.0
RUMBW,Rumble Inc. Warrant,Technology,Computer Software: Programming Data Processing,871757178.0
TALK,Talkspace Inc. Common Stock,Health Care,Medical/Nursing Services,871065343.0
ANNX,Annexon Inc. Common Stock,Health Care,Biotechnology: Pharmaceutical Preparations,870003877.0
ABX,Abacus Global Management Inc. Class A Common Stock,Finance,Investment Managers,867138198.0
CAPL,CrossAmerica Partners LP Common Units representing limited partner interests,Energy,Oil Refining/Marketing,865721770.0
CODI,D/B/A Compass Diversified Holdings Shares of Beneficial Interest,Consumer Discretionary,Home Furnishings,862204170.0
ORIC,Oric Pharmaceuticals Inc. Common Stock,Health Care,Biotechnology: Pharmaceutical Preparations,861266116.0
AVTX,Avalo Therapeutics Inc. Common Stock,Health Care,Biotechnology: Pharmaceutical Preparations,859447102.0
BCSF,Bain Capital Specialty Finance Inc. Common Stock,Finance,Finance/Investors Services,856912977.0
ARKO,ARKO Corp. Common Stock,Consumer Staples,Food Chains,855977051.0
MGTX,MeiraGTx Holdings plc Ordinary Shares,Health Care,Biotechnology: Biological Products (No Diagnostic Substances),855711928.0
SANA,Sana Biotechnology Inc. Common Stock,Health Care,Biotechnology: Biological Products (No Diagnostic Substances),854355181.0
LYTS,LSI Industries Inc. Common Stock,Consumer Discretionary,Building Products,853930517.0
WOOF,Petco Health and Wellness Company Inc. Class A Common Stock,Consumer Discretionary,Other Specialty Stores,853688029.0
SPIR,Spire Global Inc. Class A Common Stock,Consumer Discretionary,Telecommunications Equipment,851031374.0
LMB,Limbach Holdings Inc. Common Stock,Consumer Discretionary,Engineering & Construction,850687341.0
CGEM,Cullinan Therapeutics Inc. Common Stock,Health Care,Biotechnology: Biological Products (No Diagnostic Substances),850579357.0
BFS,Saul Centers Inc. Common Stock,Real Estate,Real Estate Investment Trusts,847219240.0
HNRG,Hallador Energy Company Common Stock,Energy,Coal Mining,846461840.0
AVO,Mission Produce Inc. Common Stock,Consumer Staples,Farming/Seeds/Milling,844488659.0
SMP,Standard Motor Products Inc. Common Stock,Consumer Discretionary,Auto Parts:O.E.M.,843778274.0
WGO,Winnebago Industries Inc. Common Stock,Industrials,Homebuilding,841755137.0
XNCR,Xencor Inc. Common Stock,Health Care,Biotechnology: Pharmaceutical Preparations,838541451.0
REPX,Riley Exploration Permian Inc. Common Stock,Energy,Oil & Gas Production,837463554.0
FMNB,Farmers National Banc Corp. Common Stock,Finance,Major Banks,837300397.0
MYE,Myers Industries Inc. Common Stock,Industrials,Plastic Products,836777134.0
CRCT,Cricut Inc. Class A Common Stock,Technology,Industrial Machinery/Components,835396563.0
MATW,Matthews International Corporation Class A Common Stock,Telecommunications,Metal Fabrications,834977241.0
CAC,Camden National Corporation Common Stock,Finance,Major Banks,834232018.0
AGNT,eXp World Holdings Inc. Common Stock,Finance,Real Estate,829835816.0
OMER,Omeros Corporation Common Stock,Health Care,Biotechnology: Pharmaceutical Preparations,829421568.0
EVMN,Evommune Inc. Common Stock,Health Care,Biotechnology: Pharmaceutical Preparations,823740168.0
CRSR,Corsair Gaming Inc. Common Stock,Technology,Computer peripheral equipment,822993025.0
GERN,Geron Corporation Common Stock,Health Care,Biotechnology: Pharmaceutical Preparations,821146847.0
MPB,Mid Penn Bancorp Common Stock,Finance,Major Banks,819908874.0
CTMX,CytomX Therapeutics Inc. Common Stock,Health Care,Biotechnology: Pharmaceutical Preparations,818562975.0
NUTX,Nutex Health Inc. Common Stock,Consumer Discretionary,Business Services,818260020.0
THFF,First Financial Corporation Common Stock,Finance,Major Banks,815546228.0
CERT,Certara Inc. Common Stock,Technology,Computer Software: Prepackaged Software,815158546.0
WEST,Westrock Coffee Company Common Stock,Consumer Staples,Beverages (Production/Distribution),814608983.0
EPC,Edgewell Personal Care Company Common Stock,Consumer Discretionary,Package Goods/Cosmetics,813796217.0
NX,Quanex Building Products Corporation Common Stock,Industrials,Metal Fabrications,813487846.0
AMPH,Amphastar Pharmaceuticals Inc. Common Stock,Health Care,Biotechnology: Pharmaceutical Preparations,811750639.0
HCMA,HCM III Acquisition Corp. Class A Ordinary Share,Consumer Discretionary,Hotels/Resorts,809862162.0
QDEL,QuidelOrtho Corporation Common Stock,Health Care,Biotechnology: In Vitro & In Vivo Diagnostic Substances,808745130.0
IMSR,Terrestrial Energy Inc. Common Stock  ,,,807226635.0
LBRX,LB Pharmaceuticals Inc Common Stock,Health Care,Biotechnology: Pharmaceutical Preparations,806387454.0
ESPR,Esperion Therapeutics Inc. Common Stock,Health Care,Biotechnology: Pharmaceutical Preparations,805761978.0
HTZWW,Hertz Global Holdings Inc Warrant,Consumer Discretionary,Rental/Leasing Companies,805199534.0
PFLT,PennantPark Floating Rate Capital Ltd. Common Stock,Finance,Finance: Consumer Services,804657137.0
EFOR,Everforth Inc. Common Stock,Consumer Discretionary,Professional Services,802517196.0
UMAC,Unusual Machines Inc. Common Stock,Technology,Radio And Television Broadcasting And Communications Equipment,801982028.0
EIG,Employers Holdings Inc Common Stock,Finance,Property-Casualty Insurers,800864232.0
ADAM,Adamas Trust Inc. Common Stock,Real Estate,Real Estate Investment Trusts,799763861.0
FCBC,First Community Bankshares Inc. (VA) Common Stock,Finance,Major Banks,799571975.0
EGBN,Eagle Bancorp Inc. Common Stock,Finance,Major Banks,798680183.0
MTUS,Metallus Inc. Common Shares,Industrials,Steel/Iron Ore,795507373.0
ABSI,Absci Corporation Common Stock,Health Care,Biotechnology: Commercial Physical & Biological Resarch,795115786.0
CCBG,Capital City Bank Group Common Stock,Finance,Major Banks,793676392.0
NAVI,Navient Corporation Common Stock,Finance,Investment Bankers/Brokers/Service,793191065.0
WLKP,Westlake Chemical Partners LP Common Units representing limited partner interests,Industrials,Major Chemicals,793032278.0
GO,Grocery Outlet Holding Corp. Common Stock,Consumer Staples,Food Chains,792865216.0
MRAM,Everspin Technologies Inc. Common Stock,Technology,Semiconductors,789714393.0
WRLD,World Acceptance Corporation Common Stock,Finance,Finance: Consumer Services,789481005.0
SPRY,ARS Pharmaceuticals Inc. Common Stock,Health Care,Biotechnology: Pharmaceutical Preparations,788467900.0
ODTX,Odyssey Therapeutics Inc. Common Stock,Health Care,Biotechnology: Biological Products (No Diagnostic Substances),787408458.0
HTB,HomeTrust Bancshares Inc. Common Stock,Finance,Savings Institutions,786994541.0
NB,NioCorp Developments Ltd. Common Stock,Basic Materials,Metal Mining,786170059.0
AURA,Aura Biosciences Inc. Common Stock,Health Care,Biotechnology: Biological Products (No Diagnostic Substances),785737841.0
AUROW,Aurora Innovation Inc. Warrant,Technology,EDP Services,785461837.0
SSYS,Stratasys Ltd. Ordinary Shares (Israel),Technology,Computer peripheral equipment,777276302.0
VOR,Vor Biopharma Inc. Common Stock,Health Care,Biotechnology: Biological Products (No Diagnostic Substances),776483617.0
KOP,Koppers Holdings Inc. Common Stock,Basic Materials,Forest Products,776196497.0
SPFI,South Plains Financial Inc. Common Stock,Finance,Major Banks,775785952.0
KRO,Kronos Worldwide Inc Common Stock,Basic Materials,Major Chemicals,775458002.0
BVS,Bioventus Inc. Class A Common Stock,Health Care,Medical/Dental Instruments,775202805.0
BBSI,Barrett Business Services Inc. Common Stock,Consumer Discretionary,Professional Services,774120136.0
GSBC,Great Southern Bancorp Inc. Common Stock,Finance,Major Banks,772654889.0
NXDR,Nextdoor Holdings Inc. Class A Common Stock,Technology,Computer Software: Programming Data Processing,770403205.0
HZO,MarineMax Inc.  (FL) Common Stock,Consumer Discretionary,Auto & Home Supply Stores,769223138.0
LMRI,Lumexa Imaging Holdings Inc. Common Stock,Health Care,Medical Specialities,768645880.0
CWH,Camping World Holdings Inc. Class A Common Stock,Consumer Discretionary,Retail-Auto Dealers and Gas Stations,767251280.0
APOG,Apogee Enterprises Inc. Common Stock,Consumer Discretionary,Auto Parts:O.E.M.,766074059.0
EFSCP,Enterprise Financial Services Corporation Depositary Shares Each Representing a 1/40th Interest in a Share of 5% Fixed Rate Non-Cumulative Perpetual Preferred Stock Series A,Finance,Major Banks,765557970.0
SMBC,Southern Missouri Bancorp Inc. Common Stock,Finance,Banks,759968452.0
PGC,Peapack-Gladstone Financial Corporation Common Stock,Finance,Commercial Banks,758878130.0
RILYN,BRC Group Holdings Inc. 6.50% Senior Notes Due 2026,Finance,Investment Managers,758157061.0
NXRT,NexPoint Residential Trust Inc. Common Stock,Real Estate,Real Estate Investment Trusts,758115396.0
TXO,TXO Partners L.P. Common Units Representing Limited Partner Interests,Energy,Oil & Gas Production,757374771.0
VTS,Vitesse Energy Inc. Common Stock,Energy,Oil & Gas Production,755829123.0
MITN,TPG Mortgage Investment Trust Inc. 9.500% Senior Notes due 2029,Real Estate,Real Estate Investment Trusts,750596443.0
NMFC,New Mountain Finance Corporation Common Stock,Finance,Finance/Investors Services,749951977.0
IBTA,Ibotta Inc. Class A Common Stock,Consumer Discretionary,Advertising,749919501.0
CGBD,Carlyle Secured Lending Inc. Common Stock,Finance,Finance: Consumer Services,748945071.0
ANRO,Alto Neuroscience Inc. Common Stock,Health Care,Biotechnology: Pharmaceutical Preparations,744693407.0
MITP,TPG Mortgage Investment Trust Inc. 9.500% Senior Notes due 2029,Real Estate,Real Estate Investment Trusts,743223197.0
RILYG,BRC Group Holdings Inc. 5.00% Senior Notes due 2026,Finance,Investment Managers,741078704.0
KFRC,Kforce Inc. Common Stock,Consumer Discretionary,Professional Services,740562960.0
BRSP,BrightSpire Capital Inc. Class A Common Stock,Real Estate,Real Estate Investment Trusts,738676629.0
RLMD,Relmada Therapeutics Inc. Common Stock,Health Care,Biotechnology: Pharmaceutical Preparations,738427170.0
BIOA,BioAge Labs Inc. Common Stock,Health Care,Biotechnology: Pharmaceutical Preparations,738359912.0
NIE,Virtus Equity & Convertible Income Fund Common Shares of Beneficial Interest,Finance,Investment Managers,733733393.0
DSP,Viant Technology Inc. Class A Common Stock,Technology,Computer Software: Programming Data Processing,733324587.0
CCNEP,CNB Financial Corporation Depositary Shares each representing a 1/40th ownership interest in a share of 7.125% Series A Fixed-Rate Non-Cumulative Perpetual Preferred Stock,Finance,Major Banks,732429201.0
IVR,INVESCO MORTGAGE CAPITAL INC Common Stock,Real Estate,Real Estate Investment Trusts,730519127.0
TBLD,Thornburg Income Builder Opportunities Trust Common Stock,Finance,Investment Managers,730504476.0
GRNT,Granite Ridge Resources Inc. Common Stock,Energy,Oil & Gas Production,728065865.0
FPH,Five Point Holdings LLC Class A Common Shares,Finance,Real Estate,727665170.0
GDOT,Green Dot Corporation Class A Common Stock $0.001 par value,Finance,Finance: Consumer Services,724373787.0
CBRL,Cracker Barrel Old Country Store Inc Common Stock,Consumer Discretionary,Restaurants,723949635.0
MITK,Mitek Systems Inc. Common Stock,Technology,Computer peripheral equipment,723896382.0
BHFAN,Brighthouse Financial Inc. Depositary shares each representing a 1/1000th interest in a share of 5.375% Non-Cumulative Preferred Stock Series C,Finance,Life Insurance,720944602.0
FTK,Flotek Industries Inc. Common Stock,Industrials,Major Chemicals,720655461.0
ORRF,Orrstown Financial Services Inc. Common Stock,Finance,Major Banks,719306397.0
GRPN,Groupon Inc. Common Stock,Consumer Discretionary,Advertising,719036741.0
RDVT,Red Violet Inc. Common Stock ,Technology,Computer Software: Prepackaged Software,714475759.0
SXC,SunCoke Energy Inc. Common Stock,Industrials,Steel/Iron Ore,712766863.0
CBLL,CeriBell Inc. Common Stock,Health Care,Biotechnology: Electromedical & Electrotherapeutic Apparatus,712184479.0
SMBK,SmartFinancial Inc. Common Stock,Finance,Major Banks,711980416.0
GEGGL,Great Elm Group Inc.  7.25% Notes due 2027,Technology,Computer Software: Prepackaged Software,711581153.0
NEWTP,NewtekOne Inc. Depositary Shares Non-Cumulative Perpetual Preferred Stock Series B,Finance,Major Banks,709929457.0
JBI,Janus International Group Inc. Common Stock,Industrials,Building Products,709240787.0
FWRG,First Watch Restaurant Group Inc. Common Stock,Consumer Discretionary,Restaurants,708299729.0
SLRC,SLR Investment Corp. Common Stock,Finance,Finance/Investors Services,707573603.0
FDUS,Fidus Investment Corporation Common Stock,Finance,Finance/Investors Services,707089801.0
QNST,QuinStreet Inc. Common Stock,Consumer Discretionary,Business Services,706003597.0
CYRX,CryoPort Inc. Common Stock,Health Care,Biotechnology: Pharmaceutical Preparations,705632382.0
ALRS,Alerus Financial Corporation Common Stock,Finance,Major Banks,704858520.0
CUBB,Customers Bancorp Inc 5.375% Subordinated Notes Due 2034,Finance,Major Banks,703938887.0
DGICB,Donegal Group Inc. Class B Common Stock,Finance,Property-Casualty Insurers,702089977.0
DC,Dakota Gold Corp. Common Stock,Basic Materials,Metal Mining,700443947.0
ASPI,ASP Isotopes Inc. Common Stock,Industrials,Major Chemicals,698764131.0
IBCP,Independent Bank Corporation Common Stock,Finance,Major Banks,698548722.0
SGP,SpyGlass Pharma Inc. Common Stock,Health Care,Medical/Dental Instruments,696751118.0
FISI,Financial Institutions Inc. Common Stock,Finance,Major Banks,696110043.0
OPFI,OppFi Inc. Class A Common Stock,Finance,Finance: Consumer Services,695954971.0
HSTM,HealthStream Inc. Common Stock,Technology,Computer Software: Programming Data Processing,695613626.0
BTBT,Bit Digital Inc. Ordinary Shares,Finance,Finance: Consumer Services,694888936.0
HRTG,Heritage Insurance Holdings Inc. Common Stock,Finance,Property-Casualty Insurers,694406284.0
CSV,Carriage Services Inc. Common Stock,Consumer Discretionary,Other Consumer Services,694096903.0
NTGR,NETGEAR Inc. Common Stock,Utilities,Telecommunications Equipment,692201098.0
ALLO,Allogene Therapeutics Inc. Common Stock,Health Care,Biotechnology: Biological Products (No Diagnostic Substances),690309122.0
NABL,N-able Inc. Common Stock,Technology,Computer Software: Prepackaged Software,689464541.0
PKE,Park Aerospace Corp. Common Stock,Industrials,Military/Government/Technical,689432611.0
CTO,CTO Realty Growth Inc. Common Stock,Real Estate,Real Estate Investment Trusts,688509605.0
SLDP,Solid Power Inc. Class A Common Stock,Miscellaneous,Industrial Machinery/Components,688450098.0
SWBI,Smith & Wesson Brands Inc. Common Stock,Industrials,Ordnance And Accessories,688318235.0
VELO,Velo3D Inc. Common stock,Technology,Industrial Machinery/Components,687211106.0
DSGN,Design Therapeutics Inc. Common Stock,Health Care,Biotechnology: Pharmaceutical Preparations,685153005.0
BBOT,BridgeBio Oncology Therapeutics Inc. Common Stock  ,Health Care,Biotechnology: Pharmaceutical Preparations,684915739.0
MRLN,Merlin Inc. Common Stock,Technology,EDP Services,684355529.0
FOXF,Fox Factory Holding Corp. Common Stock,Consumer Discretionary,Motor Vehicles,682720245.0
SKYH,Sky Harbour Group Corporation Class A Common Stock,Finance,Real Estate,682629260.0
VLGEA,Village Super Market Inc. Class A Common Stock,Consumer Staples,Food Chains,682573652.0
HIPO,Hippo Holdings Inc. Common Stock,Finance,Property-Casualty Insurers,682141025.0
FOF,Cohen & Steers Closed-End Opportunity Fund Inc. Common Stock,Finance,Investment Managers,681552770.0
TRNS,Transcat Inc. Common Stock,Industrials,Electrical Products,681436368.0
MGRE,Affiliated Managers Group Inc. 6.750% Junior Subordinated Notes due 2064,Finance,Investment Managers,678195944.0
SHBI,Shore Bancshares Inc Common Stock,Finance,Major Banks,676478925.0
PCTTW,PureCycle Technologies Inc. Warrant,Industrials,Major Chemicals,674602955.0
VEL,Velocity Financial Inc. Common Stock,Finance,Finance: Consumer Services,674013175.0
NEWTG,NewtekOne Inc. 8.50% Fixed Rate Senior Notes due 2029,Finance,Major Banks,673839411.0
SERV,Serve Robotics Inc. Common Stock,Consumer Discretionary,Industrial Specialties,673147675.0
FEIM,Frequency Electronics Inc. Common Stock,Industrials,Electrical Products,669349455.0
DLY,DoubleLine Yield Opportunities Fund Common Shares of Beneficial Interest,Finance,Investment Managers,669323075.0
RSVR,Reservoir Media Inc. Common Stock,Consumer Discretionary,Services-Misc. Amusement & Recreation,669122234.0
BLMN,Bloomin' Brands Inc. Common Stock,Consumer Discretionary,Restaurants,669075653.0
NEWTI,NewtekOne Inc. 8.00% Fixed Rate Senior Notes due 2028,Finance,Major Banks,668575041.0
EVER,EverQuote Inc. Class A Common Stock,Technology,Computer Software: Programming Data Processing,667847489.0
XFLT,XAI Octagon Floating Rate & Alternative Income Trust Common Shares of Beneficial Interest,Finance,Investment Managers,667517772.0
IHRT,iHeartMedia Inc. Class A Common Stock,Consumer Discretionary,Broadcasting,666582071.0
BZH,Beazer Homes USA Inc. Common Stock,Consumer Discretionary,Homebuilding,665851977.0
NGVC,Natural Grocers by Vitamin Cottage Inc. Common Stock,Consumer Staples,Food Chains,662653005.0
RWT,Redwood Trust Inc. Common Stock,Real Estate,Real Estate Investment Trusts,661139091.0
NXP,Nuveen Select Tax Free Income Portfolio Common Stock,Finance,Trusts Except Educational Religious and Charitable,660335484.0
KRUS,Kura Sushi USA Inc. Class A Common Stock,Consumer Discretionary,Restaurants,659387035.0
WTI,W&T Offshore Inc. Common Stock,Energy,Oil & Gas Production,659085202.0
METCB,Ramaco Resources Inc. Class B Common Stock,Energy,Coal Mining,658917865.0
TIPT,Tiptree Inc. Common Stock,Finance,Property-Casualty Insurers,655973510.0
PSTL,Postal Realty Trust Inc. Class A Common Stock,Real Estate,Real Estate Investment Trusts,654409196.0
MNTN,MNTN Inc. Class A Common Stock,Consumer Discretionary,Advertising,653792189.0
DJCO,Daily Journal Corp. (S.C.) Common Stock,Consumer Discretionary,Newspapers/Magazines,652048268.0
FBRT,Franklin BSP Realty Trust Inc. Common Stock,Real Estate,Real Estate Investment Trusts,651876686.0
SLDB,Solid Biosciences Inc. Common Stock,Health Care,Biotechnology: Biological Products (No Diagnostic Substances),651736392.0
SIBN,SI-BONE Inc. Common Stock,Health Care,Medical/Dental Instruments,651047474.0
RILYL,BRC Group Holdings Inc. Depositary Shares each representing 1/1000th in a share of 7.375% Series B Cumulative Perpetual Preferred Stock par value $0.0001,Finance,Investment Managers,648671442.0
BALY,Bally's Corporation Common Stock,Consumer Discretionary,Hotels/Resorts,646124094.0
CWBC,Community West Bancshares Common Stock,Finance,Major Banks,646065445.0
FET,Forum Energy Technologies Inc. Common Stock,Consumer Discretionary,Oil and Gas Field Machinery,645474731.0
IRWD,Ironwood Pharmaceuticals Inc. Class A Common Stock,Health Care,Biotechnology: Pharmaceutical Preparations,645284552.0
RILYT,BRC Group Holdings Inc. 6.00% Senior Notes Due 2028,Finance,Investment Managers,645012946.0
VMO,Invesco Municipal Opportunity Trust Common Stock,Finance,Trusts Except Educational Religious and Charitable,643384135.0
DGICA,Donegal Group Inc. Class A Common Stock,Finance,Property-Casualty Insurers,642440116.0
TRTX,TPG RE Finance Trust Inc. Common Stock,Real Estate,Real Estate Investment Trusts,642431217.0
RGR,Sturm Ruger & Company Inc. Common Stock,Industrials,Ordnance And Accessories,638407890.0
NCDL,Nuveen Churchill Direct Lending Corp. Common Stock,,,636105397.0
BSTZ,BlackRock Science and Technology Term Trust Common Shares of Beneficial Interest,Finance,Trusts Except Educational Religious and Charitable,635929721.0
BH,Biglari Holdings Inc. Class B Common Stock,Consumer Discretionary,Restaurants,635433759.0
BHFAM,Brighthouse Financial Inc. Depositary shares each representing a 1/1000th Interest in a Share of 4.625% Non-Cumulative Preferred Stock Series D,Finance,Life Insurance,635350382.0
CTGO,Contango Silver & Gold Inc. Common Stock,Basic Materials,Precious Metals,633886947.0
GAIN,Gladstone Investment Corporation Business Development Company,Finance,Finance: Consumer Services,633169275.0
MOV,Movado Group Inc. Common Stock,Consumer Discretionary,Consumer Specialties,632364779.0
TCBX,Third Coast Bancshares Inc. Common Stock,Finance,Banks,631826064.0
ACRS,Aclaris Therapeutics Inc. Common Stock,Health Care,Biotechnology: Pharmaceutical Preparations,631279834.0
RILYP,BRC Group Holdings Inc. Depositary Shares each representing a 1/1000th fractional interest in a share of Series A Cumulative Perpetual Preferred Stock,Finance,Investment Managers,631220064.0
CLYM,Climb Bio Inc. Common Stock,Health Care,Biotechnology: Pharmaceutical Preparations,629865753.0
RMR,The RMR Group Inc. Class A Common Stock,Consumer Discretionary,Professional Services,628397230.0
SMC,Summit Midstream Corporation Common Stock,Utilities,Natural Gas Distribution,627653918.0
CRMD,CorMedix Inc. Common Stock,Health Care,Biotechnology: Pharmaceutical Preparations,626046090.0
HOV,Hovnanian Enterprises Inc. Class A Common Stock,Consumer Discretionary,Homebuilding,624876155.0
RMT,Royce Micro-Cap Trust Inc. Common Stock,Finance,Investment Managers,624632945.0
OXM,Oxford Industries Inc. Common Stock,Industrials,Garments and Clothing,621811177.0
ELA,Envela Corporation Common Stock,Consumer Discretionary,Consumer Specialties,619228903.0
TLRY,Tilray Brands Inc. Common Stock ,Health Care, Medicinal Chemicals and Botanical Products ,616404554.0
GEMI,Gemini Space Station Inc. Class A Common Stock,Finance,Investment Bankers/Brokers/Service,615536054.0
GOOD,Gladstone Commercial Corporation Real Estate Investment Trust,Real Estate,Real Estate,613800671.0
SWIM,Latham Group Inc. Common Stock,Industrials,Plastic Products,612888495.0
PAR,PAR Technology Corporation Common Stock,Miscellaneous,Office Equipment/Supplies/Services,612093593.0
PD,PagerDuty Inc. Common Stock,Technology,Computer Software: Prepackaged Software,611898444.0
WASH,Washington Trust Bancorp Inc. Common Stock,Finance,Major Banks,611814879.0
BCAL,California BanCorp Common Stock,Finance,Major Banks,611774952.0
HIFS,Hingham Institution for Savings Common Stock,Finance,Banks,611729838.0
CSTL,Castle Biosciences Inc. Common Stock,Health Care,Medical Specialities,611148533.0
AIV,Apartment Investment and Management Company Common Stock,Real Estate,Real Estate Investment Trusts,609950216.0
CARE,Carter Bankshares Inc. Common Stock,Finance,Major Banks,609771954.0
KELYB,Kelly Services Inc. Class B Common Stock,Consumer Discretionary,Professional Services,609484360.0
HPP,Hudson Pacific Properties Inc. Common Stock,Finance,Real Estate,609137930.0
CNNE,Cannae Holdings Inc. Common Stock,Consumer Discretionary,Restaurants,609015413.0
AROW,Arrow Financial Corporation Common Stock,Finance,Major Banks,608598480.0
HY,Hyster-Yale Inc. Class A common stock,Industrials,Construction/Ag Equipment/Trucks,606990760.0
INN,Summit Hotel Properties Inc. Common Stock,Real Estate,Real Estate Investment Trusts,605760786.0
SABR,Sabre Corporation Common Stock,Technology,Computer Software: Programming Data Processing,604829308.0
MAMA,Mama's Creations Inc. Common Stock,Consumer Staples,Specialty Foods,602870670.0
ONT,Onterris Inc. Common Stock,Consumer Discretionary,Professional Services,600995345.0
MLAB,Mesa Laboratories Inc. Common Stock,Industrials,Industrial Machinery/Components,600215684.0
ASIX,AdvanSix Inc. Common Stock ,Industrials,Major Chemicals,600108141.0
SSSSL,SuRo Capital Corp. 6.00% Notes due 2026,Finance,Finance: Consumer Services,599830367.0
NPB,Northpointe Bancshares Inc. Common Stock,Finance,Major Banks,599649140.0
TRAX,First Tracks Biotherapeutics Inc. Ordinary Shares ,Health Care,Biotechnology: Pharmaceutical Preparations,599451106.0
ALOY,REalloys Inc. Common Stock,Technology,EDP Services,599280145.0
RILYZ,BRC Group Holdings Inc. 5.25% Senior Notes due 2028,Finance,Investment Managers,598047464.0
RRBI,Red River Bancshares Inc. Common Stock,Consumer Discretionary,Hotels/Resorts,597231927.0
SUJA,Suja Life Inc. Class A Common Stock,Consumer Staples,Beverages (Production/Distribution),597142686.0
EGY,VAALCO Energy Inc.  Common Stock,Energy,Oil & Gas Production,596357207.0
GDYN,Grid Dynamics Holdings Inc. Class A Common Stock,Technology,Computer Software: Prepackaged Software,596253765.0
SSTK,Shutterstock Inc. Common Stock,Technology,EDP Services,595890587.0
CABA,Cabaletta Bio Inc. Common Stock,Health Care,Biotechnology: Biological Products (No Diagnostic Substances),595150005.0
CLFD,Clearfield Inc. Common Stock,Utilities,Telecommunications Equipment,594267086.0
SDHC,Smith Douglas Homes Corp. Class A Common Stock,Consumer Discretionary,Homebuilding,593655070.0
PFIS,Peoples Financial Services Corp. Common Stock,Finance,Major Banks,593144699.0
ZVRA,Zevra Therapeutics Inc. Common Stock,Health Care,Biotechnology: Pharmaceutical Preparations,592924293.0
NFBK,Northfield Bancorp Inc. Common Stock (Delaware),Finance,Savings Institutions,591793783.0
WHFCL,WhiteHorse Finance Inc. 7.875% Notes due 2028,,,591769020.0
KE,Kimball Electronics Inc. Common Stock,Technology,Electrical Products,591603555.0
EIKN,Eikon Therapeutics Inc. Common Stock,Health Care,Biotechnology: Biological Products (No Diagnostic Substances),590652431.0
EVGO,EVgo Inc. Class A Common Stock,Technology,EDP Services,590055606.0
RYAM,Rayonier Advanced Materials Inc. Common Stock,Basic Materials,Paper,588738533.0
GYRE,Gyre Therapeutics Inc. Common Stock,Health Care,Biotechnology: Pharmaceutical Preparations,587991631.0
CASS,Cass Information Systems Inc Common Stock,Consumer Discretionary,Business Services,587181817.0
UHT,Universal Health Realty Income Trust Common Stock,Real Estate,Real Estate Investment Trusts,586937795.0
ARVN,Arvinas Inc. Common Stock,Health Care,Biotechnology: Pharmaceutical Preparations,586497690.0
GOGO,Gogo Inc. Common Stock,Consumer Discretionary,Telecommunications Equipment,585582805.0
CADL,Candel Therapeutics Inc. Common Stock,Health Care,Biotechnology: Biological Products (No Diagnostic Substances),585429210.0
AMSF,AMERISAFE Inc. Common Stock,Finance,Property-Casualty Insurers,580752090.0
BHB,Bar Harbor Bankshares Inc. Common Stock,Finance,Major Banks,580448746.0
NPCE,Neuropace Inc. Common Stock,Health Care,Medical/Dental Instruments,576866165.0
MGR,Affiliated Managers Group Inc. 5.875% Junior Subordinated Notes due 2059,Finance,Investment Managers,575628396.0
IDR,Idaho Strategic Resources Inc. Common Stock,Basic Materials,Precious Metals,573423586.0
MSBI,Midland States Bancorp Inc. Common Stock,Finance,Major Banks,572764346.0
ILPT,Industrial Logistics Properties Trust Common Shares of Beneficial Interest,Real Estate,Real Estate Investment Trusts,572323069.0
CBIO,Crescent Biopharma Inc. Common Stock,Health Care,Biotechnology: Pharmaceutical Preparations,571841932.0
ORN,Orion Group Holdings Inc. Common,Industrials,Military/Government/Technical,568733856.0
IIM,Invesco Value Municipal Income Trust Common Stock,Finance,Investment Managers,567645374.0
AMWD,American Woodmark Corporation Common Stock,Basic Materials,Forest Products,566757246.0
SD,SandRidge Energy Inc. Common Stock,Energy,Oil & Gas Production,564849363.0
TASK,TaskUs Inc. Class A Common Stock,Technology,EDP Services,564121743.0
ALT,Altimmune Inc. Common Stock,Health Care,Biotechnology: Pharmaceutical Preparations,563975047.0
DNUT,Krispy Kreme Inc. Common Stock,Consumer Staples,Food Chains,563748000.0
HUYA,HUYA Inc. American depositary shares each  representing one Class A ordinary share,Technology,Computer Software: Programming Data Processing,563303906.0
ADV,Advantage Solutions Inc. Class A Common Stock,Consumer Discretionary,Business Services,562523297.0
TCMD,Tactile Systems Technology Inc. Common Stock,Health Care,Medical/Dental Instruments,561650874.0
IIIV,i3 Verticals Inc. Class A Common Stock,Technology,Computer Software: Prepackaged Software,559188910.0
PRAA,PRA Group Inc. Common Stock,Finance,Finance: Consumer Services,558382600.0
INV,Innventure Inc. Common Stock,Finance,Blank Checks,558057127.0
ACNB,ACNB Corporation Common Stock,Finance,Major Banks,556045796.0
MCS,Marcus Corporation (The) Common Stock,Consumer Discretionary,Movies/Entertainment,555568261.0
BWMN,Bowman Consulting Group Ltd. Common Stock,Consumer Discretionary,Professional Services,555520400.0
FBIOP,Fortress Biotech Inc. 9.375% Series A Cumulative Redeemable Perpetual Preferred Stock,Health Care,Biotechnology: Pharmaceutical Preparations,554758502.0
RFI,Cohen & Steers Total Return Realty Fund Inc. Common Stock,Finance,Investment Managers,553792338.0
TDUP,ThredUp Inc. Class A Common Stock,Consumer Discretionary,Catalog/Specialty Distribution,553585229.0
PHR,Phreesia Inc. Common Stock,Consumer Discretionary,Business Services,551023750.0
TYG,Tortoise Energy Infrastructure Corporation Common Stock,Finance,Investment Managers,550830561.0
BWBBP,Bridgewater Bancshares Inc. Depositary Shares Each Representing a 1/100th Interest in a Share of 5.875% Non-Cumulative Perpetual Preferred Stock Series A,Finance,Major Banks,550696498.0
MG,Mistras Group Inc Common Stock,Consumer Discretionary,Military/Government/Technical,549792248.0
TECX,Tectonic Therapeutic Inc. Common Stock,Health Care,Biotechnology: Biological Products (No Diagnostic Substances),549470696.0
NRDS,NerdWallet Inc. Class A Common Stock,Technology,EDP Services,549419838.0
NRIM,Northrim BanCorp Inc Common Stock,Finance,Savings Institutions,548111034.0
UNTY,Unity Bancorp Inc. Common Stock,Finance,Major Banks,548032431.0
LEGH,Legacy Housing Corporation Common Stock (TX),Consumer Discretionary,Homebuilding,546739007.0
VGM,Invesco Trust for Investment Grade Municipals Common Stock (DE),Finance,Trusts Except Educational Religious and Charitable,545573598.0
APPS,Digital Turbine Inc. Common Stock,Miscellaneous,Multi-Sector Companies,545544695.0
CERS,Cerus Corporation Common Stock,Technology,EDP Services,542999920.0
SFST,Southern First Bancshares Inc. Common Stock,Finance,Major Banks,541970058.0
MBUU,Malibu Boats Inc. Class A Common Stock,Industrials,Marine Transportation,541393551.0
CARS,Cars.com Inc. Common Stock ,Technology,EDP Services,539464211.0
MDXG,MiMedx Group Inc Common Stock,Health Care,Biotechnology: Pharmaceutical Preparations,539183546.0
FFIC,Flushing Financial Corporation Common Stock,Finance,Major Banks,537733145.0
PACK,Ranpak Holdings Corp Class A Common Stock,Consumer Discretionary,Containers/Packaging,537221815.0
RIGL,Rigel Pharmaceuticals Inc. Common Stock,Health Care,Biotechnology: Pharmaceutical Preparations,536745341.0
PRME,Prime Medicine Inc. Common Stock,Health Care,Biotechnology: Biological Products (No Diagnostic Substances),536433829.0
CTRN,Citi Trends Inc. Common Stock,Consumer Discretionary,Clothing/Shoe/Accessory Stores,536358829.0
NGS,Natural Gas Services Group Inc. Common Stock,Energy,Oilfield Services/Equipment,535556496.0
OPENW,Opendoor Technologies Inc  Series K Warrants each whole warrant exercisable to purchase one share of Common Stock at an exercise price of $9.00 per warrant,Finance,Real Estate,534560568.0
XMAX,XMAX Inc. Common Stock,Consumer Discretionary,Home Furnishings,533623515.0
FIP,FTAI Infrastructure Inc. Common Stock ,Energy,Oil Refining/Marketing,532917633.0
OIS,Oil States International Inc. Common Stock,Consumer Discretionary,Oil and Gas Field Machinery,532711723.0
KRNY,Kearny Financial Corp Common Stock,Finance,Savings Institutions,530861038.0
IPI,Intrepid Potash Inc Common Stock,Industrials,Mining & Quarrying of Nonmetallic Minerals (No Fuels),530739015.0
MLR,Miller Industries Inc. Common Stock,Consumer Discretionary,Construction/Ag Equipment/Trucks,530584537.0
SRTA,Strata Critical Medical Inc. Class A Common Stock,Consumer Discretionary,Transportation Services,530407874.0
VKQ,Invesco Municipal Trust Common Stock,Finance,Trusts Except Educational Religious and Charitable,530114234.0
KRT,Karat Packaging Inc. Common Stock,Industrials,Plastic Products,530037058.0
ANGX,Angel Studios Inc. Class A Common Stock,Consumer Discretionary,Movies/Entertainment,529411114.0
MAX,MediaAlpha Inc. Class A Common Stock,Consumer Discretionary,Business Services,529355083.0
CIVB,Civista Bancshares Inc. Common Stock,Finance,Major Banks,529144040.0
PROK,ProKidney Corp. Class A Ordinary Shares,Health Care,Biotechnology: Biological Products (No Diagnostic Substances),528604346.0
BME,Blackrock Health Sciences Trust,Finance,Trusts Except Educational Religious and Charitable,528120843.0
MSBIP,Midland States Bancorp Inc. Depositary Shares Each Representing a 1/40th Interest in a Share of 7.750% Fixed-Rate Reset Non-Cumulative Perpetual Preferred Stock Series A,Finance,Major Banks,527158789.0
KYTX,Kyverna Therapeutics Inc. Common Stock,Health Care,Biotechnology: Biological Products (No Diagnostic Substances),527094488.0
BBNX,Beta Bionics Inc. Common Stock,Health Care,Medical/Dental Instruments,526719235.0
OOMA,Ooma Inc. Common Stock,Technology,EDP Services,525987529.0
AHRT,AH Realty Trust Inc. Common Stock,Finance,Real Estate,525611340.0
PANL,Pangaea Logistics Solutions Ltd. Common Shares,Consumer Discretionary,Marine Transportation,524627682.0
ACIC,American Coastal Insurance Corporation Common Stock,Finance,Property-Casualty Insurers,523411708.0
DNA,Ginkgo Bioworks Holdings Inc. Class A Common Stock,Health Care,Biotechnology: Biological Products (No Diagnostic Substances),522559109.0
XOMA,XOMA Royalty Corporation Common Stock,Health Care,Biotechnology: Pharmaceutical Preparations,522333900.0
BWB,Bridgewater Bancshares Inc. Common Stock,Finance,Major Banks,521976630.0
MEC,Mayville Engineering Company Inc. Common Stock,Industrials,Industrial Specialties,521572453.0
BDN,Brandywine Realty Trust Common Stock,Real Estate,Real Estate Investment Trusts,521135535.0
TRC,Tejon Ranch Co Common Stock,Finance,Real Estate,519831505.0
CCSI,Consensus Cloud Solutions Inc. Common Stock,Technology,Computer Software: Prepackaged Software,518362241.0
CTNM,Contineum Therapeutics Inc. Class A Common Stock,Health Care,Biotechnology: Pharmaceutical Preparations,518175185.0
CTKB,Cytek Biosciences Inc. Common Stock,Industrials,Biotechnology: Laboratory Analytical Instruments,517861774.0
AQST,Aquestive Therapeutics Inc. Common Stock,Health Care,Biotechnology: Pharmaceutical Preparations,516854490.0
IIIN,Insteel Industries Inc. Common Stock,Industrials,Steel/Iron Ore,516535705.0
PRTA,Prothena Corporation plc Ordinary Shares,Health Care,Biotechnology: Pharmaceutical Preparations,514632320.0
EBF,Ennis Inc. Common Stock,Consumer Discretionary,Office Equipment/Supplies/Services,512939322.0
CBNK,Capital Bancorp Inc. Common Stock,Finance,Major Banks,512585091.0
IQI,Invesco Quality Municipal Income Trust Common Stock,Finance,Finance Companies,511386317.0
OLP,One Liberty Properties Inc. Common Stock,Real Estate,Real Estate Investment Trusts,510575083.0
HBCP,Home Bancorp Inc. Common Stock,Finance,Banks,509535736.0
TREE,LendingTree Inc. Common Stock,Finance,Finance: Consumer Services,508168916.0
CPS,Cooper-Standard Holdings Inc. Common Stock,Consumer Discretionary,Auto Parts:O.E.M.,505137830.0
VCV,Invesco California Value Municipal Income Trust Common Stock,Finance,Trusts Except Educational Religious and Charitable,502850513.0
MNRO,Monro Inc. Common Stock,Consumer Discretionary,Automotive Aftermarket,502829305.0
ETD,Ethan Allen Interiors Inc. Common Stock,Consumer Discretionary,Home Furnishings,502310732.0
ALTI,AlTi Global Inc. Class A Common Stock,Finance,Investment Managers,500338872.0
FTHY,First Trust High Yield Opportunities 2027 Term Fund Common Stock,Finance,Investment Managers,500112650.0
BSRR,Sierra Bancorp Common Stock,Finance,Major Banks,499494037.0
CLDT,Chatham Lodging Trust (REIT) Common Shares of Beneficial Interest,Real Estate,Real Estate Investment Trusts,499489054.0
CHCT,Community Healthcare Trust Incorporated Common Stock,Real Estate,Real Estate Investment Trusts,496577762.0
CRNC,Cerence Inc. Common Stock,Technology,Computer Software: Prepackaged Software,496162143.0
XRN,Chiron Real Estate Inc. Common Stock,Real Estate,Real Estate Investment Trusts,495247339.0
ETO,Eaton Vance Tax-Advantage Global Dividend Opp Common Stock,Finance,Investment Managers,493610717.0
ANGO,AngioDynamics Inc. Common Stock,Health Care,Medical/Dental Instruments,492521467.0
RBBN,Ribbon Communications Inc. Common Stock,Technology,EDP Services,491427997.0
MVST,Microvast Holdings Inc. Common Stock,Miscellaneous,Industrial Machinery/Components,486409781.0
OSPN,OneSpan Inc. Common Stock,Technology,EDP Services,486395792.0
FLGT,Fulgent Genetics Inc. Common Stock,Health Care,Medical Specialities,485934660.0
RPD,Rapid7 Inc. Common Stock,Technology,Computer Software: Prepackaged Software,485858593.0
YORW,York Water Company (The) Common Stock,Utilities,Water Supply,484172956.0
MATV,Mativ Holdings Inc. Common Stock,Basic Materials,Paper,481726321.0
ACHV,Achieve Life Sciences Inc. Common Shares,Health Care,Biotechnology: In Vitro & In Vivo Diagnostic Substances,481470977.0
PUBM,PubMatic Inc. Class A Common Stock,Technology,Computer Software: Programming Data Processing,481152847.0
ASPN,Aspen Aerogels Inc. Common Stock,Consumer Discretionary,RETAIL: Building Materials,479860453.0
IMMX,Immix Biopharma Inc. Common Stock,Health Care,Biotechnology: Pharmaceutical Preparations,477732329.0
FBIZ,First Business Financial Services Inc. Common Stock,Finance,Major Banks,477312435.0
MGRB,Affiliated Managers Group Inc. 4.750% Junior Subordinated Notes due 2060,Finance,Investment Managers,473344970.0
TWI,Titan International Inc. (DE) Common Stock,Industrials,Steel/Iron Ore,473133906.0
CVGW,Calavo Growers Inc. Common Stock,Consumer Discretionary,Specialty Foods,472769390.0
PRTH,Priority Technology Holdings Inc. Common Stock,Consumer Discretionary,Business Services,471895124.0
KIDS,OrthoPediatrics Corp. Common Stock,Health Care,Medical/Dental Instruments,471833340.0
COFS,ChoiceOne Financial Services Inc. Common Stock,Finance,Major Banks,470815100.0
STTK,Shattuck Labs Inc. Common Stock,Health Care,Biotechnology: Pharmaceutical Preparations,467751154.0
BBW,Build-A-Bear Workshop Inc. Common Stock,Consumer Discretionary,Recreational Games/Products/Toys,465100309.0
DDD,3D Systems Corporation Common Stock,Technology,Computer Software: Prepackaged Software,462883217.0
ZSQR,Z Squared Inc. Common Stock,Finance,Finance: Consumer Services,461854807.0
OVID,Ovid Therapeutics Inc. Common Stock,Health Care,Biotechnology: Pharmaceutical Preparations,461001052.0
BLZE,Backblaze Inc. Class A Common Stock,Technology,Computer Software: Prepackaged Software,460200000.0
TOI,The Oncology Institute Inc. Common Stock,Health Care,Medical/Nursing Services,458921662.0
IMXI,International Money Express Inc. Common Stock,Consumer Discretionary,Business Services,458038168.0
GUT,Gabelli Utility Trust (The) Common Stock,Finance,Trusts Except Educational Religious and Charitable,458009941.0
SCVL,Shoe Carnival Inc. Common Stock,Consumer Discretionary,Clothing/Shoe/Accessory Stores,457886455.0
AIOT,PowerFleet Inc. Common Stock,Telecommunications,Telecommunications Equipment,457442215.0
CAL,Caleres Inc. Common Stock,Consumer Discretionary,Shoe Manufacturing,456870227.0
OBT,Orange County Bancorp Inc. Common Stock,Finance,Major Banks,456539131.0
JOUT,Johnson Outdoors Inc. Class A Common Stock,Consumer Discretionary,Recreational Games/Products/Toys,456277584.0
ERII,Energy Recovery Inc. Common Stock,Technology,Industrial Machinery/Components,456175542.0
ITIC,Investors Title Company Common Stock,Finance,Specialty Insurers,455497915.0
UPB,Upstream Bio Inc. Common Stock,Health Care,Biotechnology: Pharmaceutical Preparations,455495283.0
FPI,Farmland Partners Inc. Common Stock,Real Estate,Real Estate Investment Trusts,454927406.0
SFIX,Stitch Fix Inc. Class A Common Stock,Consumer Discretionary,Catalog/Specialty Distribution,454619992.0
WEAV,Weave Communications Inc. Common Stock,Technology,Computer Software: Prepackaged Software,454319776.0
CATX,Perspective Therapeutics Inc. Common Stock,Health Care,Medical/Dental Instruments,453903864.0
GLOO,Gloo Holdings Inc. Class A Common Stock,Technology,EDP Services,453687006.0
OCGN,Ocugen Inc. Common Stock,Health Care,Biotechnology: Biological Products (No Diagnostic Substances),453619287.0
ETB,Eaton Vance Tax-Managed Buy-Write Income Fund Eaton Vance Tax-Managed Buy-Write Income Fund Common Shares of Beneficial Interest,Finance,Investment Bankers/Brokers/Service,451732101.0
CLNE,Clean Energy Fuels Corp. Common Stock,Utilities,Natural Gas Distribution,451460500.0
SES,SES AI Corporation Class A Common Stock,Miscellaneous,Industrial Machinery/Components,450525704.0
ASMB,Assembly Biosciences Inc. Common Stock,Health Care,Biotechnology: Pharmaceutical Preparations,450396511.0
ACTG,Acacia Research Corporation (Acacia Tech) Common Stock,Miscellaneous,Multi-Sector Companies,450105355.0
FDMT,4D Molecular Therapeutics Inc. Common Stock,Health Care,Biotechnology: Biological Products (No Diagnostic Substances),449575784.0
PDLB,Ponce Financial Group Inc. Common Stock,Finance,Savings Institutions,449169322.0
NUAI,New Era Energy & Digital Inc. Common Stock,Energy,Oil & Gas Production,448718811.0
PKOH,Park-Ohio Holdings Corp. Common Stock,Industrials,Industrial Specialties,448502964.0
GETY,Getty Images Holdings Inc. Class A Common Stock,Consumer Discretionary,Business Services,448286391.0
BLW,Blackrock Limited Duration Income Trust,Consumer Discretionary,Other Consumer Services,444605100.0
EVH,Evolent Health Inc Class A Common Stock,Consumer Discretionary,Other Consumer Services,444300215.0
FBRX,Forte Biosciences Inc. Common Stock,Health Care,Biotechnology: Pharmaceutical Preparations,442137659.0
OSS,One Stop Systems Inc. Common Stock,Technology,Computer Manufacturing,441631573.0
HQL,abrdn Life Sciences Investors Shares of Beneficial Interest,Finance,Investment Managers,441432943.0
NVEC,NVE Corporation Common Stock,Technology,Semiconductors,441391398.0
ABAT,American Battery Technology Company Common Stock,Basic Materials,Metal Mining,440618541.0
ALIT,Alight Inc. Class A Common Stock,Consumer Discretionary,Business Services,439463940.0
SGMT,Sagimet Biosciences Inc. Series A Common Stock,Health Care,Biotechnology: Pharmaceutical Preparations,437820312.0
FULC,Fulcrum Therapeutics Inc. Common Stock,Health Care,Biotechnology: Pharmaceutical Preparations,437615191.0
EBS,Emergent BioSolutions Inc. Common Stock,Health Care,Biotechnology: Pharmaceutical Preparations,435988701.0
SWMR,Swarmer Inc Common Stock,Technology,Computer Software: Prepackaged Software,435630548.0
TITN,Titan Machinery Inc. Common Stock,Consumer Discretionary,Other Specialty Stores,435415240.0
VITL,Vital Farms Inc. Common Stock,Consumer Staples,Packaged Foods,434054839.0
FRPH,FRP Holdings Inc. Common Stock,Finance,Real Estate,433823323.0
NPWR,NET Power Inc. Class A Common Stock,Energy,Industrial Machinery/Components,433790044.0
GEVO,Gevo Inc. Common Stock,Industrials,Major Chemicals,430838052.0
OPTX,Syntec Optics Holdings Inc. Class A Common Stock,Technology,Electronic Components,430189097.0
NRC,NRC Health Common Stock,Health Care,Biotechnology: Commercial Physical & Biological Resarch,430000160.0
CMCO,Columbus McKinnon Corporation Common Stock,Industrials,Construction/Ag Equipment/Trucks,429366128.0
BRCC,BRC Inc. Class A Common Stock,Consumer Staples,Beverages (Production/Distribution),429143944.0
LOCO,El Pollo Loco Holdings Inc. Common Stock,Consumer Discretionary,Restaurants,428506043.0
GLAD,Gladstone Capital Corporation Common Stock,Consumer Discretionary,Textiles,428138658.0
ELMT,The Elmet Group Co. Common Stock,Industrials,Metal Fabrications,428098898.0
VUZI,Vuzix Corporation Common Stock,Technology,Radio And Television Broadcasting And Communications Equipment,427433446.0
GCBC,Greene County Bancorp Inc. Common Stock,Finance,Banks,426828909.0
MGRD,Affiliated Managers Group Inc. 4.200% Junior Subordinated Notes due 2061,Finance,Investment Managers,425896824.0
KLC,KinderCare Learning Companies Inc. Common Stock,Consumer Discretionary,Other Consumer Services,423973310.0
VREX,Varex Imaging Corporation Common Stock,Technology,Industrial Machinery/Components,423947000.0
STRO,Sutro Biopharma Inc. Common Stock,Health Care,Biotechnology: Biological Products (No Diagnostic Substances),423706125.0
MNPR,Monopar Therapeutics Inc. Common Stock,Health Care,Biotechnology: Pharmaceutical Preparations,422844793.0
GBFH,GBank Financial Holdings Inc. Common Stock,Finance,Commercial Banks,422678982.0
LDI,loanDepot Inc. Class A Common Stock,Finance,Finance: Consumer Services,422279874.0
CCRN,Cross Country Healthcare Inc. Common Stock $0.0001 Par Value,Consumer Discretionary,Professional Services,421941226.0
BMRC,Bank of Marin Bancorp Common Stock,Finance,Major Banks,421579970.0
ATNI,ATN International Inc. Common Stock,Telecommunications,Telecommunications Equipment,421281564.0
PNRG,PrimeEnergy Resources Corporation Common Stock,Energy,Oil & Gas Production,419450320.0
EVN,Eaton Vance Municipal Income Trust Common Stock,Finance,Investment Managers,419281913.0
CBAN,Colony Bankcorp Inc. Common Stock,Finance,Major Banks,418961446.0
CCAP,Crescent Capital BDC Inc. Common stock,Finance,Finance: Consumer Services,418938474.0
GTN,Gray Media Inc. Common Stock,Industrials,Broadcasting,418145512.0
MOBI,Mobia Medical Inc. Common Stock,Health Care,Medical/Dental Instruments,416875927.0
BSVN,Bank7 Corp. Common stock,Finance,Major Banks,416851680.0
KREF,KKR Real Estate Finance Trust Inc. Common Stock,Real Estate,Real Estate Investment Trusts,416666702.0
MTW,Manitowoc Company Inc. (The) Common Stock,Industrials,Construction/Ag Equipment/Trucks,415473887.0
LAND,Gladstone Land Corporation Common Stock,Real Estate,Real Estate Investment Trusts,415405198.0
BWFG,Bankwell Financial Group Inc. Common Stock,Finance,Major Banks,415322946.0
ALMU,Aeluma Inc. Common Stock,Technology,Semiconductors,414432784.0
BBBY,Bed Bath & Beyond Inc. Common Stock,Consumer Discretionary,Catalog/Specialty Distribution,414055572.0
SIDU,Sidus Space Inc. Class A Common Stock,Telecommunications,Telecommunications Equipment,414028052.0
NATH,Nathan's Famous Inc. Common Stock,Consumer Discretionary,Restaurants,413821513.0
SGU,Star Group L.P. Common Stock,Consumer Discretionary,Other Specialty Stores,413379216.0
ZUMZ,Zumiez Inc. Common Stock,Consumer Discretionary,Clothing/Shoe/Accessory Stores,413274542.0
SPT,Sprout Social Inc Class A Common Stock,Technology,Computer Software: Prepackaged Software,409919769.0
DDT,Dillard's Capital Trust I,Consumer Discretionary,Department/Specialty Retail Stores,408386407.0
PLAY,Dave & Buster's Entertainment Inc. Common Stock,Consumer Discretionary,Restaurants,408188009.0
IPSC,Century Therapeutics Inc. Common Stock,Health Care,Biotechnology: Biological Products (No Diagnostic Substances),407601868.0
LYEL,Lyell Immunopharma Inc. Common Stock,Health Care,Biotechnology: Pharmaceutical Preparations,407413159.0
AMCX,AMC Global Media Inc. Class A Common Stock,Telecommunications,Cable & Other Pay Television Services,405892059.0
ENTA,Enanta Pharmaceuticals Inc. Common Stock,Health Care,Biotechnology: Pharmaceutical Preparations,405643401.0
BMBL,Bumble Inc. Class A Common Stock,Technology,Computer Software: Programming Data Processing,405640932.0
REPL,Replimune Group Inc. Common Stock,Health Care,Biotechnology: Biological Products (No Diagnostic Substances),405431559.0
FVR,FrontView REIT Inc. Common Stock,Real Estate,Real Estate Investment Trusts,402979578.0
WTBA,West Bancorporation Common Stock,Finance,Major Banks,402714589.0
RBB,RBB Bancorp Common Stock,Finance,Major Banks,402396699.0
LAB,Standard BioTools Inc. Common Stock,Industrials,Biotechnology: Laboratory Analytical Instruments,402079163.0
GCO,Genesco Inc. Common Stock,Consumer Discretionary,Clothing/Shoe/Accessory Stores,401971452.0
LXEO,Lexeo Therapeutics Inc. Common Stock,Health Care,Biotechnology: Biological Products (No Diagnostic Substances),401245550.0
EOLS,Evolus Inc. Common Stock,Health Care,Biotechnology: Pharmaceutical Preparations,401055434.0
FSTR,L.B. Foster Company Common Stock,Industrials,Metal Fabrications,398580295.0
MEI,Methode Electronics Inc. Common Stock,Technology,Electrical Products,398237932.0
SAJ,Saratoga Investment Corp 8.00% Notes due 2027,Finance,Investment Managers,397578824.0
DVLT,Datavault AI Inc. Common Stock,Technology,Semiconductors,397151878.0
RILY,BRC Group Holdings Inc. Common Stock,Finance,Investment Managers,396554723.0
SAZ,Saratoga Investment Corp 8.50% Notes due 2028,Finance,Investment Managers,395463626.0
BYND,Beyond Meat Inc. Common Stock,Consumer Staples,Packaged Foods,394700738.0
SAY,Saratoga Investment Corp 8.125% Notes due 2027,Finance,Investment Managers,394680220.0
CYH,Community Health Systems Inc. Common Stock,Health Care,Hospital/Nursing Management,394566794.0
LTBR,Lightbridge Corporation Common Stock,Consumer Discretionary,Professional Services,394350024.0
ISTR,Investar Holding Corporation Common Stock,Finance,Major Banks,393944788.0
CCCC,C4 Therapeutics Inc. Common Stock,Health Care,Biotechnology: Biological Products (No Diagnostic Substances),393619310.0
CBK,Commercial Bancgroup Inc. Common Stock,Finance,Major Banks,393089408.0
LEO,BNY Mellon Strategic Municipals Inc. Common Stock,Finance,Trusts Except Educational Religious and Charitable,391809472.0
RLGT,Radiant Logistics Inc. Common Stock,Industrials,Integrated Freight & Logistics,390576094.0
CLMB,Climb Global Solutions Inc. Common Stock,Technology,Retail: Computer Software & Peripheral Equipment,389797312.0
SAT,Saratoga Investment Corp 6.00% Notes due 2027,Finance,Investment Managers,389509737.0
FRBA,First Bank Common Stock,Finance,Commercial Banks,389331902.0
TBRG,TruBridge Inc. Common Stock,Technology,EDP Services,389077588.0
VKI,Invesco Advantage Municipal Income Trust II Common Shares of Beneficial Interest (DE),Finance,Finance Companies,388552675.0
ATLCZ,Atlanticus Holdings Corporation 9.25% Senior Notes due 2029,Finance,Finance: Consumer Services,386152713.0
NEWT,NewtekOne Inc. Common Stock,Finance,Major Banks,386132363.0
BNTC,Benitec Biopharma Inc. Common Stock,Health Care,Biotechnology: Pharmaceutical Preparations,385799171.0
MGPI,MGP Ingredients Inc.,Consumer Staples,Beverages (Production/Distribution),385750828.0
DIN,Dine Brands Global Inc. Common Stock,Consumer Discretionary,Restaurants,385248765.0
RNGR,Ranger Energy Services Inc. Class A Common Stock,Energy,Oilfield Services/Equipment,385175909.0
GBLI,Global Indemnity Group LLC Class A Common Stock ,Finance,Property-Casualty Insurers,385027884.0
LWAY,Lifeway Foods Inc. Common Stock,Consumer Staples,Packaged Foods,384645121.0
BBCP,Concrete Pumping Holdings Inc. Common Stock,Consumer Discretionary,Engineering & Construction,384384951.0
NATR,Nature's Sunshine Products Inc. Common Stock,Health Care,Biotechnology: Pharmaceutical Preparations,384229431.0
OABI,OmniAb Inc. Common Stock,Health Care,Biotechnology: Commercial Physical & Biological Resarch,384177334.0
AVBC,Avidia Bancorp Inc. Common Stock,Finance,Banks,383657138.0
GLSI,Greenwich LifeSciences Inc. Common Stock,Health Care,Biotechnology: Pharmaceutical Preparations,383078003.0
MCFT,MasterCraft Boat Holdings Inc. Common Stock,Industrials,Marine Transportation,381600622.0
XFOR,X4 Pharmaceuticals Inc. Common Stock,Health Care,Biotechnology: Biological Products (No Diagnostic Substances),381051572.0
BOC,Boston Omaha Corporation Class A Common Stock,Finance,Real Estate,380967220.0
TACO,Berto Acquisition Corp. Ordinary Shares,Finance,Blank Checks,380821324.0
DCTH,Delcath Systems Inc. Common Stock,Health Care,Medical/Dental Instruments,380428550.0
BXC,Bluelinx Holdings Inc. Common Stock,Consumer Discretionary,Wholesale Distributors,380169996.0
ATLCL,Atlanticus Holdings Corporation 6.125% Senior Notes due 2026,Finance,Finance: Consumer Services,379648770.0
XRX,Xerox Holdings Corporation Common Stock,Technology,Computer peripheral equipment,379251134.0
FMAO,Farmers & Merchants Bancorp Inc. Common Stock,Finance,Savings Institutions,379175898.0
PACB,Pacific Biosciences of California Inc. Common Stock,Industrials,Biotechnology: Laboratory Analytical Instruments,378934059.0
CZNC,Citizens & Northern Corp Common Stock,Finance,Major Banks,377502467.0
OPAL,OPAL Fuels Inc. Class A Common Stock,Utilities,Natural Gas Distribution,377474215.0
SOR,Source Capital Inc. Cmn Shs of BI,Finance,Investment Managers,376753407.0
AIRS,AirSculpt Technologies Inc. Common Stock,Health Care,Medical/Nursing Services,376008480.0
PAYS,Paysign Inc. Common Stock,Technology,EDP Services,375686795.0
HNST,The Honest Company Inc. Common Stock,Consumer Discretionary,Catalog/Specialty Distribution,375368077.0
MAGN,Magnera Corporation Common Stock,Basic Materials,Paper,374468000.0
ULH,Universal Logistics Holdings Inc. Common Stock,Industrials,Trucking Freight/Courier Services,374449612.0
XPER,Xperi Inc. Common Stock ,Technology,Computer Software: Prepackaged Software,374103784.0
STRZ,Starz Entertainment Corp. Common Shares,Consumer Discretionary,Movies/Entertainment,373892789.0
CMPX,Compass Therapeutics Inc. Common Stock,Health Care,Biotechnology: Biological Products (No Diagnostic Substances),372781984.0
VSTM,Verastem Inc. Common Stock,Health Care,Biotechnology: Pharmaceutical Preparations,372584229.0
VNDA,Vanda Pharmaceuticals Inc. Common Stock,Health Care,Biotechnology: Pharmaceutical Preparations,372239129.0
PBFS,Pioneer Bancorp Inc. Common Stock,Finance,Banks,372139727.0
QUAD,Quad Graphics Inc Class A Common Stock,Consumer Discretionary,Publishing,371744161.0
VMD,Viemed Healthcare Inc. Common Shares,Health Care,Misc Health and Biotechnology Services,369950139.0
KELYA,Kelly Services Inc. Class A Common Stock,Consumer Discretionary,Professional Services,369573565.0
CTEV,Claritev Corporation Class A Common Stock,Consumer Discretionary,Business Services,369425588.0
NC,NACCO Industries Inc. Common Stock,Energy,Coal Mining,369414484.0
PKBK,Parke Bancorp Inc. Common Stock,Finance,Major Banks,369407616.0
YEXT,Yext Inc. Common Stock,Technology,EDP Services,368492862.0
GNE,Genie Energy Ltd. Class B Common Stock Stock,Utilities,Power Generation,367803555.0
PLBC,Plumas Bancorp,Finance,Finance Companies,366942042.0
ORBS,Eightco Holdings Inc. Common Stock,,,366554506.0
QUIK,QuickLogic Corporation Common Stock,Technology,Semiconductors,366500849.0
ATLCP,Atlanticus Holdings Corporation 7.625% Series B Cumulative Perpetual Preferred Stock no par value per share,Finance,Finance: Consumer Services,364868322.0
SSSS,SuRo Capital Corp. Common Stock,Finance,Finance: Consumer Services,364200806.0
ALTO,Alto Ingredients Inc. Common Stock,Industrials,Major Chemicals,364180219.0
CNXU,Conexeu Sciences Inc. Common Stock,Health Care,Industrial Specialties,363727022.0
SAR,Saratoga Investment Corp New,Finance,Investment Managers,361632038.0
MYGN,Myriad Genetics Inc. Common Stock,Health Care,Biotechnology: In Vitro & In Vivo Diagnostic Substances,360792162.0
DUOT,Duos Technologies Group Inc. Common Stock,Technology,Computer Software: Prepackaged Software,360678669.0
PBYI,Puma Biotechnology Inc Common Stock,Health Care,Biotechnology: Pharmaceutical Preparations,360368148.0
DBI,Designer Brands Inc. Class A Common Stock,Consumer Discretionary,Clothing/Shoe/Accessory Stores,360321599.0
HVT,Haverty Furniture Companies Inc. Common Stock,Consumer Discretionary,Other Specialty Stores,359731140.0
MPTI,M-tron Industries Inc. Common Stock,Technology,Industrial Machinery/Components,358679769.0
LRMR,Larimar Therapeutics Inc. Common Stock,Health Care,Biotechnology: Pharmaceutical Preparations,358396133.0
MTRX,Matrix Service Company Common Stock,Consumer Discretionary,Engineering & Construction,358143911.0
LE,Lands' End Inc. Common Stock,Consumer Discretionary,Clothing/Shoe/Accessory Stores,358034316.0
ATOM,Atomera Incorporated Common Stock,Technology,Semiconductors,357740460.0
CDZI,CADIZ Inc. Common Stock,Utilities,Water Supply,356946284.0
BLND,Blend Labs Inc. Class A Common Stock,Technology,Computer Software: Programming Data Processing,355911484.0
FRST,Primis Financial Corp. Common Stock,Finance,Major Banks,354983792.0
AVIR,Atea Pharmaceuticals Inc. Common Stock,Health Care,Biotechnology: Pharmaceutical Preparations,353719778.0
NUCL,Eagle Nuclear Energy Corp. Common stock,Basic Materials,Other Metals and Minerals,353472790.0
VHI,Valhi Inc. Common Stock,Basic Materials,Major Chemicals,352929594.0
ACCO,Acco Brands Corporation Common Stock,Consumer Discretionary,Publishing,352424773.0
MCI,Barings Corporate Investors Common Stock,Finance,Trusts Except Educational Religious and Charitable,351946059.0
KTF,DWS Municipal Income Trust,Finance,Finance Companies,351558348.0
GSIT,GSI Technology Common Stock,Technology,Semiconductors,349558721.0
PCB,PCB Bancorp Common Stock,Finance,Major Banks,349320102.0
IMRX,Immuneering Corporation Class A Common Stock,Health Care,Biotechnology: Pharmaceutical Preparations,348718997.0
TTGT,TechTarget Inc. Common Stock,Telecommunications,Telecommunications Equipment,348483315.0
PMO,Putnam Municipal Opportunities Trust Common Stock,Finance,Finance Companies,348311062.0
TLS,Telos Corporation Common Stock,Technology,EDP Services,347160972.0
IRD,Opus Genetics Inc. Common Stock,Health Care,Biotechnology: Pharmaceutical Preparations,346744996.0
USNA,USANA Health Sciences Inc. Common Stock,Health Care, Medicinal Chemicals and Botanical Products ,345996826.0
NL,NL Industries Inc. Common Stock,Basic Materials,Major Chemicals,344482275.0
MLP,Maui Land & Pineapple Company Inc. Common Stock,Finance,Real Estate,343657684.0
CUB,Lionheart Holdings Class A Ordinary Shares,Industrials,Industrial Machinery/Components,343418307.0
CLPT,ClearPoint Neuro Inc. Common Stock,Health Care,Medical/Dental Instruments,343080601.0
FENC,Fennec Pharmaceuticals Inc. Common Stock,Health Care,Biotechnology: Biological Products (No Diagnostic Substances),342992130.0
NMRA,Neumora Therapeutics Inc. Common Stock,Health Care,Biotechnology: Biological Products (No Diagnostic Substances),342775851.0
ORGO,Organogenesis Holdings Inc. Class A Common Stock,Health Care,Biotechnology: Pharmaceutical Preparations,342274298.0
FWDI,Forward Industries Inc. Common Stock,Industrials,Plastic Products,342033021.0
PPT,Putnam Premier Income Trust Common Stock,Finance,Finance Companies,341381942.0
CHSCP,CHS Inc. 8%  Cumulative Redeemable Preferred Stock,Industrials,Farming/Seeds/Milling,341162911.0
BRCB,Black Rock Coffee Bar Inc. Class A Common Stock,Consumer Discretionary,Restaurants,340880046.0
PRLD,Prelude Therapeutics Incorporated Common Stock,Health Care,Biotechnology: Pharmaceutical Preparations,340085461.0
USCB,USCB Financial Holdings Inc. Class A Common Stock,Finance,Major Banks,340073818.0
PALI,Palisade Bio Inc. Common Stock,Health Care,Biotechnology: Biological Products (No Diagnostic Substances),338480357.0
BGS,B&G Foods Inc. Common Stock,Consumer Staples,Packaged Foods,338466394.0
FGBIP,First Guaranty Bancshares Inc. 6.75% Series A Fixed-Rate Non-Cumulative Perpetual Preferred Stock,Finance,Savings Institutions,338340296.0
BCML,BayCom Corp Common Stock,Finance,Major Banks,338297920.0
TSSI,TSS Inc. Common Stock,Consumer Discretionary,Professional Services,337168212.0
YDES,YD Bio Limited Ordinary Shares,Health Care,Medical Specialities,336448894.0
RMNI,Rimini Street Inc. (DE) Common Stock,Consumer Discretionary,Business Services,335992800.0
SIGA,SIGA Technologies Inc. Common Stock,Health Care,Biotechnology: Pharmaceutical Preparations,335668774.0
ARTNA,Artesian Resources Corporation Class A Common Stock,Utilities,Water Supply,334924769.0
MSB,Mesabi Trust Common Stock,Industrials,Precious Metals,334035455.0
GREEL,Greenidge Generation Holdings Inc. 8.50% Senior Notes due 2026,Finance,Finance: Consumer Services,333843782.0
AII,American Integrity Insurance Group Inc. Common Stock,Finance,Property-Casualty Insurers,333239797.0
CHMG,Chemung Financial Corp Common Stock,Finance,Major Banks,332278391.0
CV,CapsoVision Inc. Common Stock,Health Care,Biotechnology: Electromedical & Electrotherapeutic Apparatus,331758211.0
NECB,NorthEast Community Bancorp Inc. Common Stock,Finance,Banks,331431614.0
MVBF,MVB Financial Corp. Common Stock,Finance,Major Banks,331270448.0
WSBF,Waterstone Financial Inc. Common Stock (MD),Finance,Savings Institutions,330912993.0
WEYS,Weyco Group Inc. Common Stock,Consumer Staples,Apparel,330767409.0
CARL,Carlsmed Inc. Common Stock,Health Care,Medical/Dental Instruments,329209539.0
RGNX,REGENXBIO Inc. Common Stock,Health Care,Biotechnology: Biological Products (No Diagnostic Substances),328279893.0
AVBH,Avidbank Holdings Inc. Common stock,Finance,Commercial Banks,327669045.0
VGZ,Vista Gold Corp Common Stock,Basic Materials,Precious Metals,326975815.0
BNED,Barnes & Noble Education Inc Common Stock,Consumer Discretionary,Other Specialty Stores,326842014.0
NWFL,Norwood Financial Corp. Common Stock,Finance,Major Banks,326503156.0
SPCE,Virgin Galactic Holdings Inc. Common Stock,Consumer Discretionary,Transportation Services,326214339.0
CION,CION Investment Corporation Common Stock,Finance,Finance/Investors Services,326119326.0
ESOA,Energy Services of America Corporation Common Stock,Industrials,Water Sewer Pipeline Comm & Power Line Construction,325984592.0
RM,Regional Management Corp. Common Stock,Finance,Finance: Consumer Services,325600007.0
LCTX,Lineage Cell Therapeutics Inc. Common Stock,Health Care,Biotechnology: Biological Products (No Diagnostic Substances),324087784.0
IVVD,Invivyd Inc. Common Stock,Health Care,Biotechnology: Biological Products (No Diagnostic Substances),324068197.0
RCKT,Rocket Pharmaceuticals Inc. Common Stock,Health Care,Biotechnology: Pharmaceutical Preparations,323212905.0
NAUT,Nautilus Biotechnology Inc. Common Stock,Industrials,Biotechnology: Laboratory Analytical Instruments,322780292.0
FNLC,First Bancorp Inc  (ME) Common Stock,Finance,Major Banks,322261164.0
CHSCO,CHS Inc. Class B Cumulative Redeemable Preferred Stock,Industrials,Farming/Seeds/Milling,322017359.0
TENX,Tenax Therapeutics Inc. Common Stock,Health Care,Biotechnology: Pharmaceutical Preparations,321750179.0
OFSSH,OFS Capital Corporation 4.95% Notes due 2028,Finance,Finance Companies,320214064.0
ASYS,Amtech Systems Inc. Common Stock,Technology,Industrial Machinery/Components,320139863.0
PINE,Alpine Income Property Trust Inc. Common Stock,Real Estate,Real Estate Investment Trusts,318761637.0
DMAC,DiaMedica Therapeutics Inc. Common Stock,Health Care,Biotechnology: Pharmaceutical Preparations,318450569.0
SVCO,Silvaco Group Inc. Common Stock,Technology,Computer Software: Prepackaged Software,318386545.0
FJET,Starfighters Space Inc. Common Stock,Consumer Discretionary,Air Freight/Delivery Services,318052598.0
XOMAP,XOMA Royalty Corporation 8.625% Series A Cumulative Perpetual Preferred Stock,Health Care,Biotechnology: Pharmaceutical Preparations,317789700.0
XOMAO,XOMA Royalty Corporation Depositary Shares Rep Series B 8.375% Cumulative Preferred Stock,Health Care,Biotechnology: Pharmaceutical Preparations,317601585.0
EFT,Eaton Vance Floating Rate Income Trust Common Shares of Beneficial Interest,Finance,Finance Companies,316503715.0
ELMD,Electromed Inc. Common Stock,Health Care,Biotechnology: Electromedical & Electrotherapeutic Apparatus,316464046.0
WNC,Wabash National Corporation Common Stock,Industrials,Construction/Ag Equipment/Trucks,316036724.0
CHSCL,CHS Inc Class B Cumulative Redeemable Preferred Stock Series 4,Industrials,Farming/Seeds/Milling,315881357.0
TYGO,Tigo Energy Inc. Common Stock,Technology,Semiconductors,315788903.0
SBC,SBC Medical Group Holdings Incorporated Common Stock,Health Care,Medical/Nursing Services,315740115.0
ISBA,Isabella Bank Corporation Common stock,Finance,Major Banks,315593425.0
OPTU,Optimum Communications Inc. Class A common stock,Telecommunications,Cable & Other Pay Television Services,314993425.0
TSBK,Timberland Bancorp Inc. Common Stock,Finance,Banks,314370592.0
AENT,Alliance Entertainment Holding Corporation Class A Common Stock,Consumer Discretionary,Durable Goods,314003721.0
SSP,E.W. Scripps Company (The) Class A Common Stock,Industrials,Broadcasting,313069618.0
RPAY,Repay Holdings Corporation Class A Common Stock,Consumer Discretionary,Business Services,312959042.0
TCPC,BlackRock TCP Capital Corp. Common Stock,Finance,Finance/Investors Services,312957351.0
RZLT,Rezolute Inc. Common Stock (NV),Health Care,Biotechnology: Pharmaceutical Preparations,312950076.0
MBI,MBIA Inc. Common Stock,Finance,Property-Casualty Insurers,311716319.0
CXDO,Crexendo Inc. Common Stock,Telecommunications,Telecommunications Equipment,311511735.0
GBAB,Guggenheim Taxable Municipal Bond & Investment Grade Debt Trust Common Shares of Beneficial Interest,Finance,Investment Managers,311316980.0
TCI,Transcontinental Realty Investors Inc. Common Stock,Real Estate,Real Estate Investment Trusts,311015376.0
CHSCN,CHS Inc Preferred Class B Series 2 Reset Rate,Industrials,Farming/Seeds/Milling,310972556.0
SLP,Simulations Plus Inc. Common Stock,Technology,EDP Services,310558258.0
BKTI,BK Technologies Corporation Common Stock,Technology,Radio And Television Broadcasting And Communications Equipment,310356572.0
ABEO,Abeona Therapeutics Inc. Common Stock,Health Care,Biotechnology: Pharmaceutical Preparations,310053583.0
VALU,Value Line Inc. Common Stock,Finance,Investment Managers,309778854.0
SWKHL,SWK Holdings Corporation 9.00% Senior Notes due 2027,,,309758471.0
COSO,CoastalSouth Bancshares Inc. Common Stock,Finance,Major Banks,309072436.0
CHSCM,CHS Inc Class B Reset Rate Cumulative Redeemable Preferred Stock Series 3,Industrials,Farming/Seeds/Milling,307607573.0
SEG,Seaport Entertainment Group Inc. Common Stock,Consumer Discretionary,Services-Misc. Amusement & Recreation,307245840.0
ARMP,Armata Pharmaceuticals Inc. Common Stock,Health Care,Biotechnology: Biological Products (No Diagnostic Substances),306902372.0
ALCO,Alico Inc. Common Stock,,,306368468.0
SRZN,Surrozen Inc. Common Stock,Health Care,Biotechnology: Biological Products (No Diagnostic Substances),306165483.0
CZFS,Citizens Financial Services Inc. Common Stock,Finance,Major Banks,305593930.0
PTLO,Portillo's Inc. Class A Common Stock,Consumer Discretionary,Restaurants,305496181.0
HLLY,Holley Inc. Common Stock,Consumer Discretionary,Auto Parts:O.E.M.,304873631.0
DMRC,Digimarc Corporation Common Stock,Technology,EDP Services,304270218.0
FBYDW,Falcon's Beyond Global Inc. Warrants,Consumer Discretionary,Services-Misc. Amusement & Recreation,303105530.0
SI,Shoulder Innovations Inc. Common Stock,Health Care,Medical/Dental Instruments,302778100.0
STRT,STRATTEC SECURITY CORPORATION Common Stock,Consumer Discretionary,Auto Parts:O.E.M.,302712200.0
PDYN,Palladyne AI Corp. Common Stock,Technology,Computer Software: Prepackaged Software,302363040.0
CMTG,Claros Mortgage Trust Inc. Common Stock,Finance,Real Estate,301470343.0
RDNW,RideNow Group Inc. Class B Common Stock,Technology,EDP Services,301365845.0
FLXS,Flexsteel Industries Inc. Common Stock,Consumer Discretionary,Home Furnishings,301034398.0
FUND,Sprott Focus Trust Inc. Common Stock,Finance,Investment Managers,300780604.0
ELDN,Eledon Pharmaceuticals Inc. Common Stock,Health Care,Biotechnology: Pharmaceutical Preparations,300260631.0
PMM,Putnam Managed Municipal Income Trust Common Stock,Finance,Investment Managers,300231063.0
AIRJ,AirJoule Technologies Corporation Class A Common Stock,Industrials,Industrial Machinery/Components,299225874.0
RC,Ready Capital Corporation Common Stock,Real Estate,Real Estate Investment Trusts,299046519.0
OFLX,Omega Flex Inc. Common Stock,Industrials,Industrial Specialties,298892874.0
SABS,SAB Biotherapeutics Inc. Common Stock,Health Care,Biotechnology: Biological Products (No Diagnostic Substances),298209967.0
JMSB,John Marshall Bancorp Inc. Common Stock,Finance,Major Banks,297203416.0
CABO,Cable One Inc. Common Stock,Telecommunications,Cable & Other Pay Television Services,296576755.0
BRBS,Blue Ridge Bankshares Inc. Common Stock,Finance,Major Banks,294910412.0
ASLE,AerSale Corporation Common Stock,Consumer Discretionary,Industrial Specialties,294857653.0
ISSC,Innovative Solutions and Support Inc. Common Stock,Technology,EDP Services,293619978.0
CNDT,Conduent Incorporated Common Stock ,Consumer Discretionary,Business Services,291582010.0
NAGE,Niagen Bioscience Inc. Common Stock,Health Care, Medicinal Chemicals and Botanical Products ,291498237.0
FNKO,Funko Inc. Class A Common Stock,Consumer Discretionary,Recreational Games/Products/Toys,291399781.0
FCNCN,First Citizens BancShares Inc. Depositary Shares each representing a 1/40th interest in a share of 6.625% Non-Cumulative Perpetual Preferred Stock Series E,Finance,Major Banks,291180657.0
PPHC,Public Policy Holding Company Inc. Common Stock,,,290306697.0
LODE,Comstock Inc. Common Stock,Industrials,Major Chemicals,289987981.0
ONIT,Onity Group Inc. Common Stock,Finance,Finance: Consumer Services,289812549.0
ARDC,Ares Dynamic Credit Allocation Fund Inc. Common Shares,Finance,Investment Managers,289415680.0
ZNTL,Zentalis Pharmaceuticals Inc. Common Stock,Health Care,Biotechnology: Pharmaceutical Preparations,289016573.0
REI,Ring Energy Inc. Common Stock,Energy,Oil & Gas Production,288984668.0
MGNX,MacroGenics Inc. Common Stock,Health Care,Biotechnology: Pharmaceutical Preparations,287940947.0
NUS,Nu Skin Enterprises Inc. Common Stock,Health Care,Other Pharmaceuticals,287904720.0
OCCIN,OFS Credit Company Inc. 5.25% Series E Term Preferred Stock Due 2026,Finance,Trusts Except Educational Religious and Charitable,287508623.0
EU,enCore Energy Corp. Common Shares,Basic Materials,Other Metals and Minerals,287464846.0
CIX,CompX International Inc. Common Stock,Consumer Discretionary,Industrial Machinery/Components,287127228.0
OIA,Invesco Municipal Income Opportunities Trust Common Stock,Finance,Finance Companies,286109590.0
FNRN,First Northern Community Bancorp Common stock,Finance,Savings Institutions,285974115.0
FCCO,First Community Corporation Common Stock,Finance,Major Banks,285885943.0
NODK,NI Holdings Inc. Common Stock,Finance,Property-Casualty Insurers,285306417.0
NREF,NexPoint Real Estate Finance Inc. Common Stock,Real Estate,Real Estate Investment Trusts,284789621.0
LVWR,LiveWire Group Inc. Common Stock,Consumer Discretionary,Motor Vehicles,284618944.0
OVLY,Oak Valley Bancorp (CA) Common Stock,Finance,Major Banks,284038342.0
FVCB,FVCBankcorp Inc. Common Stock,Finance,Major Banks,282729602.0
LTRX,Lantronix Inc. Common Stock,Telecommunications,Computer Communications Equipment,281903864.0
ACV,Virtus Diversified Income & Convertible Fund Common Shares of Beneficial Interest,Finance,Finance/Investors Services,281665090.0
GCTS,GCT Semiconductor Holding Inc. Common Stock,Technology,Semiconductors,281645692.0
MIN,MFS Intermediate Income Trust Common Stock,Finance,Trusts Except Educational Religious and Charitable,281499539.0
MKTW,MarketWise Inc. Class A Common Stock,Technology,Computer Software: Prepackaged Software,281103716.0
XPOF,Xponential Fitness Inc. Class A Common Stock,Consumer Discretionary,Services-Misc. Amusement & Recreation,280789250.0
SITC,SITE Centers Corp. Common Stock,Real Estate,Real Estate Investment Trusts,280740576.0
NCMI,National CineMedia Inc. Common Stock,Consumer Discretionary,Advertising,280403064.0
HCKT,Hackett Group Inc (The). Common Stock,Consumer Discretionary,Professional Services,279848535.0
FWRD,Forward Air Corporation Common Stock,Industrials,Integrated Freight & Logistics,278300405.0
FLWS,1-800-FLOWERS.COM Inc. Common Stock,Consumer Discretionary,Other Specialty Stores,278187416.0
TARA,Protara Therapeutics Inc.  Common Stock,Health Care,Biotechnology: Biological Products (No Diagnostic Substances),276524846.0
MYFW,First Western Financial Inc. Common Stock,Finance,Major Banks,276399981.0
OPENL,Opendoor Technologies Inc  Series A Warrants each whole warrant exercisable to purchase one share of Common Stock at an exercise price of $13.00 per warrant,Finance,Real Estate,275625256.0
MASS,908 Devices Inc. Common Stock,Industrials,Industrial Machinery/Components,275283161.0
NVCT,Nuvectis Pharma Inc. Common Stock,Health Care,Biotechnology: Pharmaceutical Preparations,274539267.0
TG,Tredegar Corporation Common Stock,Industrials,Metal Fabrications,273831525.0
HRZN,Horizon Technology Finance Corporation Common Stock,Finance,Finance: Consumer Services,273727055.0
SGHT,Sight Sciences Inc. Common Stock,Health Care,Medical/Dental Instruments,273682008.0
AKBA,Akebia Therapeutics Inc. Common Stock,Health Care,Biotechnology: Pharmaceutical Preparations,273623408.0
BRT,BRT Apartments Corp. (MD) Common Stock,Real Estate,Real Estate Investment Trusts,273488310.0
EDIT,Editas Medicine Inc. Common Stock,Health Care,Biotechnology: Biological Products (No Diagnostic Substances),270221338.0
RCKY,Rocky Brands Inc. Common Stock,Consumer Discretionary,Shoe Manufacturing,269603727.0
WNEB,Western New England Bancorp Inc. Common Stock,Finance,Savings Institutions,269476468.0
RWAY,Runway Growth Finance Corp. Common Stock,Finance,Finance: Consumer Services,268375931.0
