symbol,n_snapshots,r2_direct,r2_+statistical,r2_total,marginal_statistical,marginal_derived,derived_share
GDV,74,0.6852,0.6974,0.7192,0.0122,0.0218,0.0304
TY,74,0.6807,0.6847,0.7047,0.0040,0.0200,0.0284
CII,74,0.6675,0.6715,0.6918,0.0040,0.0203,0.0293
CSQ,74,0.6606,0.6680,0.6927,0.0073,0.0247,0.0357
ECAT,16,0.6449,0.6513,0.6708,0.0064,0.0195,0.0290
MSFT,74,0.6369,0.6994,0.7170,0.0625,0.0176,0.0245
NIE,74,0.6265,0.6424,0.6692,0.0159,0.0268,0.0400
GAM,74,0.6245,0.6298,0.6522,0.0053,0.0223,0.0343
RVT,74,0.6144,0.6376,0.6909,0.0232,0.0533,0.0772
APH,74,0.5991,0.6129,0.6621,0.0138,0.0491,0.0742
BLK,74,0.5895,0.6031,0.6536,0.0136,0.0506,0.0774
AMP,74,0.5867,0.6206,0.6851,0.0339,0.0645,0.0941
BTX,22,0.5805,0.6335,0.6969,0.0530,0.0634,0.0910
RMT,74,0.5775,0.6068,0.6787,0.0293,0.0719,0.1059
BDJ,74,0.5751,0.5911,0.6173,0.0160,0.0262,0.0424
ASA,74,0.5708,0.5738,0.6034,0.0030,0.0296,0.0491
BST,74,0.5697,0.6308,0.6676,0.0611,0.0368,0.0551
TROW,74,0.5674,0.5858,0.6224,0.0185,0.0365,0.0587
AAPL,74,0.5664,0.6132,0.6368,0.0469,0.0236,0.0370
MA,74,0.5627,0.5912,0.6285,0.0285,0.0373,0.0594
AME,74,0.5591,0.5830,0.6483,0.0239,0.0654,0.1008
GOOGL,74,0.5588,0.6029,0.6343,0.0441,0.0314,0.0494
GOOG,74,0.5584,0.6021,0.6345,0.0437,0.0324,0.0510
V,74,0.5556,0.5812,0.6124,0.0256,0.0312,0.0510
BSTZ,43,0.5527,0.6442,0.6933,0.0915,0.0491,0.0709
MS,74,0.5517,0.5929,0.6970,0.0412,0.1041,0.1494
MCO,74,0.5484,0.5626,0.5949,0.0142,0.0323,0.0542
EQH,56,0.5461,0.5995,0.6673,0.0535,0.0678,0.1015
FCX,74,0.5452,0.5610,0.6375,0.0158,0.0765,0.1200
PRU,74,0.5421,0.6150,0.6950,0.0729,0.0800,0.1151
INTU,74,0.5399,0.5924,0.6169,0.0525,0.0245,0.0397
RJF,74,0.5327,0.5760,0.6520,0.0434,0.0759,0.1164
HON,74,0.5313,0.5702,0.6368,0.0390,0.0665,0.1045
BAC,74,0.5310,0.5979,0.7371,0.0669,0.1391,0.1888
TXN,74,0.5292,0.5527,0.7293,0.0235,0.1766,0.2421
ETW,74,0.5271,0.5336,0.5617,0.0065,0.0280,0.0499
FUND,74,0.5268,0.5448,0.5967,0.0180,0.0519,0.0870
PH,74,0.5256,0.5604,0.6503,0.0349,0.0898,0.1382
ETV,74,0.5255,0.5342,0.5642,0.0087,0.0300,0.0532
CET,74,0.5247,0.5323,0.5742,0.0076,0.0419,0.0729
JPM,74,0.5245,0.5914,0.7286,0.0670,0.1372,0.1882
PAYX,74,0.5244,0.5402,0.5769,0.0158,0.0367,0.0636
ITT,74,0.5236,0.5659,0.6331,0.0422,0.0672,0.1061
SPGI,74,0.5230,0.5365,0.5817,0.0135,0.0451,0.0776
SF,74,0.5225,0.5719,0.6545,0.0495,0.0825,0.1261
SNPS,74,0.5214,0.5880,0.6285,0.0666,0.0405,0.0644
EMR,74,0.5203,0.5639,0.6292,0.0436,0.0652,0.1037
ETO,74,0.5179,0.5236,0.5580,0.0057,0.0344,0.0617
AXP,74,0.5173,0.5602,0.6311,0.0429,0.0709,0.1124
GS,74,0.5148,0.5539,0.6567,0.0391,0.1028,0.1566
SCCO,74,0.5130,0.5260,0.5981,0.0129,0.0722,0.1207
BGR,74,0.5127,0.5603,0.6343,0.0476,0.0740,0.1167
ADI,74,0.5086,0.5296,0.7196,0.0210,0.1901,0.2641
C,74,0.5077,0.5622,0.6874,0.0544,0.1253,0.1822
CTAS,74,0.5043,0.5181,0.5546,0.0138,0.0365,0.0659
MET,74,0.5034,0.5723,0.6497,0.0689,0.0774,0.1192
TBLD,18,0.5018,0.5058,0.5373,0.0040,0.0315,0.0586
GGG,74,0.5012,0.5212,0.5674,0.0199,0.0462,0.0815
KKR,74,0.5005,0.5115,0.5545,0.0110,0.0430,0.0775
LNC,74,0.4998,0.5577,0.6443,0.0579,0.0866,0.1344
TRMB,74,0.4990,0.5185,0.5699,0.0195,0.0514,0.0903
SEIC,74,0.4967,0.5177,0.5716,0.0210,0.0539,0.0944
MCHP,74,0.4964,0.5275,0.7356,0.0311,0.2080,0.2828
ADBE,74,0.4954,0.5878,0.6190,0.0924,0.0312,0.0504
ADP,74,0.4951,0.5096,0.5443,0.0145,0.0346,0.0636
MPWR,74,0.4936,0.5536,0.7089,0.0600,0.1554,0.2191
ITW,74,0.4931,0.5423,0.6188,0.0492,0.0765,0.1236
XOM,74,0.4930,0.5538,0.6080,0.0607,0.0543,0.0893
NTRS,74,0.4929,0.5480,0.6268,0.0550,0.0789,0.1258
ARW,74,0.4925,0.5143,0.5896,0.0218,0.0753,0.1278
BCX,74,0.4907,0.5120,0.5737,0.0214,0.0616,0.1074
DOV,74,0.4905,0.5286,0.5965,0.0381,0.0679,0.1138
COP,74,0.4893,0.5387,0.6041,0.0494,0.0654,0.1083
GL,74,0.4893,0.5599,0.6165,0.0706,0.0566,0.0919
PNC,74,0.4873,0.5547,0.6747,0.0673,0.1201,0.1779
MSCI,74,0.4858,0.5199,0.5580,0.0341,0.0381,0.0683
PFG,74,0.4855,0.5501,0.6291,0.0646,0.0790,0.1256
EMN,74,0.4852,0.5357,0.6046,0.0505,0.0689,0.1139
AMAT,74,0.4839,0.5164,0.7444,0.0325,0.2280,0.3063
GLW,74,0.4836,0.4967,0.5482,0.0130,0.0516,0.0941
KLAC,74,0.4836,0.5212,0.7097,0.0375,0.1885,0.2657
ECL,74,0.4801,0.5061,0.5455,0.0259,0.0395,0.0723
BHF,66,0.4796,0.5373,0.6121,0.0577,0.0748,0.1221
CDNS,74,0.4789,0.5436,0.5939,0.0647,0.0503,0.0848
NVDA,74,0.4785,0.5632,0.6824,0.0846,0.1193,0.1748
L,74,0.4785,0.5604,0.6069,0.0818,0.0465,0.0767
VOYA,74,0.4768,0.5224,0.5989,0.0456,0.0764,0.1276
CBRE,74,0.4761,0.5006,0.5583,0.0245,0.0577,0.1033
ISRG,74,0.4749,0.4990,0.5469,0.0240,0.0479,0.0877
CSCO,74,0.4743,0.4867,0.5170,0.0124,0.0303,0.0586
FTV,74,0.4738,0.5011,0.5535,0.0273,0.0523,0.0946
VRSN,74,0.4730,0.5078,0.5385,0.0349,0.0306,0.0569
IVZ,74,0.4718,0.5161,0.5741,0.0443,0.0580,0.1010
LIN,74,0.4713,0.4815,0.5147,0.0102,0.0332,0.0646
ROP,74,0.4710,0.4831,0.5492,0.0120,0.0662,0.1205
CVX,74,0.4691,0.5235,0.5833,0.0544,0.0598,0.1025
HAL,74,0.4688,0.5225,0.5988,0.0537,0.0763,0.1274
BX,74,0.4683,0.4813,0.5225,0.0129,0.0412,0.0788
EOG,74,0.4679,0.5104,0.5748,0.0425,0.0644,0.1120
COF,74,0.4676,0.5240,0.6271,0.0564,0.1031,0.1643
A,74,0.4674,0.4818,0.5518,0.0144,0.0700,0.1268
DCI,74,0.4674,0.4984,0.5608,0.0310,0.0624,0.1113
AVGO,74,0.4670,0.5009,0.6414,0.0339,0.1405,0.2190
SWKS,74,0.4669,0.4957,0.6629,0.0287,0.1672,0.2522
GPN,74,0.4669,0.4928,0.5314,0.0259,0.0386,0.0727
HQH,74,0.4668,0.4923,0.7175,0.0255,0.2252,0.3139
DOW,46,0.4661,0.5397,0.6088,0.0737,0.0691,0.1134
CDW,74,0.4659,0.4781,0.5178,0.0123,0.0396,0.0765
HD,74,0.4653,0.4726,0.5187,0.0073,0.0461,0.0888
HQL,74,0.4648,0.4942,0.7438,0.0294,0.2496,0.3356
IQV,74,0.4647,0.4793,0.5504,0.0147,0.0710,0.1291
CAT,74,0.4644,0.5102,0.6005,0.0458,0.0903,0.1504
SOR,74,0.4637,0.4739,0.5192,0.0102,0.0453,0.0873
TXT,74,0.4632,0.5141,0.6197,0.0510,0.1055,0.1703
STT,74,0.4628,0.5101,0.5986,0.0473,0.0885,0.1479
EVR,74,0.4622,0.4960,0.5635,0.0338,0.0675,0.1198
LRCX,74,0.4618,0.4943,0.7221,0.0325,0.2278,0.3155
MRSH,74,0.4615,0.4760,0.5292,0.0145,0.0532,0.1005
URI,74,0.4609,0.4980,0.5910,0.0371,0.0930,0.1573
AMG,74,0.4606,0.4989,0.5561,0.0383,0.0572,0.1029
ADSK,74,0.4598,0.5003,0.5385,0.0405,0.0382,0.0710
ETB,74,0.4596,0.4665,0.4920,0.0069,0.0255,0.0518
CFG,74,0.4589,0.5351,0.6599,0.0762,0.1248,0.1891
LECO,74,0.4588,0.4962,0.5691,0.0374,0.0729,0.1281
IEX,74,0.4587,0.4861,0.5507,0.0274,0.0646,0.1172
AMZN,74,0.4582,0.5501,0.5855,0.0919,0.0354,0.0604
USB,74,0.4575,0.5397,0.6397,0.0822,0.1000,0.1563
APAM,74,0.4572,0.4799,0.5181,0.0227,0.0381,0.0736
CSX,74,0.4566,0.4790,0.5397,0.0224,0.0607,0.1125
RF,74,0.4562,0.5335,0.6698,0.0772,0.1364,0.2036
MTDR,74,0.4553,0.4842,0.5644,0.0290,0.0802,0.1420
TFC,74,0.4550,0.5291,0.6531,0.0740,0.1240,0.1898
ENTG,74,0.4550,0.4848,0.6470,0.0298,0.1621,0.2506
EWBC,74,0.4547,0.5232,0.6356,0.0684,0.1124,0.1769
SYK,74,0.4546,0.4718,0.5342,0.0172,0.0624,0.1168
CXT,74,0.4539,0.5016,0.5820,0.0477,0.0804,0.1381
XYL,74,0.4517,0.4800,0.5448,0.0283,0.0647,0.1188
CE,74,0.4515,0.4984,0.5696,0.0469,0.0712,0.1250
FITB,74,0.4507,0.5251,0.6589,0.0744,0.1339,0.2032
OKE,74,0.4494,0.4894,0.5445,0.0400,0.0551,0.1013
SSNC,74,0.4493,0.4654,0.4991,0.0161,0.0336,0.0674
VSH,74,0.4491,0.4683,0.5758,0.0192,0.1074,0.1866
JBL,74,0.4489,0.4612,0.5364,0.0123,0.0752,0.1402
RQI,74,0.4476,0.4697,0.6042,0.0221,0.1345,0.2226
WEX,74,0.4475,0.4740,0.5242,0.0265,0.0502,0.0958
FUL,74,0.4472,0.4898,0.5482,0.0426,0.0584,0.1065
KEY,74,0.4471,0.5284,0.6664,0.0813,0.1380,0.2071
ZTS,74,0.4462,0.4638,0.5396,0.0176,0.0758,0.1405
DTM,18,0.4460,0.4768,0.5334,0.0308,0.0566,0.1061
JEF,74,0.4460,0.4941,0.5592,0.0481,0.0651,0.1165
ROK,74,0.4452,0.4640,0.5392,0.0187,0.0753,0.1396
EFOR,74,0.4449,0.4731,0.5179,0.0282,0.0448,0.0865
FICO,74,0.4448,0.4688,0.4962,0.0240,0.0275,0.0553
SCHW,74,0.4442,0.4846,0.5813,0.0404,0.0967,0.1663
DVN,74,0.4441,0.4882,0.5712,0.0441,0.0830,0.1452
ON,74,0.4434,0.4766,0.6999,0.0332,0.2233,0.3190
CATY,74,0.4432,0.5204,0.6033,0.0772,0.0829,0.1373
HBAN,74,0.4421,0.5219,0.6412,0.0798,0.1193,0.1861
BCAT,28,0.4419,0.4565,0.4811,0.0145,0.0246,0.0511
GAB,74,0.4419,0.4510,0.4891,0.0091,0.0381,0.0780
CRM,74,0.4415,0.5064,0.5466,0.0649,0.0402,0.0736
AJG,74,0.4415,0.4627,0.5117,0.0212,0.0490,0.0957
CBSH,74,0.4409,0.5010,0.5732,0.0600,0.0722,0.1260
WFC,74,0.4409,0.5036,0.6218,0.0628,0.1182,0.1901
ALGM,27,0.4407,0.4783,0.6091,0.0376,0.1309,0.2148
CG,74,0.4402,0.4498,0.4963,0.0096,0.0465,0.0936
NDSN,74,0.4402,0.4514,0.5066,0.0112,0.0552,0.1090
MKSI,74,0.4399,0.4719,0.6782,0.0320,0.2064,0.3043
FBIN,74,0.4397,0.4582,0.5216,0.0185,0.0634,0.1216
VRSK,74,0.4395,0.4496,0.5080,0.0101,0.0584,0.1150
TRU,74,0.4392,0.4548,0.4863,0.0156,0.0315,0.0649
CPRT,74,0.4387,0.4565,0.4847,0.0178,0.0281,0.0581
TDY,74,0.4378,0.4547,0.5407,0.0170,0.0860,0.1590
WH,56,0.4377,0.4657,0.5372,0.0281,0.0714,0.1330
NDAQ,74,0.4376,0.4505,0.4988,0.0128,0.0483,0.0969
BNY,74,0.4373,0.4933,0.5834,0.0560,0.0901,0.1544
NSC,74,0.4372,0.4686,0.5411,0.0314,0.0725,0.1340
ACM,74,0.4368,0.4697,0.5216,0.0329,0.0519,0.0995
EXE,23,0.4365,0.4672,0.5236,0.0308,0.0563,0.1076
ALLY,74,0.4364,0.4806,0.5708,0.0442,0.0903,0.1581
NCZ,74,0.4357,0.4556,0.4888,0.0199,0.0332,0.0680
LPLA,74,0.4353,0.4712,0.5509,0.0359,0.0797,0.1446
BEN,74,0.4351,0.4838,0.5389,0.0487,0.0551,0.1022
DD,74,0.4349,0.4696,0.5348,0.0347,0.0652,0.1219
BRO,74,0.4335,0.4462,0.4971,0.0127,0.0510,0.1026
GXO,18,0.4334,0.4560,0.5139,0.0226,0.0579,0.1127
ZWS,74,0.4330,0.4556,0.5158,0.0226,0.0602,0.1167
PRI,74,0.4327,0.4638,0.5061,0.0311,0.0424,0.0837
ALLE,74,0.4322,0.4582,0.5039,0.0260,0.0457,0.0906
RRX,74,0.4316,0.4629,0.5401,0.0313,0.0772,0.1429
MTX,74,0.4315,0.4798,0.5424,0.0483,0.0626,0.1154
APA,74,0.4314,0.4644,0.5402,0.0330,0.0758,0.1403
KEYS,74,0.4312,0.4483,0.5194,0.0171,0.0711,0.1368
CW,74,0.4312,0.4804,0.6044,0.0492,0.1240,0.2051
SWK,74,0.4309,0.4631,0.5384,0.0322,0.0753,0.1398
BR,74,0.4305,0.4437,0.4878,0.0133,0.0440,0.0903
CNO,74,0.4302,0.4911,0.5527,0.0608,0.0616,0.1115
APD,74,0.4302,0.4486,0.4920,0.0185,0.0434,0.0881
FISV,74,0.4300,0.4435,0.4764,0.0135,0.0329,0.0691
MUR,74,0.4298,0.4666,0.5506,0.0368,0.0841,0.1527
WBS,74,0.4288,0.5038,0.6082,0.0751,0.1044,0.1716
AVY,74,0.4288,0.4548,0.4986,0.0260,0.0438,0.0879
TKR,74,0.4285,0.4673,0.5757,0.0387,0.1084,0.1883
CTSH,74,0.4280,0.4381,0.4647,0.0101,0.0266,0.0572
ENS,74,0.4274,0.4588,0.5336,0.0314,0.0748,0.1402
DIOD,74,0.4271,0.4585,0.6227,0.0314,0.1642,0.2637
ESI,74,0.4264,0.4462,0.5157,0.0199,0.0695,0.1347
IR,68,0.4262,0.4621,0.5279,0.0359,0.0658,0.1247
HWC,74,0.4259,0.4995,0.5941,0.0735,0.0946,0.1593
TER,74,0.4259,0.4592,0.6524,0.0333,0.1932,0.2962
J,74,0.4258,0.4564,0.5176,0.0306,0.0612,0.1183
TDG,74,0.4256,0.4479,0.5762,0.0223,0.1283,0.2227
DHR,74,0.4255,0.4470,0.5534,0.0216,0.1064,0.1922
SLAB,74,0.4250,0.4509,0.6131,0.0260,0.1622,0.2646
HUBB,74,0.4237,0.4554,0.5246,0.0318,0.0691,0.1318
CBT,74,0.4231,0.4666,0.5519,0.0435,0.0853,0.1546
KMI,74,0.4229,0.4730,0.5229,0.0501,0.0499,0.0954
POWI,74,0.4220,0.4530,0.5920,0.0309,0.1390,0.2348
APO,74,0.4215,0.4314,0.4761,0.0099,0.0447,0.0939
KMT,74,0.4213,0.4626,0.5536,0.0413,0.0910,0.1644
WY,74,0.4208,0.4415,0.5043,0.0206,0.0628,0.1246
ABT,74,0.4207,0.4404,0.5582,0.0197,0.1178,0.2110
PYPL,74,0.4207,0.4895,0.5296,0.0688,0.0401,0.0758
UNP,74,0.4205,0.4454,0.5238,0.0249,0.0784,0.1496
TRGP,74,0.4204,0.4544,0.5345,0.0339,0.0802,0.1500
MRVL,74,0.4204,0.4590,0.6152,0.0386,0.1563,0.2540
IDXX,74,0.4203,0.4732,0.5291,0.0529,0.0559,0.1056
LFUS,74,0.4198,0.4410,0.5175,0.0212,0.0766,0.1479
WTS,74,0.4198,0.4489,0.4997,0.0291,0.0509,0.1018
AVT,74,0.4195,0.4501,0.5285,0.0306,0.0783,0.1483
MAS,74,0.4191,0.4341,0.4947,0.0149,0.0606,0.1226
SM,74,0.4190,0.4474,0.5288,0.0284,0.0814,0.1539
FANG,74,0.4188,0.4637,0.5432,0.0449,0.0795,0.1463
CFR,74,0.4184,0.4979,0.5825,0.0795,0.0846,0.1452
RTX,74,0.4183,0.4664,0.6507,0.0481,0.1843,0.2833
SYF,74,0.4179,0.4637,0.5571,0.0458,0.0934,0.1676
VRTS,74,0.4169,0.4468,0.4919,0.0299,0.0452,0.0918
AVNT,74,0.4168,0.4592,0.5361,0.0424,0.0769,0.1434
CARR,34,0.4165,0.4399,0.5040,0.0234,0.0641,0.1271
KYN,74,0.4164,0.4476,0.5134,0.0312,0.0658,0.1282
ONTO,39,0.4163,0.4724,0.6672,0.0560,0.1949,0.2921
FNB,74,0.4159,0.5050,0.6135,0.0891,0.1085,0.1768
NOW,74,0.4157,0.5092,0.5440,0.0935,0.0348,0.0640
ZION,74,0.4156,0.5008,0.6246,0.0852,0.1238,0.1982
WTFC,74,0.4153,0.4954,0.6015,0.0801,0.1062,0.1765
FAST,74,0.4146,0.4258,0.4854,0.0112,0.0596,0.1227
ACV,74,0.4144,0.4381,0.4801,0.0238,0.0420,0.0875
MAR,74,0.4130,0.4472,0.5314,0.0342,0.0842,0.1584
RVTY,74,0.4126,0.4334,0.5159,0.0208,0.0825,0.1599
FLYW,20,0.4126,0.4521,0.5084,0.0396,0.0562,0.1106
QRVO,74,0.4121,0.4372,0.6026,0.0252,0.1653,0.2744
CPAY,74,0.4119,0.4399,0.4832,0.0280,0.0433,0.0896
FR,74,0.4114,0.4259,0.6221,0.0145,0.1962,0.3154
PPG,74,0.4112,0.4509,0.5035,0.0397,0.0526,0.1044
AEIS,74,0.4111,0.4390,0.6104,0.0279,0.1714,0.2809
CGNX,74,0.4105,0.4391,0.5235,0.0285,0.0844,0.1613
FLS,74,0.4105,0.4648,0.5285,0.0542,0.0637,0.1205
TPG,12,0.4091,0.4383,0.4959,0.0292,0.0576,0.1162
NCV,74,0.4087,0.4277,0.4701,0.0190,0.0424,0.0902
PAYC,74,0.4084,0.4647,0.5155,0.0563,0.0508,0.0985
PLD,74,0.4079,0.4193,0.6519,0.0113,0.2326,0.3568
ICE,74,0.4077,0.4191,0.4803,0.0114,0.0612,0.1274
CWK,53,0.4071,0.4477,0.5216,0.0406,0.0738,0.1415
CMI,74,0.4070,0.4534,0.5453,0.0465,0.0919,0.1685
OSK,74,0.4067,0.4537,0.5473,0.0470,0.0937,0.1711
APG,33,0.4066,0.4222,0.4654,0.0156,0.0432,0.0928
INTC,74,0.4062,0.4151,0.5299,0.0089,0.1148,0.2166
WAL,74,0.4062,0.4713,0.5960,0.0651,0.1247,0.2092
TMO,74,0.4058,0.4377,0.5484,0.0319,0.1107,0.2019
PIPR,74,0.4054,0.4361,0.5004,0.0308,0.0643,0.1284
RHI,74,0.4052,0.4456,0.4983,0.0404,0.0526,0.1056
PCAR,74,0.4046,0.4331,0.5171,0.0285,0.0840,0.1625
OXY,74,0.4044,0.4389,0.5114,0.0346,0.0725,0.1418
JXN,16,0.4043,0.4200,0.4711,0.0156,0.0512,0.1086
BOKF,74,0.4037,0.4805,0.5703,0.0768,0.0899,0.1576
LEA,74,0.4035,0.4334,0.5177,0.0299,0.0843,0.1628
ARES,74,0.4034,0.4128,0.4459,0.0094,0.0332,0.0744
CNS,74,0.4032,0.4313,0.4679,0.0281,0.0366,0.0782
QCOM,74,0.4031,0.4279,0.5697,0.0248,0.1419,0.2490
ZBRA,74,0.4030,0.4221,0.4715,0.0191,0.0494,0.1047
NUE,74,0.4026,0.4465,0.5048,0.0439,0.0583,0.1154
OTIS,34,0.4026,0.4232,0.4701,0.0206,0.0469,0.0998
PB,74,0.4025,0.4771,0.5606,0.0746,0.0836,0.1490
HP,74,0.4022,0.4464,0.5210,0.0442,0.0746,0.1432
PWR,74,0.4021,0.4359,0.5087,0.0337,0.0728,0.1432
HLT,74,0.4020,0.4288,0.5003,0.0268,0.0714,0.1428
NKE,74,0.4015,0.4154,0.4509,0.0139,0.0356,0.0789
TYG,74,0.4013,0.4331,0.4981,0.0318,0.0650,0.1305
IBOC,74,0.4012,0.4761,0.5511,0.0749,0.0751,0.1362
NEM,74,0.4005,0.4088,0.4550,0.0083,0.0463,0.1017
MGY,67,0.4004,0.4364,0.5046,0.0360,0.0682,0.1351
FIS,74,0.3996,0.4186,0.4562,0.0191,0.0375,0.0823
RPM,74,0.3994,0.4216,0.4681,0.0222,0.0465,0.0993
MTB,74,0.3990,0.4859,0.5974,0.0869,0.1115,0.1867
HPQ,74,0.3980,0.4126,0.4657,0.0146,0.0532,0.1141
MU,74,0.3976,0.4236,0.6383,0.0260,0.2147,0.3363
FOF,74,0.3973,0.4030,0.4339,0.0057,0.0309,0.0712
ASB,74,0.3973,0.4872,0.5867,0.0900,0.0994,0.1695
BSX,74,0.3971,0.4201,0.4814,0.0230,0.0614,0.1274
SBUX,74,0.3970,0.4034,0.4465,0.0065,0.0430,0.0964
WLK,74,0.3969,0.4447,0.5296,0.0478,0.0849,0.1603
ASH,74,0.3967,0.4170,0.4509,0.0202,0.0339,0.0752
DLB,74,0.3967,0.4099,0.4461,0.0131,0.0363,0.0813
AFL,74,0.3958,0.4702,0.5271,0.0744,0.0569,0.1079
HUN,74,0.3958,0.4299,0.5119,0.0341,0.0820,0.1602
WCC,74,0.3955,0.4279,0.5144,0.0324,0.0865,0.1682
RGLD,74,0.3953,0.4010,0.4423,0.0057,0.0413,0.0934
STAG,74,0.3949,0.4104,0.5846,0.0155,0.1742,0.2980
PCOR,20,0.3949,0.4613,0.5481,0.0664,0.0868,0.1584
GD,74,0.3945,0.4547,0.6107,0.0602,0.1560,0.2555
DAN,74,0.3942,0.4271,0.5325,0.0329,0.1054,0.1979
HOMB,74,0.3941,0.4704,0.5542,0.0762,0.0838,0.1513
MSI,74,0.3935,0.4065,0.4474,0.0130,0.0410,0.0916
ENOV,74,0.3933,0.4246,0.4991,0.0313,0.0745,0.1493
PTC,74,0.3932,0.4296,0.4745,0.0364,0.0449,0.0947
TNL,74,0.3931,0.4370,0.5172,0.0439,0.0802,0.1550
SNX,74,0.3931,0.4117,0.4618,0.0186,0.0501,0.1086
XYZ,74,0.3929,0.4723,0.5288,0.0795,0.0565,0.1068
CRL,74,0.3927,0.4165,0.4996,0.0238,0.0831,0.1663
SPXC,74,0.3926,0.4256,0.4755,0.0329,0.0500,0.1051
TTEK,74,0.3926,0.4066,0.4415,0.0140,0.0349,0.0791
RS,74,0.3925,0.4327,0.4998,0.0402,0.0671,0.1342
GNTX,74,0.3922,0.4137,0.4633,0.0215,0.0496,0.1070
PNFP,74,0.3921,0.4662,0.5584,0.0741,0.0922,0.1651
WMB,74,0.3920,0.4316,0.4952,0.0396,0.0636,0.1284
EXP,74,0.3918,0.4145,0.4821,0.0227,0.0676,0.1402
UNM,74,0.3916,0.4656,0.5343,0.0740,0.0687,0.1286
LOW,74,0.3909,0.4005,0.4505,0.0096,0.0500,0.1110
ABCB,74,0.3906,0.4664,0.5528,0.0758,0.0864,0.1563
COST,74,0.3904,0.4084,0.5109,0.0180,0.1025,0.2006
UCB,74,0.3896,0.4657,0.5498,0.0761,0.0841,0.1529
IT,74,0.3895,0.4069,0.4438,0.0174,0.0369,0.0831
NOVT,74,0.3893,0.4099,0.4716,0.0207,0.0617,0.1308
SHW,74,0.3888,0.3990,0.4541,0.0102,0.0551,0.1213
VAC,74,0.3887,0.4200,0.4958,0.0312,0.0759,0.1530
PSX,74,0.3886,0.4449,0.5125,0.0563,0.0676,0.1319
DE,74,0.3882,0.4203,0.5145,0.0321,0.0942,0.1831
WHD,59,0.3882,0.4412,0.5235,0.0530,0.0822,0.1571
AIG,74,0.3882,0.4515,0.5221,0.0633,0.0706,0.1352
GBCI,74,0.3880,0.4599,0.5306,0.0719,0.0707,0.1333
BRKR,74,0.3878,0.4014,0.4603,0.0136,0.0589,0.1280
EL,74,0.3877,0.3949,0.4438,0.0072,0.0489,0.1102
IOSP,74,0.3873,0.4311,0.4832,0.0438,0.0521,0.1079
H,74,0.3873,0.4287,0.5093,0.0414,0.0806,0.1582
SMTC,74,0.3868,0.4159,0.5533,0.0291,0.1374,0.2483
FFIV,74,0.3868,0.3989,0.4477,0.0122,0.0488,0.1090
ODFL,74,0.3864,0.3977,0.4691,0.0113,0.0714,0.1523
EXPD,74,0.3858,0.3980,0.4581,0.0122,0.0602,0.1313
ARE,74,0.3857,0.4018,0.6056,0.0161,0.2038,0.3365
VNT,28,0.3856,0.4029,0.4390,0.0173,0.0361,0.0823
BWA,74,0.3850,0.4187,0.5045,0.0337,0.0858,0.1700
MPC,74,0.3846,0.4329,0.4954,0.0483,0.0625,0.1261
HRI,74,0.3846,0.4194,0.5008,0.0348,0.0814,0.1625
LAMR,74,0.3839,0.4046,0.4873,0.0208,0.0826,0.1696
CHH,74,0.3837,0.4074,0.4782,0.0237,0.0709,0.1482
GFS,15,0.3835,0.3982,0.5432,0.0147,0.1450,0.2669
FULT,74,0.3835,0.4766,0.5622,0.0931,0.0856,0.1523
MMM,74,0.3835,0.4364,0.5082,0.0529,0.0718,0.1414
AEF,74,0.3830,0.3922,0.5384,0.0092,0.1462,0.2716
HEI,74,0.3830,0.4085,0.5440,0.0255,0.1355,0.2491
MGM,74,0.3828,0.4134,0.4999,0.0305,0.0866,0.1731
HPE,74,0.3827,0.4158,0.4752,0.0331,0.0594,0.1249
BOH,74,0.3827,0.4658,0.5488,0.0831,0.0831,0.1514
TYL,74,0.3821,0.4278,0.4655,0.0457,0.0378,0.0812
CNNE,62,0.3821,0.3993,0.4565,0.0173,0.0572,0.1253
TEX,74,0.3819,0.4332,0.5231,0.0513,0.0899,0.1718
LKQ,74,0.3815,0.4112,0.4683,0.0297,0.0571,0.1219
BKNG,74,0.3813,0.4042,0.4473,0.0229,0.0430,0.0962
WDAY,74,0.3813,0.4447,0.4872,0.0634,0.0425,0.0872
AA,74,0.3807,0.4148,0.4962,0.0341,0.0814,0.1640
MAN,74,0.3806,0.4208,0.4673,0.0402,0.0465,0.0995
JLL,74,0.3803,0.4104,0.4696,0.0300,0.0593,0.1263
FELE,74,0.3802,0.4175,0.4811,0.0373,0.0636,0.1321
AB,74,0.3799,0.3938,0.4349,0.0139,0.0412,0.0947
HL,74,0.3798,0.3883,0.4401,0.0084,0.0519,0.1178
STE,74,0.3792,0.3924,0.4402,0.0132,0.0478,0.1085
VLY,74,0.3791,0.4623,0.5561,0.0832,0.0938,0.1687
UBSI,74,0.3791,0.4630,0.5363,0.0838,0.0733,0.1367
GM,74,0.3788,0.4136,0.4941,0.0347,0.0805,0.1629
AWI,74,0.3787,0.4025,0.4499,0.0238,0.0474,0.1054
WOR,74,0.3783,0.4218,0.4818,0.0435,0.0600,0.1246
KKRS,21,0.3782,0.3868,0.4133,0.0086,0.0265,0.0640
CRS,74,0.3782,0.4229,0.5086,0.0447,0.0857,0.1684
HXL,74,0.3781,0.4166,0.5606,0.0385,0.1440,0.2568
KALU,74,0.3780,0.4121,0.4914,0.0340,0.0793,0.1614
DIS,74,0.3779,0.4047,0.4644,0.0268,0.0596,0.1284
GATX,74,0.3779,0.4227,0.4905,0.0448,0.0679,0.1384
HWM,74,0.3779,0.4188,0.5345,0.0409,0.1157,0.2164
VICI,60,0.3766,0.3977,0.5150,0.0211,0.1173,0.2278
NOV,74,0.3761,0.4268,0.5068,0.0507,0.0800,0.1578
FDS,74,0.3760,0.3841,0.4268,0.0081,0.0427,0.1001
COO,74,0.3754,0.3861,0.4432,0.0107,0.0571,0.1288
CRGY,13,0.3752,0.3967,0.4582,0.0215,0.0615,0.1342
NTAP,74,0.3751,0.3951,0.4511,0.0200,0.0560,0.1241
ORCL,74,0.3751,0.3877,0.4222,0.0126,0.0345,0.0818
HGV,72,0.3748,0.4065,0.4799,0.0317,0.0734,0.1529
BA,74,0.3748,0.4011,0.6056,0.0263,0.2045,0.3377
RNP,74,0.3747,0.3869,0.4858,0.0122,0.0989,0.2036
IBKR,74,0.3746,0.3904,0.4553,0.0158,0.0649,0.1425
EME,74,0.3744,0.4160,0.4716,0.0416,0.0556,0.1179
META,74,0.3743,0.4340,0.4818,0.0597,0.0477,0.0991
AIT,74,0.3740,0.4169,0.4804,0.0430,0.0635,0.1321
UMBF,74,0.3733,0.4457,0.5320,0.0724,0.0863,0.1622
WTI,74,0.3733,0.4010,0.4740,0.0277,0.0730,0.1540
BRZE,14,0.3731,0.4050,0.4690,0.0319,0.0640,0.1365
AX,74,0.3728,0.4238,0.4935,0.0510,0.0697,0.1412
PCTY,74,0.3727,0.4345,0.4946,0.0618,0.0601,0.1215
BPOP,74,0.3725,0.4425,0.5299,0.0700,0.0874,0.1650
TTC,74,0.3724,0.3897,0.4470,0.0174,0.0572,0.1281
ESE,74,0.3724,0.4024,0.4531,0.0300,0.0507,0.1120
KBR,74,0.3723,0.3963,0.4649,0.0239,0.0686,0.1475
ACLS,74,0.3720,0.4043,0.5691,0.0323,0.1648,0.2895
OWL,25,0.3718,0.3948,0.4571,0.0230,0.0623,0.1363
ACIW,74,0.3718,0.3840,0.4160,0.0123,0.0320,0.0768
MKL,74,0.3716,0.4164,0.4571,0.0447,0.0407,0.0890
PTEN,74,0.3711,0.4163,0.5016,0.0452,0.0853,0.1700
EPAM,74,0.3710,0.4077,0.4623,0.0367,0.0545,0.1180
GPC,74,0.3710,0.4170,0.4733,0.0460,0.0563,0.1190
OC,74,0.3707,0.3888,0.4737,0.0181,0.0849,0.1793
REXR,74,0.3704,0.3804,0.5778,0.0099,0.1974,0.3417
VLO,74,0.3701,0.4226,0.4903,0.0525,0.0677,0.1381
VYX,74,0.3701,0.3975,0.4644,0.0274,0.0669,0.1441
WAFD,74,0.3700,0.4479,0.5082,0.0779,0.0603,0.1187
FMC,74,0.3700,0.3862,0.4963,0.0163,0.1101,0.2218
GPOR,20,0.3698,0.3889,0.4485,0.0191,0.0596,0.1329
TRNO,74,0.3697,0.3784,0.5600,0.0087,0.1816,0.3243
KEX,74,0.3693,0.4188,0.4912,0.0495,0.0724,0.1473
FFIN,74,0.3693,0.4370,0.5034,0.0677,0.0664,0.1318
SBCF,74,0.3693,0.4435,0.5311,0.0742,0.0876,0.1649
BYD,74,0.3692,0.4012,0.4806,0.0319,0.0794,0.1653
MNST,74,0.3688,0.3773,0.4379,0.0085,0.0606,0.1385
CHRD,74,0.3686,0.3837,0.4341,0.0151,0.0504,0.1161
CDE,74,0.3686,0.3760,0.4326,0.0074,0.0566,0.1308
MWA,74,0.3685,0.4052,0.4508,0.0367,0.0455,0.1010
RMBS,74,0.3684,0.3899,0.5257,0.0215,0.1358,0.2583
SNA,74,0.3683,0.4129,0.4723,0.0446,0.0595,0.1259
BDC,74,0.3680,0.3976,0.4630,0.0296,0.0654,0.1413
LII,74,0.3677,0.3835,0.4261,0.0158,0.0426,0.1000
MAIN,74,0.3673,0.3809,0.4280,0.0136,0.0470,0.1099
RGA,74,0.3671,0.4206,0.4702,0.0535,0.0496,0.1054
GDDY,74,0.3669,0.4096,0.4551,0.0428,0.0454,0.0999
CMC,74,0.3669,0.4128,0.4821,0.0459,0.0694,0.1439
AMD,74,0.3665,0.4218,0.5477,0.0554,0.1258,0.2298
SHO,74,0.3664,0.4043,0.4900,0.0378,0.0858,0.1750
MDT,74,0.3664,0.3960,0.4595,0.0296,0.0635,0.1381
BUSE,74,0.3664,0.4500,0.5268,0.0836,0.0768,0.1459
HST,74,0.3663,0.4096,0.4925,0.0432,0.0829,0.1683
VMI,74,0.3663,0.3994,0.4570,0.0331,0.0576,0.1260
ET,74,0.3663,0.3908,0.4472,0.0246,0.0563,0.1260
VNOM,74,0.3663,0.3964,0.4488,0.0301,0.0524,0.1168
PEGA,74,0.3660,0.4110,0.4619,0.0450,0.0509,0.1102
TOWN,74,0.3658,0.4489,0.5194,0.0831,0.0705,0.1357
KFY,74,0.3655,0.3991,0.4395,0.0336,0.0404,0.0919
IP,74,0.3654,0.4245,0.4662,0.0591,0.0417,0.0895
SXT,74,0.3654,0.3931,0.4266,0.0278,0.0335,0.0785
STEP,28,0.3653,0.3858,0.4236,0.0204,0.0378,0.0893
ONB,74,0.3653,0.4489,0.5318,0.0836,0.0829,0.1560
FCF,74,0.3648,0.4524,0.5357,0.0876,0.0833,0.1555
BANR,74,0.3643,0.4398,0.5103,0.0755,0.0705,0.1382
BC,74,0.3641,0.3845,0.4604,0.0203,0.0759,0.1649
HUBS,74,0.3641,0.4531,0.5126,0.0891,0.0595,0.1161
KWR,74,0.3635,0.3831,0.4356,0.0196,0.0525,0.1206
AOS,74,0.3635,0.3918,0.4661,0.0283,0.0743,0.1594
NPO,74,0.3633,0.4095,0.4899,0.0462,0.0804,0.1642
LSCC,74,0.3630,0.3946,0.5181,0.0315,0.1236,0.2385
RLJ,74,0.3630,0.4086,0.5029,0.0456,0.0943,0.1875
LEG,74,0.3626,0.4133,0.4707,0.0508,0.0574,0.1219
MANH,74,0.3625,0.3903,0.4380,0.0278,0.0477,0.1089
RNST,74,0.3623,0.4394,0.5185,0.0771,0.0791,0.1525
RSG,74,0.3623,0.4016,0.4989,0.0393,0.0973,0.1951
AXTA,74,0.3620,0.3893,0.4350,0.0273,0.0457,0.1050
ABNB,25,0.3620,0.4121,0.4970,0.0501,0.0849,0.1708
BKU,74,0.3618,0.4413,0.5508,0.0795,0.1095,0.1988
YUM,74,0.3616,0.3789,0.4384,0.0174,0.0595,0.1356
TRMK,74,0.3615,0.4455,0.5190,0.0839,0.0735,0.1416
CHDN,74,0.3615,0.3846,0.4338,0.0231,0.0492,0.1135
COLB,74,0.3613,0.4314,0.5145,0.0701,0.0831,0.1616
NWSA,74,0.3612,0.3809,0.4197,0.0198,0.0387,0.0923
RBC,74,0.3611,0.3864,0.4622,0.0252,0.0758,0.1641
AFRM,24,0.3610,0.4286,0.5159,0.0676,0.0873,0.1692
FDX,74,0.3609,0.3774,0.4487,0.0165,0.0713,0.1588
DHI,74,0.3607,0.3722,0.4315,0.0115,0.0594,0.1376
EPD,74,0.3606,0.3889,0.4457,0.0283,0.0568,0.1275
CC,74,0.3605,0.3868,0.4623,0.0263,0.0756,0.1635
CBU,74,0.3603,0.4349,0.5075,0.0746,0.0727,0.1432
NWS,74,0.3603,0.3797,0.4182,0.0194,0.0385,0.0920
FFBC,74,0.3603,0.4393,0.5209,0.0791,0.0816,0.1566
TOST,16,0.3599,0.3915,0.4591,0.0316,0.0676,0.1472
WAT,74,0.3596,0.3697,0.4194,0.0101,0.0497,0.1186
PK,72,0.3596,0.4035,0.5060,0.0439,0.1025,0.2026
TALO,56,0.3595,0.4022,0.4655,0.0427,0.0633,0.1359
SSB,74,0.3595,0.4322,0.5221,0.0727,0.0899,0.1722
STLD,74,0.3588,0.4037,0.4800,0.0449,0.0763,0.1589
MTG,74,0.3586,0.3898,0.4486,0.0312,0.0587,0.1310
SFNC,74,0.3585,0.4389,0.5299,0.0804,0.0910,0.1718
LEVI,46,0.3585,0.3991,0.4550,0.0406,0.0559,0.1228
EXLS,74,0.3584,0.3763,0.4125,0.0179,0.0362,0.0878
HIG,74,0.3582,0.4301,0.4913,0.0719,0.0612,0.1245
FCNCA,74,0.3580,0.4096,0.4881,0.0516,0.0785,0.1609
DAL,74,0.3580,0.4009,0.5024,0.0430,0.1015,0.2020
MLI,74,0.3574,0.3940,0.4457,0.0367,0.0517,0.1159
VAL,20,0.3572,0.3729,0.4386,0.0157,0.0657,0.1499
TJX,74,0.3568,0.3802,0.4359,0.0234,0.0557,0.1278
CMCO,74,0.3567,0.3920,0.4518,0.0354,0.0598,0.1324
PHM,74,0.3564,0.3707,0.4294,0.0144,0.0587,0.1366
WAB,74,0.3562,0.4079,0.4868,0.0516,0.0789,0.1621
BSY,28,0.3562,0.3955,0.4457,0.0393,0.0503,0.1128
AMKR,74,0.3562,0.3802,0.5530,0.0240,0.1728,0.3124
RCL,74,0.3562,0.3896,0.4772,0.0335,0.0875,0.1834
CZR,74,0.3558,0.3814,0.4603,0.0256,0.0789,0.1714
YETI,51,0.3557,0.3769,0.4357,0.0211,0.0588,0.1350
WWD,74,0.3557,0.3921,0.4866,0.0365,0.0945,0.1942
FTNT,74,0.3556,0.4033,0.4362,0.0477,0.0329,0.0755
AFG,74,0.3556,0.4203,0.4689,0.0647,0.0486,0.1036
AON,74,0.3554,0.3664,0.4152,0.0110,0.0488,0.1176
TECH,74,0.3554,0.3914,0.4725,0.0360,0.0811,0.1716
BKR,74,0.3553,0.4000,0.4575,0.0447,0.0576,0.1258
IBM,74,0.3552,0.3887,0.4213,0.0335,0.0327,0.0776
OZK,74,0.3551,0.4167,0.5105,0.0616,0.0938,0.1838
SFBS,74,0.3551,0.4177,0.4847,0.0627,0.0669,0.1381
DRVN,24,0.3549,0.3744,0.4150,0.0195,0.0406,0.0977
CUZ,74,0.3549,0.4038,0.5262,0.0489,0.1224,0.2326
AGCO,74,0.3547,0.3897,0.4841,0.0350,0.0944,0.1950
KW,74,0.3544,0.3974,0.4558,0.0430,0.0584,0.1281
TCBI,74,0.3539,0.4145,0.5090,0.0606,0.0945,0.1856
HOPE,74,0.3534,0.4443,0.5292,0.0909,0.0848,0.1603
APLE,74,0.3530,0.3917,0.4835,0.0386,0.0918,0.1899
EFX,74,0.3530,0.3611,0.4013,0.0082,0.0402,0.1001
KRC,74,0.3529,0.3991,0.5417,0.0461,0.1426,0.2632
FND,69,0.3528,0.3747,0.4365,0.0218,0.0618,0.1416
TMHC,74,0.3525,0.3635,0.4243,0.0110,0.0608,0.1434
ZBH,74,0.3524,0.3700,0.4233,0.0176,0.0533,0.1259
DOCN,22,0.3523,0.4307,0.5093,0.0784,0.0785,0.1542
AROC,74,0.3521,0.3987,0.4815,0.0466,0.0827,0.1719
NOG,74,0.3520,0.3803,0.4390,0.0283,0.0587,0.1338
SITE,74,0.3513,0.3697,0.4286,0.0184,0.0589,0.1374
BRC,74,0.3513,0.3921,0.4311,0.0409,0.0390,0.0905
PVH,74,0.3512,0.3993,0.4585,0.0480,0.0592,0.1291
UPS,74,0.3512,0.3594,0.4255,0.0082,0.0661,0.1554
MSA,74,0.3507,0.3699,0.4090,0.0191,0.0391,0.0957
NGVT,74,0.3507,0.3920,0.4490,0.0413,0.0571,0.1271
LTH,15,0.3505,0.3701,0.4145,0.0196,0.0444,0.1070
ADM,74,0.3504,0.4000,0.4508,0.0495,0.0508,0.1127
AUB,74,0.3504,0.4328,0.5198,0.0824,0.0869,0.1673
HHH,74,0.3503,0.3791,0.4312,0.0287,0.0522,0.1210
HLNE,70,0.3501,0.3645,0.4072,0.0144,0.0427,0.1048
CRUS,74,0.3501,0.3641,0.5046,0.0140,0.1404,0.2783
ZD,74,0.3500,0.3638,0.4016,0.0138,0.0378,0.0942
LEN,74,0.3497,0.3628,0.4289,0.0131,0.0661,0.1540
FNF,74,0.3496,0.3822,0.4280,0.0326,0.0458,0.1070
FAF,74,0.3494,0.3695,0.4140,0.0201,0.0445,0.1075
EEFT,74,0.3494,0.3760,0.4179,0.0266,0.0418,0.1002
PII,74,0.3493,0.3660,0.4260,0.0167,0.0600,0.1408
OLED,74,0.3493,0.3773,0.4777,0.0280,0.1004,0.2102
WABC,74,0.3492,0.4203,0.4915,0.0711,0.0712,0.1449
XPO,74,0.3491,0.3683,0.4155,0.0192,0.0472,0.1136
RHP,74,0.3490,0.3862,0.4709,0.0373,0.0847,0.1799
RYN,74,0.3486,0.3678,0.4275,0.0191,0.0597,0.1396
ORI,74,0.3485,0.4143,0.4525,0.0659,0.0382,0.0844
CSL,74,0.3483,0.3789,0.4313,0.0305,0.0524,0.1215
CNA,74,0.3483,0.4184,0.4676,0.0701,0.0492,0.1053
PAGP,74,0.3481,0.3785,0.4572,0.0304,0.0788,0.1723
EFSC,74,0.3480,0.4285,0.5035,0.0804,0.0750,0.1490
CNMD,74,0.3476,0.3690,0.4173,0.0214,0.0483,0.1158
MLM,74,0.3475,0.3720,0.4354,0.0245,0.0634,0.1455
STWD,74,0.3475,0.3858,0.4526,0.0383,0.0668,0.1476
WDC,74,0.3474,0.3656,0.4897,0.0181,0.1241,0.2535
OMF,74,0.3469,0.3835,0.4641,0.0365,0.0806,0.1737
SYNA,74,0.3468,0.3663,0.4685,0.0195,0.1022,0.2182
CMCSA,74,0.3464,0.3663,0.4141,0.0199,0.0479,0.1156
MORN,74,0.3462,0.3596,0.4031,0.0134,0.0436,0.1081
PEB,74,0.3460,0.3928,0.4836,0.0468,0.0908,0.1877
BXP,74,0.3459,0.4087,0.5660,0.0628,0.1573,0.2779
BMI,74,0.3459,0.3567,0.3970,0.0108,0.0403,0.1016
OII,74,0.3458,0.3846,0.4710,0.0387,0.0865,0.1836
HIW,74,0.3458,0.4007,0.5544,0.0549,0.1537,0.2772
ICHR,73,0.3456,0.3744,0.5532,0.0288,0.1788,0.3231
MDLZ,74,0.3454,0.3784,0.5604,0.0330,0.1820,0.3248
FRME,74,0.3451,0.4320,0.5161,0.0869,0.0841,0.1629
MC,74,0.3450,0.3658,0.4210,0.0208,0.0552,0.1310
MIDD,74,0.3450,0.3712,0.4330,0.0262,0.0618,0.1427
R,74,0.3446,0.3789,0.4495,0.0343,0.0706,0.1571
DRH,74,0.3446,0.3879,0.4908,0.0433,0.1030,0.2098
EW,74,0.3446,0.3625,0.4218,0.0180,0.0593,0.1405
DEI,74,0.3446,0.3887,0.5537,0.0442,0.1649,0.2979
JBGS,66,0.3445,0.3937,0.5198,0.0492,0.1261,0.2425
ATR,74,0.3440,0.3675,0.4098,0.0234,0.0423,0.1033
IDCC,74,0.3439,0.3574,0.4155,0.0135,0.0581,0.1398
VIAV,74,0.3436,0.3542,0.4089,0.0105,0.0547,0.1338
EPRT,55,0.3434,0.3781,0.5193,0.0346,0.1412,0.2719
MMS,74,0.3433,0.3572,0.3895,0.0139,0.0323,0.0830
WM,74,0.3431,0.3876,0.4942,0.0445,0.1067,0.2158
FHB,74,0.3427,0.4307,0.5307,0.0880,0.0999,0.1883
WRBY,16,0.3424,0.3672,0.4403,0.0248,0.0731,0.1661
BLD,74,0.3422,0.3578,0.4097,0.0156,0.0518,0.1266
AIN,74,0.3422,0.3860,0.4713,0.0438,0.0853,0.1810
VFC,74,0.3421,0.3809,0.4232,0.0388,0.0423,0.1000
PKG,74,0.3416,0.3939,0.4435,0.0523,0.0496,0.1118
ROST,74,0.3415,0.3614,0.4243,0.0199,0.0630,0.1484
CCS,74,0.3413,0.3535,0.4128,0.0121,0.0593,0.1436
GLPI,74,0.3407,0.3551,0.4711,0.0145,0.1160,0.2462
FWRD,74,0.3406,0.3781,0.4338,0.0375,0.0557,0.1283
COLM,74,0.3406,0.3555,0.3884,0.0149,0.0329,0.0848
CCK,74,0.3402,0.3530,0.3856,0.0128,0.0326,0.0846
OUT,74,0.3402,0.3648,0.4331,0.0247,0.0683,0.1577
OIS,74,0.3399,0.3816,0.4747,0.0417,0.0931,0.1960
ITGR,74,0.3399,0.3575,0.4104,0.0176,0.0528,0.1288
SOJD,36,0.3399,0.3458,0.3781,0.0059,0.0322,0.0852
F,74,0.3398,0.3748,0.4492,0.0350,0.0743,0.1655
CTBI,74,0.3397,0.4245,0.4888,0.0848,0.0643,0.1315
NE,19,0.3396,0.3568,0.4149,0.0172,0.0581,0.1400
AZTA,74,0.3395,0.3708,0.4997,0.0313,0.1290,0.2580
WSBC,74,0.3390,0.4324,0.5154,0.0934,0.0830,0.1611
RRR,74,0.3390,0.3653,0.4454,0.0263,0.0801,0.1799
PAA,74,0.3389,0.3673,0.4407,0.0284,0.0734,0.1665
SRCE,74,0.3389,0.4243,0.5040,0.0854,0.0797,0.1582
ARMK,74,0.3386,0.3749,0.4389,0.0363,0.0640,0.1458
PEP,74,0.3386,0.3757,0.6068,0.0371,0.2311,0.3809
INVH,71,0.3385,0.3538,0.5399,0.0153,0.1861,0.3446
UDR,74,0.3385,0.3816,0.6391,0.0431,0.2575,0.4029
PR,74,0.3384,0.3692,0.4524,0.0307,0.0832,0.1840
CPF,74,0.3382,0.4112,0.4817,0.0730,0.0704,0.1462
CTVA,44,0.3379,0.3841,0.4309,0.0462,0.0468,0.1087
GWRE,74,0.3379,0.3899,0.4295,0.0520,0.0396,0.0921
LPX,74,0.3378,0.3548,0.4075,0.0170,0.0527,0.1292
ACA,50,0.3378,0.3834,0.4517,0.0456,0.0682,0.1511
GNRC,74,0.3375,0.3691,0.4189,0.0315,0.0498,0.1189
MTW,74,0.3375,0.3822,0.4738,0.0447,0.0916,0.1933
SOJE,28,0.3375,0.3457,0.3864,0.0082,0.0407,0.1053
HPP,74,0.3371,0.3791,0.5226,0.0420,0.1435,0.2746
CSGP,74,0.3371,0.3682,0.4230,0.0311,0.0548,0.1296
WRB,74,0.3370,0.4132,0.4753,0.0763,0.0620,0.1305
MTH,74,0.3367,0.3480,0.4109,0.0113,0.0630,0.1532
SANM,74,0.3365,0.3548,0.4229,0.0184,0.0681,0.1610
FORM,74,0.3364,0.3672,0.5201,0.0308,0.1528,0.2939
AIR,74,0.3363,0.3841,0.4982,0.0478,0.1142,0.2291
MTSI,74,0.3362,0.3717,0.5074,0.0355,0.1357,0.2674
LOGI,74,0.3361,0.3810,0.4301,0.0449,0.0491,0.1142
MMI,74,0.3359,0.3550,0.4055,0.0191,0.0505,0.1246
UFPI,74,0.3358,0.3567,0.4249,0.0210,0.0682,0.1604
MSM,74,0.3355,0.3791,0.4378,0.0437,0.0587,0.1340
BXMT,74,0.3354,0.3634,0.4411,0.0280,0.0778,0.1763
LSTR,74,0.3354,0.3558,0.4188,0.0205,0.0630,0.1504
INDB,74,0.3352,0.4061,0.4684,0.0709,0.0623,0.1330
OBDC,42,0.3351,0.3524,0.4072,0.0173,0.0548,0.1347
NMRK,61,0.3350,0.3681,0.4328,0.0331,0.0647,0.1495
TNC,74,0.3350,0.3776,0.4322,0.0426,0.0546,0.1264
ALL,74,0.3350,0.3858,0.4393,0.0508,0.0536,0.1219
SSD,74,0.3349,0.3530,0.4065,0.0181,0.0536,0.1318
TFX,74,0.3345,0.3493,0.4176,0.0148,0.0684,0.1637
CVBF,74,0.3345,0.4225,0.4975,0.0880,0.0750,0.1507
SON,74,0.3344,0.3980,0.4349,0.0637,0.0369,0.0848
REG,74,0.3342,0.3861,0.5636,0.0519,0.1775,0.3149
ILMN,74,0.3342,0.3627,0.4770,0.0285,0.1143,0.2395
FIBK,74,0.3341,0.4132,0.4945,0.0791,0.0812,0.1642
COIN,21,0.3340,0.3931,0.4722,0.0591,0.0791,0.1675
ANET,74,0.3339,0.3640,0.4026,0.0301,0.0386,0.0960
PGC,74,0.3339,0.4034,0.4815,0.0695,0.0782,0.1623
ATI,74,0.3338,0.3732,0.4649,0.0393,0.0917,0.1973
CBZ,74,0.3338,0.3717,0.4082,0.0378,0.0366,0.0896
BLDR,74,0.3337,0.3531,0.4223,0.0194,0.0692,0.1639
FRSH,16,0.3334,0.3765,0.4495,0.0430,0.0730,0.1624
RRC,74,0.3334,0.3663,0.4341,0.0329,0.0678,0.1562
JBHT,74,0.3331,0.3491,0.4108,0.0160,0.0617,0.1503
TCBK,74,0.3331,0.4141,0.4747,0.0810,0.0606,0.1277
MEI,74,0.3330,0.3660,0.4282,0.0330,0.0622,0.1453
ESAB,10,0.3330,0.3460,0.4262,0.0130,0.0802,0.1882
FRT,74,0.3329,0.3893,0.5721,0.0563,0.1829,0.3196
DT,42,0.3328,0.4153,0.4825,0.0825,0.0673,0.1394
VC,74,0.3327,0.3484,0.4364,0.0157,0.0880,0.2017
BFH,74,0.3326,0.3896,0.4770,0.0570,0.0874,0.1833
NCLH,74,0.3325,0.3663,0.4692,0.0339,0.1029,0.2193
OLN,74,0.3324,0.3741,0.4456,0.0417,0.0715,0.1605
PLXS,74,0.3320,0.3526,0.4372,0.0206,0.0846,0.1935
ALK,74,0.3319,0.3813,0.4665,0.0495,0.0852,0.1826
WSFS,74,0.3318,0.4032,0.4802,0.0714,0.0769,0.1602
HLX,74,0.3317,0.3700,0.4550,0.0383,0.0849,0.1866
THRM,74,0.3317,0.3534,0.4286,0.0218,0.0751,0.1753
RITM,74,0.3316,0.3604,0.4117,0.0288,0.0513,0.1246
AR,74,0.3314,0.3614,0.4182,0.0299,0.0569,0.1360
WHR,74,0.3314,0.3559,0.4141,0.0245,0.0582,0.1405
KN,74,0.3313,0.3448,0.4244,0.0135,0.0796,0.1875
TRV,74,0.3311,0.4103,0.4745,0.0792,0.0642,0.1353
BDN,74,0.3311,0.3868,0.5127,0.0557,0.1259,0.2455
BCPC,74,0.3309,0.3521,0.3911,0.0212,0.0389,0.0996
PATH,21,0.3307,0.3883,0.4804,0.0576,0.0922,0.1919
TRI,74,0.3306,0.3442,0.3830,0.0136,0.0388,0.1014
DELL,74,0.3303,0.3419,0.3980,0.0116,0.0561,0.1410
VMC,74,0.3303,0.3574,0.4135,0.0271,0.0561,0.1356
XHR,74,0.3303,0.3852,0.4753,0.0549,0.0901,0.1895
NBTB,74,0.3301,0.4160,0.4826,0.0859,0.0666,0.1380
LCII,74,0.3300,0.3490,0.4156,0.0191,0.0666,0.1602
MAA,74,0.3298,0.3557,0.6183,0.0259,0.2626,0.4248
KO,74,0.3298,0.3855,0.5686,0.0558,0.1831,0.3219
LXP,74,0.3296,0.3525,0.4936,0.0228,0.1412,0.2860
JKHY,74,0.3295,0.3505,0.3928,0.0209,0.0424,0.1078
BRX,74,0.3295,0.3905,0.5350,0.0611,0.1444,0.2700
NVST,40,0.3294,0.3658,0.4141,0.0364,0.0483,0.1166
CNOB,74,0.3292,0.4160,0.5034,0.0868,0.0874,0.1735
PEBO,74,0.3292,0.4058,0.4696,0.0766,0.0637,0.1357
JBTM,74,0.3289,0.3703,0.4271,0.0415,0.0568,0.1329
PFBC,74,0.3288,0.3979,0.4838,0.0691,0.0859,0.1776
CRSR,28,0.3287,0.3478,0.4263,0.0191,0.0785,0.1841
AVTR,44,0.3285,0.3556,0.4360,0.0271,0.0804,0.1844
QTWO,74,0.3283,0.3859,0.4435,0.0576,0.0576,0.1299
MHO,74,0.3281,0.3435,0.4044,0.0153,0.0609,0.1506
SCL,74,0.3281,0.3665,0.4206,0.0384,0.0541,0.1287
FHN,74,0.3280,0.3936,0.5068,0.0656,0.1132,0.2233
LYV,74,0.3279,0.3571,0.4392,0.0292,0.0821,0.1869
ALGN,74,0.3279,0.3631,0.4327,0.0352,0.0696,0.1608
UNH,74,0.3278,0.3569,0.4993,0.0291,0.1424,0.2851
EQR,74,0.3278,0.3696,0.6229,0.0418,0.2533,0.4066
AVB,74,0.3275,0.3694,0.6260,0.0419,0.2566,0.4099
GRC,74,0.3273,0.3679,0.4270,0.0406,0.0591,0.1384
DCOM,74,0.3272,0.3918,0.4722,0.0646,0.0804,0.1703
CSW,74,0.3272,0.3501,0.3997,0.0229,0.0496,0.1241
FBK,74,0.3272,0.3920,0.4689,0.0648,0.0769,0.1640
ALB,74,0.3272,0.3489,0.5941,0.0217,0.2452,0.4127
CEVA,74,0.3271,0.3645,0.4735,0.0374,0.1091,0.2303
PAG,74,0.3271,0.3712,0.4377,0.0441,0.0666,0.1521
CINF,74,0.3270,0.3927,0.4420,0.0658,0.0492,0.1114
WT,74,0.3268,0.3541,0.4095,0.0273,0.0554,0.1352
SAIA,74,0.3266,0.3448,0.4073,0.0182,0.0625,0.1533
EQIX,74,0.3265,0.3503,0.5488,0.0238,0.1985,0.3616
HOG,74,0.3265,0.3530,0.4079,0.0266,0.0549,0.1345
GWW,74,0.3264,0.3502,0.4241,0.0238,0.0739,0.1743
AWK,74,0.3264,0.3517,0.6325,0.0254,0.2808,0.4439
SITM,38,0.3261,0.3860,0.4769,0.0599,0.0909,0.1906
TOL,74,0.3260,0.3354,0.4077,0.0094,0.0724,0.1775
AMH,74,0.3259,0.3385,0.5264,0.0126,0.1879,0.3570
CCL,74,0.3259,0.3599,0.4527,0.0340,0.0927,0.2048
O,74,0.3259,0.3616,0.6102,0.0357,0.2486,0.4074
FSS,74,0.3259,0.3671,0.4294,0.0412,0.0624,0.1452
NSIT,74,0.3256,0.3396,0.4023,0.0141,0.0627,0.1559
SYY,74,0.3253,0.3664,0.4600,0.0412,0.0936,0.2034
LBRT,60,0.3252,0.3733,0.4554,0.0481,0.0821,0.1803
RL,74,0.3252,0.3682,0.4367,0.0429,0.0686,0.1570
FHI,74,0.3252,0.3664,0.4129,0.0412,0.0465,0.1127
GLOB,74,0.3249,0.3789,0.4205,0.0540,0.0416,0.0990
BME,74,0.3249,0.3368,0.4305,0.0120,0.0937,0.2177
PUMP,70,0.3248,0.3628,0.4494,0.0380,0.0866,0.1928
CENX,74,0.3243,0.3469,0.4168,0.0226,0.0699,0.1677
PDM,74,0.3242,0.3889,0.5376,0.0647,0.1487,0.2766
MCD,74,0.3239,0.3447,0.4228,0.0207,0.0782,0.1849
CLH,74,0.3238,0.3566,0.4076,0.0328,0.0511,0.1252
LVS,74,0.3235,0.3512,0.4639,0.0277,0.1127,0.2430
MCRI,74,0.3232,0.3475,0.4129,0.0244,0.0654,0.1584
TRN,74,0.3231,0.3613,0.4339,0.0382,0.0726,0.1673
RKT,29,0.3229,0.3404,0.3823,0.0174,0.0419,0.1097
VEEV,74,0.3227,0.4155,0.4698,0.0928,0.0543,0.1156
MXL,74,0.3222,0.3529,0.4783,0.0307,0.1254,0.2621
DAR,74,0.3222,0.3519,0.4055,0.0297,0.0536,0.1323
NTRSO,39,0.3217,0.3337,0.3674,0.0120,0.0337,0.0917
KIM,74,0.3216,0.3780,0.5346,0.0564,0.1566,0.2929
COHU,74,0.3216,0.3509,0.5021,0.0293,0.1512,0.3012
WD,74,0.3215,0.3449,0.4023,0.0234,0.0574,0.1426
SPG,74,0.3215,0.3678,0.5367,0.0464,0.1689,0.3146
QCRH,74,0.3214,0.3858,0.4599,0.0645,0.0740,0.1609
BBT,74,0.3212,0.3956,0.4773,0.0744,0.0817,0.1712
EPAC,74,0.3211,0.3559,0.4159,0.0347,0.0600,0.1443
UCTT,74,0.3211,0.3510,0.5336,0.0299,0.1826,0.3422
RFI,74,0.3208,0.3351,0.4471,0.0143,0.1120,0.2505
DASH,25,0.3207,0.4060,0.4944,0.0852,0.0884,0.1789
KNF,2,0.3206,0.3516,0.4423,0.0310,0.0907,0.2051
HLI,74,0.3203,0.3352,0.3852,0.0149,0.0501,0.1299
EXPO,74,0.3200,0.3334,0.3785,0.0134,0.0451,0.1191
TREX,74,0.3198,0.3387,0.3964,0.0189,0.0577,0.1456
STBA,74,0.3198,0.4098,0.4876,0.0900,0.0779,0.1597
CMSD,47,0.3197,0.3355,0.3909,0.0158,0.0554,0.1417
FBRT,15,0.3196,0.3357,0.3895,0.0160,0.0538,0.1381
CHCO,74,0.3196,0.3988,0.4663,0.0792,0.0675,0.1447
SXI,74,0.3194,0.3743,0.4421,0.0549,0.0678,0.1534
VCTR,59,0.3191,0.3357,0.3681,0.0166,0.0324,0.0880
NBHC,74,0.3190,0.3957,0.4743,0.0767,0.0786,0.1657
BBY,74,0.3188,0.3318,0.3768,0.0130,0.0450,0.1195
HFWA,74,0.3188,0.4036,0.4745,0.0848,0.0709,0.1494
GT,74,0.3182,0.3670,0.4394,0.0488,0.0723,0.1646
EBAY,74,0.3181,0.3346,0.3769,0.0165,0.0422,0.1121
INVX,74,0.3181,0.3614,0.4513,0.0434,0.0899,0.1991
COHR,74,0.3180,0.3445,0.4481,0.0265,0.1036,0.2313
PFH,28,0.3180,0.3256,0.3679,0.0076,0.0423,0.1150
MBWM,74,0.3180,0.4026,0.4656,0.0847,0.0629,0.1352
POOL,74,0.3179,0.3411,0.3876,0.0231,0.0465,0.1200
SPSC,74,0.3175,0.3406,0.3729,0.0231,0.0323,0.0867
JOE,74,0.3175,0.3322,0.3853,0.0147,0.0531,0.1379
TPR,74,0.3174,0.3521,0.4306,0.0347,0.0785,0.1822
MOS,74,0.3174,0.3595,0.4399,0.0421,0.0804,0.1828
CRBG,4,0.3172,0.3401,0.4110,0.0228,0.0710,0.1727
SIGI,74,0.3172,0.3665,0.4066,0.0494,0.0400,0.0984
NEE,74,0.3170,0.3327,0.6477,0.0157,0.3150,0.4863
CNXC,26,0.3169,0.3303,0.3691,0.0135,0.0387,0.1050
OCFC,74,0.3167,0.3881,0.4690,0.0714,0.0809,0.1724
GSBC,74,0.3167,0.4038,0.4670,0.0870,0.0632,0.1354
DRI,74,0.3167,0.3426,0.4103,0.0259,0.0677,0.1650
IRT,74,0.3166,0.3436,0.4882,0.0270,0.1446,0.2961
SLG,74,0.3165,0.3747,0.5069,0.0582,0.1321,0.2607
KAI,74,0.3163,0.3415,0.3938,0.0252,0.0523,0.1329
XRX,74,0.3160,0.3513,0.4062,0.0352,0.0550,0.1353
GABC,74,0.3159,0.3890,0.4490,0.0731,0.0600,0.1336
SBSI,74,0.3159,0.3922,0.4674,0.0764,0.0752,0.1609
LBRDK,74,0.3157,0.3269,0.3573,0.0112,0.0304,0.0850
BMBL,23,0.3154,0.3610,0.4264,0.0455,0.0654,0.1534
ATKR,74,0.3150,0.3544,0.4289,0.0393,0.0745,0.1737
FIX,74,0.3149,0.3524,0.3982,0.0375,0.0458,0.1149
TFIN,74,0.3149,0.3541,0.4254,0.0392,0.0713,0.1677
HNI,74,0.3149,0.3715,0.4165,0.0567,0.0450,0.1080
NWBI,74,0.3148,0.4081,0.4757,0.0933,0.0676,0.1421
BNL,28,0.3148,0.3379,0.4643,0.0231,0.1264,0.2723
P,74,0.3148,0.3491,0.4190,0.0343,0.0700,0.1669
USFD,74,0.3146,0.3479,0.4270,0.0332,0.0791,0.1852
CUBI,74,0.3145,0.3696,0.4600,0.0551,0.0903,0.1964
MGR,46,0.3144,0.3230,0.3681,0.0086,0.0451,0.1225
LH,74,0.3144,0.3246,0.4149,0.0102,0.0903,0.2177
IBP,74,0.3143,0.3296,0.3870,0.0153,0.0574,0.1484
HAYW,22,0.3141,0.3445,0.3995,0.0304,0.0551,0.1378
KRG,74,0.3140,0.3802,0.5139,0.0662,0.1337,0.2602
CPT,74,0.3139,0.3444,0.5884,0.0305,0.2439,0.4146
SGI,74,0.3139,0.3276,0.4040,0.0137,0.0763,0.1889
RDN,74,0.3138,0.3451,0.3876,0.0313,0.0425,0.1097
BY,66,0.3138,0.3864,0.4629,0.0727,0.0765,0.1653
SVC,74,0.3135,0.3559,0.4670,0.0424,0.1111,0.2379
WSC,74,0.3135,0.3303,0.3784,0.0168,0.0481,0.1272
AMT,74,0.3134,0.3356,0.6154,0.0222,0.2798,0.4547
PRGS,74,0.3133,0.3251,0.3673,0.0118,0.0422,0.1149
TMP,74,0.3132,0.3828,0.4466,0.0695,0.0638,0.1429
UAL,74,0.3132,0.3563,0.4611,0.0431,0.1048,0.2272
ADNT,74,0.3130,0.3410,0.4238,0.0280,0.0827,0.1953
CGABL,20,0.3129,0.3251,0.3516,0.0122,0.0265,0.0753
KBH,74,0.3126,0.3256,0.3946,0.0130,0.0690,0.1749
CCNE,74,0.3124,0.3754,0.4370,0.0630,0.0616,0.1410
VNO,74,0.3122,0.3731,0.5278,0.0609,0.1547,0.2931
UBER,44,0.3119,0.3459,0.4520,0.0341,0.1061,0.2347
OMC,74,0.3116,0.3770,0.4258,0.0653,0.0489,0.1148
AKAM,74,0.3116,0.3285,0.3730,0.0169,0.0445,0.1194
CRC,27,0.3116,0.3461,0.4041,0.0346,0.0580,0.1434
AIZ,74,0.3114,0.3579,0.4074,0.0466,0.0494,0.1214
CVCO,74,0.3113,0.3262,0.3764,0.0149,0.0502,0.1334
LBRDA,74,0.3111,0.3207,0.3523,0.0096,0.0316,0.0897
U,28,0.3111,0.3983,0.4825,0.0872,0.0842,0.1745
SLM,74,0.3110,0.3412,0.4116,0.0302,0.0704,0.1711
FBNC,74,0.3109,0.3909,0.4752,0.0800,0.0843,0.1774
BANC,74,0.3108,0.3725,0.4611,0.0616,0.0887,0.1923
NXST,74,0.3108,0.3392,0.3930,0.0285,0.0538,0.1368
HBNC,74,0.3107,0.3806,0.4504,0.0699,0.0699,0.1551
ARCC,74,0.3107,0.3315,0.3819,0.0208,0.0504,0.1321
PLUS,74,0.3106,0.3233,0.3649,0.0127,0.0416,0.1139
MPLX,74,0.3104,0.3412,0.4025,0.0308,0.0614,0.1524
UE,74,0.3103,0.3758,0.5146,0.0655,0.1388,0.2697
UNF,74,0.3103,0.3350,0.3732,0.0247,0.0381,0.1022
WTTR,67,0.3103,0.3499,0.4230,0.0396,0.0731,0.1728
SHOO,74,0.3102,0.3439,0.4042,0.0336,0.0604,0.1494
DXC,74,0.3101,0.3387,0.3961,0.0285,0.0574,0.1450
CNM,18,0.3100,0.3241,0.3782,0.0140,0.0541,0.1431
BHFAP,46,0.3100,0.3110,0.3579,0.0011,0.0468,0.1309
IIIV,55,0.3096,0.3257,0.3710,0.0161,0.0452,0.1219
APOG,74,0.3096,0.3430,0.3861,0.0334,0.0431,0.1117
DOC,74,0.3095,0.3459,0.5926,0.0363,0.2468,0.4164
CLDT,74,0.3095,0.3616,0.4611,0.0521,0.0995,0.2158
MTZ,74,0.3094,0.3409,0.4054,0.0315,0.0645,0.1591
ESS,74,0.3092,0.3454,0.6009,0.0361,0.2555,0.4252
AES,74,0.3092,0.3421,0.4363,0.0328,0.0943,0.2160
MGRD,18,0.3087,0.3154,0.3468,0.0067,0.0314,0.0905
EXC,74,0.3087,0.3426,0.6147,0.0339,0.2722,0.4428
MCBS,40,0.3086,0.3639,0.4210,0.0553,0.0572,0.1358
FCPT,74,0.3084,0.3330,0.5161,0.0245,0.1831,0.3548
DCH,74,0.3082,0.3406,0.4245,0.0324,0.0839,0.1976
PLNT,74,0.3081,0.3247,0.3742,0.0166,0.0495,0.1322
AIV,74,0.3081,0.3343,0.5358,0.0262,0.2015,0.3761
THG,74,0.3079,0.3846,0.4278,0.0767,0.0432,0.1010
HTH,74,0.3078,0.3628,0.4518,0.0550,0.0890,0.1970
TROX,74,0.3077,0.3411,0.4296,0.0333,0.0885,0.2060
AHRT,74,0.3076,0.3538,0.4759,0.0463,0.1220,0.2565
DNOW,74,0.3076,0.3532,0.4444,0.0456,0.0912,0.2053
AAT,74,0.3075,0.3700,0.5383,0.0626,0.1682,0.3126
FOXF,74,0.3073,0.3238,0.3662,0.0165,0.0424,0.1158
LNG,74,0.3072,0.3288,0.3902,0.0215,0.0615,0.1575
DUKB,51,0.3072,0.3196,0.3726,0.0124,0.0530,0.1423
PFS,74,0.3071,0.3962,0.4653,0.0891,0.0691,0.1485
ALG,74,0.3071,0.3405,0.4085,0.0334,0.0680,0.1664
IBCP,74,0.3070,0.3873,0.4622,0.0802,0.0749,0.1621
NVR,74,0.3070,0.3154,0.3707,0.0084,0.0553,0.1492
HLIO,74,0.3068,0.3344,0.3884,0.0276,0.0540,0.1390
WSO,74,0.3068,0.3161,0.3888,0.0093,0.0727,0.1869
HAFC,74,0.3067,0.3877,0.4748,0.0810,0.0871,0.1834
FOX,46,0.3064,0.3553,0.4003,0.0488,0.0451,0.1125
MFIC,74,0.3064,0.3239,0.3703,0.0175,0.0465,0.1255
CACI,74,0.3063,0.3220,0.3999,0.0157,0.0779,0.1949
NNN,74,0.3062,0.3510,0.5757,0.0447,0.2247,0.3903
FISI,74,0.3062,0.3800,0.4554,0.0738,0.0754,0.1656
AYI,74,0.3061,0.3395,0.3955,0.0334,0.0561,0.1418
TFSL,74,0.3060,0.3613,0.4201,0.0553,0.0588,0.1400
INN,74,0.3056,0.3570,0.4498,0.0514,0.0929,0.2064
GOLF,74,0.3055,0.3149,0.3518,0.0093,0.0369,0.1050
SREA,43,0.3055,0.3171,0.3690,0.0116,0.0519,0.1406
TNET,74,0.3055,0.3241,0.3643,0.0186,0.0403,0.1105
SYBT,74,0.3052,0.3683,0.4473,0.0630,0.0790,0.1767
UVSP,74,0.3051,0.3885,0.4628,0.0833,0.0743,0.1606
WASH,74,0.3048,0.3793,0.4407,0.0745,0.0614,0.1393
RMD,74,0.3048,0.3169,0.3745,0.0120,0.0576,0.1537
BANF,74,0.3043,0.3777,0.4553,0.0735,0.0776,0.1705
TW,45,0.3043,0.3211,0.3777,0.0169,0.0565,0.1497
ELS,74,0.3043,0.3247,0.5669,0.0204,0.2422,0.4273
PJT,74,0.3042,0.3184,0.3720,0.0142,0.0537,0.1443
ACVA,22,0.3042,0.3325,0.3837,0.0283,0.0512,0.1335
CMP,74,0.3041,0.3332,0.3836,0.0292,0.0504,0.1313
DBX,58,0.3041,0.3388,0.3987,0.0348,0.0598,0.1501
BRSP,59,0.3040,0.3386,0.3989,0.0345,0.0603,0.1512
CF,74,0.3039,0.3426,0.4041,0.0387,0.0614,0.1521
FTS,74,0.3037,0.3235,0.4767,0.0199,0.1531,0.3212
MTN,74,0.3035,0.3211,0.3671,0.0176,0.0460,0.1252
IAC,74,0.3035,0.3589,0.4149,0.0554,0.0561,0.1351
SXC,74,0.3034,0.3402,0.4132,0.0368,0.0730,0.1766
BWIN,39,0.3033,0.3209,0.3613,0.0176,0.0404,0.1118
AAL,74,0.3033,0.3415,0.4624,0.0382,0.1209,0.2615
VECO,74,0.3032,0.3256,0.4535,0.0224,0.1279,0.2820
TMUS,74,0.3032,0.3158,0.3509,0.0126,0.0351,0.1000
CME,74,0.3031,0.3298,0.4089,0.0267,0.0791,0.1935
ESTC,51,0.3030,0.3987,0.4756,0.0957,0.0769,0.1617
LDOS,74,0.3028,0.3249,0.4014,0.0221,0.0764,0.1904
TILE,74,0.3027,0.3572,0.4236,0.0544,0.0665,0.1569
IFF,74,0.3027,0.3178,0.3522,0.0151,0.0344,0.0978
LUV,74,0.3026,0.3489,0.4447,0.0462,0.0959,0.2155
CLF,74,0.3025,0.3261,0.4003,0.0236,0.0742,0.1853
AMBA,74,0.3024,0.3260,0.4300,0.0236,0.1040,0.2418
KMX,74,0.3024,0.3200,0.3691,0.0176,0.0491,0.1329
NAVI,74,0.3024,0.3367,0.4092,0.0343,0.0726,0.1773
BCSF,50,0.3023,0.3172,0.3618,0.0150,0.0445,0.1231
FIVE,74,0.3021,0.3145,0.3492,0.0124,0.0347,0.0993
REI,74,0.3020,0.3266,0.4012,0.0247,0.0745,0.1858
BCC,74,0.3018,0.3243,0.3885,0.0225,0.0643,0.1654
GE,74,0.3017,0.3535,0.4285,0.0518,0.0750,0.1750
COMP,22,0.3017,0.3434,0.4258,0.0417,0.0824,0.1936
AM,68,0.3016,0.3322,0.4018,0.0306,0.0696,0.1732
WPC,74,0.3016,0.3398,0.5364,0.0382,0.1967,0.3666
FMBH,74,0.3014,0.3657,0.4321,0.0643,0.0664,0.1537
BFS,74,0.3013,0.3679,0.4659,0.0667,0.0980,0.2103
WTRG,74,0.3008,0.3291,0.5384,0.0283,0.2093,0.3887
PRK,74,0.3007,0.3621,0.4260,0.0613,0.0639,0.1500
WST,74,0.3007,0.3352,0.4148,0.0344,0.0796,0.1919
OI,74,0.3007,0.3378,0.3919,0.0371,0.0541,0.1379
ILPT,60,0.3004,0.3289,0.4139,0.0285,0.0850,0.2054
TPL,74,0.3003,0.3277,0.3841,0.0273,0.0564,0.1469
DV,21,0.3003,0.3375,0.4101,0.0372,0.0726,0.1771
NFLX,74,0.3001,0.3629,0.4128,0.0628,0.0499,0.1210
BIO,74,0.3001,0.3267,0.4200,0.0266,0.0934,0.2223
MHK,74,0.2999,0.3402,0.4042,0.0403,0.0639,0.1582
MDU,74,0.2999,0.3609,0.4709,0.0610,0.1100,0.2336
GOOD,74,0.2998,0.3360,0.4489,0.0362,0.1129,0.2514
EQT,74,0.2996,0.3175,0.3566,0.0178,0.0392,0.1098
CALY,74,0.2996,0.3156,0.3778,0.0160,0.0623,0.1648
BLKB,74,0.2994,0.3160,0.3538,0.0166,0.0379,0.1070
CRI,74,0.2993,0.3251,0.3800,0.0257,0.0549,0.1445
BGC,74,0.2993,0.3303,0.3893,0.0309,0.0591,0.1517
NTCT,74,0.2992,0.3102,0.3427,0.0111,0.0325,0.0948
AKR,74,0.2992,0.3673,0.5216,0.0681,0.1543,0.2958
MPT,74,0.2991,0.3206,0.4826,0.0216,0.1620,0.3356
CXM,19,0.2990,0.3382,0.4035,0.0392,0.0653,0.1618
PATK,74,0.2989,0.3230,0.3951,0.0241,0.0721,0.1825
PLAB,74,0.2987,0.3122,0.4328,0.0135,0.1206,0.2787
EPR,74,0.2986,0.3401,0.4983,0.0415,0.1582,0.3174
PENG,68,0.2986,0.3129,0.4085,0.0143,0.0956,0.2340
SAIC,74,0.2984,0.3176,0.3878,0.0192,0.0702,0.1810
RUSHA,74,0.2983,0.3454,0.4161,0.0471,0.0707,0.1699
OZKAP,15,0.2979,0.3092,0.3457,0.0113,0.0365,0.1056
CMG,74,0.2979,0.3332,0.3792,0.0353,0.0460,0.1213
EBC,27,0.2979,0.3373,0.4043,0.0394,0.0670,0.1658
HCA,74,0.2976,0.3281,0.3958,0.0305,0.0677,0.1710
NVTS,15,0.2976,0.3330,0.4802,0.0354,0.1472,0.3066
SABR,74,0.2975,0.3178,0.4010,0.0204,0.0831,0.2073
GNL,74,0.2967,0.3421,0.4537,0.0454,0.1116,0.2459
NEOG,74,0.2965,0.3054,0.3477,0.0088,0.0423,0.1216
BV,54,0.2965,0.3335,0.3911,0.0369,0.0576,0.1474
IRM,74,0.2964,0.3175,0.4473,0.0210,0.1299,0.2903
WU,74,0.2964,0.3275,0.3746,0.0311,0.0470,0.1256
THR,74,0.2962,0.3371,0.3948,0.0409,0.0578,0.1463
TRS,74,0.2962,0.3429,0.3871,0.0468,0.0442,0.1141
UHS,74,0.2961,0.3383,0.4021,0.0422,0.0638,0.1587
GTM,31,0.2960,0.3723,0.4319,0.0763,0.0597,0.1381
ARI,74,0.2960,0.3297,0.3870,0.0337,0.0574,0.1482
PD,45,0.2958,0.4057,0.4782,0.1098,0.0726,0.1517
NMIH,74,0.2956,0.3236,0.3813,0.0280,0.0576,0.1512
S,19,0.2953,0.3721,0.4683,0.0768,0.0962,0.2055
AMGN,74,0.2952,0.3203,0.4848,0.0250,0.1645,0.3394
DSL,74,0.2952,0.3058,0.3497,0.0107,0.0439,0.1255
TRST,74,0.2952,0.3738,0.4336,0.0787,0.0598,0.1378
RPD,74,0.2950,0.3650,0.4146,0.0700,0.0496,0.1197
FWONK,74,0.2949,0.3026,0.3507,0.0077,0.0481,0.1371
WYNN,74,0.2949,0.3243,0.4374,0.0294,0.1131,0.2586
SITC,74,0.2945,0.3479,0.4810,0.0534,0.1331,0.2768
SUI,74,0.2944,0.3159,0.5445,0.0215,0.2286,0.4198
APP,21,0.2940,0.3472,0.4288,0.0532,0.0816,0.1903
MTRN,74,0.2939,0.3227,0.3959,0.0287,0.0732,0.1849
SNOW,28,0.2939,0.3936,0.4616,0.0997,0.0680,0.1474
CAC,74,0.2937,0.3743,0.4343,0.0806,0.0600,0.1380
ESRT,74,0.2937,0.3487,0.4877,0.0549,0.1391,0.2851
TASK,19,0.2937,0.3171,0.3817,0.0234,0.0645,0.1690
BZH,74,0.2936,0.3050,0.3674,0.0114,0.0624,0.1698
CTS,74,0.2933,0.3182,0.3864,0.0248,0.0682,0.1766
TBBK,74,0.2932,0.3282,0.4070,0.0350,0.0788,0.1936
TENB,54,0.2932,0.3523,0.4050,0.0591,0.0527,0.1300
WMS,74,0.2932,0.3043,0.3460,0.0111,0.0416,0.1204
WTBA,74,0.2930,0.3590,0.4205,0.0660,0.0614,0.1461
AZZ,74,0.2930,0.3402,0.3992,0.0473,0.0590,0.1478
REAL,43,0.2929,0.3389,0.4203,0.0460,0.0814,0.1936
ASO,27,0.2929,0.3094,0.3607,0.0165,0.0513,0.1422
PBF,74,0.2927,0.3236,0.4022,0.0309,0.0786,0.1955
TTMI,74,0.2926,0.3045,0.3839,0.0119,0.0794,0.2067
CR,2,0.2926,0.3377,0.4277,0.0451,0.0900,0.2105
RIVN,14,0.2926,0.3320,0.4686,0.0395,0.1365,0.2914
KREF,68,0.2924,0.3159,0.3812,0.0235,0.0653,0.1713
NX,74,0.2923,0.3298,0.3810,0.0375,0.0512,0.1344
SNDR,69,0.2923,0.3134,0.3768,0.0211,0.0634,0.1683
ELC,12,0.2921,0.3002,0.3278,0.0082,0.0276,0.0841
ALSN,74,0.2917,0.3413,0.4263,0.0497,0.0849,0.1992
FTHY,31,0.2917,0.2933,0.3178,0.0017,0.0245,0.0771
SPT,37,0.2915,0.4074,0.4869,0.1159,0.0794,0.1632
LKFN,74,0.2915,0.3581,0.4310,0.0666,0.0729,0.1691
SCI,74,0.2914,0.3096,0.3552,0.0182,0.0456,0.1285
GTY,74,0.2911,0.3336,0.4831,0.0425,0.1496,0.3096
SIRI,74,0.2910,0.3021,0.3354,0.0112,0.0333,0.0992
GTLB,15,0.2909,0.3435,0.4036,0.0525,0.0601,0.1489
AMPL,16,0.2908,0.3263,0.4070,0.0355,0.0807,0.1983
SEI,68,0.2908,0.3382,0.4118,0.0474,0.0737,0.1788
INSP,56,0.2908,0.3321,0.4144,0.0413,0.0823,0.1986
PRIM,74,0.2907,0.3323,0.3978,0.0416,0.0655,0.1647
BALL,74,0.2907,0.3083,0.3553,0.0176,0.0471,0.1325
PENN,74,0.2905,0.3213,0.4065,0.0308,0.0852,0.2096
PSN,44,0.2905,0.3200,0.4011,0.0295,0.0811,0.2022
AMWD,74,0.2902,0.3090,0.3698,0.0188,0.0608,0.1643
LGIH,74,0.2901,0.3012,0.3588,0.0111,0.0576,0.1605
LOB,74,0.2900,0.3193,0.3899,0.0293,0.0705,0.1809
MP,31,0.2900,0.3234,0.4368,0.0334,0.1135,0.2598
UHAL,74,0.2899,0.3061,0.3449,0.0162,0.0388,0.1126
SKYW,74,0.2896,0.3359,0.4278,0.0463,0.0919,0.2149
DK,74,0.2895,0.3310,0.4017,0.0415,0.0707,0.1760
ASIX,74,0.2895,0.3394,0.3925,0.0499,0.0532,0.1354
NET,40,0.2895,0.4168,0.4838,0.1274,0.0670,0.1385
SEM,74,0.2893,0.3084,0.3676,0.0190,0.0593,0.1612
FWONA,74,0.2891,0.2964,0.3486,0.0073,0.0522,0.1497
HOOD,18,0.2888,0.3319,0.4341,0.0430,0.1022,0.2355
MSBI,74,0.2884,0.3666,0.4511,0.0782,0.0844,0.1872
AGM,74,0.2883,0.3350,0.3895,0.0467,0.0545,0.1400
KRO,74,0.2881,0.3260,0.4070,0.0379,0.0810,0.1990
DECK,74,0.2880,0.3057,0.3542,0.0177,0.0485,0.1369
BFST,57,0.2879,0.3331,0.3878,0.0452,0.0547,0.1410
JBLU,74,0.2878,0.3357,0.4485,0.0480,0.1128,0.2515
CCI,74,0.2877,0.3048,0.5684,0.0171,0.2636,0.4637
MGRC,74,0.2875,0.3212,0.3626,0.0337,0.0415,0.1144
NFBK,74,0.2874,0.3658,0.4298,0.0784,0.0640,0.1489
IPGP,74,0.2874,0.3120,0.4183,0.0246,0.1063,0.2541
OPY,74,0.2873,0.3166,0.3606,0.0294,0.0440,0.1221
COLD,60,0.2872,0.3009,0.4488,0.0137,0.1479,0.3295
PANW,74,0.2869,0.3354,0.3697,0.0485,0.0343,0.0928
CRK,74,0.2869,0.3034,0.3601,0.0165,0.0567,0.1575
EXPE,74,0.2868,0.3118,0.3723,0.0249,0.0605,0.1626
BHFAM,14,0.2868,0.2961,0.3339,0.0093,0.0378,0.1132
LADR,74,0.2866,0.3205,0.3843,0.0339,0.0638,0.1661
ITRI,74,0.2866,0.3061,0.3507,0.0195,0.0447,0.1273
AGNC,74,0.2866,0.3145,0.3710,0.0280,0.0565,0.1523
ABM,74,0.2865,0.3248,0.3621,0.0383,0.0373,0.1031
GTLS,74,0.2864,0.3166,0.4058,0.0302,0.0892,0.2199
MQ,19,0.2863,0.3319,0.4385,0.0456,0.1065,0.2429
PDI,74,0.2860,0.2925,0.3233,0.0066,0.0308,0.0952
ELAN,52,0.2860,0.3014,0.3546,0.0154,0.0532,0.1501
DTG,13,0.2859,0.2946,0.3358,0.0087,0.0412,0.1228
ACDC,8,0.2857,0.3240,0.3712,0.0383,0.0472,0.1272
NNI,74,0.2852,0.3140,0.3631,0.0288,0.0490,0.1350
TTD,74,0.2852,0.3486,0.4131,0.0635,0.0644,0.1560
DLR,74,0.2848,0.2977,0.5439,0.0129,0.2462,0.4526
CIEN,74,0.2848,0.2918,0.3295,0.0070,0.0377,0.1143
UHT,74,0.2847,0.3356,0.4690,0.0509,0.1334,0.2844
PLOW,74,0.2846,0.3223,0.3748,0.0377,0.0525,0.1401
DDOG,40,0.2846,0.4103,0.4616,0.1257,0.0513,0.1111
DINO,74,0.2845,0.3296,0.3970,0.0451,0.0674,0.1698
VSCO,18,0.2845,0.2928,0.3446,0.0084,0.0518,0.1503
ALKT,21,0.2844,0.3340,0.4103,0.0496,0.0763,0.1859
BAX,74,0.2843,0.3064,0.3943,0.0221,0.0879,0.2229
GEL,74,0.2841,0.3129,0.3740,0.0287,0.0611,0.1634
VICR,74,0.2840,0.3108,0.3740,0.0268,0.0632,0.1691
QLYS,74,0.2839,0.3217,0.3631,0.0378,0.0414,0.1139
BLW,74,0.2839,0.2919,0.3334,0.0080,0.0414,0.1243
OBK,56,0.2838,0.3592,0.4253,0.0754,0.0661,0.1555
REZI,51,0.2836,0.3051,0.3769,0.0215,0.0718,0.1905
CASS,74,0.2835,0.3236,0.3663,0.0402,0.0426,0.1164
NLY,74,0.2835,0.3173,0.3778,0.0338,0.0605,0.1601
SCSC,74,0.2834,0.3149,0.3828,0.0315,0.0679,0.1774
PRSU,74,0.2833,0.3252,0.4021,0.0419,0.0769,0.1912
PINS,45,0.2831,0.3389,0.4014,0.0558,0.0625,0.1557
UMH,74,0.2829,0.3147,0.4284,0.0317,0.1138,0.2655
LNN,74,0.2829,0.3075,0.3636,0.0246,0.0561,0.1543
GPK,74,0.2828,0.3280,0.3684,0.0452,0.0404,0.1097
CNP,74,0.2827,0.3272,0.5448,0.0445,0.2176,0.3994
BHFAL,52,0.2827,0.2915,0.3410,0.0088,0.0495,0.1452
HTZ,18,0.2827,0.2984,0.3612,0.0157,0.0629,0.1740
BILL,37,0.2824,0.3816,0.4382,0.0992,0.0567,0.1293
CHE,74,0.2823,0.2977,0.3513,0.0154,0.0536,0.1525
YOU,19,0.2823,0.3097,0.3615,0.0274,0.0518,0.1433
ARCB,74,0.2822,0.3056,0.3792,0.0234,0.0736,0.1941
ECVT,63,0.2820,0.3155,0.3718,0.0335,0.0563,0.1514
SBAC,74,0.2818,0.3030,0.5317,0.0212,0.2287,0.4301
OSBC,74,0.2817,0.3576,0.4165,0.0759,0.0589,0.1413
BCO,74,0.2816,0.3091,0.3522,0.0274,0.0431,0.1225
BFAM,74,0.2816,0.3035,0.3519,0.0219,0.0484,0.1376
WELL,74,0.2815,0.3217,0.5524,0.0402,0.2306,0.4175
PRS,53,0.2814,0.2935,0.3555,0.0121,0.0620,0.1744
AROW,74,0.2813,0.3416,0.4019,0.0603,0.0603,0.1500
PFGC,74,0.2813,0.3128,0.3892,0.0315,0.0764,0.1963
HII,74,0.2813,0.3298,0.4775,0.0485,0.1477,0.3093
KOP,74,0.2812,0.3168,0.3943,0.0355,0.0775,0.1966
HUBG,74,0.2811,0.3045,0.3649,0.0235,0.0603,0.1654
KTB,44,0.2809,0.3345,0.4004,0.0537,0.0658,0.1645
CIM,74,0.2805,0.3073,0.3699,0.0268,0.0626,0.1692
RBCAA,74,0.2805,0.3486,0.4123,0.0681,0.0637,0.1546
CMSC,51,0.2805,0.2942,0.3470,0.0137,0.0528,0.1522
CVI,74,0.2804,0.3159,0.3825,0.0355,0.0666,0.1740
RBB,66,0.2803,0.3480,0.4087,0.0676,0.0607,0.1486
XPRO,74,0.2803,0.3188,0.3958,0.0385,0.0770,0.1946
FOUR,31,0.2802,0.3225,0.3920,0.0422,0.0695,0.1773
VRT,53,0.2801,0.2986,0.3694,0.0185,0.0708,0.1916
STC,74,0.2801,0.3032,0.3351,0.0231,0.0319,0.0952
JNJ,74,0.2800,0.3319,0.4953,0.0518,0.1634,0.3299
MGRB,28,0.2798,0.2857,0.3256,0.0059,0.0399,0.1224
CACC,74,0.2798,0.3004,0.3500,0.0206,0.0497,0.1419
BOOT,74,0.2797,0.3077,0.3807,0.0280,0.0730,0.1917
LILAK,74,0.2795,0.3053,0.3577,0.0259,0.0523,0.1464
PCB,53,0.2795,0.3155,0.3554,0.0360,0.0399,0.1123
FET,74,0.2795,0.2957,0.3610,0.0162,0.0653,0.1809
TRTX,66,0.2794,0.3061,0.3618,0.0266,0.0557,0.1540
CBNK,52,0.2794,0.3243,0.3747,0.0449,0.0504,0.1345
OKTA,69,0.2793,0.3904,0.4334,0.1112,0.0430,0.0992
NSP,74,0.2791,0.3026,0.3466,0.0235,0.0440,0.1270
RES,74,0.2791,0.3282,0.4307,0.0491,0.1026,0.2381
MDB,63,0.2790,0.3958,0.4466,0.1168,0.0507,0.1136
VTR,74,0.2790,0.3239,0.5453,0.0449,0.2214,0.4060
OGE,74,0.2790,0.3404,0.5834,0.0614,0.2430,0.4166
FCBC,74,0.2789,0.3595,0.4206,0.0806,0.0611,0.1453
NFG,74,0.2788,0.3469,0.4239,0.0681,0.0771,0.1818
FOXA,46,0.2787,0.3273,0.3700,0.0486,0.0427,0.1153
FSK,74,0.2787,0.3023,0.3442,0.0236,0.0419,0.1218
CVLT,74,0.2785,0.2940,0.3448,0.0155,0.0508,0.1473
LMT,74,0.2785,0.3150,0.5617,0.0365,0.2467,0.4391
RH,74,0.2785,0.2935,0.3449,0.0149,0.0515,0.1492
SOJC,62,0.2783,0.2843,0.3277,0.0059,0.0434,0.1325
BTZ,74,0.2779,0.2860,0.3264,0.0081,0.0404,0.1239
SKY,74,0.2779,0.2931,0.3511,0.0152,0.0581,0.1653
LITE,74,0.2778,0.2966,0.3926,0.0188,0.0961,0.2447
BRSL,74,0.2778,0.3054,0.3827,0.0277,0.0773,0.2019
SBR,74,0.2774,0.3013,0.3601,0.0239,0.0588,0.1632
HMN,74,0.2774,0.3413,0.3834,0.0639,0.0421,0.1098
TSCO,74,0.2774,0.2906,0.3476,0.0133,0.0569,0.1638
GEF,74,0.2773,0.3229,0.3707,0.0456,0.0478,0.1290
THFF,74,0.2771,0.3577,0.4275,0.0806,0.0698,0.1632
IART,74,0.2769,0.2961,0.3519,0.0192,0.0558,0.1586
DTE,74,0.2767,0.3445,0.6643,0.0678,0.3198,0.4814
PPL,74,0.2767,0.3445,0.5618,0.0678,0.2172,0.3867
SD,74,0.2767,0.3078,0.3802,0.0311,0.0724,0.1904
LASR,57,0.2765,0.3050,0.3993,0.0284,0.0944,0.2363
HSIC,74,0.2764,0.3126,0.3665,0.0362,0.0539,0.1471
FRST,74,0.2762,0.3450,0.4165,0.0688,0.0715,0.1716
RMR,74,0.2762,0.3116,0.3604,0.0355,0.0488,0.1354
VVV,74,0.2761,0.3020,0.3608,0.0259,0.0588,0.1630
ENVA,74,0.2759,0.3129,0.3769,0.0369,0.0640,0.1698
PEG,74,0.2759,0.3259,0.6077,0.0500,0.2818,0.4638
BHE,74,0.2758,0.3043,0.4051,0.0285,0.1007,0.2487
CCB,54,0.2758,0.3049,0.3587,0.0291,0.0537,0.1498
CHTR,74,0.2756,0.2865,0.3244,0.0109,0.0378,0.1166
CFFN,74,0.2755,0.3491,0.4006,0.0735,0.0515,0.1286
STZ,74,0.2755,0.2946,0.3449,0.0190,0.0504,0.1460
DNA,21,0.2755,0.3089,0.4230,0.0334,0.1141,0.2697
CDP,74,0.2755,0.3093,0.4511,0.0338,0.1418,0.3144
WES,74,0.2754,0.3074,0.3668,0.0320,0.0593,0.1618
PGR,74,0.2753,0.3012,0.3708,0.0259,0.0695,0.1876
ADPT,43,0.2753,0.3772,0.5078,0.1019,0.1306,0.2571
ALGT,74,0.2753,0.3112,0.3945,0.0360,0.0832,0.2110
XEL,74,0.2752,0.3198,0.6976,0.0447,0.3778,0.5415
HASI,74,0.2751,0.2970,0.3684,0.0218,0.0715,0.1940
SG,14,0.2748,0.2917,0.3460,0.0169,0.0543,0.1569
MLKN,74,0.2747,0.3116,0.3641,0.0369,0.0525,0.1442
ABR,74,0.2742,0.2955,0.3603,0.0212,0.0648,0.1800
CION,15,0.2742,0.2917,0.3322,0.0176,0.0405,0.1219
TRC,74,0.2741,0.3010,0.3454,0.0269,0.0444,0.1285
THO,74,0.2740,0.2916,0.3681,0.0177,0.0765,0.2077
FCFS,74,0.2739,0.2948,0.3317,0.0210,0.0369,0.1113
BDX,74,0.2738,0.2999,0.4277,0.0261,0.1279,0.2990
BSRR,74,0.2738,0.3495,0.4204,0.0757,0.0710,0.1688
CLBK,57,0.2737,0.3438,0.3900,0.0700,0.0462,0.1185
EXTR,74,0.2737,0.2886,0.3459,0.0149,0.0573,0.1657
ASAN,28,0.2735,0.3635,0.4719,0.0900,0.1084,0.2296
YELP,74,0.2733,0.2948,0.3614,0.0216,0.0665,0.1841
NVRI,74,0.2733,0.3147,0.3873,0.0414,0.0726,0.1874
NXDR,14,0.2732,0.3042,0.3800,0.0309,0.0758,0.1995
LZB,74,0.2732,0.2942,0.3460,0.0211,0.0518,0.1496
NIC,74,0.2731,0.3316,0.3844,0.0585,0.0528,0.1373
HY,74,0.2731,0.3044,0.3712,0.0313,0.0668,0.1801
RUSHB,74,0.2731,0.3156,0.3875,0.0426,0.0718,0.1854
GBX,74,0.2731,0.3079,0.3748,0.0348,0.0669,0.1785
BROS,16,0.2730,0.2891,0.3241,0.0161,0.0351,0.1082
LILA,74,0.2728,0.2997,0.3508,0.0270,0.0511,0.1456
ROL,74,0.2726,0.2891,0.3555,0.0165,0.0663,0.1866
HR,74,0.2726,0.2935,0.5110,0.0209,0.2175,0.4257
PLTR,28,0.2724,0.3738,0.4847,0.1014,0.1109,0.2288
ULCC,22,0.2723,0.2886,0.3595,0.0163,0.0710,0.1974
IRDM,74,0.2721,0.2913,0.3483,0.0192,0.0570,0.1637
TWST,50,0.2720,0.3501,0.4856,0.0781,0.1355,0.2790
CEG,12,0.2720,0.2950,0.3920,0.0230,0.0969,0.2473
RLI,74,0.2719,0.3243,0.3689,0.0524,0.0446,0.1209
HBANP,23,0.2718,0.2805,0.3162,0.0087,0.0357,0.1130
CABO,74,0.2715,0.2825,0.3255,0.0110,0.0429,0.1320
MAC,74,0.2715,0.3164,0.4439,0.0449,0.1274,0.2871
DLX,74,0.2714,0.3359,0.4015,0.0645,0.0656,0.1634
RGEN,74,0.2712,0.3226,0.4322,0.0514,0.1096,0.2535
RVLV,43,0.2712,0.3071,0.3667,0.0359,0.0595,0.1624
KNX,74,0.2712,0.2880,0.3482,0.0168,0.0602,0.1730
PSEC,74,0.2711,0.2856,0.3125,0.0145,0.0268,0.0859
MATW,74,0.2710,0.3377,0.3851,0.0666,0.0474,0.1232
CPNG,22,0.2708,0.3047,0.4107,0.0339,0.1061,0.2582
KMPR,74,0.2707,0.3093,0.3366,0.0386,0.0273,0.0810
SRE,74,0.2707,0.3147,0.5435,0.0440,0.2288,0.4210
ABG,74,0.2705,0.3073,0.3731,0.0368,0.0658,0.1764
GLAD,74,0.2703,0.2884,0.3338,0.0181,0.0453,0.1358
COUR,22,0.2703,0.3185,0.3933,0.0482,0.0748,0.1902
RNG,74,0.2703,0.3579,0.4156,0.0876,0.0577,0.1388
NRG,74,0.2702,0.2840,0.3497,0.0138,0.0657,0.1879
PG,74,0.2701,0.3119,0.5842,0.0418,0.2723,0.4660
FA,19,0.2699,0.2762,0.3139,0.0063,0.0377,0.1200
OPLN,74,0.2699,0.2951,0.3352,0.0252,0.0401,0.1195
GHC,74,0.2698,0.2991,0.3410,0.0293,0.0418,0.1227
FFIC,74,0.2698,0.3481,0.4212,0.0784,0.0731,0.1735
DBRG,74,0.2695,0.2917,0.3603,0.0222,0.0686,0.1905
HAS,74,0.2691,0.2832,0.3164,0.0141,0.0332,0.1050
EYE,63,0.2691,0.2823,0.3303,0.0132,0.0480,0.1454
CUBE,74,0.2691,0.2836,0.5195,0.0145,0.2359,0.4541
SNEX,74,0.2688,0.2996,0.3569,0.0308,0.0573,0.1604
BMRC,74,0.2688,0.3341,0.3902,0.0653,0.0562,0.1440
CI,74,0.2688,0.3062,0.4000,0.0374,0.0938,0.2345
MATX,74,0.2683,0.2948,0.3537,0.0265,0.0589,0.1666
GRBK,74,0.2682,0.2797,0.3373,0.0115,0.0576,0.1708
DOCU,57,0.2681,0.3675,0.4247,0.0994,0.0572,0.1346
KFRC,74,0.2680,0.3034,0.3598,0.0353,0.0564,0.1568
WFRD,24,0.2678,0.2913,0.3518,0.0235,0.0605,0.1721
UAA,74,0.2677,0.2998,0.3544,0.0320,0.0546,0.1540
EVCM,18,0.2669,0.2808,0.3384,0.0140,0.0576,0.1702
BHB,74,0.2667,0.3167,0.3796,0.0500,0.0629,0.1657
PECO,23,0.2666,0.2961,0.3795,0.0295,0.0834,0.2198
FLR,74,0.2663,0.2919,0.3705,0.0256,0.0785,0.2120
MCHB,74,0.2661,0.3281,0.3791,0.0620,0.0510,0.1346
FLG,74,0.2661,0.3310,0.4003,0.0649,0.0693,0.1731
OXM,74,0.2658,0.3157,0.3820,0.0499,0.0663,0.1737
AEE,74,0.2657,0.3168,0.6766,0.0511,0.3598,0.5318
PFSI,74,0.2657,0.2821,0.3284,0.0164,0.0464,0.1412
IPAR,74,0.2657,0.2811,0.3239,0.0154,0.0428,0.1321
ROCK,74,0.2656,0.2862,0.3492,0.0206,0.0629,0.1803
ELV,74,0.2653,0.3004,0.4297,0.0351,0.1294,0.3010
HTGC,74,0.2653,0.2809,0.3207,0.0157,0.0397,0.1239
LNT,74,0.2652,0.3276,0.7036,0.0624,0.3760,0.5344
CNX,74,0.2651,0.2860,0.3367,0.0209,0.0507,0.1505
PWP,26,0.2649,0.2803,0.3301,0.0154,0.0498,0.1508
NSA,74,0.2648,0.2780,0.4758,0.0131,0.1978,0.4158
HESM,69,0.2648,0.2882,0.3509,0.0234,0.0627,0.1788
PFE,74,0.2647,0.2884,0.4298,0.0237,0.1413,0.3289
SLGN,74,0.2647,0.2953,0.3410,0.0306,0.0457,0.1340
VRTX,74,0.2647,0.2859,0.4535,0.0213,0.1675,0.3695
TWLO,74,0.2646,0.3468,0.4072,0.0821,0.0604,0.1484
ES,74,0.2646,0.3095,0.6795,0.0449,0.3700,0.5446
WKC,74,0.2644,0.3098,0.3671,0.0454,0.0573,0.1561
CASH,74,0.2643,0.3071,0.3718,0.0427,0.0647,0.1741
MIR,29,0.2643,0.2886,0.3220,0.0243,0.0334,0.1037
SAFE,74,0.2643,0.2847,0.3566,0.0205,0.0719,0.2015
TBB,62,0.2642,0.2736,0.3074,0.0094,0.0337,0.1097
UA,74,0.2641,0.2984,0.3594,0.0343,0.0610,0.1697
GAIN,74,0.2641,0.2782,0.3176,0.0141,0.0394,0.1239
EHC,74,0.2640,0.2882,0.3383,0.0242,0.0501,0.1482
CRVL,74,0.2638,0.2792,0.3199,0.0154,0.0407,0.1274
SOFI,24,0.2638,0.3198,0.4415,0.0560,0.1217,0.2757
MYRG,74,0.2637,0.2886,0.3469,0.0249,0.0583,0.1681
FMNB,74,0.2635,0.3390,0.3968,0.0755,0.0579,0.1458
ARR,74,0.2635,0.2993,0.3602,0.0358,0.0609,0.1692
WSR,74,0.2634,0.3221,0.4178,0.0587,0.0958,0.2292
SMG,74,0.2633,0.2836,0.3315,0.0203,0.0479,0.1444
BWB,58,0.2631,0.3353,0.3847,0.0722,0.0494,0.1285
PARR,74,0.2630,0.2980,0.3594,0.0350,0.0613,0.1706
DUK,74,0.2630,0.3192,0.6824,0.0562,0.3632,0.5322
DCO,74,0.2628,0.2938,0.3849,0.0310,0.0911,0.2366
AQN,74,0.2627,0.2769,0.3913,0.0142,0.1144,0.2924
ULTA,74,0.2626,0.2883,0.3454,0.0256,0.0571,0.1654
OTTR,74,0.2625,0.3012,0.4336,0.0387,0.1324,0.3053
RPAY,54,0.2622,0.2836,0.3297,0.0214,0.0461,0.1398
HQY,74,0.2621,0.2856,0.3399,0.0236,0.0543,0.1597
CARG,63,0.2621,0.2834,0.3252,0.0213,0.0418,0.1284
BAH,74,0.2619,0.2840,0.3605,0.0221,0.0765,0.2123
ARDC,74,0.2616,0.2706,0.3176,0.0090,0.0470,0.1480
NMFC,74,0.2615,0.2801,0.3240,0.0185,0.0439,0.1356
PRLB,74,0.2615,0.2855,0.3554,0.0239,0.0699,0.1967
ETSY,74,0.2613,0.3258,0.3684,0.0645,0.0426,0.1156
RILY,74,0.2610,0.2758,0.3213,0.0147,0.0456,0.1418
SE,63,0.2609,0.3281,0.4098,0.0672,0.0817,0.1993
ALRM,74,0.2608,0.3000,0.3632,0.0392,0.0632,0.1740
KRNY,74,0.2607,0.3440,0.3905,0.0833,0.0465,0.1191
EGBN,74,0.2607,0.3435,0.3976,0.0828,0.0540,0.1359
MCB,62,0.2607,0.3004,0.3649,0.0397,0.0645,0.1767
ETR,74,0.2605,0.3090,0.6347,0.0485,0.3257,0.5131
ACT,16,0.2605,0.2828,0.3162,0.0224,0.0334,0.1055
DTW,58,0.2603,0.2593,0.3018,-0.0011,0.0425,0.1409
AAON,74,0.2602,0.2768,0.3297,0.0166,0.0529,0.1603
FOR,74,0.2602,0.2768,0.3204,0.0166,0.0436,0.1359
INGR,74,0.2601,0.3061,0.3448,0.0460,0.0387,0.1123
BKH,74,0.2600,0.3238,0.5422,0.0638,0.2184,0.4028
WSM,74,0.2600,0.2712,0.3268,0.0112,0.0556,0.1702
VPG,74,0.2597,0.2840,0.3467,0.0243,0.0627,0.1808
MTUS,74,0.2594,0.2965,0.3756,0.0371,0.0791,0.2105
WK,74,0.2593,0.3140,0.3752,0.0547,0.0611,0.1630
WERN,74,0.2593,0.2748,0.3330,0.0155,0.0582,0.1749
DFIN,74,0.2593,0.2792,0.3279,0.0199,0.0487,0.1486
AWR,74,0.2590,0.2897,0.4520,0.0306,0.1624,0.3592
LTC,74,0.2590,0.3010,0.4703,0.0420,0.1693,0.3600
TTI,74,0.2589,0.2811,0.3609,0.0222,0.0798,0.2210
DGII,74,0.2588,0.2788,0.3327,0.0201,0.0539,0.1621
MASI,74,0.2587,0.3061,0.3617,0.0474,0.0557,0.1539
DTB,27,0.2586,0.2705,0.3047,0.0118,0.0342,0.1123
OLP,74,0.2585,0.3085,0.4109,0.0500,0.1024,0.2492
KD,15,0.2584,0.2682,0.3091,0.0097,0.0409,0.1324
ASTE,74,0.2583,0.2980,0.3705,0.0397,0.0724,0.1955
ALNT,74,0.2581,0.2833,0.3464,0.0252,0.0631,0.1822
OCSL,74,0.2581,0.2720,0.2853,0.0139,0.0133,0.0465
CAR,74,0.2578,0.2893,0.3623,0.0314,0.0730,0.2015
TREE,74,0.2578,0.2826,0.3483,0.0248,0.0657,0.1886
KE,74,0.2576,0.2870,0.3342,0.0295,0.0471,0.1410
TCBIO,22,0.2576,0.2628,0.3055,0.0052,0.0427,0.1399
QS,29,0.2575,0.3186,0.4286,0.0611,0.1100,0.2567
BL,74,0.2575,0.3297,0.3738,0.0723,0.0441,0.1179
ZS,58,0.2573,0.3679,0.4150,0.1106,0.0471,0.1134
VCYT,74,0.2572,0.2999,0.3830,0.0427,0.0831,0.2170
TXG,40,0.2572,0.3487,0.4609,0.0915,0.1123,0.2436
BWXT,74,0.2572,0.2770,0.3908,0.0198,0.1138,0.2911
BEPC,30,0.2570,0.2899,0.3845,0.0329,0.0947,0.2462
FITBO,40,0.2569,0.2742,0.3383,0.0173,0.0641,0.1896
POR,74,0.2569,0.3147,0.5774,0.0578,0.2627,0.4549
PDFS,74,0.2569,0.2706,0.3617,0.0137,0.0912,0.2520
SUN,74,0.2568,0.2745,0.3057,0.0177,0.0312,0.1021
OPTU,67,0.2567,0.2662,0.3150,0.0095,0.0488,0.1549
CRWD,43,0.2567,0.3870,0.4470,0.1303,0.0600,0.1342
PAY,20,0.2566,0.2857,0.3348,0.0291,0.0491,0.1466
LZ,19,0.2565,0.2831,0.3407,0.0266,0.0576,0.1691
UGI,74,0.2565,0.3220,0.4172,0.0655,0.0952,0.2281
NPKI,74,0.2565,0.2893,0.3766,0.0328,0.0873,0.2318
WWW,74,0.2564,0.2867,0.3452,0.0303,0.0585,0.1694
ADC,74,0.2563,0.2809,0.4905,0.0245,0.2096,0.4274
ADT,60,0.2563,0.2669,0.3087,0.0106,0.0418,0.1353
CROX,74,0.2562,0.2723,0.3304,0.0161,0.0581,0.1758
MEDP,74,0.2562,0.2701,0.3335,0.0139,0.0634,0.1902
NI,74,0.2561,0.3097,0.5863,0.0536,0.2766,0.4718
DIN,74,0.2560,0.2886,0.3798,0.0327,0.0911,0.2400
PRMB,74,0.2560,0.2644,0.3029,0.0085,0.0385,0.1270
FWRG,15,0.2559,0.2763,0.3195,0.0204,0.0432,0.1351
OPEN,31,0.2558,0.3389,0.4302,0.0831,0.0912,0.2121
CVS,74,0.2557,0.3057,0.4096,0.0501,0.1038,0.2535
EXR,74,0.2557,0.2715,0.5191,0.0158,0.2476,0.4771
LMND,30,0.2555,0.3342,0.4479,0.0787,0.1137,0.2538
EE,9,0.2553,0.2790,0.3281,0.0237,0.0491,0.1495
LYFT,46,0.2552,0.3001,0.4154,0.0449,0.1153,0.2775
BMRN,74,0.2548,0.2658,0.4115,0.0110,0.1457,0.3541
LHX,74,0.2548,0.2881,0.5070,0.0334,0.2189,0.4317
AMTB,51,0.2546,0.3253,0.3826,0.0707,0.0573,0.1498
EA,74,0.2545,0.2947,0.3467,0.0403,0.0519,0.1498
TXRH,74,0.2544,0.2765,0.3453,0.0221,0.0688,0.1993
NHI,74,0.2544,0.2908,0.4774,0.0365,0.1866,0.3908
PDO,24,0.2543,0.2602,0.2943,0.0060,0.0340,0.1156
BSM,74,0.2541,0.2792,0.3279,0.0251,0.0488,0.1487
HTLD,74,0.2540,0.2801,0.3298,0.0262,0.0497,0.1506
SO,74,0.2538,0.3062,0.6368,0.0524,0.3306,0.5192
CVNA,69,0.2534,0.2958,0.3492,0.0424,0.0534,0.1528
SGRY,74,0.2534,0.2742,0.3508,0.0209,0.0766,0.2183
FLNC,15,0.2533,0.2761,0.4019,0.0228,0.1258,0.3130
VTS,2,0.2533,0.2917,0.3791,0.0384,0.0874,0.2306
APPF,74,0.2532,0.2903,0.3422,0.0371,0.0520,0.1518
VRNS,74,0.2531,0.3294,0.3883,0.0763,0.0589,0.1516
IONQ,24,0.2530,0.3051,0.3749,0.0521,0.0699,0.1863
ALIT,30,0.2530,0.2735,0.3267,0.0205,0.0532,0.1628
VRRM,70,0.2527,0.2734,0.3068,0.0206,0.0335,0.1091
BURL,74,0.2527,0.2722,0.3242,0.0195,0.0520,0.1605
NCNO,30,0.2527,0.3386,0.4134,0.0859,0.0748,0.1809
IDA,74,0.2527,0.3036,0.5881,0.0509,0.2845,0.4838
ATO,74,0.2525,0.3157,0.5785,0.0632,0.2627,0.4542
MMSI,74,0.2525,0.2602,0.3079,0.0077,0.0477,0.1550
PNW,74,0.2524,0.3104,0.6028,0.0580,0.2924,0.4850
W,74,0.2521,0.2957,0.3605,0.0436,0.0648,0.1798
CARS,67,0.2520,0.2702,0.3206,0.0182,0.0504,0.1572
TDW,74,0.2520,0.3029,0.3753,0.0509,0.0724,0.1929
SSP,74,0.2516,0.2834,0.3421,0.0318,0.0587,0.1716
NABL,18,0.2516,0.2776,0.3247,0.0260,0.0471,0.1450
RAMP,74,0.2515,0.2740,0.3227,0.0224,0.0487,0.1509
ERII,74,0.2515,0.2715,0.3261,0.0200,0.0546,0.1674
GIII,74,0.2515,0.2875,0.3676,0.0360,0.0801,0.2178
ORLY,74,0.2513,0.2719,0.3277,0.0205,0.0558,0.1703
FTAI,74,0.2513,0.2650,0.3217,0.0137,0.0566,0.1760
CMS,74,0.2513,0.3054,0.7033,0.0541,0.3980,0.5658
CCBG,74,0.2511,0.3199,0.3817,0.0688,0.0618,0.1620
MBIN,63,0.2511,0.3085,0.3596,0.0575,0.0511,0.1421
SIGIP,25,0.2510,0.2610,0.2817,0.0100,0.0207,0.0735
NTST,29,0.2509,0.2720,0.4189,0.0212,0.1469,0.3506
BOX,74,0.2506,0.2728,0.3183,0.0222,0.0455,0.1429
PAR,74,0.2506,0.2758,0.3253,0.0252,0.0495,0.1523
AGNCM,46,0.2506,0.2564,0.2976,0.0058,0.0412,0.1384
IIPR,73,0.2505,0.2692,0.3172,0.0186,0.0480,0.1513
EVRG,74,0.2504,0.2966,0.5598,0.0462,0.2632,0.4701
OSIS,74,0.2504,0.2684,0.3032,0.0180,0.0349,0.1150
MBUU,74,0.2503,0.2627,0.3213,0.0125,0.0586,0.1823
PRH,5,0.2501,0.2644,0.2946,0.0143,0.0301,0.1023
EGY,74,0.2500,0.2633,0.3157,0.0132,0.0525,0.1661
AVNS,74,0.2498,0.2663,0.3218,0.0165,0.0556,0.1726
CWST,74,0.2498,0.2664,0.3214,0.0166,0.0550,0.1711
GAP,74,0.2496,0.2842,0.3538,0.0346,0.0696,0.1968
COR,74,0.2496,0.2944,0.3922,0.0448,0.0978,0.2493
PUBM,25,0.2493,0.2972,0.3903,0.0478,0.0932,0.2387
WOOF,24,0.2493,0.2649,0.3219,0.0156,0.0570,0.1771
PHR,42,0.2492,0.3019,0.4073,0.0527,0.1054,0.2587
CTRE,74,0.2492,0.2694,0.4285,0.0202,0.1591,0.3713
IOT,13,0.2492,0.2879,0.3438,0.0388,0.0559,0.1626
RZB,74,0.2490,0.2569,0.2940,0.0080,0.0370,0.1259
ACHC,74,0.2489,0.2691,0.3211,0.0201,0.0520,0.1619
HBCP,74,0.2488,0.2911,0.3477,0.0423,0.0566,0.1628
GFF,74,0.2488,0.2666,0.3123,0.0178,0.0457,0.1464
CMTG,14,0.2486,0.2724,0.3269,0.0239,0.0544,0.1665
WAFDP,23,0.2485,0.2564,0.2965,0.0079,0.0401,0.1354
CHCT,74,0.2484,0.2663,0.3846,0.0178,0.1184,0.3077
ATRC,74,0.2481,0.2620,0.3316,0.0139,0.0696,0.2100
STRL,74,0.2481,0.2791,0.3333,0.0310,0.0541,0.1625
SBRA,74,0.2481,0.2844,0.4191,0.0363,0.1347,0.3214
WEC,74,0.2479,0.3049,0.6995,0.0570,0.3946,0.5641
RPC,15,0.2476,0.2587,0.2914,0.0111,0.0327,0.1121
NTNX,74,0.2474,0.2745,0.3279,0.0271,0.0535,0.1631
FIGS,20,0.2472,0.2657,0.3180,0.0185,0.0523,0.1646
SDGR,35,0.2471,0.3118,0.4759,0.0647,0.1641,0.3448
RC,74,0.2470,0.2752,0.3333,0.0282,0.0581,0.1744
TCPC,74,0.2469,0.2667,0.3250,0.0198,0.0584,0.1796
SANA,23,0.2464,0.2807,0.4444,0.0343,0.1637,0.3684
GSBD,74,0.2463,0.2544,0.3004,0.0081,0.0460,0.1533
BLMN,74,0.2462,0.2726,0.3361,0.0264,0.0635,0.1889
IEP,74,0.2462,0.2607,0.2892,0.0145,0.0285,0.0986
CIVB,74,0.2460,0.3096,0.3632,0.0637,0.0535,0.1474
WNC,74,0.2460,0.2939,0.3739,0.0480,0.0800,0.2139
GMED,74,0.2458,0.2654,0.3064,0.0195,0.0411,0.1340
NTLA,74,0.2457,0.2911,0.4692,0.0454,0.1781,0.3795
MTCH,74,0.2455,0.2888,0.3436,0.0433,0.0549,0.1597
SHAK,74,0.2455,0.2657,0.3265,0.0203,0.0607,0.1860
PFLT,74,0.2454,0.2603,0.3064,0.0149,0.0461,0.1504
TG,74,0.2453,0.2797,0.3336,0.0344,0.0539,0.1617
VSEC,74,0.2452,0.2681,0.3246,0.0229,0.0565,0.1740
TTWO,74,0.2452,0.2997,0.3500,0.0546,0.0503,0.1437
WLY,74,0.2451,0.2784,0.3284,0.0333,0.0500,0.1522
SPFI,44,0.2448,0.3007,0.3569,0.0559,0.0562,0.1576
LC,74,0.2447,0.2820,0.3614,0.0373,0.0794,0.2198
MCK,74,0.2445,0.2878,0.3826,0.0433,0.0948,0.2478
AMRC,74,0.2445,0.2803,0.3533,0.0359,0.0729,0.2065
KTOS,74,0.2444,0.2634,0.3702,0.0190,0.1068,0.2885
MSGS,74,0.2444,0.2670,0.3081,0.0226,0.0411,0.1335
BATRK,74,0.2443,0.2695,0.3295,0.0251,0.0600,0.1822
VRE,74,0.2442,0.3077,0.3901,0.0635,0.0824,0.2112
ZG,74,0.2440,0.2888,0.3638,0.0448,0.0750,0.2061
RM,74,0.2439,0.2654,0.3149,0.0215,0.0495,0.1572
GPI,74,0.2438,0.2817,0.3564,0.0379,0.0747,0.2096
GTN,74,0.2436,0.2739,0.3143,0.0303,0.0404,0.1285
POST,74,0.2435,0.2796,0.3530,0.0360,0.0734,0.2080
SR,74,0.2435,0.3075,0.4822,0.0640,0.1746,0.3622
PMT,74,0.2432,0.2599,0.3372,0.0167,0.0773,0.2293
RBLX,22,0.2432,0.2977,0.3786,0.0545,0.0809,0.2138
AEP,74,0.2430,0.2895,0.6847,0.0465,0.3952,0.5772
CBRL,74,0.2430,0.2823,0.3655,0.0393,0.0832,0.2276
UNMA,55,0.2429,0.2547,0.3005,0.0118,0.0458,0.1524
HALO,74,0.2428,0.2582,0.3805,0.0154,0.1223,0.3214
OMCL,74,0.2427,0.2546,0.2920,0.0119,0.0374,0.1282
CAKE,74,0.2425,0.2747,0.3460,0.0322,0.0713,0.2060
XRAY,74,0.2425,0.2828,0.3396,0.0402,0.0568,0.1672
LAD,74,0.2425,0.2633,0.3104,0.0208,0.0471,0.1518
RUN,74,0.2425,0.2821,0.3790,0.0396,0.0969,0.2557
AI,25,0.2425,0.3110,0.4133,0.0685,0.1022,0.2474
HBT,39,0.2424,0.3130,0.3704,0.0706,0.0574,0.1549
GDOT,74,0.2424,0.2595,0.3007,0.0171,0.0412,0.1371
WGO,74,0.2424,0.2621,0.3296,0.0198,0.0675,0.2048
T,74,0.2423,0.3065,0.3520,0.0642,0.0455,0.1292
ICFI,74,0.2421,0.2729,0.3201,0.0308,0.0472,0.1475
CWT,74,0.2420,0.2790,0.4129,0.0370,0.1338,0.3241
TGT,74,0.2420,0.2565,0.3220,0.0145,0.0655,0.2035
DY,74,0.2420,0.2576,0.3122,0.0156,0.0546,0.1750
SATS,74,0.2420,0.2738,0.3329,0.0319,0.0591,0.1776
THC,74,0.2420,0.2695,0.3339,0.0276,0.0644,0.1928
XRN,74,0.2419,0.2728,0.3798,0.0309,0.1070,0.2817
BHFAN,26,0.2418,0.2489,0.2946,0.0072,0.0456,0.1549
AEO,74,0.2416,0.2725,0.3374,0.0310,0.0649,0.1922
BEAM,35,0.2413,0.3153,0.4979,0.0740,0.1826,0.3667
MRCY,74,0.2413,0.2567,0.3387,0.0154,0.0820,0.2420
VST,74,0.2412,0.2603,0.3280,0.0191,0.0677,0.2065
ONT,30,0.2411,0.2609,0.2970,0.0198,0.0361,0.1216
AGNT,59,0.2409,0.3093,0.3914,0.0684,0.0822,0.2099
NXRT,74,0.2409,0.2573,0.4062,0.0164,0.1489,0.3665
BATRA,74,0.2408,0.2651,0.3226,0.0243,0.0575,0.1782
WEN,74,0.2407,0.2521,0.3169,0.0114,0.0648,0.2043
KRP,71,0.2406,0.2617,0.2911,0.0211,0.0294,0.1009
MCFT,74,0.2406,0.2566,0.3038,0.0160,0.0472,0.1555
PTLO,15,0.2404,0.2621,0.3527,0.0217,0.0906,0.2568
HWKN,74,0.2404,0.2687,0.3278,0.0283,0.0591,0.1802
ATRO,74,0.2404,0.2693,0.3568,0.0289,0.0876,0.2454
PODD,74,0.2403,0.2861,0.3517,0.0458,0.0656,0.1864
CTKB,18,0.2399,0.2626,0.3469,0.0227,0.0844,0.2431
SMPL,66,0.2399,0.2507,0.2953,0.0109,0.0446,0.1509
HBANM,19,0.2397,0.2466,0.2863,0.0069,0.0396,0.1384
PTA,27,0.2397,0.2489,0.2888,0.0092,0.0398,0.1379
RSI,33,0.2396,0.2985,0.4050,0.0588,0.1066,0.2631
SMP,74,0.2391,0.2728,0.3126,0.0338,0.0398,0.1273
HLMN,25,0.2390,0.2641,0.3244,0.0251,0.0603,0.1858
ROG,74,0.2386,0.2502,0.3078,0.0116,0.0577,0.1873
ACCO,74,0.2386,0.2860,0.3407,0.0474,0.0548,0.1608
HTB,74,0.2386,0.2997,0.3761,0.0612,0.0763,0.2029
UI,74,0.2385,0.2482,0.2906,0.0097,0.0425,0.1461
MSTR,74,0.2384,0.2691,0.3207,0.0307,0.0516,0.1610
MGEE,74,0.2384,0.2898,0.4918,0.0515,0.2020,0.4107
CWEN,74,0.2383,0.2648,0.3558,0.0265,0.0910,0.2558
EIX,74,0.2383,0.2785,0.4612,0.0403,0.1827,0.3961
VTOL,74,0.2381,0.2614,0.3108,0.0234,0.0494,0.1589
VLTO,2,0.2378,0.2628,0.3039,0.0250,0.0411,0.1353
DKNG,42,0.2378,0.2824,0.3762,0.0447,0.0937,0.2491
REX,74,0.2376,0.2770,0.3375,0.0394,0.0605,0.1792
CQP,74,0.2375,0.2488,0.2880,0.0112,0.0392,0.1361
KELYA,74,0.2372,0.2866,0.3360,0.0494,0.0494,0.1470
NRIM,74,0.2372,0.2921,0.3529,0.0549,0.0607,0.1721
KNSL,74,0.2372,0.2513,0.2929,0.0141,0.0416,0.1420
CERS,74,0.2372,0.2734,0.3623,0.0362,0.0889,0.2454
USAC,74,0.2371,0.2564,0.3011,0.0193,0.0447,0.1485
DXPE,74,0.2371,0.2872,0.3494,0.0501,0.0622,0.1781
CNC,74,0.2371,0.2660,0.3667,0.0289,0.1007,0.2747
GPRE,74,0.2370,0.2633,0.3458,0.0262,0.0825,0.2386
ADAM,74,0.2369,0.2656,0.3387,0.0287,0.0731,0.2158
TDC,74,0.2366,0.2573,0.2997,0.0207,0.0424,0.1414
SPB,74,0.2366,0.2512,0.3032,0.0146,0.0521,0.1717
AIZN,26,0.2365,0.2441,0.2670,0.0076,0.0229,0.0859
TSLA,74,0.2365,0.3146,0.3978,0.0781,0.0832,0.2091
GBDC,74,0.2365,0.2467,0.3029,0.0103,0.0562,0.1854
NWE,74,0.2363,0.3010,0.5289,0.0647,0.2279,0.4309
APPS,74,0.2363,0.2879,0.3386,0.0516,0.0507,0.1498
RYZ,74,0.2360,0.2771,0.3581,0.0411,0.0810,0.2262
LLY,74,0.2360,0.2653,0.4209,0.0293,0.1556,0.3698
SLRC,74,0.2358,0.2500,0.3011,0.0142,0.0511,0.1699
MOD,74,0.2357,0.2660,0.3460,0.0303,0.0799,0.2311
NEU,74,0.2357,0.2621,0.3021,0.0264,0.0400,0.1326
VSAT,74,0.2354,0.2560,0.3182,0.0206,0.0622,0.1956
EDIT,74,0.2351,0.2727,0.4498,0.0376,0.1772,0.3939
Z,74,0.2347,0.2782,0.3524,0.0436,0.0742,0.2105
AAP,74,0.2346,0.2578,0.3057,0.0232,0.0480,0.1569
BBSI,74,0.2344,0.2650,0.3141,0.0306,0.0491,0.1565
IHRT,43,0.2343,0.2665,0.3238,0.0322,0.0574,0.1772
CL,74,0.2342,0.2853,0.5179,0.0511,0.2326,0.4492
ENSG,74,0.2341,0.2524,0.3026,0.0183,0.0503,0.1661
PSA,74,0.2337,0.2509,0.5108,0.0172,0.2599,0.5088
SFST,74,0.2331,0.2944,0.3474,0.0613,0.0530,0.1526
NWL,74,0.2331,0.2776,0.3380,0.0445,0.0604,0.1787
FIVN,74,0.2331,0.3322,0.3860,0.0991,0.0538,0.1393
PM,74,0.2329,0.2811,0.4032,0.0482,0.1221,0.3028
CASY,74,0.2329,0.2602,0.3048,0.0273,0.0445,0.1461
LW,74,0.2329,0.2625,0.3262,0.0296,0.0637,0.1952
PRKS,74,0.2327,0.2672,0.3455,0.0345,0.0783,0.2266
CODI,74,0.2327,0.2534,0.2981,0.0207,0.0446,0.1497
BJRI,74,0.2327,0.2655,0.3466,0.0328,0.0811,0.2339
NJR,74,0.2326,0.3019,0.4707,0.0693,0.1688,0.3585
FITBP,41,0.2324,0.2480,0.2782,0.0155,0.0303,0.1089
PEN,74,0.2322,0.2528,0.3096,0.0206,0.0568,0.1834
CSR,74,0.2319,0.2607,0.4011,0.0288,0.1404,0.3501
DFH,24,0.2319,0.2424,0.2946,0.0105,0.0522,0.1773
CCC,27,0.2319,0.2653,0.3368,0.0335,0.0715,0.2122
PSNL,43,0.2317,0.3019,0.4232,0.0701,0.1214,0.2867
GVA,74,0.2312,0.2775,0.3332,0.0463,0.0557,0.1673
EFC,74,0.2311,0.2548,0.3052,0.0237,0.0503,0.1649
PGNY,39,0.2311,0.2576,0.3340,0.0266,0.0763,0.2286
VISN,74,0.2309,0.2472,0.2958,0.0162,0.0486,0.1644
HOV,74,0.2309,0.2494,0.3068,0.0185,0.0574,0.1871
PLUG,74,0.2309,0.2757,0.3528,0.0448,0.0771,0.2186
TRIP,74,0.2307,0.2650,0.3360,0.0343,0.0710,0.2113
AFGE,28,0.2307,0.2412,0.2726,0.0105,0.0314,0.1153
EAT,74,0.2307,0.2514,0.3512,0.0207,0.0998,0.2843
DX,74,0.2306,0.2558,0.2947,0.0252,0.0388,0.1318
UNIT,74,0.2306,0.2433,0.3102,0.0126,0.0669,0.2157
DHC,74,0.2306,0.2681,0.3787,0.0376,0.1105,0.2919
RXRX,21,0.2305,0.2656,0.4262,0.0351,0.1605,0.3767
IIM,74,0.2304,0.2414,0.2805,0.0110,0.0391,0.1392
ORA,74,0.2302,0.2449,0.3106,0.0146,0.0657,0.2116
MRTN,74,0.2301,0.2481,0.3124,0.0180,0.0643,0.2058
AN,74,0.2300,0.2673,0.3206,0.0374,0.0532,0.1661
AMAL,53,0.2298,0.2868,0.3554,0.0569,0.0686,0.1931
ZETA,19,0.2298,0.2616,0.3399,0.0318,0.0783,0.2303
SAFT,74,0.2298,0.2958,0.3384,0.0660,0.0426,0.1258
BG,74,0.2298,0.2711,0.3146,0.0413,0.0435,0.1383
CZNC,74,0.2298,0.2769,0.3236,0.0471,0.0467,0.1442
CPS,74,0.2297,0.2703,0.3471,0.0407,0.0768,0.2212
DGX,74,0.2296,0.2401,0.3276,0.0105,0.0875,0.2671
URBN,74,0.2295,0.2618,0.3215,0.0323,0.0597,0.1855
CHRW,74,0.2295,0.2429,0.2976,0.0134,0.0547,0.1839
BWFG,74,0.2295,0.2734,0.3301,0.0440,0.0567,0.1718
CHEF,74,0.2293,0.2608,0.3306,0.0315,0.0698,0.2112
MAT,74,0.2293,0.2433,0.2902,0.0140,0.0469,0.1617
ABBV,74,0.2292,0.2545,0.3966,0.0253,0.1422,0.3585
GNK,74,0.2292,0.2419,0.3078,0.0128,0.0658,0.2139
SHBI,74,0.2290,0.2828,0.3338,0.0538,0.0511,0.1530
FNLC,74,0.2289,0.2887,0.3463,0.0597,0.0576,0.1663
YEXT,69,0.2283,0.2747,0.3238,0.0464,0.0491,0.1515
MAGN,74,0.2283,0.2615,0.2955,0.0332,0.0340,0.1150
MNRO,74,0.2282,0.2558,0.3056,0.0275,0.0498,0.1630
RARE,74,0.2282,0.2573,0.4344,0.0291,0.1771,0.4077
GEHC,2,0.2280,0.2354,0.2883,0.0074,0.0529,0.1835
GSHD,57,0.2279,0.2541,0.2748,0.0262,0.0207,0.0754
GH,51,0.2279,0.3065,0.4257,0.0786,0.1193,0.2802
OGS,74,0.2277,0.2813,0.4871,0.0536,0.2058,0.4225
MLR,74,0.2277,0.2696,0.3061,0.0420,0.0365,0.1192
TTGT,74,0.2276,0.2655,0.3077,0.0378,0.0422,0.1372
SAH,74,0.2273,0.2575,0.3205,0.0301,0.0630,0.1966
CRNC,40,0.2273,0.2642,0.3327,0.0369,0.0685,0.2058
MUC,74,0.2273,0.2340,0.2656,0.0067,0.0316,0.1190
PFIS,74,0.2271,0.2528,0.2869,0.0256,0.0341,0.1189
SMBK,74,0.2271,0.2541,0.2929,0.0270,0.0387,0.1323
UZF,20,0.2271,0.2312,0.2605,0.0041,0.0293,0.1126
BOC,67,0.2270,0.2421,0.2884,0.0151,0.0463,0.1605
CHWY,43,0.2268,0.3211,0.3696,0.0943,0.0485,0.1312
SGHT,18,0.2268,0.2431,0.3050,0.0164,0.0619,0.2028
VCEL,74,0.2267,0.2476,0.3345,0.0209,0.0869,0.2597
ROAD,56,0.2267,0.2548,0.3055,0.0281,0.0507,0.1660
OHI,74,0.2266,0.2535,0.3999,0.0268,0.1464,0.3662
DOCS,19,0.2265,0.2831,0.3669,0.0566,0.0839,0.2286
SKT,74,0.2264,0.2717,0.3769,0.0453,0.1052,0.2791
COTY,74,0.2263,0.2538,0.3394,0.0275,0.0856,0.2521
DEA,74,0.2262,0.2552,0.4108,0.0290,0.1556,0.3787
RWT,74,0.2262,0.2405,0.3298,0.0144,0.0893,0.2707
TXNM,74,0.2261,0.2432,0.4131,0.0171,0.1700,0.4114
IIIN,74,0.2260,0.2592,0.3190,0.0332,0.0598,0.1875
VELO,24,0.2259,0.2531,0.3171,0.0272,0.0640,0.2019
M,74,0.2258,0.2693,0.3530,0.0435,0.0837,0.2371
CCOI,74,0.2258,0.2347,0.2845,0.0090,0.0497,0.1749
VMO,74,0.2257,0.2374,0.2817,0.0117,0.0443,0.1572
ZM,45,0.2257,0.3600,0.4214,0.1344,0.0614,0.1457
ENR,74,0.2257,0.2479,0.3060,0.0223,0.0581,0.1898
RKLB,26,0.2255,0.2626,0.3463,0.0370,0.0838,0.2418
ULH,74,0.2255,0.2520,0.2877,0.0265,0.0357,0.1241
STEL,62,0.2254,0.2959,0.3473,0.0705,0.0514,0.1480
D,74,0.2253,0.2802,0.5944,0.0549,0.3142,0.5286
PLMR,45,0.2251,0.2468,0.2700,0.0217,0.0233,0.0861
AUR,20,0.2250,0.2687,0.3488,0.0437,0.0801,0.2298
SSTK,74,0.2249,0.2543,0.3040,0.0294,0.0497,0.1636
PSKY,74,0.2247,0.2511,0.3042,0.0264,0.0530,0.1744
CAH,74,0.2246,0.2711,0.3405,0.0465,0.0695,0.2040
RXT,29,0.2245,0.2340,0.2842,0.0096,0.0501,0.1764
DKS,74,0.2241,0.2418,0.3076,0.0177,0.0658,0.2139
SIBN,51,0.2241,0.2472,0.3052,0.0231,0.0580,0.1901
NOC,74,0.2240,0.2653,0.5140,0.0414,0.2487,0.4838
LIND,74,0.2240,0.2502,0.3166,0.0263,0.0663,0.2095
MUJ,74,0.2238,0.2338,0.2725,0.0099,0.0388,0.1422
AMR,23,0.2238,0.2454,0.3210,0.0216,0.0756,0.2354
CARE,74,0.2237,0.2677,0.3092,0.0439,0.0416,0.1344
SCVL,74,0.2237,0.2458,0.3072,0.0221,0.0614,0.1999
WING,74,0.2235,0.2538,0.2916,0.0303,0.0379,0.1299
FE,74,0.2233,0.2540,0.4709,0.0307,0.2168,0.4605
BBWI,74,0.2233,0.2430,0.3053,0.0197,0.0623,0.2039
KSS,74,0.2233,0.2629,0.3421,0.0396,0.0792,0.2316
GDRX,28,0.2232,0.2520,0.2973,0.0288,0.0453,0.1523
CLNE,74,0.2231,0.2454,0.3201,0.0223,0.0746,0.2332
TWO,74,0.2230,0.2417,0.2879,0.0187,0.0463,0.1608
TITN,74,0.2229,0.2608,0.3259,0.0379,0.0650,0.1996
RRBI,44,0.2228,0.2624,0.3003,0.0395,0.0380,0.1265
FRPT,74,0.2228,0.2592,0.3138,0.0365,0.0545,0.1738
HRZN,74,0.2224,0.2286,0.2706,0.0062,0.0420,0.1552
BE,54,0.2224,0.2705,0.3549,0.0481,0.0844,0.2379
VCV,74,0.2224,0.2340,0.2710,0.0117,0.0370,0.1366
DDD,74,0.2222,0.2550,0.3189,0.0328,0.0639,0.2005
RELY,16,0.2220,0.2589,0.3409,0.0369,0.0820,0.2406
CALX,74,0.2218,0.2417,0.2951,0.0199,0.0534,0.1808
VGM,74,0.2216,0.2308,0.2615,0.0092,0.0307,0.1173
EQBK,74,0.2215,0.2812,0.3571,0.0597,0.0759,0.2126
MFA,74,0.2213,0.2428,0.2969,0.0216,0.0541,0.1822
CWH,74,0.2211,0.2386,0.3047,0.0175,0.0661,0.2171
SSYS,74,0.2210,0.2625,0.3550,0.0415,0.0925,0.2606
EFT,74,0.2209,0.2293,0.2606,0.0084,0.0313,0.1203
XIFR,74,0.2206,0.2585,0.3571,0.0379,0.0986,0.2761
FUN,74,0.2203,0.2441,0.2909,0.0238,0.0469,0.1611
SONO,53,0.2203,0.2558,0.3208,0.0356,0.0649,0.2024
WMT,74,0.2202,0.2328,0.3894,0.0126,0.1566,0.4021
YORW,74,0.2202,0.2449,0.3507,0.0247,0.1058,0.3017
ED,74,0.2202,0.2833,0.6740,0.0631,0.3907,0.5797
BHFAO,32,0.2201,0.2263,0.2701,0.0062,0.0438,0.1620
RDNT,74,0.2200,0.2370,0.2959,0.0170,0.0589,0.1990
XNCR,74,0.2199,0.2459,0.4007,0.0260,0.1548,0.3862
PSMT,74,0.2198,0.2469,0.2948,0.0272,0.0479,0.1625
UZE,25,0.2196,0.2236,0.2546,0.0039,0.0310,0.1218
AZO,74,0.2196,0.2432,0.3001,0.0236,0.0569,0.1896
RTO,74,0.2195,0.2294,0.2655,0.0099,0.0361,0.1359
AXON,74,0.2194,0.2521,0.3218,0.0327,0.0697,0.2165
CERT,25,0.2191,0.2605,0.3413,0.0414,0.0808,0.2368
STAA,74,0.2189,0.2620,0.3257,0.0431,0.0638,0.1958
MRK,74,0.2185,0.2636,0.4252,0.0451,0.1616,0.3800
HTO,74,0.2185,0.2501,0.3619,0.0316,0.1118,0.3090
CGBD,67,0.2184,0.2310,0.2883,0.0126,0.0573,0.1988
KIDS,63,0.2182,0.2342,0.2891,0.0161,0.0549,0.1899
RLGT,74,0.2181,0.2348,0.2827,0.0167,0.0479,0.1693
GDYN,51,0.2180,0.2291,0.2791,0.0111,0.0500,0.1792
PRG,74,0.2180,0.2328,0.2848,0.0148,0.0520,0.1826
IESC,74,0.2179,0.2395,0.2791,0.0216,0.0396,0.1419
FRPH,74,0.2178,0.2381,0.2797,0.0204,0.0416,0.1486
CMSA,58,0.2177,0.2237,0.2558,0.0059,0.0322,0.1258
FG,2,0.2172,0.2762,0.4009,0.0590,0.1247,0.3110
FDUS,74,0.2172,0.2357,0.2720,0.0185,0.0363,0.1333
SWIM,21,0.2171,0.2364,0.2946,0.0193,0.0582,0.1976
USPH,74,0.2171,0.2413,0.3013,0.0242,0.0600,0.1991
DXCM,74,0.2167,0.2591,0.3089,0.0423,0.0498,0.1614
ARHS,14,0.2166,0.2296,0.2860,0.0130,0.0565,0.1973
AORT,74,0.2166,0.2264,0.2768,0.0098,0.0504,0.1822
FRA,74,0.2164,0.2234,0.2709,0.0071,0.0474,0.1751
OGN,20,0.2163,0.2392,0.2971,0.0229,0.0579,0.1948
SMCI,74,0.2163,0.2260,0.2844,0.0097,0.0584,0.2053
LGND,74,0.2161,0.2405,0.3640,0.0244,0.1234,0.3392
ETD,74,0.2161,0.2449,0.3081,0.0288,0.0632,0.2050
MATV,74,0.2160,0.2647,0.3137,0.0487,0.0491,0.1564
CPK,74,0.2159,0.2575,0.4071,0.0416,0.1496,0.3675
MYI,74,0.2159,0.2268,0.2712,0.0109,0.0444,0.1637
HUM,74,0.2156,0.2399,0.3566,0.0243,0.1167,0.3273
DMLP,74,0.2155,0.2328,0.2751,0.0173,0.0422,0.1535
HE,74,0.2155,0.2927,0.5073,0.0772,0.2146,0.4229
AGNCO,40,0.2154,0.2252,0.2737,0.0099,0.0485,0.1771
KNTK,50,0.2153,0.2494,0.2965,0.0341,0.0472,0.1590
DBI,74,0.2152,0.2455,0.3277,0.0303,0.0822,0.2508
GILD,74,0.2151,0.2373,0.4341,0.0222,0.1968,0.4534
MCS,74,0.2149,0.2526,0.3426,0.0377,0.0900,0.2626
MGNI,74,0.2147,0.2545,0.3245,0.0398,0.0700,0.2157
SKYT,21,0.2147,0.2423,0.3289,0.0276,0.0866,0.2633
FSLY,44,0.2144,0.2994,0.3800,0.0851,0.0806,0.2120
CNR,62,0.2140,0.2358,0.3012,0.0218,0.0653,0.2169
CTRN,74,0.2140,0.2335,0.2841,0.0195,0.0506,0.1780
MCY,74,0.2137,0.2622,0.2971,0.0484,0.0349,0.1175
DNLI,61,0.2135,0.2403,0.3855,0.0268,0.1451,0.3765
UZD,29,0.2131,0.2191,0.2538,0.0060,0.0347,0.1367
SBH,74,0.2131,0.2469,0.3036,0.0338,0.0566,0.1866
FTDR,52,0.2129,0.2271,0.2819,0.0142,0.0549,0.1945
ARWR,74,0.2129,0.2410,0.3777,0.0281,0.1367,0.3619
AGIO,74,0.2124,0.2267,0.4084,0.0143,0.1818,0.4450
NTRA,74,0.2121,0.2551,0.3334,0.0430,0.0783,0.2349
ITIC,74,0.2121,0.2286,0.2670,0.0165,0.0383,0.1436
ACNB,74,0.2120,0.2469,0.2847,0.0348,0.0379,0.1330
PBT,74,0.2118,0.2271,0.2702,0.0152,0.0431,0.1595
MBC,2,0.2117,0.2726,0.3824,0.0608,0.1098,0.2871
POWL,74,0.2117,0.2409,0.2997,0.0292,0.0589,0.1964
MKC,74,0.2113,0.2439,0.4310,0.0326,0.1870,0.4340
ABSI,18,0.2111,0.2347,0.3410,0.0236,0.1063,0.3116
FROG,28,0.2111,0.2914,0.3835,0.0804,0.0921,0.2401
VTRS,74,0.2110,0.2401,0.3107,0.0291,0.0706,0.2273
AQNB,44,0.2109,0.2232,0.2669,0.0124,0.0437,0.1636
ROKU,64,0.2106,0.2825,0.3588,0.0719,0.0762,0.2125
HSY,74,0.2105,0.2616,0.4661,0.0512,0.2044,0.4387
NEWT,74,0.2099,0.2215,0.2672,0.0116,0.0457,0.1711
HNST,20,0.2097,0.2322,0.3135,0.0225,0.0814,0.2595
MSEX,74,0.2094,0.2288,0.3384,0.0194,0.1095,0.3237
HAE,74,0.2092,0.2249,0.2725,0.0157,0.0476,0.1747
INTA,19,0.2091,0.2324,0.3126,0.0233,0.0802,0.2566
DLY,35,0.2090,0.2168,0.2632,0.0078,0.0464,0.1762
DC,9,0.2087,0.2123,0.2604,0.0036,0.0481,0.1847
WSBF,74,0.2086,0.2661,0.3296,0.0575,0.0636,0.1929
IQI,74,0.2086,0.2184,0.2543,0.0099,0.0358,0.1410
FBIZ,74,0.2084,0.2546,0.3037,0.0462,0.0492,0.1618
UPWK,51,0.2084,0.2728,0.3477,0.0645,0.0749,0.2154
WNEB,74,0.2083,0.2606,0.3006,0.0523,0.0400,0.1330
MPB,74,0.2083,0.2363,0.2803,0.0280,0.0440,0.1570
VGZ,74,0.2083,0.2138,0.2517,0.0055,0.0379,0.1507
IONS,74,0.2082,0.2228,0.3928,0.0146,0.1700,0.4328
MOV,74,0.2081,0.2425,0.2897,0.0344,0.0472,0.1629
IPI,74,0.2080,0.2398,0.3109,0.0318,0.0712,0.2289
TDOC,74,0.2079,0.2973,0.3775,0.0894,0.0803,0.2126
UPBD,74,0.2079,0.2336,0.2842,0.0257,0.0506,0.1781
PLAY,74,0.2079,0.2377,0.3271,0.0299,0.0893,0.2731
BMY,74,0.2075,0.2363,0.3633,0.0288,0.1270,0.3496
TMDX,44,0.2074,0.2348,0.3011,0.0274,0.0663,0.2203
GNW,74,0.2074,0.2316,0.2741,0.0242,0.0425,0.1550
MIY,74,0.2074,0.2185,0.2578,0.0111,0.0393,0.1524
NWN,74,0.2072,0.2540,0.4307,0.0468,0.1767,0.4102
DG,74,0.2072,0.2225,0.3109,0.0154,0.0883,0.2842
RPRX,31,0.2071,0.2230,0.3121,0.0159,0.0890,0.2853
NYT,74,0.2070,0.2169,0.2659,0.0099,0.0490,0.1842
PI,74,0.2069,0.2324,0.3263,0.0254,0.0939,0.2878
UTL,74,0.2068,0.2530,0.4143,0.0462,0.1612,0.3892
ADEA,74,0.2068,0.2181,0.2957,0.0113,0.0776,0.2625
XPEL,43,0.2067,0.2365,0.2891,0.0298,0.0526,0.1820
SCHL,74,0.2067,0.2455,0.3043,0.0388,0.0588,0.1933
NTGR,74,0.2066,0.2157,0.2669,0.0091,0.0512,0.1917
DORM,74,0.2066,0.2255,0.2518,0.0189,0.0263,0.1044
APPN,68,0.2064,0.2663,0.3320,0.0599,0.0657,0.1979
HZO,74,0.2062,0.2195,0.2804,0.0133,0.0608,0.2170
GCO,74,0.2061,0.2562,0.3383,0.0501,0.0821,0.2428
ZUMZ,74,0.2060,0.2524,0.3171,0.0464,0.0647,0.2040
GBAB,74,0.2060,0.2140,0.2483,0.0079,0.0344,0.1384
KRUS,42,0.2059,0.2395,0.3158,0.0336,0.0763,0.2416
MYE,74,0.2059,0.2498,0.3014,0.0439,0.0516,0.1712
CLFD,74,0.2059,0.2204,0.2596,0.0146,0.0392,0.1510
HRB,74,0.2058,0.2352,0.2738,0.0295,0.0386,0.1409
NEO,74,0.2057,0.2399,0.3083,0.0342,0.0684,0.2219
RJET,53,0.2053,0.2477,0.3158,0.0423,0.0681,0.2157
MBI,74,0.2053,0.2437,0.2702,0.0384,0.0265,0.0980
ATEN,74,0.2053,0.2206,0.2683,0.0153,0.0477,0.1779
ELF,74,0.2053,0.2149,0.2599,0.0096,0.0450,0.1731
JOUT,74,0.2052,0.2250,0.2712,0.0198,0.0462,0.1704
AMSF,74,0.2049,0.2469,0.2921,0.0420,0.0451,0.1546
GIC,74,0.2047,0.2182,0.2538,0.0135,0.0356,0.1401
SN,2,0.2047,0.2060,0.2641,0.0013,0.0581,0.2200
FSLR,74,0.2047,0.2304,0.3151,0.0257,0.0847,0.2688
HCKT,74,0.2043,0.2241,0.2677,0.0198,0.0436,0.1630
MASS,25,0.2040,0.2579,0.3646,0.0539,0.1067,0.2926
REGN,74,0.2039,0.2236,0.4427,0.0197,0.2191,0.4949
CSWC,74,0.2037,0.2127,0.2653,0.0090,0.0525,0.1981
VKQ,74,0.2035,0.2155,0.2511,0.0120,0.0355,0.1415
WMG,31,0.2033,0.2272,0.2841,0.0239,0.0569,0.2004
LAND,74,0.2032,0.2266,0.2980,0.0235,0.0714,0.2395
CBL,14,0.2031,0.2237,0.2908,0.0206,0.0670,0.2306
VKI,74,0.2031,0.2125,0.2416,0.0094,0.0291,0.1205
FITBI,74,0.2030,0.2084,0.2464,0.0053,0.0380,0.1543
LFST,19,0.2029,0.2146,0.2902,0.0118,0.0755,0.2603
WINA,74,0.2025,0.2148,0.2487,0.0123,0.0339,0.1364
LPG,74,0.2024,0.2285,0.2919,0.0261,0.0633,0.2170
IVR,74,0.2019,0.2293,0.2867,0.0274,0.0574,0.2002
CRAI,74,0.2018,0.2243,0.2673,0.0226,0.0430,0.1609
SWX,74,0.2017,0.2529,0.3911,0.0513,0.1382,0.3533
NPK,74,0.2017,0.2379,0.2970,0.0362,0.0591,0.1989
ALX,74,0.2014,0.2374,0.3146,0.0361,0.0772,0.2453
TCBX,14,0.2011,0.2191,0.2591,0.0180,0.0400,0.1544
RGNX,74,0.2011,0.2196,0.3847,0.0185,0.1651,0.4291
CWBC,74,0.2006,0.2358,0.2817,0.0352,0.0459,0.1629
PACB,74,0.2006,0.2434,0.3308,0.0428,0.0874,0.2641
ORC,74,0.2005,0.2265,0.2821,0.0260,0.0556,0.1970
AESI,2,0.2003,0.2379,0.3111,0.0377,0.0732,0.2352
CNXN,74,0.2002,0.2079,0.2357,0.0077,0.0278,0.1179
INCY,74,0.2001,0.2235,0.3838,0.0235,0.1602,0.4175
BBDC,74,0.2000,0.2171,0.2519,0.0171,0.0348,0.1383
FULTP,27,0.2000,0.2074,0.2536,0.0074,0.0463,0.1825
ARLO,53,0.1998,0.2179,0.2490,0.0181,0.0311,0.1250
WBD,74,0.1996,0.2316,0.2995,0.0320,0.0679,0.2268
TRUP,74,0.1993,0.2267,0.2751,0.0274,0.0484,0.1759
MOH,74,0.1990,0.2206,0.3205,0.0216,0.0999,0.3117
NWPX,74,0.1987,0.2323,0.2655,0.0335,0.0332,0.1250
ICUI,74,0.1986,0.2137,0.2681,0.0151,0.0544,0.2028
CCSI,16,0.1985,0.2204,0.2596,0.0218,0.0392,0.1510
BKE,74,0.1984,0.2327,0.2937,0.0343,0.0610,0.2076
NAN,74,0.1984,0.2055,0.2377,0.0072,0.0322,0.1354
CTO,74,0.1983,0.2223,0.2846,0.0240,0.0623,0.2188
FSBC,20,0.1981,0.2218,0.2788,0.0238,0.0570,0.2044
AIP,15,0.1979,0.2193,0.2946,0.0214,0.0753,0.2555
FRBA,74,0.1979,0.2226,0.2653,0.0247,0.0427,0.1610
DUOL,18,0.1975,0.2381,0.3445,0.0405,0.1065,0.3090
EBF,74,0.1975,0.2549,0.2961,0.0574,0.0412,0.1392
AFGC,36,0.1974,0.2074,0.2272,0.0100,0.0197,0.0869
CWAN,16,0.1974,0.2247,0.2897,0.0273,0.0650,0.2245
MTRX,74,0.1973,0.2334,0.2859,0.0360,0.0525,0.1838
AFGD,31,0.1970,0.2034,0.2438,0.0063,0.0404,0.1657
CXW,74,0.1966,0.2282,0.2946,0.0316,0.0664,0.2254
AIRS,15,0.1966,0.2016,0.2184,0.0050,0.0168,0.0771
ORRF,74,0.1963,0.2422,0.2861,0.0458,0.0440,0.1536
TNDM,74,0.1962,0.2454,0.3202,0.0492,0.0748,0.2335
UPST,25,0.1962,0.2328,0.2953,0.0367,0.0625,0.2116
PBI,74,0.1959,0.2166,0.2522,0.0207,0.0356,0.1410
SPHR,33,0.1958,0.2249,0.3212,0.0292,0.0962,0.2996
XPOF,18,0.1956,0.2014,0.2429,0.0058,0.0415,0.1710
KMB,74,0.1955,0.2411,0.4647,0.0456,0.2235,0.4811
JJSF,74,0.1955,0.2352,0.3159,0.0397,0.0806,0.2553
FSTR,74,0.1953,0.2213,0.2704,0.0261,0.0490,0.1813
JBI,37,0.1952,0.2240,0.2683,0.0288,0.0442,0.1649
SLVM,16,0.1951,0.2044,0.2732,0.0093,0.0688,0.2518
MKTX,74,0.1951,0.2368,0.2963,0.0417,0.0595,0.2008
RCKT,74,0.1950,0.2103,0.3438,0.0152,0.1336,0.3885
NVEC,74,0.1950,0.2072,0.2843,0.0122,0.0771,0.2713
GKOS,74,0.1950,0.2149,0.2773,0.0199,0.0624,0.2251
COCO,15,0.1949,0.2016,0.2463,0.0067,0.0447,0.1814
MQY,74,0.1949,0.2079,0.2473,0.0130,0.0395,0.1595
LNTH,74,0.1948,0.2135,0.2799,0.0187,0.0664,0.2372
KTF,74,0.1948,0.2047,0.2325,0.0099,0.0278,0.1196
WRLD,74,0.1945,0.2143,0.2602,0.0199,0.0458,0.1762
KGS,2,0.1943,0.2135,0.2587,0.0192,0.0452,0.1747
YUMC,74,0.1941,0.2066,0.3472,0.0126,0.1406,0.4050
MO,74,0.1940,0.2464,0.3648,0.0524,0.1184,0.3246
NRC,74,0.1940,0.2123,0.2538,0.0183,0.0415,0.1635
PKOH,74,0.1940,0.2319,0.2783,0.0379,0.0464,0.1667
PLPC,74,0.1940,0.2092,0.2597,0.0152,0.0506,0.1946
BFLY,30,0.1938,0.2558,0.3663,0.0621,0.1105,0.3015
VERX,30,0.1936,0.2414,0.2924,0.0478,0.0510,0.1743
NUS,74,0.1936,0.2053,0.2435,0.0117,0.0382,0.1568
CDNA,74,0.1936,0.2361,0.3275,0.0426,0.0914,0.2791
BELFB,74,0.1934,0.2081,0.2614,0.0147,0.0532,0.2036
CCO,74,0.1931,0.2125,0.2640,0.0194,0.0515,0.1952
EBS,74,0.1926,0.2041,0.2789,0.0115,0.0748,0.2681
HCC,69,0.1924,0.2247,0.2941,0.0323,0.0694,0.2360
EXEL,74,0.1924,0.2069,0.3468,0.0146,0.1399,0.4034
PAYO,27,0.1922,0.2361,0.3140,0.0438,0.0780,0.2483
DGICA,74,0.1922,0.2187,0.2619,0.0265,0.0432,0.1651
VZ,74,0.1920,0.2632,0.3753,0.0712,0.1121,0.2986
HYLN,37,0.1920,0.2536,0.3554,0.0616,0.1019,0.2866
CECO,74,0.1918,0.2249,0.2674,0.0331,0.0425,0.1589
ANF,74,0.1916,0.2247,0.2727,0.0330,0.0480,0.1761
STRO,52,0.1916,0.2082,0.2917,0.0167,0.0835,0.2862
LUMN,74,0.1912,0.2228,0.2669,0.0316,0.0441,0.1654
SLP,74,0.1912,0.2179,0.2759,0.0267,0.0580,0.2103
BYND,44,0.1909,0.2335,0.3045,0.0427,0.0709,0.2329
DMRC,74,0.1907,0.2203,0.2810,0.0296,0.0607,0.2159
PKBK,74,0.1907,0.2189,0.2542,0.0282,0.0353,0.1390
NGS,74,0.1906,0.2177,0.2710,0.0272,0.0533,0.1965
OUST,27,0.1905,0.2519,0.3337,0.0614,0.0819,0.2453
EVH,74,0.1905,0.2026,0.2618,0.0120,0.0592,0.2262
CNK,74,0.1905,0.2193,0.3053,0.0288,0.0860,0.2818
MZTI,74,0.1904,0.2191,0.3099,0.0287,0.0908,0.2930
USLM,74,0.1900,0.2041,0.2208,0.0141,0.0167,0.0757
INSM,74,0.1900,0.2041,0.3517,0.0141,0.1476,0.4197
PL,21,0.1900,0.2241,0.3158,0.0342,0.0917,0.2903
MD,74,0.1900,0.2124,0.2648,0.0225,0.0524,0.1978
PRVA,21,0.1898,0.2191,0.3127,0.0293,0.0937,0.2996
EIG,74,0.1896,0.2547,0.3016,0.0651,0.0469,0.1556
MHD,74,0.1894,0.1978,0.2176,0.0084,0.0198,0.0909
AGNCP,35,0.1892,0.1992,0.2389,0.0100,0.0397,0.1661
UAN,74,0.1889,0.2023,0.2562,0.0134,0.0539,0.2104
ANDE,74,0.1888,0.2356,0.2759,0.0468,0.0403,0.1460
SAR,74,0.1888,0.2007,0.2270,0.0119,0.0263,0.1160
HVT,74,0.1887,0.2123,0.2616,0.0236,0.0493,0.1883
IRTC,74,0.1887,0.2111,0.2754,0.0225,0.0643,0.2335
LMAT,74,0.1879,0.1961,0.2367,0.0082,0.0406,0.1716
PCRX,74,0.1879,0.1940,0.2592,0.0062,0.0651,0.2514
AXTI,74,0.1878,0.2189,0.3233,0.0311,0.1045,0.3230
LLYVK,2,0.1878,0.2058,0.2768,0.0180,0.0710,0.2564
PNTG,40,0.1876,0.2116,0.2689,0.0240,0.0573,0.2131
BSVN,52,0.1876,0.2132,0.2633,0.0256,0.0501,0.1904
DVA,74,0.1875,0.2005,0.2391,0.0129,0.0386,0.1615
OSCR,22,0.1874,0.2085,0.2791,0.0212,0.0706,0.2528
HURN,74,0.1870,0.2208,0.2615,0.0338,0.0407,0.1556
BXC,74,0.1869,0.2065,0.2519,0.0196,0.0454,0.1802
INDI,39,0.1867,0.2277,0.3197,0.0410,0.0919,0.2875
AVA,74,0.1867,0.2365,0.3620,0.0498,0.1255,0.3466
BTU,69,0.1867,0.2078,0.2748,0.0211,0.0670,0.2440
SBGI,74,0.1866,0.2149,0.2878,0.0284,0.0729,0.2533
PRAA,74,0.1863,0.2181,0.2734,0.0318,0.0553,0.2023
CVLG,74,0.1863,0.2051,0.2565,0.0188,0.0514,0.2003
MGTX,55,0.1861,0.2081,0.3226,0.0221,0.1145,0.3549
WLKP,74,0.1861,0.2102,0.2368,0.0241,0.0266,0.1123
VREX,72,0.1861,0.1985,0.2425,0.0124,0.0440,0.1814
PRGO,74,0.1860,0.2113,0.2744,0.0253,0.0631,0.2300
PPC,74,0.1859,0.2171,0.2581,0.0312,0.0410,0.1589
RIOT,74,0.1859,0.2136,0.2788,0.0277,0.0652,0.2338
HCSG,74,0.1858,0.1990,0.2304,0.0132,0.0314,0.1363
ARLP,74,0.1857,0.2035,0.2698,0.0178,0.0663,0.2458
TGTX,74,0.1856,0.2095,0.3066,0.0239,0.0970,0.3165
FPH,68,0.1852,0.2065,0.2558,0.0214,0.0492,0.1925
AGYS,74,0.1850,0.2075,0.2725,0.0226,0.0650,0.2385
EVN,74,0.1850,0.1931,0.2306,0.0082,0.0375,0.1626
PBH,74,0.1848,0.2148,0.2626,0.0301,0.0477,0.1818
PMO,74,0.1847,0.1954,0.2222,0.0106,0.0269,0.1209
DNUT,18,0.1845,0.1913,0.2322,0.0068,0.0409,0.1762
PPT,74,0.1843,0.1900,0.2181,0.0057,0.0281,0.1289
TSBK,74,0.1842,0.2169,0.2465,0.0327,0.0295,0.1199
STRA,74,0.1841,0.1870,0.2342,0.0029,0.0473,0.2017
OPCH,74,0.1839,0.1971,0.2591,0.0132,0.0620,0.2392
WDFC,74,0.1837,0.1876,0.2422,0.0039,0.0546,0.2256
RCKY,74,0.1836,0.2038,0.2320,0.0202,0.0282,0.1216
LEGH,49,0.1836,0.1988,0.2440,0.0153,0.0452,0.1851
WEAV,14,0.1834,0.2000,0.2377,0.0166,0.0378,0.1588
LLYVA,2,0.1834,0.2027,0.2719,0.0193,0.0692,0.2545
MSB,74,0.1833,0.1969,0.2559,0.0136,0.0590,0.2307
CAL,74,0.1832,0.2214,0.3155,0.0382,0.0942,0.2984
SMBC,74,0.1831,0.2261,0.2661,0.0430,0.0399,0.1501
GLP,74,0.1831,0.1918,0.2307,0.0087,0.0389,0.1687
RWAY,15,0.1828,0.1994,0.2381,0.0165,0.0387,0.1625
KDP,74,0.1827,0.1988,0.2842,0.0160,0.0854,0.3005
FIP,6,0.1826,0.1907,0.2405,0.0081,0.0498,0.2071
UFPT,74,0.1825,0.1997,0.2494,0.0173,0.0497,0.1991
JOBY,26,0.1823,0.2152,0.2974,0.0329,0.0822,0.2763
ACMR,62,0.1823,0.2254,0.3659,0.0431,0.1406,0.3841
AVAV,74,0.1823,0.1946,0.2978,0.0123,0.1031,0.3464
PTCT,74,0.1822,0.2062,0.3417,0.0240,0.1355,0.3966
BAND,62,0.1822,0.2505,0.3050,0.0683,0.0545,0.1786
ENTA,74,0.1821,0.1948,0.3132,0.0128,0.1184,0.3779
MITK,74,0.1820,0.1997,0.2421,0.0176,0.0424,0.1751
ACEL,65,0.1820,0.1963,0.2304,0.0143,0.0341,0.1480
OLLI,74,0.1820,0.1914,0.2320,0.0094,0.0406,0.1750
AVPT,38,0.1819,0.2335,0.3035,0.0515,0.0701,0.2309
KHC,74,0.1817,0.2240,0.3612,0.0423,0.1372,0.3797
GLUE,19,0.1817,0.1959,0.3303,0.0142,0.1344,0.4069
OXLC,74,0.1817,0.1883,0.2242,0.0066,0.0359,0.1602
ZNTL,33,0.1816,0.2228,0.3445,0.0413,0.1217,0.3532
SNAP,70,0.1814,0.2175,0.2703,0.0361,0.0528,0.1952
UFCS,74,0.1812,0.2355,0.2742,0.0543,0.0386,0.1410
MG,74,0.1810,0.2072,0.2516,0.0262,0.0443,0.1762
SMC,74,0.1810,0.1902,0.2264,0.0091,0.0363,0.1602
ADTN,74,0.1809,0.1884,0.2392,0.0075,0.0508,0.2125
BLFS,74,0.1807,0.2152,0.2748,0.0345,0.0597,0.2171
ACHR,25,0.1806,0.2070,0.2834,0.0263,0.0765,0.2698
BRT,74,0.1806,0.2060,0.2545,0.0254,0.0485,0.1905
SHEN,74,0.1804,0.2020,0.2387,0.0216,0.0366,0.1536
STOK,43,0.1803,0.2119,0.3230,0.0316,0.1111,0.3440
KRYS,64,0.1803,0.2017,0.2877,0.0213,0.0861,0.2992
BLZE,14,0.1802,0.2091,0.2808,0.0288,0.0718,0.2555
NIO,52,0.1802,0.2449,0.4341,0.0647,0.1892,0.4359
ERIE,74,0.1801,0.1960,0.2401,0.0160,0.0441,0.1837
DDS,74,0.1797,0.2042,0.2589,0.0245,0.0547,0.2112
LAUR,71,0.1797,0.1888,0.2153,0.0091,0.0265,0.1231
PMM,74,0.1796,0.1881,0.2122,0.0084,0.0242,0.1138
NBBK,1,0.1795,0.2689,0.3675,0.0894,0.0985,0.2681
BRBR,39,0.1792,0.1916,0.2209,0.0124,0.0294,0.1329
TPC,74,0.1792,0.2018,0.2664,0.0226,0.0646,0.2425
WTM,74,0.1791,0.2061,0.2324,0.0269,0.0264,0.1135
TSN,74,0.1791,0.2213,0.2813,0.0421,0.0600,0.2134
ARRY,27,0.1791,0.2065,0.3117,0.0274,0.1052,0.3375
MVBF,74,0.1786,0.2026,0.2286,0.0240,0.0259,0.1134
CSTL,42,0.1786,0.2392,0.3530,0.0607,0.1138,0.3223
CVSA,74,0.1785,0.1966,0.2394,0.0181,0.0429,0.1790
CENTA,74,0.1783,0.1895,0.2439,0.0111,0.0544,0.2230
RZC,3,0.1783,0.1809,0.2107,0.0026,0.0298,0.1413
CGEM,24,0.1783,0.1968,0.3101,0.0185,0.1133,0.3653
NL,74,0.1781,0.1939,0.2360,0.0157,0.0422,0.1788
NHC,74,0.1781,0.2173,0.2734,0.0392,0.0560,0.2050
LCID,28,0.1780,0.2336,0.3209,0.0556,0.0873,0.2721
PKE,74,0.1780,0.2112,0.2669,0.0332,0.0557,0.2086
LYEL,19,0.1776,0.1881,0.3213,0.0105,0.1332,0.4147
DSGR,74,0.1776,0.1920,0.2178,0.0144,0.0258,0.1185
METC,71,0.1775,0.1930,0.2421,0.0154,0.0492,0.2030
VVX,74,0.1773,0.2114,0.2600,0.0341,0.0487,0.1871
PZZA,74,0.1771,0.1917,0.2227,0.0146,0.0310,0.1392
DYN,28,0.1768,0.1974,0.3245,0.0206,0.1271,0.3917
ISTR,74,0.1767,0.2090,0.2549,0.0322,0.0459,0.1802
RBBN,74,0.1767,0.1886,0.2439,0.0119,0.0553,0.2267
VLYPO,51,0.1766,0.1859,0.2307,0.0093,0.0448,0.1942
DKL,74,0.1766,0.1876,0.2253,0.0110,0.0377,0.1673
IDT,74,0.1765,0.1921,0.2404,0.0156,0.0484,0.2011
ENVX,24,0.1765,0.2087,0.2983,0.0322,0.0896,0.3004
AMCX,74,0.1764,0.2019,0.2706,0.0255,0.0687,0.2540
OSPN,74,0.1764,0.1967,0.2373,0.0203,0.0406,0.1711
MYGN,74,0.1763,0.1890,0.2602,0.0127,0.0712,0.2735
RYAN,18,0.1762,0.1925,0.2675,0.0162,0.0751,0.2806
DPZ,74,0.1761,0.1915,0.2180,0.0155,0.0265,0.1214
PRCT,16,0.1759,0.1938,0.2674,0.0180,0.0735,0.2750
CELH,74,0.1758,0.1963,0.2294,0.0205,0.0331,0.1444
ROOT,27,0.1756,0.2208,0.3075,0.0452,0.0867,0.2820
ARVN,52,0.1755,0.1939,0.3458,0.0184,0.1519,0.4392
EVGO,26,0.1754,0.2170,0.3207,0.0416,0.1037,0.3234
CLOV,31,0.1754,0.2289,0.3246,0.0535,0.0957,0.2949
AGX,74,0.1753,0.2059,0.2515,0.0306,0.0455,0.1811
RDVT,58,0.1751,0.1843,0.2155,0.0091,0.0313,0.1451
PRDO,74,0.1747,0.1928,0.2431,0.0181,0.0503,0.2069
PAHC,74,0.1747,0.1875,0.2280,0.0128,0.0405,0.1775
TKO,74,0.1747,0.1904,0.2157,0.0158,0.0253,0.1172
WS,2,0.1746,0.1958,0.2838,0.0212,0.0881,0.3103
BIIB,74,0.1745,0.1875,0.3416,0.0129,0.1541,0.4512
AEVA,35,0.1743,0.2565,0.3895,0.0821,0.1331,0.3416
KYMR,29,0.1743,0.2069,0.3563,0.0327,0.1494,0.4193
HIFS,74,0.1742,0.1960,0.2312,0.0218,0.0352,0.1524
MLAB,74,0.1741,0.1842,0.2171,0.0101,0.0329,0.1515
MUSA,74,0.1740,0.1982,0.2463,0.0242,0.0482,0.1956
HSTM,74,0.1735,0.1935,0.2420,0.0200,0.0484,0.2001
FNKO,62,0.1735,0.1881,0.2362,0.0146,0.0481,0.2037
CAVA,2,0.1735,0.2316,0.2597,0.0582,0.0281,0.1083
DSP,23,0.1734,0.2063,0.2795,0.0329,0.0731,0.2617
FMN,74,0.1732,0.1787,0.1988,0.0055,0.0200,0.1008
SLDP,20,0.1732,0.2067,0.3161,0.0335,0.1093,0.3459
LEO,74,0.1732,0.1795,0.2063,0.0063,0.0268,0.1298
AXGN,74,0.1730,0.1834,0.2223,0.0104,0.0389,0.1749
ATEC,74,0.1726,0.1870,0.2309,0.0144,0.0439,0.1901
QNST,74,0.1725,0.1867,0.2304,0.0142,0.0437,0.1896
ONDS,25,0.1725,0.2188,0.3174,0.0463,0.0986,0.3107
TRIN,24,0.1721,0.1784,0.2178,0.0064,0.0393,0.1806
NGL,74,0.1720,0.1825,0.2344,0.0105,0.0520,0.2216
PRA,74,0.1719,0.2158,0.2554,0.0439,0.0396,0.1550
CRNX,54,0.1718,0.1891,0.3053,0.0173,0.1161,0.3804
FLWS,74,0.1718,0.1876,0.2321,0.0159,0.0445,0.1916
ENPH,74,0.1716,0.2191,0.3037,0.0475,0.0847,0.2788
TIPT,74,0.1715,0.1866,0.2126,0.0151,0.0260,0.1222
HRTG,74,0.1715,0.1973,0.2211,0.0258,0.0238,0.1076
OLPX,16,0.1713,0.1897,0.2229,0.0184,0.0332,0.1490
UTHR,74,0.1712,0.1828,0.2986,0.0116,0.1158,0.3878
WLDN,74,0.1712,0.1845,0.2198,0.0134,0.0353,0.1606
TWI,74,0.1711,0.2092,0.2986,0.0381,0.0894,0.2993
RLAY,30,0.1710,0.1991,0.3628,0.0281,0.1637,0.4513
PHIN,2,0.1710,0.2453,0.3604,0.0743,0.1151,0.3194
TDS,74,0.1710,0.2041,0.2355,0.0331,0.0313,0.1331
CNDT,73,0.1709,0.2048,0.2508,0.0339,0.0460,0.1833
BLBD,74,0.1709,0.1972,0.2715,0.0263,0.0743,0.2737
CENT,74,0.1703,0.1804,0.2267,0.0101,0.0463,0.2040
WGS,26,0.1703,0.2156,0.3229,0.0454,0.1073,0.3322
ALLO,51,0.1702,0.1876,0.3332,0.0174,0.1456,0.4371
PBFS,42,0.1700,0.2137,0.2430,0.0438,0.0292,0.1203
AMSC,74,0.1696,0.1997,0.2584,0.0301,0.0587,0.2271
JSM,74,0.1696,0.1775,0.2100,0.0079,0.0325,0.1548
ANGO,74,0.1695,0.1826,0.2296,0.0131,0.0470,0.2047
UVE,74,0.1694,0.2032,0.2355,0.0338,0.0323,0.1372
OFLX,74,0.1692,0.1877,0.2162,0.0185,0.0285,0.1318
SHLS,24,0.1691,0.2083,0.3297,0.0392,0.1215,0.3684
TVTX,74,0.1690,0.1865,0.3058,0.0175,0.1193,0.3902
ECPG,74,0.1689,0.1942,0.2503,0.0253,0.0561,0.2240
CPRX,74,0.1689,0.1837,0.2669,0.0148,0.0832,0.3116
HLIT,74,0.1682,0.1796,0.2199,0.0114,0.0403,0.1832
HUT,58,0.1682,0.1928,0.2366,0.0246,0.0438,0.1852
PINE,38,0.1681,0.2070,0.2747,0.0388,0.0677,0.2466
PTON,40,0.1680,0.2615,0.3378,0.0934,0.0763,0.2259
LOPE,74,0.1680,0.1798,0.2216,0.0117,0.0418,0.1887
NUVL,18,0.1677,0.1759,0.2794,0.0082,0.1035,0.3704
UWMC,32,0.1673,0.1855,0.2698,0.0182,0.0843,0.3123
NODK,70,0.1673,0.1760,0.1921,0.0087,0.0161,0.0838
BLND,18,0.1672,0.1936,0.2590,0.0264,0.0655,0.2527
TDAY,74,0.1670,0.1897,0.2535,0.0227,0.0638,0.2517
BH,74,0.1669,0.1895,0.2177,0.0226,0.0282,0.1295
ANIP,74,0.1668,0.1833,0.2584,0.0164,0.0752,0.2909
RVMD,35,0.1666,0.1985,0.3587,0.0319,0.1602,0.4467
ENO,74,0.1664,0.1758,0.1915,0.0094,0.0158,0.0823
VUZI,74,0.1662,0.1959,0.2495,0.0297,0.0536,0.2147
TCMD,74,0.1661,0.1868,0.2362,0.0207,0.0494,0.2093
DJCO,74,0.1660,0.1725,0.1956,0.0065,0.0230,0.1178
BKD,74,0.1658,0.1856,0.2500,0.0198,0.0644,0.2576
CYRX,74,0.1655,0.2005,0.2482,0.0350,0.0478,0.1924
INVA,74,0.1652,0.1708,0.2532,0.0056,0.0824,0.3254
AFGB,33,0.1652,0.1720,0.2013,0.0068,0.0293,0.1457
CCCC,27,0.1652,0.1884,0.3005,0.0232,0.1122,0.3732
ADUS,74,0.1652,0.1768,0.2213,0.0117,0.0444,0.2008
INSW,74,0.1648,0.1870,0.2529,0.0221,0.0660,0.2608
EPC,74,0.1647,0.1914,0.2498,0.0267,0.0584,0.2337
REPL,54,0.1646,0.1914,0.2931,0.0267,0.1017,0.3470
BBIO,43,0.1646,0.1941,0.3276,0.0295,0.1335,0.4076
NBIX,74,0.1646,0.1901,0.3373,0.0256,0.1471,0.4362
ALNY,74,0.1642,0.1926,0.3577,0.0284,0.1651,0.4615
OIA,74,0.1641,0.1716,0.2041,0.0075,0.0325,0.1593
UNTY,74,0.1638,0.1875,0.2278,0.0236,0.0403,0.1771
CHD,74,0.1638,0.2062,0.4303,0.0424,0.2241,0.5208
FPI,74,0.1636,0.1845,0.2252,0.0209,0.0407,0.1808
ATLC,74,0.1634,0.1734,0.2098,0.0100,0.0363,0.1733
CHMG,74,0.1633,0.1832,0.2167,0.0199,0.0335,0.1546
AGL,21,0.1628,0.1995,0.2954,0.0366,0.0959,0.3247
CRDO,12,0.1625,0.1770,0.2214,0.0144,0.0444,0.2005
ASTH,74,0.1623,0.1782,0.2019,0.0159,0.0237,0.1172
WLFC,74,0.1623,0.1825,0.2250,0.0202,0.0425,0.1889
GCMG,47,0.1621,0.1783,0.1960,0.0162,0.0176,0.0900
LE,74,0.1620,0.1849,0.2306,0.0229,0.0456,0.1979
ATOM,74,0.1617,0.1972,0.2601,0.0355,0.0629,0.2419
AGNCL,4,0.1617,0.1877,0.2270,0.0260,0.0393,0.1732
COKE,74,0.1616,0.1718,0.2281,0.0103,0.0563,0.2468
HUYA,56,0.1615,0.1985,0.3999,0.0369,0.2014,0.5037
MUA,74,0.1614,0.1693,0.1950,0.0079,0.0258,0.1322
NATH,74,0.1611,0.1851,0.2282,0.0240,0.0431,0.1890
GEO,74,0.1610,0.1859,0.2491,0.0249,0.0633,0.2539
GRPN,74,0.1609,0.1763,0.2311,0.0154,0.0548,0.2371
SAM,74,0.1608,0.1785,0.2101,0.0176,0.0316,0.1504
HIMS,40,0.1608,0.2027,0.2681,0.0419,0.0654,0.2440
NREF,35,0.1607,0.1766,0.1942,0.0159,0.0176,0.0904
TBRG,74,0.1601,0.1750,0.2191,0.0150,0.0441,0.2013
IPSC,19,0.1599,0.1749,0.2419,0.0150,0.0670,0.2770
NAUT,29,0.1597,0.1815,0.2937,0.0218,0.1122,0.3820
DLTR,74,0.1596,0.1762,0.2261,0.0166,0.0499,0.2207
MARA,74,0.1595,0.1848,0.2389,0.0253,0.0541,0.2266
ATMU,2,0.1594,0.1956,0.2715,0.0361,0.0759,0.2796
PSTL,44,0.1594,0.1642,0.2143,0.0048,0.0501,0.2336
RCUS,58,0.1591,0.1796,0.2856,0.0205,0.1060,0.3711
SRPT,74,0.1591,0.1698,0.2923,0.0108,0.1224,0.4189
PRTA,74,0.1589,0.1799,0.2938,0.0210,0.1139,0.3877
MAX,27,0.1589,0.1791,0.2164,0.0202,0.0374,0.1726
DSGN,22,0.1585,0.1754,0.2356,0.0170,0.0602,0.2554
EVC,74,0.1581,0.1914,0.2363,0.0333,0.0449,0.1902
CDRE,14,0.1575,0.1633,0.2251,0.0058,0.0617,0.2744
PCG,74,0.1575,0.1683,0.2317,0.0108,0.0635,0.2738
BFC,74,0.1573,0.1729,0.2115,0.0155,0.0386,0.1824
BBBY,74,0.1573,0.1914,0.2470,0.0341,0.0556,0.2253
ONIT,74,0.1571,0.1759,0.2299,0.0188,0.0540,0.2350
ERAS,18,0.1571,0.1693,0.3203,0.0122,0.1510,0.4715
PRME,3,0.1568,0.1782,0.3082,0.0215,0.1300,0.4218
FMAO,74,0.1565,0.1872,0.2163,0.0306,0.0291,0.1346
MSGE,2,0.1564,0.1664,0.2234,0.0101,0.0570,0.2551
PDLB,63,0.1562,0.1769,0.2049,0.0207,0.0280,0.1367
JANX,19,0.1562,0.1644,0.2466,0.0081,0.0822,0.3335
ASPN,74,0.1559,0.1678,0.2271,0.0119,0.0593,0.2611
IRWD,74,0.1558,0.1687,0.2773,0.0129,0.1086,0.3917
CLMT,74,0.1556,0.1639,0.2086,0.0083,0.0447,0.2141
ASBA,2,0.1556,0.1730,0.2147,0.0174,0.0417,0.1944
NSSC,74,0.1555,0.1656,0.1941,0.0101,0.0285,0.1468
UVV,74,0.1555,0.2073,0.2647,0.0518,0.0574,0.2169
EOSE,26,0.1553,0.1834,0.2206,0.0281,0.0372,0.1687
XMTR,19,0.1552,0.1791,0.2392,0.0239,0.0601,0.2514
ADAML,19,0.1546,0.1611,0.1661,0.0064,0.0050,0.0301
ALCO,74,0.1543,0.1681,0.2108,0.0138,0.0427,0.2027
GUT,74,0.1541,0.1586,0.2018,0.0045,0.0432,0.2139
RMNI,74,0.1540,0.1624,0.1857,0.0084,0.0233,0.1254
IMXI,70,0.1538,0.1619,0.1819,0.0082,0.0200,0.1099
LXU,74,0.1537,0.1791,0.2485,0.0253,0.0694,0.2794
SPH,74,0.1537,0.1750,0.2090,0.0213,0.0340,0.1626
WEYS,74,0.1536,0.1766,0.1965,0.0230,0.0199,0.1012
PACK,58,0.1536,0.1692,0.2154,0.0157,0.0462,0.2144
MYFW,54,0.1533,0.1846,0.2077,0.0313,0.0232,0.1115
SPCE,63,0.1533,0.1840,0.2641,0.0307,0.0801,0.3033
RILYN,40,0.1532,0.1623,0.1825,0.0091,0.0202,0.1107
SFIX,62,0.1530,0.1715,0.2409,0.0185,0.0693,0.2879
DAKT,74,0.1527,0.1767,0.2131,0.0239,0.0364,0.1708
AGNCN,65,0.1527,0.1571,0.1936,0.0044,0.0365,0.1885
ATEX,74,0.1525,0.1570,0.1797,0.0045,0.0227,0.1263
VKTX,74,0.1518,0.1742,0.2842,0.0224,0.1100,0.3871
RYAM,74,0.1516,0.1742,0.2258,0.0226,0.0516,0.2286
USNA,74,0.1514,0.1616,0.1914,0.0102,0.0298,0.1559
NXP,74,0.1511,0.1610,0.1899,0.0099,0.0289,0.1520
ALHC,22,0.1511,0.1675,0.2360,0.0164,0.0686,0.2905
TDUP,22,0.1508,0.1824,0.2502,0.0316,0.0678,0.2711
AMPH,74,0.1507,0.1630,0.2411,0.0122,0.0781,0.3240
SENEA,74,0.1504,0.1657,0.2016,0.0152,0.0360,0.1784
QDEL,74,0.1502,0.1934,0.2937,0.0432,0.1003,0.3416
NBN,74,0.1499,0.1822,0.2201,0.0323,0.0379,0.1723
NWFL,74,0.1497,0.1880,0.2170,0.0383,0.0290,0.1335
KMPB,10,0.1497,0.1605,0.2251,0.0108,0.0646,0.2868
CHSCO,74,0.1496,0.1600,0.1980,0.0104,0.0381,0.1922
NATR,74,0.1492,0.1606,0.1924,0.0114,0.0318,0.1654
KOPN,74,0.1491,0.1787,0.2472,0.0296,0.0685,0.2770
AMRX,56,0.1491,0.1685,0.2472,0.0195,0.0787,0.3183
HIPO,24,0.1490,0.1804,0.2402,0.0314,0.0598,0.2490
DHCNI,74,0.1486,0.1643,0.2031,0.0157,0.0388,0.1909
SHC,26,0.1481,0.1759,0.2311,0.0278,0.0552,0.2387
BW,74,0.1480,0.1641,0.2200,0.0161,0.0559,0.2540
FCEL,74,0.1480,0.1859,0.2634,0.0379,0.0775,0.2942
MLP,74,0.1474,0.1576,0.1901,0.0102,0.0324,0.1707
KURA,74,0.1472,0.1674,0.2812,0.0202,0.1138,0.4047
FTK,74,0.1470,0.1612,0.1850,0.0142,0.0238,0.1285
OOMA,74,0.1467,0.1531,0.1870,0.0063,0.0339,0.1813
AMC,74,0.1461,0.1619,0.2077,0.0157,0.0458,0.2207
APOS,2,0.1459,0.1467,0.2104,0.0008,0.0637,0.3029
OPK,74,0.1457,0.1595,0.2575,0.0138,0.0980,0.3805
SUPN,74,0.1454,0.1509,0.2493,0.0056,0.0983,0.3945
NUVB,29,0.1453,0.1606,0.2567,0.0153,0.0961,0.3743
NC,74,0.1452,0.1624,0.1986,0.0173,0.0361,0.1820
ADAMM,39,0.1448,0.1546,0.1902,0.0098,0.0356,0.1872
MEC,44,0.1442,0.1751,0.2329,0.0309,0.0578,0.2483
ARTNA,74,0.1441,0.1719,0.2315,0.0278,0.0596,0.2574
NRIX,30,0.1439,0.1628,0.3149,0.0189,0.1521,0.4831
VNDA,74,0.1431,0.1547,0.2598,0.0116,0.1051,0.4046
VEL,36,0.1430,0.1521,0.1876,0.0091,0.0355,0.1893
ATLCP,19,0.1429,0.1527,0.1965,0.0097,0.0439,0.2232
KOD,51,0.1429,0.1732,0.2715,0.0303,0.0983,0.3620
ESQ,67,0.1429,0.1701,0.1929,0.0272,0.0228,0.1181
NCMI,74,0.1428,0.1678,0.2295,0.0250,0.0617,0.2689
HCI,74,0.1427,0.1654,0.1887,0.0227,0.0234,0.1238
TLN,2,0.1425,0.2039,0.3309,0.0614,0.1270,0.3837
VLYPP,51,0.1418,0.1455,0.1698,0.0037,0.0243,0.1429
DDT,74,0.1417,0.1480,0.1685,0.0063,0.0205,0.1218
CAPL,74,0.1415,0.1580,0.2057,0.0164,0.0477,0.2319
SSSS,74,0.1413,0.1509,0.1842,0.0095,0.0334,0.1811
LDI,23,0.1413,0.1574,0.2000,0.0161,0.0427,0.2134
FTRE,2,0.1411,0.1746,0.2331,0.0335,0.0585,0.2510
PGEN,74,0.1411,0.1591,0.2933,0.0180,0.1342,0.4577
HWCPZ,31,0.1410,0.1475,0.1919,0.0064,0.0444,0.2314
PRCH,36,0.1409,0.1880,0.2626,0.0471,0.0747,0.2843
PHAT,39,0.1406,0.1595,0.2297,0.0189,0.0702,0.3057
GEN,74,0.1403,0.1492,0.1749,0.0089,0.0257,0.1471
CCRN,74,0.1399,0.1630,0.2012,0.0230,0.0382,0.1898
MRVI,26,0.1398,0.1729,0.2812,0.0331,0.1083,0.3851
XERS,55,0.1397,0.1576,0.2295,0.0179,0.0719,0.3131
HNRG,74,0.1395,0.1576,0.2051,0.0181,0.0475,0.2317
RDW,24,0.1395,0.1755,0.2266,0.0360,0.0511,0.2256
RYTM,63,0.1392,0.1520,0.2548,0.0129,0.1027,0.4033
ASYS,74,0.1391,0.1613,0.2156,0.0222,0.0544,0.2521
ALRS,74,0.1387,0.1658,0.1989,0.0270,0.0331,0.1664
SPIR,26,0.1386,0.1614,0.2095,0.0227,0.0481,0.2296
AMN,74,0.1385,0.1628,0.1923,0.0243,0.0295,0.1535
EZPW,74,0.1382,0.1617,0.1957,0.0234,0.0341,0.1740
CSV,74,0.1380,0.1642,0.1919,0.0261,0.0277,0.1444
LOCO,74,0.1380,0.1553,0.2072,0.0173,0.0519,0.2505
EVER,54,0.1371,0.1677,0.2071,0.0306,0.0394,0.1902
HRL,74,0.1367,0.1732,0.3363,0.0365,0.1630,0.4848
MBINN,22,0.1366,0.1512,0.1679,0.0146,0.0167,0.0996
FUBO,46,0.1362,0.1853,0.2727,0.0490,0.0875,0.3207
LTRX,74,0.1362,0.1462,0.1681,0.0100,0.0219,0.1302
TH,58,0.1359,0.1569,0.2039,0.0210,0.0470,0.2303
BNED,74,0.1359,0.1525,0.1953,0.0166,0.0428,0.2192
GHM,74,0.1357,0.1613,0.1936,0.0256,0.0323,0.1668
CHSCP,74,0.1357,0.1426,0.1723,0.0069,0.0297,0.1724
AVO,27,0.1354,0.1464,0.1898,0.0110,0.0434,0.2287
BHVN,4,0.1352,0.1465,0.2236,0.0113,0.0771,0.3448
LYTS,74,0.1352,0.1498,0.1845,0.0146,0.0347,0.1881
IOVA,74,0.1345,0.1578,0.2494,0.0233,0.0916,0.3673
CLSK,74,0.1345,0.1657,0.2071,0.0312,0.0414,0.1999
TSHA,28,0.1342,0.1530,0.2356,0.0188,0.0826,0.3506
IVT,74,0.1336,0.1396,0.1688,0.0060,0.0292,0.1728
CHSCL,74,0.1335,0.1418,0.1660,0.0083,0.0241,0.1454
KNSA,56,0.1333,0.1502,0.2847,0.0170,0.1345,0.4723
BTBT,58,0.1332,0.1552,0.2099,0.0220,0.0546,0.2603
TME,49,0.1331,0.1807,0.4338,0.0476,0.2531,0.5834
BCML,74,0.1330,0.1750,0.2154,0.0419,0.0404,0.1877
ADV,37,0.1330,0.1541,0.1910,0.0211,0.0369,0.1930
BBCP,65,0.1329,0.1426,0.1726,0.0098,0.0300,0.1735
AAOI,74,0.1326,0.1559,0.2361,0.0233,0.0801,0.3395
AVIR,26,0.1325,0.1539,0.2163,0.0213,0.0625,0.2887
LCTX,74,0.1325,0.1541,0.2211,0.0216,0.0670,0.3029
ODC,74,0.1320,0.1561,0.1820,0.0241,0.0259,0.1423
CBIO,74,0.1317,0.1465,0.2227,0.0148,0.0763,0.3425
TRNS,74,0.1316,0.1521,0.1817,0.0205,0.0296,0.1629
SLMBP,74,0.1314,0.1422,0.1680,0.0108,0.0258,0.1536
CHSCM,74,0.1313,0.1438,0.1710,0.0125,0.0272,0.1591
EWTX,22,0.1311,0.1380,0.2337,0.0068,0.0957,0.4096
SEZL,2,0.1309,0.1519,0.1483,0.0210,-0.0036,-0.0241
VALU,74,0.1309,0.1371,0.1573,0.0062,0.0202,0.1285
TLRY,54,0.1306,0.1478,0.2192,0.0172,0.0714,0.3258
HGTY,20,0.1306,0.1428,0.1753,0.0122,0.0324,0.1852
NRDS,14,0.1303,0.1492,0.2405,0.0188,0.0913,0.3798
AKBA,74,0.1301,0.1486,0.2611,0.0185,0.1126,0.4310
RILYZ,17,0.1300,0.1391,0.1533,0.0091,0.0143,0.0931
COLL,74,0.1299,0.1367,0.2068,0.0068,0.0701,0.3389
MRAM,74,0.1297,0.1519,0.2014,0.0222,0.0495,0.2456
FLO,74,0.1296,0.1709,0.3289,0.0413,0.1580,0.4803
XPER,4,0.1294,0.1696,0.2352,0.0402,0.0656,0.2790
ASTS,38,0.1293,0.1595,0.2124,0.0302,0.0529,0.2492
BKKT,26,0.1292,0.1705,0.2362,0.0413,0.0657,0.2782
ACIC,74,0.1292,0.1586,0.1865,0.0294,0.0279,0.1495
IBRX,74,0.1291,0.1493,0.2575,0.0201,0.1083,0.4203
EOLS,59,0.1289,0.1437,0.2043,0.0148,0.0606,0.2965
GSIT,74,0.1287,0.1388,0.1669,0.0102,0.0281,0.1683
SRTA,38,0.1286,0.1971,0.2886,0.0685,0.0915,0.3169
CYTK,74,0.1285,0.1436,0.2583,0.0151,0.1147,0.4441
AD,74,0.1285,0.1570,0.1874,0.0285,0.0304,0.1621
LUCK,21,0.1285,0.1341,0.1437,0.0057,0.0096,0.0665
KRT,21,0.1285,0.1312,0.1361,0.0028,0.0049,0.0362
FCN,74,0.1280,0.1374,0.1896,0.0094,0.0522,0.2752
VHI,74,0.1277,0.1496,0.1928,0.0219,0.0432,0.2239
JBIO,19,0.1277,0.1373,0.1701,0.0096,0.0328,0.1929
HBANL,2,0.1276,0.1384,0.1839,0.0108,0.0455,0.2473
KVYO,2,0.1276,0.1342,0.1798,0.0066,0.0456,0.2535
ARQT,35,0.1275,0.1590,0.2850,0.0315,0.1260,0.4422
ETON,50,0.1273,0.1488,0.2004,0.0214,0.0516,0.2577
BKSY,37,0.1271,0.1557,0.1976,0.0286,0.0419,0.2120
CHSCN,74,0.1263,0.1380,0.1551,0.0117,0.0171,0.1100
XOMA,74,0.1262,0.1337,0.1933,0.0075,0.0596,0.3083
MGPI,74,0.1262,0.1521,0.1951,0.0259,0.0430,0.2203
INNV,22,0.1261,0.1388,0.1696,0.0127,0.0308,0.1818
CLX,74,0.1260,0.1596,0.3761,0.0336,0.2165,0.5757
RIGL,74,0.1257,0.1430,0.2435,0.0173,0.1005,0.4126
TR,74,0.1257,0.1469,0.2644,0.0211,0.1176,0.4446
TPB,74,0.1257,0.1371,0.1667,0.0114,0.0296,0.1773
CTMX,74,0.1254,0.1417,0.2419,0.0163,0.1002,0.4143
ACAD,74,0.1254,0.1331,0.2441,0.0077,0.1110,0.4548
BCRX,74,0.1251,0.1411,0.2547,0.0159,0.1137,0.4463
CORT,74,0.1249,0.1333,0.2008,0.0084,0.0675,0.3363
IRMD,74,0.1245,0.1321,0.1720,0.0077,0.0398,0.2316
CNOBP,17,0.1244,0.1301,0.1706,0.0057,0.0405,0.2376
NATL,2,0.1242,0.1398,0.2124,0.0156,0.0726,0.3417
AHCO,55,0.1239,0.1313,0.1644,0.0074,0.0331,0.2014
ALTO,74,0.1239,0.1444,0.1910,0.0205,0.0466,0.2439
FDMT,25,0.1238,0.1522,0.2615,0.0284,0.1093,0.4181
RXO,3,0.1237,0.1654,0.2539,0.0417,0.0885,0.3487
CYH,74,0.1236,0.1435,0.2078,0.0200,0.0642,0.3092
FIZZ,74,0.1231,0.1347,0.1820,0.0116,0.0474,0.2601
KODK,74,0.1229,0.1444,0.1975,0.0216,0.0530,0.2686
BBW,74,0.1228,0.1347,0.1805,0.0119,0.0458,0.2539
BKT,74,0.1227,0.1248,0.1452,0.0021,0.0204,0.1406
BJ,54,0.1226,0.1329,0.2258,0.0103,0.0929,0.4113
MIN,74,0.1226,0.1247,0.1435,0.0021,0.0188,0.1310
ARKO,42,0.1226,0.1388,0.1631,0.0162,0.0243,0.1489
QUAD,74,0.1223,0.1513,0.1942,0.0290,0.0429,0.2210
ESPR,74,0.1220,0.1279,0.2442,0.0059,0.1163,0.4764
JBSS,74,0.1219,0.1513,0.2056,0.0293,0.0544,0.2645
RGTI,21,0.1217,0.1385,0.1914,0.0168,0.0529,0.2763
SES,23,0.1217,0.1383,0.1987,0.0166,0.0604,0.3041
REYN,35,0.1216,0.1510,0.2678,0.0293,0.1168,0.4363
GEVO,74,0.1214,0.1495,0.2152,0.0281,0.0657,0.3052
XFLT,63,0.1212,0.1452,0.1638,0.0240,0.0185,0.1132
FLGT,74,0.1209,0.1513,0.2221,0.0304,0.0708,0.3190
TECX,55,0.1209,0.1263,0.2149,0.0054,0.0887,0.4125
ADAMN,63,0.1207,0.1282,0.1565,0.0074,0.0283,0.1809
FVCB,74,0.1205,0.1546,0.1818,0.0341,0.0272,0.1497
CBAN,74,0.1204,0.1465,0.1859,0.0260,0.0395,0.2124
OPFI,26,0.1202,0.1277,0.1876,0.0074,0.0599,0.3195
CLPT,74,0.1202,0.1409,0.1845,0.0207,0.0437,0.2366
UTI,74,0.1201,0.1286,0.1547,0.0085,0.0261,0.1685
IMVT,43,0.1199,0.1257,0.2090,0.0058,0.0833,0.3986
MDXG,74,0.1199,0.1312,0.1709,0.0112,0.0397,0.2324
LEU,74,0.1199,0.1325,0.2560,0.0126,0.1235,0.4825
MDGL,74,0.1199,0.1370,0.2602,0.0171,0.1232,0.4736
FLXS,74,0.1197,0.1407,0.1846,0.0210,0.0439,0.2378
BRCC,11,0.1197,0.1185,0.1470,-0.0012,0.0286,0.1942
PCT,30,0.1196,0.1685,0.2558,0.0489,0.0873,0.3414
OLMA,26,0.1195,0.1346,0.1970,0.0151,0.0624,0.3168
MNKD,74,0.1193,0.1286,0.2177,0.0094,0.0891,0.4092
PVLA,74,0.1186,0.1312,0.1976,0.0126,0.0663,0.3357
ADAMZ,14,0.1183,0.1270,0.1358,0.0087,0.0087,0.0641
CCAP,35,0.1180,0.1310,0.1555,0.0130,0.0245,0.1575
NXT,2,0.1180,0.1386,0.2641,0.0206,0.1255,0.4752
HRMY,29,0.1179,0.1306,0.2175,0.0127,0.0869,0.3994
EU,74,0.1178,0.1239,0.2655,0.0060,0.1417,0.5335
MRNA,49,0.1178,0.1626,0.3619,0.0448,0.1993,0.5507
OVLY,74,0.1176,0.1458,0.1735,0.0282,0.0277,0.1595
GIS,74,0.1175,0.1790,0.4135,0.0615,0.2345,0.5671
AEHR,74,0.1172,0.1356,0.1850,0.0184,0.0494,0.2670
NEXT,74,0.1170,0.1431,0.1777,0.0260,0.0346,0.1946
RILYP,39,0.1168,0.1223,0.1422,0.0055,0.0199,0.1399
VIR,39,0.1167,0.1641,0.2785,0.0474,0.1144,0.4107
GO,43,0.1164,0.1248,0.2058,0.0084,0.0811,0.3939
OCUL,74,0.1163,0.1364,0.2397,0.0201,0.1033,0.4309
HCXY,52,0.1156,0.1136,0.1168,-0.0020,0.0032,0.0276
EEX,69,0.1155,0.1506,0.1810,0.0351,0.0304,0.1680
TNGX,28,0.1154,0.1286,0.2150,0.0132,0.0865,0.4021
VMD,41,0.1151,0.1248,0.1580,0.0097,0.0332,0.2101
FINV,62,0.1151,0.1444,0.3002,0.0293,0.1559,0.5192
LWLG,74,0.1150,0.1298,0.1584,0.0149,0.0285,0.1802
ORN,74,0.1143,0.1244,0.1726,0.0101,0.0482,0.2792
SYRE,74,0.1143,0.1336,0.2074,0.0193,0.0739,0.3561
ZYME,69,0.1140,0.1307,0.2153,0.0166,0.0846,0.3929
NRP,74,0.1136,0.1250,0.1355,0.0114,0.0105,0.0775
NAGE,74,0.1135,0.1272,0.1844,0.0137,0.0571,0.3099
SNDX,74,0.1134,0.1244,0.2255,0.0110,0.1011,0.4483
CAG,74,0.1133,0.1573,0.3363,0.0441,0.1790,0.5321
RGR,74,0.1133,0.1296,0.1677,0.0164,0.0381,0.2269
LEGN,31,0.1131,0.1329,0.3032,0.0198,0.1703,0.5618
TXO,2,0.1126,0.1227,0.1204,0.0101,-0.0023,-0.0195
TLS,26,0.1126,0.1352,0.1724,0.0226,0.0373,0.2161
ASPI,2,0.1125,0.1324,0.1853,0.0199,0.0529,0.2855
GME,74,0.1125,0.1312,0.1813,0.0187,0.0501,0.2763
NKTR,74,0.1125,0.1294,0.2300,0.0169,0.1006,0.4373
IMKTA,74,0.1124,0.1363,0.2056,0.0239,0.0693,0.3371
SMR,10,0.1122,0.1265,0.2138,0.0143,0.0873,0.4083
VOR,23,0.1120,0.1333,0.2373,0.0213,0.1040,0.4382
PNRG,74,0.1118,0.1206,0.1546,0.0088,0.0340,0.2201
PAYS,74,0.1117,0.1227,0.1688,0.0110,0.0461,0.2731
MLYS,2,0.1111,0.1203,0.2121,0.0092,0.0918,0.4327
ATNI,74,0.1108,0.1433,0.1766,0.0325,0.0333,0.1885
TARS,27,0.1108,0.1338,0.2280,0.0231,0.0941,0.4129
ASLE,47,0.1105,0.1187,0.1638,0.0082,0.0450,0.2751
ACTG,74,0.1099,0.1289,0.1641,0.0190,0.0352,0.2144
TYRA,16,0.1098,0.1195,0.1429,0.0097,0.0235,0.1642
FSCO,2,0.1097,0.1102,0.1194,0.0005,0.0092,0.0771
APLD,9,0.1094,0.1179,0.1449,0.0085,0.0270,0.1863
MBINM,4,0.1088,0.1130,0.1442,0.0042,0.0312,0.2163
FGN,1,0.1087,0.1111,0.1925,0.0024,0.0814,0.4228
GOGO,74,0.1087,0.1264,0.1536,0.0177,0.0272,0.1773
RSVR,24,0.1086,0.1209,0.1545,0.0123,0.0336,0.2177
APEI,74,0.1084,0.1141,0.1353,0.0056,0.0212,0.1568
DAVE,21,0.1084,0.1259,0.1806,0.0175,0.0547,0.3030
SGU,74,0.1083,0.1191,0.1443,0.0108,0.0251,0.1741
ANAB,72,0.1083,0.1302,0.2123,0.0219,0.0820,0.3865
UTZ,50,0.1081,0.1225,0.1664,0.0144,0.0440,0.2643
HPK,56,0.1080,0.1158,0.1528,0.0078,0.0370,0.2421
GSAT,74,0.1080,0.1193,0.1537,0.0114,0.0343,0.2234
CVGW,74,0.1078,0.1298,0.1554,0.0220,0.0256,0.1645
RILYG,13,0.1078,0.1170,0.1384,0.0092,0.0214,0.1548
IMNM,27,0.1077,0.1394,0.1847,0.0316,0.0454,0.2456
CLDX,74,0.1077,0.1220,0.2117,0.0143,0.0897,0.4238
LQDT,74,0.1075,0.1161,0.1588,0.0086,0.0427,0.2688
UNFI,74,0.1074,0.1212,0.1778,0.0138,0.0566,0.3183
SIGA,74,0.1069,0.1183,0.1590,0.0114,0.0407,0.2560
CART,2,0.1062,0.1082,0.1872,0.0020,0.0790,0.4221
GBLI,74,0.1059,0.1233,0.1565,0.0174,0.0332,0.2122
EVLV,28,0.1052,0.1226,0.1501,0.0174,0.0275,0.1832
ARDX,74,0.1051,0.1120,0.1906,0.0069,0.0786,0.4125
NUTX,9,0.1049,0.1136,0.1621,0.0087,0.0485,0.2992
SJM,74,0.1045,0.1632,0.3596,0.0587,0.1964,0.5461
MKTW,28,0.1043,0.1171,0.1510,0.0127,0.0339,0.2246
ASMB,74,0.1039,0.1174,0.2087,0.0135,0.0913,0.4374
LAB,74,0.1038,0.1314,0.1790,0.0275,0.0476,0.2662
GBTG,5,0.1035,0.1088,0.1804,0.0053,0.0716,0.3970
VSTM,74,0.1032,0.1279,0.2257,0.0247,0.0978,0.4334
PLBC,74,0.1030,0.1222,0.1506,0.0191,0.0285,0.1890
CRMD,74,0.1025,0.1137,0.1651,0.0112,0.0514,0.3113
PBYI,74,0.1025,0.1163,0.2395,0.0139,0.1232,0.5142
VITL,29,0.1021,0.1172,0.1601,0.0151,0.0429,0.2678
MGNX,74,0.1020,0.1149,0.2042,0.0129,0.0892,0.4371
PANL,74,0.1019,0.1123,0.1562,0.0104,0.0439,0.2808
REPX,74,0.1019,0.1071,0.1292,0.0051,0.0222,0.1717
LBRDP,25,0.1018,0.1085,0.1193,0.0068,0.0107,0.0901
BVS,23,0.1009,0.1142,0.1289,0.0133,0.0148,0.1144
EYPT,74,0.1007,0.1145,0.1829,0.0139,0.0683,0.3736
WMK,74,0.1006,0.1296,0.2086,0.0290,0.0789,0.3785
AQST,54,0.1006,0.1241,0.2055,0.0235,0.0814,0.3962
ORGO,72,0.0997,0.1070,0.1390,0.0072,0.0320,0.2304
ADMA,74,0.0992,0.1140,0.1967,0.0148,0.0827,0.4203
CIFR,27,0.0992,0.1428,0.1948,0.0436,0.0520,0.2671
FULC,42,0.0987,0.1107,0.1695,0.0119,0.0588,0.3470
AURA,15,0.0980,0.1019,0.1554,0.0039,0.0534,0.3439
AVTX,74,0.0980,0.1129,0.1655,0.0149,0.0526,0.3177
REGCP,2,0.0976,0.0994,0.1604,0.0018,0.0610,0.3802
LXRX,74,0.0976,0.1098,0.2235,0.0122,0.1137,0.5089
FBIOP,62,0.0976,0.1117,0.1503,0.0141,0.0386,0.2568
NMRA,2,0.0971,0.1058,0.1895,0.0087,0.0837,0.4418
CADL,18,0.0967,0.1084,0.1385,0.0117,0.0301,0.2175
AVAH,21,0.0962,0.1044,0.1295,0.0082,0.0251,0.1936
HROW,74,0.0962,0.1070,0.1420,0.0108,0.0350,0.2464
CUBB,37,0.0959,0.0992,0.1436,0.0033,0.0444,0.3095
GERN,74,0.0957,0.1224,0.2337,0.0267,0.1114,0.4764
AIOT,74,0.0951,0.1068,0.1436,0.0116,0.0368,0.2566
DNTH,55,0.0948,0.1120,0.2156,0.0171,0.1037,0.4807
HYMC,58,0.0947,0.0995,0.1452,0.0048,0.0458,0.3152
PRLD,28,0.0941,0.1147,0.2109,0.0206,0.0962,0.4563
GLSI,28,0.0937,0.1011,0.1591,0.0074,0.0580,0.3644
TCI,74,0.0936,0.0979,0.1190,0.0044,0.0211,0.1772
JMSB,70,0.0933,0.1079,0.1345,0.0146,0.0265,0.1973
GCBC,74,0.0930,0.1140,0.1306,0.0210,0.0166,0.1272
RDNW,71,0.0928,0.1139,0.1547,0.0210,0.0409,0.2640
IDYA,44,0.0928,0.1121,0.2043,0.0193,0.0922,0.4514
SPRY,25,0.0928,0.1074,0.1677,0.0147,0.0603,0.3596
NVAX,74,0.0927,0.1206,0.2373,0.0280,0.1167,0.4916
OCGN,74,0.0924,0.1055,0.1596,0.0132,0.0540,0.3386
FENC,64,0.0922,0.1035,0.1452,0.0113,0.0417,0.2871
MNR,2,0.0921,0.0995,0.0846,0.0074,-0.0150,-0.1770
GOLD,74,0.0920,0.1014,0.1340,0.0094,0.0326,0.2432
IVVD,17,0.0919,0.0951,0.1760,0.0032,0.0809,0.4595
KVUE,2,0.0917,0.1453,0.2403,0.0536,0.0950,0.3953
SNDA,74,0.0907,0.1047,0.1435,0.0140,0.0387,0.2701
CRCT,22,0.0906,0.1130,0.1480,0.0225,0.0350,0.2364
QUIK,74,0.0904,0.1119,0.1636,0.0215,0.0517,0.3160
MIRM,42,0.0899,0.1019,0.2129,0.0120,0.1110,0.5214
PRTH,73,0.0898,0.1017,0.1294,0.0118,0.0278,0.2146
APGE,2,0.0887,0.0934,0.2039,0.0046,0.1106,0.5422
PDYN,16,0.0884,0.1056,0.1361,0.0172,0.0306,0.2245
STTK,27,0.0874,0.1131,0.1905,0.0257,0.0775,0.4067
NRGV,22,0.0872,0.0954,0.1360,0.0082,0.0407,0.2989
MSBIP,5,0.0871,0.0930,0.1155,0.0059,0.0224,0.1944
WLYB,74,0.0868,0.0993,0.1259,0.0125,0.0267,0.2117
AMLX,12,0.0863,0.0930,0.1920,0.0067,0.0990,0.5157
LTBR,74,0.0861,0.0991,0.1657,0.0130,0.0666,0.4021
DBD,2,0.0861,0.0912,0.0984,0.0051,0.0072,0.0736
BRBS,74,0.0860,0.0918,0.1170,0.0057,0.0252,0.2153
GNE,74,0.0858,0.1093,0.1370,0.0235,0.0277,0.2024
SCCF,8,0.0857,0.0889,0.1133,0.0032,0.0245,0.2158
CPB,74,0.0854,0.1391,0.3339,0.0536,0.1949,0.5836
MCI,74,0.0853,0.0910,0.1027,0.0057,0.0117,0.1139
SWBI,74,0.0852,0.0998,0.1307,0.0146,0.0309,0.2364
XFOR,62,0.0851,0.0977,0.1591,0.0126,0.0614,0.3861
OMER,74,0.0849,0.0942,0.1786,0.0093,0.0843,0.4722
RUM,21,0.0849,0.0868,0.1275,0.0019,0.0407,0.3191
CTEV,33,0.0848,0.1048,0.1358,0.0200,0.0310,0.2282
CXDO,58,0.0847,0.0902,0.1073,0.0055,0.0170,0.1589
VLGEA,74,0.0847,0.1138,0.1432,0.0291,0.0294,0.2052
CLMB,74,0.0840,0.0896,0.1048,0.0056,0.0152,0.1447
SKWD,2,0.0839,0.1198,0.1623,0.0359,0.0424,0.2615
ABTC,59,0.0838,0.0971,0.1293,0.0133,0.0322,0.2490
AVBH,74,0.0830,0.0886,0.0894,0.0056,0.0008,0.0092
REGCO,2,0.0829,0.0928,0.0632,0.0099,-0.0295,-0.4672
OVID,68,0.0828,0.0920,0.1634,0.0092,0.0714,0.4372
KR,74,0.0827,0.1022,0.2256,0.0194,0.1234,0.5471
IMRX,17,0.0826,0.0877,0.1293,0.0051,0.0417,0.3222
FCCO,74,0.0825,0.1058,0.1304,0.0233,0.0246,0.1889
GOODO,19,0.0819,0.0974,0.1180,0.0155,0.0206,0.1745
PLSE,74,0.0816,0.0939,0.1282,0.0124,0.0343,0.2673
PCVX,31,0.0814,0.1144,0.2373,0.0330,0.1229,0.5179
ENJ,74,0.0811,0.0827,0.1013,0.0015,0.0187,0.1842
ORBS,8,0.0808,0.0899,0.0905,0.0091,0.0006,0.0071
ELA,74,0.0807,0.0958,0.1244,0.0151,0.0285,0.2294
ATLCL,14,0.0806,0.0917,0.1350,0.0111,0.0433,0.3205
FTAIN,22,0.0805,0.0814,0.1550,0.0009,0.0736,0.4749
PTGX,74,0.0802,0.0850,0.1269,0.0048,0.0419,0.3299
AXSM,74,0.0802,0.0937,0.1763,0.0135,0.0826,0.4683
LQDA,54,0.0801,0.0924,0.1409,0.0123,0.0485,0.3442
ISSC,74,0.0800,0.0890,0.0926,0.0090,0.0037,0.0395
ACRS,74,0.0799,0.0879,0.1484,0.0080,0.0605,0.4079
TALK,30,0.0797,0.0985,0.1240,0.0188,0.0255,0.2059
CDZI,74,0.0793,0.0864,0.1216,0.0071,0.0352,0.2894
NECB,74,0.0789,0.0838,0.1075,0.0050,0.0237,0.2205
LODE,74,0.0788,0.0844,0.1349,0.0057,0.0504,0.3739
OSS,59,0.0784,0.0905,0.1155,0.0121,0.0250,0.2163
LXEO,2,0.0782,0.0791,0.1538,0.0010,0.0747,0.4856
BWMN,20,0.0781,0.0821,0.1102,0.0040,0.0281,0.2549
CIX,74,0.0775,0.0962,0.1162,0.0187,0.0200,0.1717
RILYT,24,0.0774,0.0906,0.1145,0.0131,0.0240,0.2092
NGVC,74,0.0761,0.0871,0.1296,0.0111,0.0425,0.3279
INOD,74,0.0760,0.0908,0.1207,0.0147,0.0300,0.2482
LINC,74,0.0760,0.0840,0.1060,0.0081,0.0220,0.2072
MVST,46,0.0757,0.1082,0.1771,0.0325,0.0689,0.3891
CABA,39,0.0748,0.0942,0.1519,0.0194,0.0577,0.3797
USCB,18,0.0748,0.0932,0.1254,0.0184,0.0322,0.2568
ABEO,74,0.0738,0.0909,0.1733,0.0170,0.0824,0.4756
ONBPP,32,0.0738,0.0751,0.0797,0.0012,0.0047,0.0585
ANNX,30,0.0736,0.0968,0.1989,0.0232,0.1021,0.5134
SGMT,2,0.0733,0.0787,0.1201,0.0054,0.0414,0.3446
SFM,74,0.0733,0.0864,0.1706,0.0131,0.0841,0.4933
LRN,74,0.0733,0.0851,0.1082,0.0118,0.0231,0.2135
OXLCN,7,0.0732,0.0732,0.0684,0.0001,-0.0048,-0.0706
SRRK,56,0.0730,0.0861,0.1792,0.0131,0.0931,0.5196
STRT,74,0.0724,0.0794,0.0945,0.0070,0.0150,0.1593
PRAX,27,0.0722,0.0796,0.1342,0.0073,0.0546,0.4072
ELMD,74,0.0721,0.0785,0.1060,0.0064,0.0275,0.2593
LPTH,74,0.0715,0.0817,0.1042,0.0102,0.0225,0.2156
CELC,64,0.0715,0.0932,0.1219,0.0217,0.0287,0.2355
BPOPM,74,0.0712,0.0793,0.1036,0.0081,0.0243,0.2342
IRON,29,0.0711,0.0762,0.1129,0.0051,0.0367,0.3248
HLLY,26,0.0710,0.0807,0.1042,0.0097,0.0235,0.2254
GYRE,74,0.0710,0.0824,0.1310,0.0114,0.0486,0.3710
OXLCO,17,0.0709,0.0782,0.0769,0.0073,-0.0012,-0.0162
VRDN,74,0.0699,0.0730,0.1135,0.0031,0.0405,0.3567
ACHV,74,0.0696,0.0772,0.1023,0.0075,0.0252,0.2460
PMTU,2,0.0695,0.0724,0.1077,0.0029,0.0353,0.3275
GOODN,40,0.0694,0.0849,0.1057,0.0155,0.0209,0.1975
CALM,74,0.0693,0.0929,0.1234,0.0236,0.0305,0.2473
DJT,16,0.0689,0.0700,0.0821,0.0010,0.0121,0.1475
SVV,2,0.0674,0.0992,0.1517,0.0317,0.0525,0.3462
CRVS,74,0.0672,0.0825,0.1587,0.0152,0.0763,0.4804
ZVRA,74,0.0670,0.0753,0.1573,0.0083,0.0820,0.5212
LMB,74,0.0661,0.0769,0.0972,0.0108,0.0203,0.2090
COGT,57,0.0656,0.0783,0.1715,0.0127,0.0932,0.5433
COFS,74,0.0653,0.0827,0.1109,0.0174,0.0282,0.2544
DFTX,74,0.0644,0.0812,0.1086,0.0168,0.0273,0.2517
ECCC,19,0.0643,0.0793,0.0793,0.0150,-0.0000,-0.0004
FBRX,69,0.0634,0.0700,0.1075,0.0066,0.0375,0.3486
SEB,74,0.0632,0.0916,0.0882,0.0284,-0.0034,-0.0384
FWDI,74,0.0628,0.0696,0.0815,0.0068,0.0119,0.1465
FNRN,74,0.0625,0.0669,0.0920,0.0045,0.0250,0.2722
VIRT,74,0.0625,0.0721,0.1114,0.0097,0.0393,0.3525
DEC,24,0.0623,0.0713,0.0687,0.0090,-0.0026,-0.0379
NN,26,0.0621,0.0657,0.0861,0.0035,0.0204,0.2370
BELFA,74,0.0620,0.0701,0.0822,0.0081,0.0121,0.1476
RNGR,65,0.0616,0.0691,0.0952,0.0075,0.0261,0.2739
TSSI,74,0.0616,0.0633,0.0729,0.0018,0.0096,0.1316
FSUN,5,0.0610,0.0806,0.0601,0.0195,-0.0205,-0.3403
QUBT,74,0.0602,0.0674,0.0972,0.0072,0.0298,0.3069
SCCE,10,0.0601,0.0622,0.0834,0.0020,0.0212,0.2547
SVRA,69,0.0600,0.0707,0.1115,0.0106,0.0408,0.3662
RLMD,74,0.0599,0.0743,0.1185,0.0144,0.0442,0.3731
NHPAP,37,0.0595,0.0663,0.0673,0.0068,0.0010,0.0144
NMFCZ,2,0.0593,0.0470,0.1049,-0.0123,0.0579,0.5518
EVEX,8,0.0587,0.0590,0.0664,0.0003,0.0074,0.1119
OXLCL,22,0.0580,0.0597,0.1024,0.0018,0.0426,0.4163
OABI,16,0.0575,0.0613,0.0966,0.0039,0.0353,0.3651
PGY,21,0.0565,0.0610,0.0827,0.0045,0.0217,0.2627
ONBPO,31,0.0562,0.0575,0.0795,0.0013,0.0220,0.2770
WULF,74,0.0557,0.0595,0.0742,0.0038,0.0147,0.1981
TARA,74,0.0556,0.0667,0.0977,0.0111,0.0310,0.3173
IPX,7,0.0555,0.0599,0.0514,0.0043,-0.0085,-0.1661
OXLCP,35,0.0552,0.0552,0.0885,0.0000,0.0333,0.3763
VERA,20,0.0546,0.0560,0.1002,0.0013,0.0442,0.4413
IRD,74,0.0535,0.0682,0.0947,0.0146,0.0266,0.2805
ZIONP,74,0.0533,0.0577,0.0732,0.0044,0.0155,0.2113
GPGI,26,0.0532,0.0573,0.0768,0.0041,0.0195,0.2541
BWNB,13,0.0526,0.0594,0.1030,0.0067,0.0437,0.4238
SOUN,8,0.0526,0.0690,0.0851,0.0165,0.0161,0.1891
BGS,74,0.0523,0.0658,0.1700,0.0135,0.1042,0.6129
MPTI,3,0.0523,0.0567,0.0613,0.0044,0.0047,0.0762
UAMY,74,0.0522,0.0623,0.0897,0.0100,0.0275,0.3060
BKTI,74,0.0516,0.0537,0.0775,0.0021,0.0238,0.3065
SLDB,60,0.0514,0.0623,0.1110,0.0108,0.0488,0.4393
CZFS,74,0.0509,0.0570,0.0777,0.0061,0.0207,0.2664
TRVI,44,0.0508,0.0592,0.0937,0.0083,0.0345,0.3685
QXO,74,0.0508,0.0581,0.0711,0.0073,0.0130,0.1823
LWAY,74,0.0507,0.0511,0.0821,0.0005,0.0310,0.3773
SCCG,5,0.0504,0.0421,0.0484,-0.0083,0.0063,0.1294
SYM,22,0.0503,0.0534,0.0848,0.0031,0.0315,0.3709
ORIC,33,0.0502,0.0648,0.1303,0.0146,0.0654,0.5025
SLS,74,0.0490,0.0616,0.0896,0.0126,0.0280,0.3126
METCB,2,0.0489,0.0502,0.1121,0.0013,0.0619,0.5524
GPCR,2,0.0485,0.0495,0.0757,0.0011,0.0262,0.3460
FEIM,74,0.0483,0.0493,0.0614,0.0010,0.0120,0.1962
LVWR,26,0.0483,0.0498,0.0670,0.0015,0.0172,0.2566
ABAT,74,0.0480,0.0573,0.0780,0.0094,0.0207,0.2650
DMAC,74,0.0479,0.0652,0.0728,0.0173,0.0077,0.1051
FBYD,2,0.0479,0.0614,0.0433,0.0135,-0.0181,-0.4183
XMAX,74,0.0478,0.0543,0.0728,0.0065,0.0185,0.2541
ECCV,12,0.0477,0.0499,0.0531,0.0022,0.0032,0.0598
RWAYL,5,0.0476,0.0504,0.0697,0.0029,0.0193,0.2770
MAMA,18,0.0475,0.0549,0.0690,0.0074,0.0140,0.2036
CDZIP,19,0.0474,0.0480,0.0554,0.0005,0.0074,0.1338
RILYL,28,0.0471,0.0590,0.0550,0.0119,-0.0040,-0.0726
DVLT,54,0.0470,0.0562,0.0834,0.0092,0.0272,0.3263
TOI,31,0.0466,0.0540,0.0605,0.0074,0.0065,0.1081
GRNT,26,0.0465,0.0479,0.0637,0.0014,0.0159,0.2489
ALT,68,0.0463,0.0729,0.1540,0.0266,0.0811,0.5264
ELVN,34,0.0463,0.0614,0.1133,0.0151,0.0519,0.4580
DCTH,56,0.0463,0.0600,0.0782,0.0137,0.0183,0.2334
NHPBP,15,0.0461,0.0453,0.0659,-0.0007,0.0205,0.3118
LANDO,27,0.0455,0.0471,0.0589,0.0016,0.0118,0.1999
CATX,74,0.0454,0.0485,0.0771,0.0031,0.0286,0.3704
SLNHP,17,0.0452,0.0545,0.0535,0.0093,-0.0010,-0.0179
PROK,19,0.0449,0.0492,0.0741,0.0042,0.0249,0.3365
LANDP,2,0.0449,0.0471,0.0491,0.0022,0.0021,0.0417
CMPX,21,0.0448,0.0566,0.1020,0.0118,0.0454,0.4453
RR,2,0.0445,0.0462,0.0599,0.0017,0.0137,0.2293
IDR,74,0.0436,0.0435,0.0529,-0.0001,0.0094,0.1778
CAPR,74,0.0435,0.0548,0.1051,0.0113,0.0504,0.4792
LRMR,74,0.0431,0.0486,0.0717,0.0055,0.0231,0.3219
TENX,74,0.0429,0.0473,0.0625,0.0044,0.0152,0.2430
OPAL,20,0.0429,0.0514,0.0762,0.0085,0.0248,0.3250
NPCE,21,0.0425,0.0481,0.0894,0.0056,0.0413,0.4619
SABS,23,0.0424,0.0606,0.0788,0.0182,0.0183,0.2316
IMMX,13,0.0422,0.0433,0.0682,0.0011,0.0249,0.3651
RCAT,74,0.0420,0.0427,0.0548,0.0007,0.0121,0.2213
SBET,74,0.0417,0.0537,0.0770,0.0120,0.0233,0.3028
OBT,74,0.0415,0.0448,0.0746,0.0033,0.0298,0.3992
GCT,5,0.0413,0.0483,0.0672,0.0070,0.0189,0.2816
ALOY,74,0.0413,0.0428,0.0647,0.0015,0.0219,0.3383
KELYB,74,0.0400,0.0529,0.0746,0.0129,0.0217,0.2905
NB,2,0.0399,0.0405,0.0530,0.0006,0.0125,0.2363
GJS,74,0.0398,0.0427,0.0656,0.0028,0.0229,0.3497
NPWR,17,0.0395,0.0409,0.0607,0.0014,0.0198,0.3261
FRMEP,29,0.0393,0.0399,0.0455,0.0006,0.0056,0.1230
PALI,74,0.0388,0.0526,0.0814,0.0139,0.0288,0.3534
DUOT,68,0.0378,0.0478,0.0592,0.0099,0.0114,0.1921
BNTC,74,0.0378,0.0424,0.0602,0.0046,0.0178,0.2953
WEST,15,0.0378,0.0451,0.0899,0.0073,0.0448,0.4982
ORKA,74,0.0373,0.0597,0.1054,0.0224,0.0457,0.4335
ACI,31,0.0372,0.0508,0.1010,0.0136,0.0501,0.4966
SMMT,74,0.0369,0.0467,0.0897,0.0097,0.0430,0.4797
BLTE,8,0.0366,0.0427,0.0656,0.0061,0.0229,0.3487
OXLCZ,12,0.0366,0.0343,0.0709,-0.0022,0.0366,0.5162
BCAL,74,0.0365,0.0418,0.0586,0.0053,0.0168,0.2861
SKYH,25,0.0362,0.0425,0.0633,0.0062,0.0208,0.3287
ISBA,74,0.0357,0.0382,0.0565,0.0025,0.0183,0.3233
BWBBP,17,0.0357,0.0406,0.0577,0.0048,0.0171,0.2968
FCRX,20,0.0345,0.0351,0.0502,0.0006,0.0151,0.3012
FTAIM,2,0.0338,0.0350,0.0524,0.0013,0.0174,0.3313
SIDU,13,0.0331,0.0360,0.0460,0.0029,0.0100,0.2180
SENEB,74,0.0325,0.0321,0.0479,-0.0004,0.0158,0.3306
MNPR,37,0.0315,0.0459,0.0652,0.0144,0.0193,0.2961
POWWP,20,0.0311,0.0353,0.0432,0.0042,0.0078,0.1813
AMPX,4,0.0311,0.0323,0.1069,0.0012,0.0746,0.6982
GETY,28,0.0307,0.0340,0.0536,0.0033,0.0196,0.3649
LFMDP,15,0.0305,0.0351,0.0345,0.0046,-0.0006,-0.0184
ASST,2,0.0304,0.0307,0.0363,0.0004,0.0056,0.1542
ELDN,74,0.0294,0.0368,0.0645,0.0075,0.0277,0.4292
GREEL,15,0.0292,0.0546,0.0629,0.0254,0.0084,0.1328
AENT,22,0.0292,0.0336,0.0422,0.0045,0.0086,0.2034
TYGO,16,0.0290,0.0299,0.0468,0.0009,0.0169,0.3613
BBAI,21,0.0290,0.0314,0.0627,0.0025,0.0313,0.4986
GAINZ,17,0.0280,0.0416,0.0507,0.0136,0.0090,0.1786
SSSSL,13,0.0279,0.0308,0.0476,0.0029,0.0169,0.3541
SRZN,24,0.0277,0.0382,0.0593,0.0105,0.0211,0.3559
BHRB,74,0.0273,0.0316,0.0533,0.0043,0.0217,0.4066
XOMAP,25,0.0267,0.0276,0.0405,0.0009,0.0129,0.3183
VSTS,2,0.0266,0.0437,0.0548,0.0171,0.0111,0.2028
OXSQG,20,0.0262,0.0277,0.0852,0.0015,0.0575,0.6748
CLYM,17,0.0259,0.0228,0.0594,-0.0031,0.0366,0.6158
BANFP,74,0.0255,0.0261,0.0481,0.0006,0.0220,0.4577
ARMP,74,0.0252,0.0291,0.0396,0.0039,0.0105,0.2660
EFSCP,14,0.0249,0.0282,0.0451,0.0032,0.0169,0.3752
QBTS,25,0.0248,0.0276,0.0429,0.0028,0.0153,0.3558
CTGO,74,0.0241,0.0259,0.0442,0.0018,0.0183,0.4145
MLTX,27,0.0238,0.0252,0.0529,0.0013,0.0277,0.5240
GCTS,13,0.0233,0.0258,0.0481,0.0025,0.0224,0.4642
ZSQR,25,0.0230,0.0261,0.0459,0.0031,0.0197,0.4301
RZLT,74,0.0230,0.0250,0.0418,0.0021,0.0168,0.4009
SBC,4,0.0229,0.0217,0.0294,-0.0013,0.0078,0.2636
SAT,8,0.0226,0.0304,0.0520,0.0078,0.0216,0.4149
ALTI,21,0.0223,0.0238,0.0415,0.0015,0.0177,0.4265
LUNR,14,0.0221,0.0263,0.0305,0.0043,0.0042,0.1372
INV,14,0.0216,0.0226,0.0338,0.0010,0.0112,0.3307
OPTX,12,0.0216,0.0236,0.0352,0.0021,0.0116,0.3295
XOMAO,21,0.0201,0.0215,0.0359,0.0014,0.0145,0.4024
OKLO,18,0.0201,0.0203,0.0558,0.0003,0.0355,0.6358
NUAI,12,0.0200,0.0206,0.0590,0.0006,0.0384,0.6507
SCCD,13,0.0196,0.0209,0.0341,0.0013,0.0132,0.3872
ALMU,2,0.0195,0.0204,0.0401,0.0009,0.0197,0.4911
DGICB,74,0.0191,0.0202,0.0372,0.0011,0.0170,0.4572
CCZ,36,0.0191,0.0202,0.0349,0.0012,0.0146,0.4199
SOC,21,0.0184,0.0188,0.0327,0.0003,0.0139,0.4262
BULLW,5,0.0173,0.0177,0.0361,0.0004,0.0184,0.5086
ABX,28,0.0173,0.0243,0.0360,0.0070,0.0117,0.3254
ESOA,74,0.0173,0.0182,0.0333,0.0009,0.0151,0.4535
FGBIP,21,0.0168,0.0182,0.0362,0.0014,0.0180,0.4977
SAZ,2,0.0164,0.0192,0.0340,0.0029,0.0148,0.4354
HTFC,7,0.0153,0.0162,0.0262,0.0008,0.0101,0.3838
BULL,5,0.0139,0.0145,0.0360,0.0006,0.0215,0.5980
PSIX,74,0.0130,0.0160,0.0295,0.0030,0.0135,0.4578
CCNEP,29,0.0127,0.0142,0.0273,0.0015,0.0130,0.4782
OCCIN,13,0.0127,0.0134,0.0320,0.0007,0.0186,0.5814
AIRJ,11,0.0126,0.0135,0.0302,0.0008,0.0168,0.5544
SAJ,2,0.0114,0.0138,0.0260,0.0025,0.0122,0.4681
GEGGL,7,0.0112,0.0139,0.0558,0.0027,0.0420,0.7518
NVCT,11,0.0111,0.0123,0.0418,0.0012,0.0294,0.7047
SAY,2,0.0085,0.0101,0.0286,0.0016,0.0185,0.6472
WHFCL,2,0.0080,0.0086,0.0207,0.0006,0.0121,0.5854
TRON,2,0.0075,0.0083,0.0186,0.0008,0.0103,0.5556
OFSSH,15,0.0072,0.0077,0.0222,0.0005,0.0145,0.6528
USAR,2,0.0064,0.0093,0.0349,0.0028,0.0257,0.7351
SWKHL,2,0.0062,0.0064,0.0218,0.0002,0.0154,0.7050
NEWTI,2,0.0048,0.0061,0.0347,0.0013,0.0286,0.8242
