symbol,V1_current,V2_vol_fix,V3_oil_fix,T1_Gold,T1_Copper,T1_HYCredit,T1_2Y,T1_30Y,T2_NatGas,T2_EURUSD,T2_USDJPY,T3_Agri,T3_Lithium,T3_Uranium,T3_EMCurr,sector,industry,market_cap_usd,delta_T1_Gold,delta_T1_Copper,delta_T1_HYCredit,delta_T1_2Y,delta_T1_30Y,delta_T2_NatGas,delta_T2_EURUSD,delta_T2_USDJPY,delta_T3_Agri,delta_T3_Lithium,delta_T3_Uranium,delta_T3_EMCurr,delta_V3_minus_V1
A,0.4763,0.4790,0.4783,0.4805,0.4829,0.4829,0.4902,0.4804,0.4799,0.4910,0.4920,0.4909,0.4915,0.4821,0.4913,Industrials,Biotechnology: Laboratory Analytical Instruments,32487962362.0000,0.0023,0.0046,0.0046,0.0119,0.0021,0.0016,0.0127,0.0137,0.0127,0.0132,0.0039,0.0130,0.0020
AAL,0.2307,0.2387,0.2929,0.2963,0.2963,0.3042,0.2864,0.2989,0.2947,0.2882,0.2904,0.2904,0.3122,0.2987,0.2971,Consumer Discretionary,Air Freight/Delivery Services,9160184147.0000,0.0034,0.0035,0.0113,-0.0065,0.0060,0.0018,-0.0046,-0.0024,-0.0025,0.0193,0.0059,0.0042,0.0621
AA,0.3597,0.3619,0.3036,0.3128,0.3607,0.3107,0.3387,0.3124,0.3083,0.3428,0.3400,0.3531,0.3423,0.3384,0.3563,Industrials,Aluminum,18836459278.0000,0.0092,0.0571,0.0071,0.0351,0.0088,0.0046,0.0392,0.0364,0.0494,0.0387,0.0348,0.0526,-0.0561
AAOI,0.1061,0.1142,0.1239,0.1243,0.1244,0.1283,0.1341,0.1255,0.1291,0.1356,0.1361,0.1396,0.1443,0.1421,0.1374,Technology,Semiconductors,14563259783.0000,0.0005,0.0005,0.0044,0.0103,0.0016,0.0052,0.0117,0.0122,0.0157,0.0204,0.0182,0.0135,0.0178
AAON,0.2971,0.3011,0.2576,0.2625,0.2568,0.2604,0.2544,0.2612,0.2621,0.2551,0.2556,0.2617,0.2674,0.2663,0.2550,Industrials,Industrial Machinery/Components,11025316166.0000,0.0048,-0.0008,0.0028,-0.0032,0.0036,0.0045,-0.0026,-0.0020,0.0041,0.0098,0.0087,-0.0027,-0.0395
AAP,0.2079,0.2162,0.2200,0.2214,0.2205,0.2239,0.2765,0.2225,0.2235,0.2782,0.2796,0.2777,0.2222,0.2204,0.2785,Consumer Discretionary,Auto & Home Supply Stores,3496077604.0000,0.0014,0.0005,0.0038,0.0564,0.0025,0.0035,0.0582,0.0595,0.0576,0.0021,0.0004,0.0584,0.0121
AAPL,0.4055,0.4071,0.5035,0.5057,0.5107,0.5047,0.6017,0.5058,0.5048,0.6019,0.6024,0.6022,0.5154,0.5094,0.6022,Technology,Computer Manufacturing,4535749279920.0000,0.0022,0.0072,0.0012,0.0982,0.0023,0.0013,0.0984,0.0989,0.0987,0.0119,0.0059,0.0987,0.0980
AAT,0.2677,0.2735,0.2845,0.2910,0.2872,0.2921,0.3420,0.2988,0.2896,0.3430,0.3438,0.3477,0.2890,0.2888,0.3468,Real Estate,Real Estate Investment Trusts,1398485522.0000,0.0064,0.0027,0.0076,0.0575,0.0142,0.0051,0.0585,0.0593,0.0632,0.0045,0.0043,0.0623,0.0169
ABAT,0.0344,0.0380,0.0438,0.0436,0.0461,0.0443,0.0621,0.0449,0.0437,0.0634,0.0621,0.0625,0.0543,0.0422,0.0640,Basic Materials,Metal Mining,440618541.0000,-0.0002,0.0023,0.0006,0.0184,0.0011,-0.0001,0.0196,0.0183,0.0187,0.0105,-0.0016,0.0202,0.0094
AB,0.3396,0.3426,0.3625,0.3656,0.3637,0.3694,0.3982,0.3675,0.3664,0.3987,0.3988,0.4004,0.3696,0.3668,0.4027,Finance,Investment Managers,3542808144.0000,0.0030,0.0011,0.0069,0.0357,0.0050,0.0039,0.0362,0.0362,0.0379,0.0071,0.0043,0.0402,0.0229
ABBV,0.2165,0.2265,0.2241,0.2270,0.2276,0.2254,0.2107,0.2246,0.2253,0.2125,0.2118,0.2118,0.2348,0.2277,0.2126,Health Care,Biotechnology: Pharmaceutical Preparations,381097211490.0000,0.0029,0.0036,0.0013,-0.0133,0.0006,0.0012,-0.0116,-0.0122,-0.0122,0.0108,0.0036,-0.0115,0.0076
ABCB,0.3172,0.3211,0.3355,0.3463,0.3368,0.3505,0.3653,0.3593,0.3379,0.3658,0.3685,0.3664,0.3402,0.3402,0.3695,Finance,Major Banks,5699002079.0000,0.0109,0.0013,0.0151,0.0298,0.0239,0.0024,0.0303,0.0330,0.0310,0.0047,0.0047,0.0340,0.0183
ABEO,0.0400,0.0438,0.0633,0.0637,0.0668,0.0640,0.0627,0.0668,0.0643,0.0638,0.0635,0.0684,0.0717,0.0765,0.0643,Health Care,Biotechnology: Pharmaceutical Preparations,310053583.0000,0.0004,0.0034,0.0007,-0.0006,0.0034,0.0010,0.0005,0.0001,0.0051,0.0083,0.0132,0.0010,0.0233
ABG,0.2880,0.2918,0.2700,0.2722,0.2738,0.2752,0.2859,0.2752,0.2723,0.2867,0.2865,0.2917,0.2785,0.2750,0.2915,Consumer Discretionary,Retail-Auto Dealers and Gas Stations,3495121136.0000,0.0022,0.0038,0.0053,0.0159,0.0052,0.0023,0.0167,0.0165,0.0217,0.0085,0.0050,0.0215,-0.0180
ABM,0.3087,0.3125,0.2810,0.2827,0.2821,0.2831,0.3059,0.2846,0.2824,0.3072,0.3070,0.3091,0.2843,0.2827,0.3071,Consumer Discretionary,Diversified Commercial Services,2352434036.0000,0.0017,0.0011,0.0021,0.0249,0.0036,0.0014,0.0262,0.0260,0.0281,0.0033,0.0017,0.0261,-0.0277
ABR,0.1688,0.1789,0.2182,0.2204,0.2195,0.2279,0.3208,0.2229,0.2205,0.3234,0.3237,0.3227,0.2242,0.2267,0.3286,Real Estate,Real Estate Investment Trusts,1071451901.0000,0.0022,0.0012,0.0096,0.1026,0.0046,0.0023,0.1051,0.1054,0.1045,0.0060,0.0085,0.1103,0.0494
ABT,0.3618,0.3668,0.4219,0.4240,0.4274,0.4232,0.3749,0.4232,0.4259,0.3755,0.3750,0.3807,0.4280,0.4266,0.3752,Health Care,Biotechnology: Pharmaceutical Preparations,152251824419.0000,0.0021,0.0055,0.0013,-0.0470,0.0013,0.0040,-0.0464,-0.0469,-0.0412,0.0061,0.0047,-0.0467,0.0601
ABTC,0.0687,0.0730,0.0747,0.0748,0.0751,0.0754,0.0968,0.0750,0.0770,0.0973,0.0963,0.0971,0.0889,0.0813,0.0987,Technology,EDP Services,1179944658.0000,0.0000,0.0004,0.0007,0.0221,0.0003,0.0023,0.0226,0.0216,0.0223,0.0141,0.0065,0.0239,0.0060
ABX,0.0118,0.0119,0.0114,0.0113,0.0124,0.0107,0.0115,0.0114,0.0140,0.0114,0.0115,0.0116,0.0183,0.0138,0.0119,Finance,Investment Managers,867138198.0000,-0.0002,0.0010,-0.0008,0.0000,-0.0001,0.0026,-0.0001,0.0001,0.0002,0.0068,0.0024,0.0005,-0.0004
ACA,0.3132,0.3205,0.3249,0.3280,0.3276,0.3301,0.3311,0.3298,0.3275,0.3314,0.3331,0.3337,0.3290,0.3379,0.3336,Industrials,Metal Fabrications,5928385953.0000,0.0032,0.0028,0.0053,0.0062,0.0050,0.0027,0.0066,0.0083,0.0089,0.0041,0.0130,0.0088,0.0117
ACAD,0.1238,0.1288,0.1279,0.1285,0.1306,0.1301,0.1140,0.1284,0.1298,0.1147,0.1184,0.1136,0.1343,0.1335,0.1144,Health Care,Biotechnology: Pharmaceutical Preparations,3613076857.0000,0.0006,0.0028,0.0022,-0.0139,0.0005,0.0019,-0.0131,-0.0095,-0.0143,0.0064,0.0056,-0.0135,0.0041
ACCO,0.2249,0.2271,0.2279,0.2316,0.2337,0.2349,0.2607,0.2339,0.2318,0.2624,0.2628,0.2623,0.2340,0.2343,0.2703,Consumer Discretionary,Publishing,352424773.0000,0.0037,0.0058,0.0070,0.0328,0.0059,0.0039,0.0345,0.0349,0.0344,0.0061,0.0064,0.0424,0.0030
ACEL,0.1550,0.1608,0.1644,0.1692,0.1653,0.1738,0.2148,0.1665,0.1686,0.2165,0.2179,0.2197,0.1705,0.1689,0.2168,Consumer Discretionary,Services-Misc. Amusement & Recreation,948227285.0000,0.0048,0.0008,0.0093,0.0504,0.0021,0.0042,0.0520,0.0534,0.0552,0.0061,0.0044,0.0523,0.0094
ACHC,0.1327,0.1402,0.2192,0.2228,0.2265,0.2268,0.2857,0.2243,0.2240,0.2864,0.2886,0.2879,0.2271,0.2271,0.2882,Health Care,Medical Specialities,2131795686.0000,0.0036,0.0073,0.0076,0.0665,0.0051,0.0048,0.0672,0.0694,0.0687,0.0079,0.0079,0.0690,0.0865
ACHV,0.0687,0.0720,0.0529,0.0531,0.0576,0.0545,0.0794,0.0543,0.0557,0.0801,0.0788,0.0869,0.0618,0.0612,0.0877,Health Care,Biotechnology: In Vitro & In Vivo Diagnostic Substances,481470977.0000,0.0002,0.0047,0.0016,0.0265,0.0014,0.0028,0.0272,0.0259,0.0340,0.0089,0.0083,0.0348,-0.0158
ACI,0.0306,0.0355,0.0360,0.0363,0.0369,0.0358,0.0359,0.0369,0.0391,0.0374,0.0372,0.0401,0.0382,0.0354,0.0357,Consumer Staples,Food Chains,8016409789.0000,0.0003,0.0009,-0.0002,-0.0001,0.0010,0.0031,0.0014,0.0013,0.0041,0.0023,-0.0005,-0.0003,0.0054
ACIC,0.0623,0.0654,0.1091,0.1100,0.1135,0.1114,0.1034,0.1120,0.1129,0.1040,0.1043,0.1016,0.1102,0.1138,0.1038,Finance,Property-Casualty Insurers,523411708.0000,0.0009,0.0043,0.0023,-0.0057,0.0028,0.0038,-0.0051,-0.0049,-0.0075,0.0011,0.0047,-0.0053,0.0468
ACIW,0.3262,0.3356,0.3553,0.3579,0.3618,0.3606,0.3475,0.3582,0.3591,0.3482,0.3479,0.3483,0.3647,0.3611,0.3525,Technology,Computer Software: Prepackaged Software,4342982270.0000,0.0025,0.0065,0.0053,-0.0078,0.0029,0.0037,-0.0072,-0.0075,-0.0071,0.0093,0.0058,-0.0028,0.0292
ACLS,0.2387,0.2447,0.3080,0.3096,0.3186,0.3136,0.4097,0.3123,0.3104,0.4109,0.4103,0.4108,0.3434,0.3240,0.4119,Technology,Industrial Machinery/Components,4823377795.0000,0.0016,0.0106,0.0056,0.1018,0.0043,0.0024,0.1029,0.1023,0.1028,0.0355,0.0160,0.1039,0.0692
ACMR,0.1623,0.1630,0.1682,0.1696,0.1691,0.1726,0.1936,0.1725,0.1714,0.1947,0.1951,0.1937,0.2258,0.1765,0.1992,Technology,Industrial Machinery/Components,4857594361.0000,0.0014,0.0009,0.0043,0.0253,0.0043,0.0032,0.0264,0.0269,0.0254,0.0575,0.0083,0.0310,0.0059
ACM,0.3928,0.3998,0.4214,0.4245,0.4313,0.4310,0.4620,0.4286,0.4235,0.4624,0.4628,0.4697,0.4398,0.4410,0.4656,Consumer Discretionary,Military/Government/Technical,9258791157.0000,0.0031,0.0099,0.0096,0.0406,0.0073,0.0021,0.0411,0.0414,0.0483,0.0184,0.0197,0.0442,0.0285
ACNB,0.0925,0.0976,0.1537,0.1576,0.1621,0.1566,0.2143,0.1600,0.1549,0.2147,0.2147,0.2161,0.1599,0.1636,0.2167,Finance,Major Banks,556045796.0000,0.0038,0.0083,0.0029,0.0605,0.0063,0.0011,0.0609,0.0609,0.0623,0.0062,0.0098,0.0630,0.0613
ACRS,0.0582,0.0760,0.0737,0.0768,0.0740,0.0756,0.0789,0.0743,0.0761,0.0802,0.0789,0.0790,0.0777,0.0813,0.0822,Health Care,Biotechnology: Pharmaceutical Preparations,631279834.0000,0.0031,0.0003,0.0018,0.0052,0.0006,0.0023,0.0065,0.0051,0.0053,0.0039,0.0076,0.0085,0.0155
ACV,0.3713,0.3904,0.4020,0.4028,0.4052,0.4050,0.4224,0.4112,0.4042,0.4228,0.4228,0.4245,0.4274,0.4232,0.4264,Finance,Finance/Investors Services,281665090.0000,0.0008,0.0032,0.0030,0.0203,0.0092,0.0022,0.0208,0.0207,0.0225,0.0254,0.0212,0.0244,0.0307
ACTG,0.1467,0.1515,0.1071,0.1064,0.1058,0.1083,0.1377,0.1069,0.1085,0.1374,0.1410,0.1427,0.1098,0.1104,0.1394,Miscellaneous,Multi-Sector Companies,450105355.0000,-0.0008,-0.0014,0.0012,0.0306,-0.0002,0.0013,0.0303,0.0339,0.0355,0.0026,0.0032,0.0323,-0.0396
ADAMM,0.1010,0.1059,0.1139,0.1183,0.1163,0.1186,0.1141,0.1221,0.1237,0.1148,0.1147,0.1166,0.1217,0.1178,0.1171,Real Estate,Real Estate Investment Trusts,2282472143.0000,0.0044,0.0024,0.0047,0.0002,0.0082,0.0099,0.0010,0.0009,0.0027,0.0079,0.0040,0.0032,0.0129
AD,0.2115,0.2124,0.1277,0.1288,0.1298,0.1306,0.1319,0.1312,0.1296,0.1333,0.1348,0.1312,0.1344,0.1329,0.1322,Telecommunications,Telecommunications Equipment,4377888000.0000,0.0011,0.0021,0.0029,0.0042,0.0035,0.0019,0.0056,0.0071,0.0035,0.0067,0.0053,0.0045,-0.0838
ADAM,0.1115,0.1222,0.1818,0.1855,0.1867,0.1873,0.2657,0.1882,0.1844,0.2676,0.2663,0.2685,0.1941,0.1937,0.2695,Real Estate,Real Estate Investment Trusts,799763861.0000,0.0037,0.0049,0.0055,0.0838,0.0064,0.0026,0.0858,0.0845,0.0867,0.0123,0.0119,0.0877,0.0703
ADAMN,0.0820,0.0860,0.0979,0.1032,0.1003,0.1011,0.1147,0.1042,0.1020,0.1148,0.1151,0.1156,0.1004,0.1024,0.1172,Real Estate,Real Estate Investment Trusts,2105445760.0000,0.0054,0.0024,0.0033,0.0168,0.0063,0.0042,0.0169,0.0173,0.0177,0.0025,0.0045,0.0193,0.0159
ADBE,0.4151,0.4223,0.4528,0.4566,0.4590,0.4553,0.4952,0.4576,0.4540,0.4958,0.4982,0.4956,0.4639,0.4598,0.4965,Technology,Computer Software: Prepackaged Software,98931992000.0000,0.0038,0.0062,0.0025,0.0424,0.0048,0.0012,0.0430,0.0454,0.0428,0.0111,0.0070,0.0437,0.0377
ADC,0.2367,0.2410,0.2292,0.2399,0.2288,0.2346,0.2600,0.2493,0.2315,0.2614,0.2606,0.2634,0.2322,0.2285,0.2610,Real Estate,Real Estate Investment Trusts,9062961740.0000,0.0107,-0.0003,0.0054,0.0309,0.0202,0.0023,0.0322,0.0315,0.0342,0.0031,-0.0007,0.0318,-0.0076
ADEA,0.1912,0.1956,0.1945,0.1962,0.1994,0.1975,0.2473,0.1958,0.1962,0.2475,0.2491,0.2508,0.2153,0.2087,0.2499,Technology,Computer Software: Prepackaged Software,2962490098.0000,0.0016,0.0049,0.0030,0.0527,0.0013,0.0017,0.0530,0.0546,0.0563,0.0208,0.0142,0.0554,0.0033
ADI,0.4535,0.4560,0.4673,0.4687,0.4732,0.4728,0.5648,0.4695,0.4697,0.5656,0.5659,0.5660,0.4880,0.4731,0.5667,Technology,Semiconductors,193407650973.0000,0.0014,0.0059,0.0055,0.0975,0.0022,0.0024,0.0982,0.0985,0.0987,0.0207,0.0058,0.0993,0.0138
ADM,0.3355,0.3417,0.3431,0.3457,0.3504,0.3469,0.3602,0.3486,0.3485,0.3609,0.3608,0.3712,0.3526,0.3543,0.3625,Consumer Staples,Packaged Foods,37361269973.0000,0.0027,0.0073,0.0038,0.0171,0.0055,0.0054,0.0178,0.0177,0.0281,0.0095,0.0112,0.0194,0.0076
ADMA,0.0543,0.0616,0.0737,0.0757,0.0778,0.0748,0.1208,0.0795,0.0745,0.1214,0.1252,0.1225,0.0788,0.0825,0.1233,Health Care,Biotechnology: Biological Products (No Diagnostic Substances),1909807172.0000,0.0019,0.0041,0.0011,0.0471,0.0057,0.0007,0.0477,0.0515,0.0487,0.0050,0.0087,0.0495,0.0195
ADNT,0.2716,0.2788,0.2864,0.2883,0.2982,0.3008,0.3864,0.2986,0.2871,0.3896,0.3896,0.3946,0.3138,0.2918,0.3966,Consumer Discretionary,Auto Parts:O.E.M.,1692160891.0000,0.0018,0.0118,0.0144,0.1000,0.0121,0.0007,0.1032,0.1031,0.1081,0.0274,0.0054,0.1101,0.0148
ADP,0.5133,0.5123,0.5033,0.5053,0.5075,0.5052,0.4945,0.5049,0.5053,0.4953,0.4949,0.4959,0.5060,0.5056,0.4953,Industrials,Diversified Commercial Services,90719801653.0000,0.0021,0.0042,0.0019,-0.0088,0.0016,0.0020,-0.0080,-0.0084,-0.0074,0.0027,0.0023,-0.0080,-0.0101
ADPT,0.2382,0.2471,0.2563,0.2579,0.2606,0.2619,0.2564,0.2618,0.2583,0.2584,0.2580,0.2586,0.2971,0.2733,0.2594,Health Care,Biotechnology: Biological Products (No Diagnostic Substances),2221416161.0000,0.0016,0.0043,0.0057,0.0001,0.0056,0.0020,0.0021,0.0018,0.0023,0.0408,0.0170,0.0031,0.0181
ADT,0.2224,0.2219,0.2282,0.2314,0.2385,0.2377,0.2492,0.2349,0.2349,0.2507,0.2498,0.2524,0.2430,0.2368,0.2554,Consumer Discretionary,Diversified Commercial Services,5504169362.0000,0.0032,0.0103,0.0095,0.0210,0.0067,0.0067,0.0225,0.0216,0.0242,0.0148,0.0086,0.0272,0.0058
ADSK,0.4071,0.4150,0.4238,0.4257,0.4271,0.4274,0.4998,0.4256,0.4265,0.5001,0.5004,0.5011,0.4365,0.4298,0.5006,Technology,Computer Software: Prepackaged Software,50883894038.0000,0.0019,0.0033,0.0036,0.0760,0.0018,0.0027,0.0762,0.0766,0.0773,0.0127,0.0060,0.0768,0.0167
ADTN,0.2149,0.2179,0.1627,0.1680,0.1608,0.1644,0.2237,0.1642,0.1653,0.2251,0.2252,0.2245,0.1670,0.1649,0.2250,Utilities,Telecommunications Equipment,1269240227.0000,0.0053,-0.0019,0.0017,0.0610,0.0014,0.0025,0.0624,0.0624,0.0618,0.0043,0.0021,0.0623,-0.0522
ADV,0.0818,0.0932,0.1127,0.1141,0.1172,0.1175,0.1128,0.1145,0.1136,0.1134,0.1125,0.1183,0.1241,0.1153,0.1148,Consumer Discretionary,Business Services,562523297.0000,0.0014,0.0045,0.0048,0.0001,0.0018,0.0009,0.0007,-0.0003,0.0055,0.0113,0.0026,0.0021,0.0309
ADUS,0.0953,0.1031,0.1286,0.1317,0.1298,0.1293,0.1883,0.1327,0.1310,0.1889,0.1890,0.1920,0.1315,0.1400,0.1884,Health Care,Medical/Nursing Services,1729291496.0000,0.0031,0.0012,0.0007,0.0597,0.0041,0.0023,0.0603,0.0604,0.0634,0.0029,0.0114,0.0598,0.0333
AEE,0.2792,0.2840,0.2209,0.2316,0.2223,0.2316,0.2751,0.2405,0.2226,0.2758,0.2768,0.2778,0.2335,0.2210,0.2753,Utilities,Power Generation,30799687345.0000,0.0107,0.0014,0.0107,0.0542,0.0195,0.0017,0.0549,0.0559,0.0569,0.0126,0.0000,0.0543,-0.0583
AEF,0.2752,0.2836,0.3331,0.3404,0.3585,0.3403,0.3944,0.3346,0.3344,0.4054,0.3968,0.4008,0.4056,0.3651,0.4344,Finance,Finance/Investors Services,1004913000.0000,0.0073,0.0254,0.0071,0.0613,0.0015,0.0013,0.0723,0.0637,0.0677,0.0725,0.0319,0.1013,0.0579
AEHR,0.0624,0.0670,0.0922,0.0916,0.0939,0.0935,0.1367,0.0922,0.0985,0.1373,0.1367,0.1402,0.1077,0.0987,0.1381,Industrials,Electrical Products,3050527591.0000,-0.0006,0.0017,0.0013,0.0445,0.0000,0.0063,0.0451,0.0445,0.0479,0.0155,0.0065,0.0458,0.0299
AEIS,0.3416,0.3451,0.3749,0.3761,0.3816,0.3797,0.4639,0.3775,0.3768,0.4649,0.4653,0.4658,0.4059,0.3838,0.4672,Technology,Industrial Machinery/Components,12354639233.0000,0.0013,0.0068,0.0048,0.0890,0.0026,0.0020,0.0901,0.0904,0.0909,0.0310,0.0089,0.0923,0.0333
AEO,0.1993,0.2022,0.1862,0.1978,0.1864,0.1913,0.2477,0.1956,0.1898,0.2482,0.2511,0.2493,0.1853,0.1896,0.2508,Consumer Discretionary,Clothing/Shoe/Accessory Stores,2769182729.0000,0.0116,0.0002,0.0051,0.0615,0.0094,0.0037,0.0620,0.0650,0.0631,-0.0008,0.0034,0.0646,-0.0131
AEP,0.2631,0.2669,0.2094,0.2197,0.2118,0.2192,0.2524,0.2327,0.2105,0.2534,0.2550,0.2549,0.2262,0.2103,0.2541,Utilities,Electric Utilities: Central,71598781161.0000,0.0102,0.0024,0.0098,0.0430,0.0233,0.0011,0.0440,0.0456,0.0455,0.0168,0.0009,0.0447,-0.0536
AEVA,0.1584,0.1592,0.1621,0.1649,0.1650,0.1697,0.1622,0.1626,0.1637,0.1626,0.1631,0.1648,0.2407,0.2187,0.1664,Consumer Discretionary,Auto Parts:O.E.M.,1596193588.0000,0.0028,0.0029,0.0076,0.0001,0.0005,0.0016,0.0005,0.0010,0.0027,0.0786,0.0566,0.0043,0.0037
AES,0.3415,0.3500,0.2940,0.2964,0.2924,0.2971,0.3917,0.3008,0.2966,0.3919,0.3927,0.3940,0.2967,0.3010,0.3950,Utilities,Electric Utilities: Central,10469155227.0000,0.0024,-0.0015,0.0031,0.0977,0.0068,0.0027,0.0979,0.0987,0.1000,0.0028,0.0070,0.1010,-0.0475
AFG,0.4502,0.4585,0.3816,0.3860,0.3860,0.3872,0.3326,0.3899,0.3831,0.3329,0.3372,0.3347,0.3870,0.3852,0.3359,Finance,Property-Casualty Insurers,11357036685.0000,0.0044,0.0044,0.0055,-0.0491,0.0083,0.0015,-0.0487,-0.0445,-0.0470,0.0053,0.0036,-0.0457,-0.0685
AFGB,0.1140,0.1272,0.1329,0.1395,0.1389,0.1350,0.1335,0.1527,0.1343,0.1339,0.1372,0.1349,0.1350,0.1358,0.1357,Finance,Property-Casualty Insurers,1749792908.0000,0.0066,0.0060,0.0021,0.0007,0.0199,0.0014,0.0011,0.0043,0.0021,0.0022,0.0030,0.0028,0.0188
AFGC,0.1376,0.1547,0.1598,0.1626,0.1643,0.1670,0.1601,0.1804,0.1619,0.1615,0.1622,0.1606,0.1624,0.1674,0.1647,Finance,Property-Casualty Insurers,1530445649.0000,0.0028,0.0044,0.0071,0.0003,0.0206,0.0020,0.0016,0.0023,0.0008,0.0025,0.0075,0.0048,0.0223
AFGD,0.1442,0.1505,0.1534,0.1586,0.1584,0.1547,0.1539,0.1854,0.1564,0.1545,0.1549,0.1542,0.1612,0.1576,0.1568,Finance,Property-Casualty Insurers,1643027291.0000,0.0052,0.0050,0.0013,0.0005,0.0320,0.0031,0.0011,0.0015,0.0008,0.0079,0.0042,0.0034,0.0092
AFGE,0.1764,0.1973,0.2001,0.2020,0.2019,0.2039,0.2013,0.2220,0.2026,0.2003,0.2042,0.2010,0.2020,0.2014,0.2029,Finance,Property-Casualty Insurers,1368436096.0000,0.0018,0.0017,0.0037,0.0011,0.0218,0.0025,0.0002,0.0040,0.0009,0.0018,0.0013,0.0028,0.0238
AFL,0.4560,0.4571,0.4167,0.4198,0.4189,0.4233,0.4259,0.4256,0.4204,0.4276,0.4273,0.4277,0.4217,0.4197,0.4300,Finance,Accident &Health Insurance,59988960785.0000,0.0031,0.0022,0.0066,0.0092,0.0089,0.0036,0.0109,0.0106,0.0110,0.0049,0.0029,0.0133,-0.0393
AGCO,0.3489,0.3560,0.3190,0.3232,0.3359,0.3227,0.3527,0.3265,0.3225,0.3548,0.3533,0.3613,0.3395,0.3277,0.3593,Industrials,Industrial Machinery/Components,8170578187.0000,0.0043,0.0169,0.0037,0.0337,0.0075,0.0035,0.0358,0.0343,0.0423,0.0205,0.0087,0.0404,-0.0300
AGIO,0.1582,0.1616,0.1828,0.1850,0.1852,0.1862,0.1941,0.1840,0.1876,0.1958,0.1958,0.1970,0.1916,0.1939,0.1951,Health Care,Biotechnology: Pharmaceutical Preparations,1673531077.0000,0.0022,0.0024,0.0034,0.0113,0.0012,0.0048,0.0130,0.0130,0.0142,0.0088,0.0111,0.0123,0.0246
AGNCM,0.1561,0.1762,0.1859,0.1869,0.1914,0.1894,0.1782,0.2253,0.1924,0.1770,0.1796,0.1815,0.1906,0.1822,0.1821,Real Estate,Real Estate Investment Trusts,28560480287.0000,0.0010,0.0054,0.0035,-0.0077,0.0394,0.0065,-0.0089,-0.0063,-0.0044,0.0047,-0.0037,-0.0038,0.0298
AGM,0.2340,0.2446,0.2430,0.2459,0.2427,0.2532,0.3254,0.2537,0.2446,0.3272,0.3299,0.3264,0.2445,0.2428,0.3287,Finance,Finance Companies,1926890535.0000,0.0029,-0.0003,0.0101,0.0824,0.0107,0.0016,0.0842,0.0869,0.0834,0.0014,-0.0002,0.0857,0.0090
AGNC,0.1859,0.1967,0.2283,0.2347,0.2284,0.2324,0.3319,0.2474,0.2326,0.3339,0.3328,0.3383,0.2331,0.2335,0.3362,Real Estate,Real Estate Investment Trusts,11720357867.0000,0.0065,0.0002,0.0041,0.1036,0.0191,0.0043,0.1056,0.1045,0.1100,0.0048,0.0052,0.1080,0.0424
AGNCN,0.0934,0.1108,0.1147,0.1187,0.1149,0.1124,0.1520,0.1448,0.1194,0.1504,0.1515,0.1516,0.1153,0.1215,0.1543,Real Estate,Real Estate Investment Trusts,29593616632.0000,0.0041,0.0002,-0.0023,0.0373,0.0301,0.0047,0.0358,0.0368,0.0369,0.0006,0.0068,0.0396,0.0212
AGNCO,0.1444,0.1589,0.1744,0.1760,0.1672,0.1677,0.1748,0.2029,0.1787,0.1753,0.1755,0.1756,0.1753,0.1725,0.1786,Real Estate,Real Estate Investment Trusts,29352551485.0000,0.0016,-0.0072,-0.0067,0.0004,0.0285,0.0044,0.0009,0.0011,0.0012,0.0009,-0.0019,0.0042,0.0300
AGNCP,0.1381,0.1566,0.1648,0.1670,0.1669,0.1699,0.1650,0.1777,0.1668,0.1660,0.1677,0.1672,0.1663,0.1728,0.1694,Real Estate,Real Estate Investment Trusts,28663793922.0000,0.0022,0.0021,0.0052,0.0002,0.0129,0.0021,0.0012,0.0029,0.0024,0.0015,0.0080,0.0046,0.0266
AGNT,0.2190,0.2253,0.2248,0.2255,0.2277,0.2258,0.2573,0.2295,0.2291,0.2583,0.2608,0.2577,0.2580,0.2364,0.2611,Finance,Real Estate,829835816.0000,0.0007,0.0030,0.0011,0.0325,0.0047,0.0043,0.0335,0.0361,0.0330,0.0332,0.0117,0.0363,0.0058
AGX,0.1545,0.1569,0.1673,0.1686,0.1760,0.1703,0.2083,0.1697,0.1700,0.2097,0.2092,0.2109,0.1763,0.1761,0.2092,Consumer Discretionary,Engineering & Construction,9162951203.0000,0.0014,0.0087,0.0030,0.0411,0.0024,0.0027,0.0424,0.0419,0.0436,0.0090,0.0088,0.0420,0.0128
AGYS,0.1845,0.1901,0.1657,0.1672,0.1680,0.1709,0.2170,0.1677,0.1683,0.2173,0.2185,0.2226,0.1803,0.1709,0.2215,Technology,EDP Services,2244162440.0000,0.0015,0.0024,0.0052,0.0513,0.0020,0.0026,0.0516,0.0528,0.0569,0.0146,0.0052,0.0558,-0.0188
AHCO,0.0913,0.0933,0.0942,0.0894,0.0913,0.0942,0.1108,0.1068,0.1019,0.1092,0.1090,0.1092,0.0986,0.1126,0.1148,Health Care,Medical/Nursing Services,1421765888.0000,-0.0047,-0.0029,0.0000,0.0167,0.0126,0.0078,0.0151,0.0148,0.0151,0.0044,0.0185,0.0206,0.0029
AHRT,0.2092,0.2160,0.2457,0.2504,0.2480,0.2517,0.3532,0.2544,0.2487,0.3545,0.3553,0.3585,0.2478,0.2478,0.3552,Finance,Real Estate,525611340.0000,0.0047,0.0023,0.0060,0.1075,0.0087,0.0030,0.1088,0.1096,0.1128,0.0021,0.0021,0.1095,0.0365
AIG,0.3782,0.3837,0.4041,0.4099,0.4060,0.4166,0.4314,0.4204,0.4064,0.4334,0.4361,0.4368,0.4109,0.4065,0.4368,Finance,Life Insurance,40852389328.0000,0.0058,0.0019,0.0125,0.0273,0.0163,0.0022,0.0293,0.0320,0.0327,0.0068,0.0024,0.0327,0.0259
AIN,0.3589,0.3644,0.3297,0.3312,0.3272,0.3352,0.3664,0.3376,0.3312,0.3664,0.3671,0.3708,0.3336,0.3303,0.3706,Consumer Discretionary,Textiles,1764492000.0000,0.0016,-0.0024,0.0056,0.0368,0.0080,0.0015,0.0367,0.0374,0.0411,0.0039,0.0007,0.0409,-0.0292
AIOT,0.0541,0.0561,0.0794,0.0800,0.0800,0.0783,0.1174,0.0810,0.0816,0.1183,0.1178,0.1184,0.0851,0.0847,0.1186,Telecommunications,Telecommunications Equipment,457442215.0000,0.0006,0.0006,-0.0011,0.0380,0.0016,0.0022,0.0390,0.0385,0.0391,0.0058,0.0053,0.0392,0.0253
AIR,0.3017,0.3062,0.2863,0.2913,0.2876,0.2911,0.3706,0.2945,0.2879,0.3709,0.3721,0.3763,0.2962,0.2944,0.3785,Industrials,Aerospace,4310844294.0000,0.0050,0.0014,0.0049,0.0843,0.0082,0.0017,0.0847,0.0859,0.0900,0.0099,0.0081,0.0922,-0.0154
AIT,0.3786,0.3795,0.3434,0.3466,0.3500,0.3529,0.3641,0.3539,0.3447,0.3643,0.3647,0.3672,0.3517,0.3492,0.3664,Consumer Discretionary,Industrial Specialties,11350275041.0000,0.0032,0.0066,0.0095,0.0207,0.0105,0.0013,0.0209,0.0213,0.0238,0.0083,0.0058,0.0230,-0.0352
AIV,0.3241,0.3263,0.2824,0.2866,0.2763,0.2911,0.3302,0.2965,0.2859,0.3319,0.3325,0.3310,0.2796,0.2765,0.3337,Real Estate,Real Estate Investment Trusts,609950216.0000,0.0041,-0.0062,0.0087,0.0477,0.0141,0.0034,0.0494,0.0501,0.0486,-0.0028,-0.0059,0.0512,-0.0417
AIZ,0.3406,0.3422,0.2994,0.3062,0.3021,0.3044,0.2934,0.3096,0.3023,0.2937,0.2952,0.2973,0.3025,0.3023,0.2948,Finance,Property-Casualty Insurers,12625728860.0000,0.0068,0.0027,0.0050,-0.0060,0.0102,0.0029,-0.0057,-0.0042,-0.0021,0.0031,0.0028,-0.0046,-0.0412
AJG,0.3968,0.3988,0.4301,0.4325,0.4390,0.4317,0.4584,0.4331,0.4318,0.4587,0.4599,0.4593,0.4383,0.4356,0.4602,Finance,Specialty Insurers,52600275000.0000,0.0025,0.0089,0.0016,0.0284,0.0030,0.0018,0.0286,0.0298,0.0292,0.0083,0.0055,0.0301,0.0332
AKBA,0.0932,0.1010,0.1015,0.1037,0.1022,0.1080,0.1107,0.1044,0.1027,0.1112,0.1066,0.1131,0.1081,0.1077,0.1101,Health Care,Biotechnology: Pharmaceutical Preparations,273623408.0000,0.0022,0.0007,0.0065,0.0092,0.0029,0.0012,0.0097,0.0051,0.0116,0.0066,0.0062,0.0086,0.0083
AKAM,0.2666,0.2696,0.2877,0.2934,0.2939,0.2883,0.2701,0.2908,0.2874,0.2677,0.2669,0.2689,0.2934,0.2949,0.2749,Consumer Discretionary,Business Services,21405099951.0000,0.0057,0.0063,0.0006,-0.0175,0.0032,-0.0003,-0.0200,-0.0207,-0.0187,0.0058,0.0072,-0.0128,0.0211
AKR,0.3546,0.3572,0.2927,0.2996,0.2891,0.3006,0.3350,0.3046,0.2963,0.3365,0.3386,0.3393,0.2931,0.2949,0.3460,Real Estate,Real Estate Investment Trusts,2932036416.0000,0.0069,-0.0036,0.0079,0.0423,0.0119,0.0036,0.0438,0.0459,0.0466,0.0004,0.0022,0.0533,-0.0620
ALB,0.3732,0.3771,0.3109,0.3135,0.3222,0.3205,0.3304,0.3203,0.3137,0.3327,0.3310,0.3350,0.5133,0.3261,0.3385,Industrials,Major Chemicals,20235227419.0000,0.0026,0.0113,0.0096,0.0195,0.0094,0.0028,0.0218,0.0201,0.0241,0.2024,0.0152,0.0276,-0.0623
ALCO,0.1781,0.1856,0.1374,0.1385,0.1365,0.1397,0.1659,0.1388,0.1409,0.1665,0.1668,0.1679,0.1334,0.1363,0.1681,,,306368468.0000,0.0011,-0.0009,0.0023,0.0286,0.0014,0.0035,0.0291,0.0294,0.0305,-0.0040,-0.0011,0.0307,-0.0407
ALGM,0.4226,0.4214,0.4243,0.4246,0.4269,0.4325,0.4243,0.4260,0.4313,0.4249,0.4246,0.4262,0.4483,0.4344,0.4258,Technology,Semiconductors,8514115477.0000,0.0003,0.0026,0.0082,0.0000,0.0018,0.0071,0.0006,0.0004,0.0020,0.0240,0.0101,0.0015,0.0017
ALG,0.2721,0.2747,0.2467,0.2465,0.2565,0.2539,0.3591,0.2547,0.2505,0.3594,0.3606,0.3616,0.2621,0.2548,0.3622,Industrials,Industrial Machinery/Components,1825494817.0000,-0.0003,0.0097,0.0071,0.1123,0.0079,0.0037,0.1127,0.1138,0.1148,0.0154,0.0080,0.1155,-0.0254
ALGN,0.2536,0.2603,0.2960,0.2984,0.3035,0.2993,0.3627,0.2974,0.2984,0.3638,0.3667,0.3645,0.3132,0.3149,0.3654,Health Care,Industrial Specialties,11717441758.0000,0.0024,0.0075,0.0033,0.0667,0.0013,0.0024,0.0678,0.0707,0.0685,0.0171,0.0189,0.0694,0.0424
ALGT,0.1884,0.1967,0.2386,0.2444,0.2454,0.2458,0.3222,0.2423,0.2437,0.3239,0.3242,0.3266,0.2502,0.2469,0.3301,Consumer Discretionary,Air Freight/Delivery Services,1480698760.0000,0.0058,0.0069,0.0072,0.0836,0.0037,0.0051,0.0853,0.0856,0.0880,0.0117,0.0084,0.0915,0.0502
ALIT,0.2382,0.2441,0.2446,0.2444,0.2458,0.2507,0.2446,0.2456,0.2462,0.2447,0.2448,0.2451,0.2648,0.2529,0.2479,Consumer Discretionary,Business Services,439463940.0000,-0.0001,0.0012,0.0062,0.0001,0.0010,0.0016,0.0001,0.0003,0.0005,0.0202,0.0084,0.0033,0.0063
ALK,0.2851,0.2947,0.3189,0.3240,0.3194,0.3269,0.3609,0.3240,0.3231,0.3631,0.3645,0.3670,0.3237,0.3189,0.3739,Consumer Discretionary,Air Freight/Delivery Services,4606473951.0000,0.0052,0.0005,0.0080,0.0420,0.0052,0.0042,0.0442,0.0456,0.0481,0.0048,0.0000,0.0550,0.0338
ALL,0.3919,0.3914,0.3321,0.3369,0.3295,0.3347,0.3029,0.3391,0.3335,0.3041,0.3045,0.3053,0.3317,0.3270,0.3030,Finance,Property-Casualty Insurers,55757373438.0000,0.0048,-0.0026,0.0025,-0.0292,0.0070,0.0014,-0.0280,-0.0276,-0.0268,-0.0004,-0.0051,-0.0291,-0.0598
ALLE,0.4015,0.4036,0.4181,0.4202,0.4191,0.4218,0.4579,0.4223,0.4216,0.4587,0.4592,0.4592,0.4280,0.4202,0.4595,Consumer Discretionary,Diversified Commercial Services,11208614350.0000,0.0021,0.0010,0.0037,0.0398,0.0042,0.0035,0.0406,0.0412,0.0411,0.0099,0.0022,0.0414,0.0166
ALLO,0.1509,0.1547,0.1611,0.1639,0.1627,0.1650,0.1557,0.1615,0.1631,0.1558,0.1562,0.1585,0.1727,0.1717,0.1581,Health Care,Biotechnology: Biological Products (No Diagnostic Substances),690309122.0000,0.0029,0.0017,0.0039,-0.0054,0.0004,0.0021,-0.0053,-0.0048,-0.0026,0.0117,0.0106,-0.0030,0.0102
ALLY,0.3556,0.3630,0.3838,0.3882,0.3898,0.3975,0.4238,0.3951,0.3855,0.4263,0.4264,0.4285,0.3971,0.3890,0.4321,Finance,Major Banks,12981251676.0000,0.0045,0.0061,0.0138,0.0401,0.0113,0.0017,0.0425,0.0426,0.0447,0.0133,0.0053,0.0483,0.0282
ALNT,0.1187,0.1245,0.2075,0.2088,0.2172,0.2115,0.3022,0.2116,0.2096,0.3033,0.3043,0.3047,0.2303,0.2257,0.3064,Industrials,Electrical Products,1077068965.0000,0.0013,0.0096,0.0040,0.0947,0.0041,0.0021,0.0958,0.0968,0.0971,0.0228,0.0181,0.0988,0.0888
ALNY,0.1750,0.1794,0.1581,0.1586,0.1582,0.1592,0.1487,0.1607,0.1628,0.1490,0.1496,0.1518,0.1648,0.1583,0.1500,Health Care,Biotechnology: Pharmaceutical Preparations,39713314839.0000,0.0006,0.0001,0.0012,-0.0094,0.0026,0.0048,-0.0091,-0.0085,-0.0063,0.0067,0.0002,-0.0081,-0.0169
ALOY,0.0128,0.0315,0.0355,0.0370,0.0359,0.0375,0.0178,0.0362,0.0379,0.0180,0.0175,0.0199,0.0365,0.0396,0.0194,Technology,EDP Services,599280145.0000,0.0016,0.0004,0.0021,-0.0177,0.0007,0.0024,-0.0174,-0.0179,-0.0156,0.0010,0.0041,-0.0160,0.0227
ALRM,0.2118,0.2131,0.2391,0.2398,0.2411,0.2440,0.3031,0.2407,0.2450,0.3044,0.3078,0.3042,0.2570,0.2442,0.3049,Technology,Computer Software: Prepackaged Software,2166373535.0000,0.0007,0.0020,0.0050,0.0640,0.0016,0.0059,0.0653,0.0687,0.0652,0.0180,0.0051,0.0658,0.0273
ALRS,0.0569,0.0599,0.1085,0.1116,0.1152,0.1121,0.2017,0.1123,0.1105,0.2020,0.2031,0.2019,0.1144,0.1141,0.2040,Finance,Major Banks,704858520.0000,0.0031,0.0067,0.0036,0.0933,0.0039,0.0020,0.0935,0.0946,0.0934,0.0059,0.0056,0.0955,0.0516
ALSN,0.2610,0.2743,0.2954,0.3015,0.2983,0.3033,0.2561,0.3044,0.2971,0.2563,0.2584,0.2567,0.3092,0.3028,0.2582,Consumer Discretionary,Auto Parts:O.E.M.,9112176232.0000,0.0062,0.0030,0.0080,-0.0393,0.0090,0.0017,-0.0391,-0.0370,-0.0386,0.0139,0.0074,-0.0372,0.0344
ALT,0.0303,0.0326,0.0345,0.0376,0.0363,0.0339,0.0455,0.0366,0.0388,0.0462,0.0462,0.0466,0.0447,0.0465,0.0459,Health Care,Biotechnology: Pharmaceutical Preparations,563975047.0000,0.0031,0.0019,-0.0006,0.0110,0.0021,0.0043,0.0117,0.0117,0.0121,0.0102,0.0121,0.0115,0.0041
AM,0.2031,0.2055,0.2657,0.2689,0.2692,0.2694,0.2976,0.2748,0.2873,0.2985,0.3053,0.2999,0.2731,0.2998,0.2992,Utilities,Natural Gas Distribution,10530306600.0000,0.0031,0.0035,0.0037,0.0319,0.0091,0.0216,0.0328,0.0395,0.0342,0.0074,0.0341,0.0335,0.0626
ALTO,0.0776,0.0803,0.1317,0.1343,0.1358,0.1375,0.1655,0.1325,0.1347,0.1682,0.1664,0.1680,0.1490,0.1567,0.1716,Industrials,Major Chemicals,364180219.0000,0.0026,0.0041,0.0058,0.0338,0.0008,0.0030,0.0365,0.0347,0.0363,0.0173,0.0250,0.0399,0.0541
ALX,0.2455,0.2478,0.1855,0.1885,0.1860,0.1891,0.2446,0.1900,0.1888,0.2465,0.2478,0.2469,0.1873,0.1835,0.2474,Real Estate,Real Estate Investment Trusts,1257516944.0000,0.0030,0.0004,0.0036,0.0590,0.0044,0.0032,0.0610,0.0622,0.0613,0.0017,-0.0021,0.0619,-0.0599
AMAL,0.1858,0.1924,0.1980,0.2116,0.2021,0.2032,0.1920,0.2116,0.2007,0.1918,0.2011,0.1924,0.2005,0.2017,0.1945,Finance,Major Banks,1233222758.0000,0.0137,0.0041,0.0052,-0.0060,0.0136,0.0028,-0.0062,0.0032,-0.0056,0.0025,0.0037,-0.0035,0.0122
AMAT,0.4269,0.4298,0.4460,0.4480,0.4544,0.4502,0.5368,0.4482,0.4470,0.5381,0.5371,0.5388,0.4782,0.4548,0.5394,Technology,Semiconductors,342966440123.0000,0.0020,0.0084,0.0042,0.0908,0.0022,0.0010,0.0921,0.0911,0.0928,0.0322,0.0088,0.0934,0.0191
AMBA,0.2128,0.2261,0.2566,0.2583,0.2590,0.2612,0.3629,0.2579,0.2589,0.3639,0.3644,0.3651,0.2763,0.2685,0.3652,Technology,Semiconductors,3840072924.0000,0.0017,0.0023,0.0046,0.1063,0.0012,0.0023,0.1072,0.1078,0.1084,0.0196,0.0119,0.1085,0.0438
AMC,0.1172,0.1352,0.1355,0.1416,0.1409,0.1420,0.1320,0.1379,0.1392,0.1325,0.1367,0.1410,0.1404,0.1402,0.1350,Consumer Discretionary,Movies/Entertainment,924224832.0000,0.0062,0.0054,0.0066,-0.0035,0.0024,0.0037,-0.0029,0.0012,0.0055,0.0049,0.0048,-0.0004,0.0182
AMCX,0.1567,0.1684,0.1833,0.1923,0.1861,0.1849,0.1608,0.1846,0.1850,0.1608,0.1617,0.1609,0.1877,0.1905,0.1636,Telecommunications,Cable & Other Pay Television Services,405892059.0000,0.0089,0.0027,0.0016,-0.0225,0.0013,0.0017,-0.0225,-0.0217,-0.0225,0.0043,0.0072,-0.0198,0.0266
AMD,0.2710,0.2741,0.2951,0.3009,0.2980,0.2987,0.4175,0.2998,0.2971,0.4189,0.4182,0.4200,0.3232,0.3015,0.4189,Technology,Semiconductors,762322104739.0000,0.0058,0.0029,0.0037,0.1225,0.0047,0.0020,0.1238,0.1232,0.1249,0.0282,0.0064,0.1239,0.0241
AME,0.5247,0.5269,0.5472,0.5487,0.5548,0.5539,0.5763,0.5522,0.5481,0.5768,0.5773,0.5777,0.5640,0.5554,0.5770,Industrials,Industrial Machinery/Components,51460658009.0000,0.0015,0.0076,0.0068,0.0292,0.0050,0.0010,0.0296,0.0301,0.0306,0.0168,0.0083,0.0299,0.0224
AMG,0.5116,0.5117,0.4749,0.4772,0.4760,0.4874,0.4764,0.4830,0.4769,0.4778,0.4767,0.4775,0.4869,0.4795,0.4800,Finance,Investment Managers,7975393187.0000,0.0023,0.0011,0.0125,0.0015,0.0081,0.0020,0.0029,0.0018,0.0027,0.0120,0.0046,0.0051,-0.0367
AMGN,0.2931,0.2975,0.3122,0.3143,0.3205,0.3125,0.2336,0.3131,0.3141,0.2340,0.2340,0.2355,0.3284,0.3193,0.2348,Health Care,Biotechnology: Biological Products (No Diagnostic Substances),183123017368.0000,0.0021,0.0084,0.0004,-0.0786,0.0009,0.0019,-0.0782,-0.0782,-0.0767,0.0162,0.0071,-0.0774,0.0191
AMH,0.2396,0.2508,0.2801,0.2849,0.2849,0.2845,0.3775,0.2870,0.2821,0.3803,0.3821,0.3798,0.2827,0.2819,0.3793,Real Estate,Real Estate Investment Trusts,11636419754.0000,0.0048,0.0048,0.0044,0.0974,0.0070,0.0020,0.1002,0.1021,0.0997,0.0026,0.0018,0.0992,0.0405
AMKR,0.3036,0.3063,0.2975,0.2978,0.3025,0.3028,0.3928,0.3008,0.2984,0.3937,0.3936,0.3943,0.3200,0.3116,0.3971,Technology,Semiconductors,16297618059.0000,0.0003,0.0050,0.0054,0.0953,0.0033,0.0009,0.0963,0.0962,0.0968,0.0225,0.0141,0.0996,-0.0061
AMN,0.1903,0.1900,0.1247,0.1260,0.1232,0.1299,0.1334,0.1323,0.1265,0.1339,0.1371,0.1346,0.1269,0.1334,0.1342,Consumer Discretionary,Professional Services,1072822198.0000,0.0013,-0.0015,0.0052,0.0087,0.0076,0.0018,0.0092,0.0124,0.0099,0.0022,0.0088,0.0095,-0.0656
AMP,0.5780,0.5816,0.5839,0.5899,0.5855,0.5970,0.6185,0.5986,0.5848,0.6197,0.6222,0.6200,0.5889,0.5843,0.6213,Finance,Investment Managers,40661350064.0000,0.0061,0.0016,0.0132,0.0346,0.0147,0.0009,0.0358,0.0383,0.0361,0.0051,0.0005,0.0374,0.0059
AMPH,0.1183,0.1268,0.1343,0.1395,0.1348,0.1347,0.1375,0.1342,0.1368,0.1378,0.1364,0.1393,0.1365,0.1360,0.1375,Health Care,Biotechnology: Pharmaceutical Preparations,811750639.0000,0.0051,0.0005,0.0003,0.0032,-0.0001,0.0025,0.0035,0.0021,0.0050,0.0022,0.0017,0.0032,0.0160
AMRC,0.1907,0.1935,0.2174,0.2234,0.2207,0.2207,0.2799,0.2227,0.2200,0.2829,0.2816,0.2810,0.2474,0.2348,0.2829,Consumer Discretionary,Engineering & Construction,1682266518.0000,0.0060,0.0033,0.0034,0.0625,0.0053,0.0026,0.0655,0.0642,0.0636,0.0300,0.0174,0.0656,0.0266
AMRX,0.1285,0.1316,0.1337,0.1375,0.1337,0.1383,0.1398,0.1341,0.1353,0.1404,0.1428,0.1418,0.1458,0.1434,0.1424,Health Care,Biotechnology: Pharmaceutical Preparations,3962263077.0000,0.0038,-0.0000,0.0046,0.0061,0.0004,0.0016,0.0067,0.0091,0.0081,0.0121,0.0097,0.0088,0.0052
AMSC,0.1592,0.1636,0.1359,0.1406,0.1385,0.1370,0.2046,0.1372,0.1377,0.2064,0.2068,0.2069,0.1610,0.1530,0.2069,Consumer Discretionary,Metal Fabrications,2468220854.0000,0.0047,0.0025,0.0011,0.0687,0.0013,0.0017,0.0705,0.0709,0.0709,0.0251,0.0171,0.0709,-0.0233
AMSF,0.2114,0.2151,0.1926,0.1974,0.1935,0.1948,0.1930,0.2009,0.1973,0.1939,0.1952,0.1976,0.1958,0.1948,0.1948,Finance,Property-Casualty Insurers,580752090.0000,0.0048,0.0010,0.0022,0.0005,0.0083,0.0047,0.0013,0.0026,0.0050,0.0032,0.0022,0.0022,-0.0188
AMT,0.3181,0.3237,0.3010,0.3087,0.3005,0.3063,0.3640,0.3157,0.3041,0.3647,0.3680,0.3662,0.3039,0.3041,0.3641,Real Estate,Real Estate Investment Trusts,85654440736.0000,0.0076,-0.0005,0.0053,0.0629,0.0147,0.0031,0.0636,0.0669,0.0651,0.0029,0.0031,0.0630,-0.0171
AMTB,0.2173,0.2232,0.2328,0.2400,0.2350,0.2386,0.2443,0.2424,0.2372,0.2451,0.2467,0.2457,0.2349,0.2379,0.2483,Finance,Major Banks,883909684.0000,0.0072,0.0022,0.0058,0.0116,0.0097,0.0044,0.0123,0.0139,0.0129,0.0021,0.0051,0.0155,0.0155
AMWD,0.2503,0.2515,0.2467,0.2489,0.2494,0.2501,0.3395,0.2482,0.2486,0.3395,0.3395,0.3412,0.2617,0.2537,0.3426,Basic Materials,Forest Products,566757246.0000,0.0022,0.0027,0.0034,0.0928,0.0016,0.0020,0.0928,0.0929,0.0946,0.0151,0.0070,0.0959,-0.0036
AMZN,0.3294,0.3341,0.3887,0.3917,0.3933,0.3919,0.4401,0.3934,0.3907,0.4407,0.4427,0.4404,0.3952,0.3933,0.4409,Consumer Discretionary,Catalog/Specialty Distribution,2864833384996.0000,0.0030,0.0046,0.0032,0.0514,0.0047,0.0021,0.0520,0.0541,0.0517,0.0065,0.0046,0.0522,0.0593
AN,0.2756,0.2812,0.2513,0.2539,0.2520,0.2559,0.2500,0.2581,0.2541,0.2506,0.2529,0.2531,0.2551,0.2516,0.2535,Consumer Discretionary,Retail-Auto Dealers and Gas Stations,6357014820.0000,0.0026,0.0006,0.0045,-0.0013,0.0067,0.0028,-0.0008,0.0016,0.0018,0.0038,0.0003,0.0022,-0.0243
ANAB,0.0924,0.0968,0.1005,0.0997,0.1020,0.1018,0.1011,0.1015,0.1054,0.1007,0.1006,0.1010,0.1108,0.1030,0.1061,Health Care,Biotechnology: Pharmaceutical Preparations,1737614858.0000,-0.0008,0.0015,0.0013,0.0007,0.0010,0.0049,0.0003,0.0001,0.0005,0.0104,0.0026,0.0056,0.0080
ANDE,0.1937,0.1956,0.1774,0.1783,0.1817,0.1810,0.1788,0.1842,0.1800,0.1799,0.1783,0.1781,0.1852,0.1863,0.1788,Industrials,Farming/Seeds/Milling,2412729868.0000,0.0008,0.0043,0.0035,0.0013,0.0067,0.0026,0.0025,0.0008,0.0007,0.0077,0.0089,0.0013,-0.0162
ANET,0.2685,0.2697,0.2895,0.2917,0.2931,0.2926,0.3801,0.2921,0.2919,0.3807,0.3806,0.3823,0.2968,0.2915,0.3804,Telecommunications,Computer Communications Equipment,193954975400.0000,0.0023,0.0037,0.0032,0.0906,0.0027,0.0024,0.0913,0.0911,0.0928,0.0074,0.0020,0.0909,0.0209
ANF,0.1910,0.1923,0.1575,0.1656,0.1519,0.1630,0.2236,0.1652,0.1619,0.2241,0.2285,0.2256,0.1504,0.1527,0.2267,Consumer Discretionary,Clothing/Shoe/Accessory Stores,3456498442.0000,0.0080,-0.0056,0.0055,0.0661,0.0076,0.0044,0.0666,0.0710,0.0680,-0.0071,-0.0048,0.0692,-0.0335
ANGO,0.1793,0.1821,0.1485,0.1507,0.1528,0.1505,0.1780,0.1501,0.1509,0.1780,0.1790,0.1795,0.1574,0.1630,0.1787,Health Care,Medical/Dental Instruments,492521467.0000,0.0023,0.0043,0.0020,0.0295,0.0016,0.0025,0.0296,0.0305,0.0310,0.0090,0.0146,0.0302,-0.0308
ANNX,0.0489,0.0640,0.0642,0.0653,0.0675,0.0641,0.0643,0.0649,0.0685,0.0643,0.0648,0.0646,0.0680,0.0785,0.0661,Health Care,Biotechnology: Pharmaceutical Preparations,870003877.0000,0.0011,0.0033,-0.0001,0.0000,0.0007,0.0043,0.0001,0.0006,0.0004,0.0038,0.0143,0.0019,0.0153
ANIP,0.1129,0.1165,0.1503,0.1536,0.1575,0.1538,0.1747,0.1544,0.1528,0.1784,0.1755,0.1770,0.1589,0.1679,0.1751,Health Care,Biotechnology: Pharmaceutical Preparations,1857739657.0000,0.0032,0.0071,0.0035,0.0244,0.0041,0.0025,0.0280,0.0252,0.0267,0.0086,0.0175,0.0247,0.0374
AON,0.3803,0.3788,0.3750,0.3765,0.3749,0.3763,0.3663,0.3771,0.3768,0.3665,0.3671,0.3723,0.3759,0.3723,0.3667,Finance,Specialty Insurers,69365521496.0000,0.0015,-0.0001,0.0012,-0.0088,0.0020,0.0017,-0.0086,-0.0079,-0.0027,0.0008,-0.0028,-0.0083,-0.0053
AORT,0.2142,0.2185,0.1955,0.1987,0.2006,0.2000,0.2106,0.2004,0.1978,0.2119,0.2156,0.2143,0.2018,0.2042,0.2123,Health Care,Medical/Dental Instruments,1090283641.0000,0.0032,0.0051,0.0045,0.0152,0.0049,0.0023,0.0164,0.0201,0.0188,0.0063,0.0088,0.0169,-0.0187
AOS,0.3931,0.3980,0.3656,0.3675,0.3687,0.3687,0.3446,0.3682,0.3684,0.3462,0.3452,0.3452,0.3852,0.3711,0.3452,Consumer Discretionary,Consumer Electronics/Appliances,7894823583.0000,0.0018,0.0030,0.0030,-0.0211,0.0026,0.0027,-0.0194,-0.0205,-0.0204,0.0196,0.0055,-0.0204,-0.0275
APA,0.3400,0.3401,0.4277,0.4319,0.4337,0.4324,0.4538,0.4303,0.4362,0.4543,0.4554,0.4581,0.4400,0.4525,0.4574,Energy,Oil & Gas Production,13714644808.0000,0.0042,0.0060,0.0046,0.0261,0.0026,0.0084,0.0266,0.0277,0.0304,0.0123,0.0248,0.0297,0.0878
APAM,0.3697,0.3728,0.4136,0.4178,0.4174,0.4225,0.5031,0.4198,0.4177,0.5043,0.5044,0.5081,0.4227,0.4179,0.5068,Finance,Investment Managers,3062362248.0000,0.0042,0.0038,0.0090,0.0895,0.0063,0.0041,0.0908,0.0908,0.0945,0.0091,0.0044,0.0933,0.0438
APG,0.3885,0.3939,0.4001,0.4014,0.4006,0.4059,0.4003,0.4023,0.4029,0.4003,0.4011,0.4028,0.4077,0.4094,0.4013,Consumer Discretionary,Engineering & Construction,18035281182.0000,0.0013,0.0005,0.0057,0.0001,0.0022,0.0027,0.0001,0.0009,0.0026,0.0076,0.0092,0.0012,0.0117
APD,0.4603,0.4663,0.4294,0.4322,0.4334,0.4320,0.3991,0.4316,0.4327,0.4017,0.3997,0.4007,0.4389,0.4344,0.4026,Basic Materials,Major Chemicals,64459378176.0000,0.0028,0.0040,0.0026,-0.0302,0.0022,0.0033,-0.0277,-0.0296,-0.0287,0.0096,0.0050,-0.0268,-0.0310
APEI,0.0963,0.1029,0.0986,0.1034,0.1010,0.1018,0.0872,0.1033,0.1020,0.0877,0.0898,0.0878,0.1045,0.1039,0.0909,Real Estate,Other Consumer Services,944689632.0000,0.0048,0.0024,0.0032,-0.0114,0.0047,0.0034,-0.0109,-0.0088,-0.0108,0.0059,0.0053,-0.0077,0.0022
APH,0.5301,0.5338,0.5690,0.5701,0.5759,0.5744,0.6607,0.5707,0.5702,0.6611,0.6609,0.6630,0.5876,0.5789,0.6623,Technology,Electrical Products,162464760807.0000,0.0012,0.0069,0.0054,0.0917,0.0017,0.0012,0.0921,0.0919,0.0940,0.0187,0.0099,0.0933,0.0389
APLE,0.2873,0.2934,0.3251,0.3272,0.3303,0.3334,0.3760,0.3336,0.3294,0.3781,0.3780,0.3868,0.3360,0.3334,0.3812,Real Estate,Real Estate Investment Trusts,3415897506.0000,0.0022,0.0052,0.0083,0.0509,0.0086,0.0044,0.0531,0.0529,0.0617,0.0109,0.0083,0.0561,0.0378
APO,0.3090,0.3219,0.3875,0.3896,0.3880,0.3972,0.4725,0.3892,0.3899,0.4730,0.4727,0.4741,0.4039,0.3934,0.4755,Finance,Investment Managers,74088265596.0000,0.0021,0.0005,0.0097,0.0851,0.0017,0.0024,0.0855,0.0852,0.0866,0.0164,0.0059,0.0880,0.0785
APPF,0.1978,0.2096,0.2315,0.2329,0.2333,0.2317,0.2621,0.2365,0.2351,0.2625,0.2634,0.2650,0.2324,0.2353,0.2623,Technology,Computer Software: Prepackaged Software,5831329262.0000,0.0014,0.0018,0.0002,0.0305,0.0050,0.0036,0.0310,0.0319,0.0335,0.0009,0.0038,0.0308,0.0337
APOG,0.3016,0.3077,0.2912,0.2934,0.2939,0.2981,0.3761,0.2990,0.2925,0.3766,0.3773,0.3772,0.2974,0.2960,0.3791,Consumer Discretionary,Auto Parts:O.E.M.,766074059.0000,0.0022,0.0027,0.0069,0.0850,0.0078,0.0013,0.0855,0.0862,0.0860,0.0062,0.0048,0.0879,-0.0105
APPN,0.1824,0.1842,0.1873,0.1904,0.1911,0.1904,0.2301,0.1912,0.1917,0.2324,0.2305,0.2323,0.2017,0.1991,0.2324,Technology,Computer Software: Prepackaged Software,1568817004.0000,0.0031,0.0038,0.0031,0.0428,0.0039,0.0044,0.0451,0.0432,0.0450,0.0144,0.0118,0.0451,0.0049
APPS,0.0966,0.1019,0.1833,0.1841,0.1909,0.1856,0.3083,0.1853,0.1848,0.3094,0.3112,0.3097,0.2070,0.1936,0.3121,Miscellaneous,Multi-Sector Companies,545544695.0000,0.0009,0.0076,0.0024,0.1250,0.0020,0.0016,0.1262,0.1279,0.1264,0.0238,0.0103,0.1289,0.0866
AQNB,0.1556,0.1654,0.1689,0.1708,0.1746,0.1710,0.1653,0.1949,0.1729,0.1651,0.1652,0.1680,0.1741,0.1934,0.1687,Utilities,Electric Utilities: Central,20053132776.0000,0.0018,0.0056,0.0021,-0.0036,0.0260,0.0040,-0.0039,-0.0038,-0.0009,0.0052,0.0245,-0.0002,0.0133
AQN,0.1635,0.1668,0.2142,0.2282,0.2180,0.2163,0.2992,0.2233,0.2172,0.3006,0.3017,0.3018,0.2195,0.2257,0.3033,Utilities,Electric Utilities: Central,4593662517.0000,0.0140,0.0037,0.0020,0.0849,0.0090,0.0030,0.0864,0.0875,0.0875,0.0053,0.0114,0.0890,0.0507
AQST,0.0818,0.0846,0.0887,0.0902,0.0945,0.0902,0.0930,0.0894,0.0901,0.0938,0.0944,0.0964,0.1143,0.1092,0.0995,Health Care,Biotechnology: Pharmaceutical Preparations,516854490.0000,0.0015,0.0057,0.0015,0.0042,0.0006,0.0013,0.0050,0.0056,0.0076,0.0255,0.0205,0.0108,0.0069
AR,0.1234,0.1272,0.2251,0.2310,0.2303,0.2306,0.2036,0.2289,0.3235,0.2037,0.2050,0.2101,0.2395,0.2544,0.2051,Energy,Oil & Gas Production,11386473000.0000,0.0060,0.0052,0.0056,-0.0215,0.0039,0.0984,-0.0213,-0.0201,-0.0150,0.0145,0.0294,-0.0199,0.1017
ARCB,0.2584,0.2609,0.2687,0.2689,0.2744,0.2731,0.3078,0.2732,0.2704,0.3084,0.3086,0.3104,0.2798,0.2803,0.3086,Industrials,Trucking Freight/Courier Services,2773399075.0000,0.0002,0.0057,0.0043,0.0391,0.0045,0.0017,0.0397,0.0399,0.0417,0.0111,0.0116,0.0399,0.0103
ARCC,0.3312,0.3408,0.2905,0.2940,0.2925,0.2995,0.3413,0.2929,0.2964,0.3413,0.3443,0.3417,0.2928,0.2948,0.3484,Finance,Finance: Consumer Services,13348044689.0000,0.0035,0.0020,0.0090,0.0508,0.0024,0.0059,0.0508,0.0538,0.0512,0.0023,0.0043,0.0579,-0.0407
ARDC,0.1766,0.1893,0.2205,0.2216,0.2267,0.2263,0.2827,0.2311,0.2216,0.2834,0.2844,0.2848,0.2280,0.2353,0.2932,Finance,Investment Managers,289415680.0000,0.0011,0.0062,0.0057,0.0622,0.0106,0.0010,0.0629,0.0638,0.0643,0.0075,0.0148,0.0726,0.0439
ARDX,0.0906,0.0940,0.0960,0.1021,0.0965,0.0987,0.1099,0.0964,0.0973,0.1116,0.1097,0.1107,0.0997,0.1037,0.1112,Health Care,Biotechnology: Pharmaceutical Preparations,1509349555.0000,0.0062,0.0005,0.0027,0.0139,0.0004,0.0013,0.0156,0.0137,0.0147,0.0037,0.0078,0.0153,0.0054
ARE,0.3786,0.3799,0.3412,0.3473,0.3360,0.3474,0.4218,0.3544,0.3442,0.4223,0.4251,0.4228,0.3380,0.3343,0.4227,Real Estate,Real Estate Investment Trusts,8429414748.0000,0.0060,-0.0052,0.0062,0.0806,0.0132,0.0030,0.0811,0.0839,0.0816,-0.0032,-0.0069,0.0815,-0.0373
ARES,0.2864,0.2911,0.3298,0.3311,0.3321,0.3390,0.4947,0.3307,0.3332,0.4950,0.4950,0.4965,0.3409,0.3337,0.4959,Finance,Investment Managers,41036343151.0000,0.0013,0.0023,0.0092,0.1649,0.0008,0.0034,0.1651,0.1652,0.1667,0.0111,0.0039,0.1661,0.0434
ARI,0.2283,0.2342,0.2477,0.2531,0.2491,0.2639,0.3146,0.2526,0.2510,0.3190,0.3171,0.3141,0.2554,0.2520,0.3216,Real Estate,Real Estate Investment Trusts,1453375740.0000,0.0054,0.0013,0.0162,0.0668,0.0049,0.0032,0.0712,0.0694,0.0664,0.0077,0.0043,0.0739,0.0194
ARKO,0.1002,0.1047,0.1086,0.1110,0.1110,0.1134,0.1087,0.1120,0.1153,0.1090,0.1111,0.1104,0.1179,0.1124,0.1151,Consumer Staples,Food Chains,855977051.0000,0.0024,0.0024,0.0047,0.0001,0.0033,0.0067,0.0004,0.0024,0.0018,0.0093,0.0037,0.0065,0.0084
ARLO,0.1833,0.1839,0.1860,0.1903,0.1864,0.1883,0.2056,0.1880,0.1858,0.2066,0.2080,0.2062,0.1921,0.1916,0.2075,Consumer Staples,Consumer Electronics/Appliances,1429305192.0000,0.0043,0.0003,0.0023,0.0195,0.0019,-0.0003,0.0205,0.0219,0.0201,0.0061,0.0055,0.0214,0.0027
ARLP,0.1556,0.1609,0.1534,0.1566,0.1620,0.1618,0.1709,0.1564,0.1687,0.1713,0.1721,0.1840,0.1623,0.1833,0.1772,Energy,Coal Mining,3201030969.0000,0.0032,0.0086,0.0084,0.0175,0.0029,0.0153,0.0179,0.0187,0.0306,0.0089,0.0299,0.0238,-0.0022
ARMK,0.2774,0.2803,0.3100,0.3162,0.3135,0.3138,0.3813,0.3174,0.3145,0.3818,0.3837,0.3834,0.3130,0.3126,0.3874,Consumer Discretionary,Restaurants,13478999691.0000,0.0063,0.0035,0.0039,0.0714,0.0075,0.0045,0.0718,0.0738,0.0735,0.0030,0.0027,0.0774,0.0326
ARMP,0.0117,0.0153,0.0161,0.0175,0.0169,0.0178,0.0185,0.0167,0.0186,0.0188,0.0186,0.0189,0.0190,0.0163,0.0194,Health Care,Biotechnology: Biological Products (No Diagnostic Substances),306902372.0000,0.0014,0.0008,0.0017,0.0023,0.0005,0.0025,0.0027,0.0025,0.0027,0.0029,0.0002,0.0033,0.0044
AROC,0.2754,0.2815,0.3179,0.3223,0.3247,0.3243,0.3350,0.3277,0.3221,0.3359,0.3358,0.3394,0.3294,0.3528,0.3458,Utilities,Natural Gas Distribution,6528494451.0000,0.0043,0.0068,0.0063,0.0171,0.0098,0.0042,0.0179,0.0179,0.0215,0.0115,0.0349,0.0279,0.0425
ARQT,0.0951,0.1055,0.1095,0.1101,0.1082,0.1117,0.1095,0.1140,0.1131,0.1102,0.1111,0.1144,0.1145,0.1249,0.1129,Health Care,Biotechnology: Pharmaceutical Preparations,2609239182.0000,0.0006,-0.0012,0.0022,0.0001,0.0045,0.0036,0.0008,0.0017,0.0049,0.0051,0.0154,0.0034,0.0143
AROW,0.2875,0.2933,0.2604,0.2637,0.2664,0.2687,0.2789,0.2735,0.2616,0.2793,0.2802,0.2797,0.2657,0.2684,0.2800,Finance,Major Banks,608598480.0000,0.0032,0.0060,0.0083,0.0185,0.0131,0.0012,0.0189,0.0198,0.0193,0.0052,0.0080,0.0195,-0.0271
ARR,0.1544,0.1649,0.2236,0.2276,0.2295,0.2295,0.2976,0.2358,0.2258,0.2998,0.2983,0.3020,0.2334,0.2362,0.3063,Real Estate,Real Estate Investment Trusts,2055444142.0000,0.0040,0.0060,0.0059,0.0740,0.0122,0.0023,0.0763,0.0748,0.0784,0.0099,0.0126,0.0827,0.0691
ARRY,0.1494,0.1654,0.1705,0.1760,0.1725,0.1721,0.1707,0.1723,0.1714,0.1712,0.1712,0.1768,0.2134,0.1929,0.1725,Consumer Discretionary,Miscellaneous manufacturing industries,1304447685.0000,0.0055,0.0020,0.0016,0.0002,0.0018,0.0009,0.0007,0.0007,0.0063,0.0429,0.0224,0.0020,0.0211
ARVN,0.1574,0.1575,0.1604,0.1614,0.1634,0.1660,0.1577,0.1620,0.1654,0.1586,0.1581,0.1585,0.1731,0.1793,0.1602,Health Care,Biotechnology: Pharmaceutical Preparations,586497690.0000,0.0010,0.0029,0.0055,-0.0027,0.0016,0.0050,-0.0019,-0.0023,-0.0020,0.0126,0.0189,-0.0002,0.0030
ARTNA,0.1253,0.1317,0.1237,0.1263,0.1290,0.1252,0.1506,0.1288,0.1268,0.1538,0.1521,0.1575,0.1323,0.1290,0.1514,Utilities,Water Supply,334924769.0000,0.0026,0.0054,0.0016,0.0269,0.0051,0.0031,0.0301,0.0285,0.0338,0.0087,0.0053,0.0278,-0.0017
ARW,0.4603,0.4607,0.4687,0.4698,0.4828,0.4759,0.5025,0.4761,0.4700,0.5029,0.5042,0.5053,0.4987,0.4869,0.5062,Technology,Electronic Components,11112940484.0000,0.0011,0.0141,0.0072,0.0337,0.0074,0.0013,0.0342,0.0355,0.0366,0.0300,0.0182,0.0375,0.0084
ARWR,0.1096,0.1127,0.1820,0.1831,0.1863,0.1840,0.2275,0.1834,0.1845,0.2295,0.2297,0.2292,0.1886,0.1947,0.2290,Health Care,Biotechnology: Pharmaceutical Preparations,10557233724.0000,0.0012,0.0044,0.0020,0.0455,0.0014,0.0026,0.0476,0.0478,0.0472,0.0066,0.0127,0.0471,0.0724
ASAN,0.2525,0.2538,0.2543,0.2540,0.2561,0.2583,0.2544,0.2603,0.2572,0.2546,0.2568,0.2555,0.2759,0.2721,0.2548,Technology,Computer Software: Prepackaged Software,1596353830.0000,-0.0003,0.0018,0.0040,0.0001,0.0059,0.0028,0.0003,0.0024,0.0011,0.0216,0.0178,0.0005,0.0018
ASA,0.1921,0.1982,0.2190,0.5655,0.2483,0.2253,0.2663,0.2420,0.2228,0.2794,0.2903,0.2820,0.2262,0.2681,0.2900,Industrials,Precious Metals,1097074573.0000,0.3466,0.0293,0.0063,0.0473,0.0230,0.0038,0.0604,0.0713,0.0630,0.0072,0.0491,0.0711,0.0268
ASH,0.3991,0.4028,0.3852,0.3881,0.3934,0.3956,0.4312,0.3913,0.3872,0.4320,0.4313,0.4319,0.4039,0.3935,0.4359,Consumer Discretionary,Specialty Chemicals,2619518722.0000,0.0029,0.0082,0.0104,0.0460,0.0062,0.0020,0.0468,0.0461,0.0468,0.0187,0.0084,0.0507,-0.0139
ASB,0.4053,0.4066,0.3869,0.3984,0.3856,0.4034,0.3801,0.4223,0.3885,0.3808,0.3849,0.3811,0.3894,0.3900,0.3839,Finance,Major Banks,4648025028.0000,0.0115,-0.0013,0.0165,-0.0068,0.0354,0.0016,-0.0061,-0.0020,-0.0058,0.0025,0.0031,-0.0030,-0.0184
ASIX,0.2438,0.2466,0.2726,0.2757,0.2800,0.2782,0.3022,0.2822,0.2753,0.3033,0.3037,0.3045,0.2947,0.2867,0.3051,Industrials,Major Chemicals,600108141.0000,0.0030,0.0073,0.0056,0.0295,0.0096,0.0027,0.0307,0.0311,0.0319,0.0221,0.0141,0.0325,0.0288
ASLE,0.1002,0.0996,0.1029,0.1039,0.1056,0.1041,0.1092,0.1025,0.1058,0.1100,0.1103,0.1098,0.1203,0.1229,0.1102,Consumer Discretionary,Industrial Specialties,294857653.0000,0.0010,0.0027,0.0011,0.0062,-0.0005,0.0028,0.0070,0.0074,0.0069,0.0173,0.0199,0.0073,0.0028
ASO,0.2637,0.2627,0.2702,0.2725,0.2776,0.2772,0.2702,0.2743,0.2757,0.2712,0.2733,0.2707,0.2734,0.2853,0.2711,Consumer Discretionary,Other Specialty Stores,3387967198.0000,0.0023,0.0073,0.0070,0.0000,0.0041,0.0055,0.0010,0.0031,0.0005,0.0032,0.0151,0.0009,0.0066
ASMB,0.0604,0.0630,0.0808,0.0822,0.0855,0.0828,0.0973,0.0807,0.0824,0.0982,0.0975,0.0989,0.0856,0.0847,0.0991,Health Care,Biotechnology: Pharmaceutical Preparations,450396511.0000,0.0014,0.0047,0.0020,0.0166,-0.0001,0.0016,0.0174,0.0167,0.0181,0.0048,0.0039,0.0183,0.0204
ASPN,0.1035,0.1071,0.1290,0.1291,0.1311,0.1314,0.2085,0.1296,0.1328,0.2088,0.2102,0.2139,0.1455,0.1407,0.2105,Consumer Discretionary,RETAIL: Building Materials,479860453.0000,0.0000,0.0021,0.0024,0.0795,0.0006,0.0037,0.0798,0.0811,0.0849,0.0165,0.0117,0.0814,0.0255
ASTE,0.3128,0.3173,0.2499,0.2528,0.2546,0.2568,0.2901,0.2597,0.2511,0.2913,0.2917,0.2920,0.2633,0.2571,0.2927,Industrials,Construction/Ag Equipment/Trucks,1116981965.0000,0.0029,0.0047,0.0069,0.0402,0.0098,0.0012,0.0413,0.0418,0.0421,0.0134,0.0072,0.0428,-0.0628
ASTS,0.1063,0.1101,0.1163,0.1195,0.1181,0.1180,0.1164,0.1169,0.1212,0.1172,0.1172,0.1185,0.1319,0.1265,0.1181,Consumer Discretionary,Telecommunications Equipment,41086867192.0000,0.0031,0.0018,0.0017,0.0001,0.0006,0.0049,0.0008,0.0009,0.0022,0.0155,0.0102,0.0018,0.0100
ASTH,0.0643,0.0663,0.1148,0.1183,0.1189,0.1192,0.2097,0.1165,0.1193,0.2106,0.2109,0.2145,0.1262,0.1206,0.2118,Consumer Discretionary,Professional Services,2108858927.0000,0.0036,0.0041,0.0044,0.0950,0.0018,0.0045,0.0958,0.0962,0.0997,0.0114,0.0058,0.0970,0.0504
ASYS,0.1154,0.1176,0.1143,0.1180,0.1174,0.1148,0.1538,0.1146,0.1163,0.1555,0.1546,0.1580,0.1320,0.1263,0.1586,Technology,Industrial Machinery/Components,320139863.0000,0.0037,0.0031,0.0006,0.0395,0.0003,0.0020,0.0412,0.0404,0.0437,0.0178,0.0120,0.0443,-0.0011
ATEC,0.1322,0.1366,0.1302,0.1309,0.1344,0.1314,0.2439,0.1331,0.1326,0.2471,0.2457,0.2441,0.1353,0.1373,0.2469,Health Care,Medical/Dental Instruments,1271837552.0000,0.0007,0.0043,0.0012,0.1137,0.0029,0.0024,0.1169,0.1155,0.1139,0.0051,0.0071,0.1167,-0.0021
ATEN,0.1656,0.1692,0.1759,0.1770,0.1778,0.1784,0.2256,0.1788,0.1766,0.2263,0.2261,0.2278,0.1901,0.1784,0.2272,Telecommunications,Computer Communications Equipment,2099466783.0000,0.0011,0.0019,0.0025,0.0497,0.0030,0.0007,0.0504,0.0502,0.0519,0.0142,0.0025,0.0513,0.0103
ATEX,0.1143,0.1190,0.1317,0.1338,0.1310,0.1339,0.1482,0.1323,0.1355,0.1488,0.1485,0.1501,0.1342,0.1381,0.1489,Telecommunications,Telecommunications Equipment,1190849754.0000,0.0022,-0.0007,0.0023,0.0165,0.0006,0.0038,0.0171,0.0169,0.0184,0.0026,0.0064,0.0173,0.0174
ATI,0.3458,0.3501,0.2964,0.3047,0.3121,0.3074,0.2883,0.3037,0.2991,0.2901,0.2901,0.2977,0.3229,0.3178,0.2960,Industrials,Steel/Iron Ore,22147785598.0000,0.0083,0.0157,0.0110,-0.0081,0.0073,0.0027,-0.0064,-0.0063,0.0012,0.0265,0.0214,-0.0004,-0.0494
ATKR,0.2590,0.2629,0.2819,0.2832,0.2932,0.2856,0.3366,0.2975,0.2864,0.3375,0.3374,0.3399,0.2991,0.2918,0.3458,Miscellaneous,Industrial Machinery/Components,2861775794.0000,0.0013,0.0113,0.0037,0.0547,0.0157,0.0045,0.0557,0.0556,0.0581,0.0172,0.0100,0.0639,0.0228
ATLC,0.1168,0.1198,0.1233,0.1289,0.1186,0.1279,0.2246,0.1259,0.1257,0.2249,0.2250,0.2337,0.1233,0.1217,0.2285,Finance,Finance: Consumer Services,1256910271.0000,0.0057,-0.0047,0.0046,0.1014,0.0026,0.0025,0.1016,0.1017,0.1104,0.0000,-0.0015,0.1052,0.0064
ATNI,0.1672,0.1680,0.1074,0.1086,0.1079,0.1076,0.0899,0.1084,0.1119,0.0892,0.0896,0.0933,0.1091,0.1150,0.0904,Telecommunications,Telecommunications Equipment,421281564.0000,0.0013,0.0005,0.0003,-0.0175,0.0010,0.0046,-0.0182,-0.0177,-0.0140,0.0018,0.0076,-0.0170,-0.0599
ATOM,0.1409,0.1435,0.1525,0.1558,0.1548,0.1543,0.2353,0.1532,0.1562,0.2374,0.2361,0.2382,0.1827,0.1763,0.2381,Technology,Semiconductors,357740460.0000,0.0033,0.0024,0.0019,0.0828,0.0008,0.0038,0.0850,0.0837,0.0858,0.0302,0.0239,0.0856,0.0116
ATO,0.2821,0.2878,0.2210,0.2292,0.2235,0.2270,0.2727,0.2351,0.2237,0.2729,0.2748,0.2758,0.2300,0.2206,0.2735,Utilities,Oil/Gas Transmission,29680013550.0000,0.0082,0.0025,0.0059,0.0517,0.0141,0.0026,0.0518,0.0538,0.0548,0.0090,-0.0004,0.0525,-0.0611
ATR,0.4024,0.4058,0.3505,0.3526,0.3511,0.3532,0.3744,0.3520,0.3527,0.3766,0.3756,0.3793,0.3520,0.3526,0.3755,Industrials,Plastic Products,7417835329.0000,0.0021,0.0006,0.0027,0.0240,0.0015,0.0022,0.0262,0.0251,0.0289,0.0015,0.0021,0.0250,-0.0519
ATRC,0.1439,0.1489,0.2108,0.2128,0.2180,0.2129,0.2791,0.2119,0.2115,0.2802,0.2821,0.2852,0.2246,0.2299,0.2803,Health Care,Medical/Dental Instruments,1432633041.0000,0.0020,0.0072,0.0021,0.0683,0.0011,0.0006,0.0693,0.0713,0.0744,0.0137,0.0191,0.0695,0.0670
ATRO,0.1856,0.1964,0.2071,0.2126,0.2132,0.2129,0.2231,0.2128,0.2101,0.2251,0.2257,0.2255,0.2152,0.2155,0.2296,Industrials,Military/Government/Technical,2898051105.0000,0.0055,0.0061,0.0059,0.0160,0.0057,0.0031,0.0180,0.0187,0.0184,0.0081,0.0084,0.0225,0.0215
AUB,0.3207,0.3285,0.3130,0.3241,0.3151,0.3272,0.3222,0.3394,0.3162,0.3225,0.3285,0.3246,0.3161,0.3153,0.3244,Finance,Major Banks,5375424640.0000,0.0111,0.0021,0.0142,0.0092,0.0264,0.0032,0.0095,0.0155,0.0116,0.0031,0.0023,0.0114,-0.0077
AVA,0.2761,0.2814,0.1868,0.1964,0.1836,0.1950,0.2160,0.1976,0.1881,0.2161,0.2196,0.2179,0.1941,0.1855,0.2177,Utilities,Power Generation,3427015692.0000,0.0096,-0.0031,0.0082,0.0292,0.0108,0.0013,0.0293,0.0328,0.0311,0.0073,-0.0013,0.0309,-0.0893
AVAV,0.1627,0.1673,0.1735,0.1755,0.1780,0.1753,0.1970,0.1745,0.1751,0.1983,0.1972,0.1981,0.1838,0.1865,0.2016,Industrials,Aerospace,8699999600.0000,0.0021,0.0045,0.0019,0.0235,0.0010,0.0016,0.0248,0.0237,0.0246,0.0103,0.0130,0.0281,0.0108
AVB,0.3251,0.3303,0.3005,0.3056,0.2940,0.3081,0.3673,0.3129,0.3036,0.3690,0.3695,0.3685,0.2985,0.2916,0.3693,Real Estate,Real Estate Investment Trusts,25826155610.0000,0.0051,-0.0065,0.0077,0.0669,0.0125,0.0031,0.0686,0.0690,0.0680,-0.0019,-0.0089,0.0688,-0.0246
AVBH,0.0253,0.0307,0.0540,0.0551,0.0560,0.0586,0.0833,0.0554,0.0578,0.0832,0.0834,0.0841,0.0565,0.0590,0.0841,Finance,Commercial Banks,327669045.0000,0.0011,0.0020,0.0046,0.0293,0.0014,0.0038,0.0292,0.0294,0.0301,0.0025,0.0050,0.0301,0.0287
AVIR,0.1150,0.1204,0.1220,0.1223,0.1234,0.1272,0.1222,0.1234,0.1242,0.1224,0.1222,0.1243,0.1252,0.1388,0.1222,Health Care,Biotechnology: Pharmaceutical Preparations,353719778.0000,0.0002,0.0014,0.0052,0.0001,0.0014,0.0022,0.0004,0.0002,0.0023,0.0031,0.0168,0.0002,0.0070
AVGO,0.3573,0.3638,0.4265,0.4278,0.4298,0.4299,0.5696,0.4307,0.4281,0.5699,0.5702,0.5710,0.4415,0.4310,0.5708,Technology,Semiconductors,1960815481722.0000,0.0012,0.0032,0.0034,0.1431,0.0042,0.0016,0.1434,0.1437,0.1444,0.0150,0.0045,0.1443,0.0692
AVNS,0.2244,0.2305,0.2375,0.2397,0.2407,0.2412,0.2877,0.2407,0.2392,0.2883,0.2907,0.2892,0.2431,0.2420,0.2884,Health Care,Industrial Specialties,1152358156.0000,0.0021,0.0031,0.0037,0.0501,0.0032,0.0017,0.0507,0.0531,0.0516,0.0056,0.0045,0.0508,0.0131
AVO,0.1166,0.1206,0.1243,0.1253,0.1289,0.1259,0.1245,0.1278,0.1247,0.1243,0.1253,0.1264,0.1253,0.1266,0.1253,Consumer Staples,Farming/Seeds/Milling,844488659.0000,0.0010,0.0046,0.0015,0.0001,0.0035,0.0003,-0.0001,0.0009,0.0021,0.0009,0.0023,0.0010,0.0077
AVPT,0.1545,0.1652,0.1672,0.1682,0.1731,0.1701,0.1672,0.1707,0.1688,0.1677,0.1686,0.1702,0.1887,0.1763,0.1680,Technology,Computer Software: Prepackaged Software,2181656947.0000,0.0011,0.0060,0.0029,0.0000,0.0035,0.0016,0.0005,0.0015,0.0031,0.0216,0.0091,0.0009,0.0126
AVNT,0.3917,0.4009,0.3998,0.4016,0.4092,0.4067,0.4188,0.4140,0.4009,0.4204,0.4200,0.4225,0.4270,0.4180,0.4263,Industrials,Major Chemicals,3146575830.0000,0.0018,0.0094,0.0069,0.0190,0.0142,0.0011,0.0206,0.0202,0.0227,0.0272,0.0182,0.0265,0.0081
AVT,0.4270,0.4255,0.4134,0.4147,0.4229,0.4186,0.4295,0.4201,0.4155,0.4299,0.4330,0.4323,0.4385,0.4318,0.4323,Technology,Electronic Components,7046688799.0000,0.0013,0.0095,0.0052,0.0161,0.0067,0.0020,0.0165,0.0196,0.0189,0.0251,0.0184,0.0189,-0.0136
AVTR,0.2864,0.2937,0.3104,0.3140,0.3134,0.3120,0.3066,0.3164,0.3142,0.3083,0.3086,0.3086,0.3188,0.3198,0.3089,Industrials,Biotechnology: Laboratory Analytical Instruments,5543973864.0000,0.0036,0.0030,0.0015,-0.0038,0.0060,0.0038,-0.0021,-0.0019,-0.0018,0.0084,0.0093,-0.0015,0.0240
AVTX,0.0655,0.0745,0.0897,0.0922,0.0915,0.0906,0.1074,0.0897,0.0909,0.1104,0.1079,0.1115,0.1021,0.0990,0.1106,Health Care,Biotechnology: Pharmaceutical Preparations,859447102.0000,0.0025,0.0019,0.0009,0.0177,0.0001,0.0012,0.0207,0.0183,0.0218,0.0125,0.0093,0.0209,0.0241
AVY,0.4180,0.4195,0.4154,0.4177,0.4217,0.4204,0.4461,0.4220,0.4184,0.4467,0.4468,0.4468,0.4234,0.4185,0.4487,Consumer Discretionary,Containers/Packaging,12212454869.0000,0.0024,0.0064,0.0050,0.0307,0.0066,0.0031,0.0314,0.0314,0.0314,0.0080,0.0031,0.0333,-0.0026
AWI,0.2971,0.2997,0.3254,0.3292,0.3333,0.3337,0.4278,0.3290,0.3298,0.4282,0.4312,0.4298,0.3411,0.3373,0.4299,Industrials,Plastic Products,6708014413.0000,0.0038,0.0078,0.0083,0.1023,0.0036,0.0044,0.1028,0.1057,0.1044,0.0156,0.0119,0.1044,0.0284
AWK,0.2292,0.2409,0.2511,0.2636,0.2601,0.2616,0.3466,0.2758,0.2526,0.3476,0.3486,0.3541,0.2611,0.2566,0.3467,Utilities,Water Supply,24449121229.0000,0.0126,0.0090,0.0105,0.0955,0.0247,0.0015,0.0965,0.0976,0.1030,0.0101,0.0055,0.0956,0.0218
AWR,0.2317,0.2349,0.2081,0.2176,0.2155,0.2124,0.2463,0.2225,0.2107,0.2477,0.2473,0.2532,0.2170,0.2098,0.2487,Utilities,Water Supply,3003724926.0000,0.0095,0.0073,0.0043,0.0381,0.0144,0.0026,0.0396,0.0391,0.0451,0.0088,0.0017,0.0406,-0.0236
AX,0.2141,0.2205,0.2894,0.2990,0.3011,0.3001,0.3979,0.3025,0.2912,0.3979,0.4012,0.4010,0.3023,0.3009,0.4007,Finance,Savings Institutions,4896060534.0000,0.0096,0.0117,0.0107,0.1085,0.0130,0.0017,0.1084,0.1118,0.1116,0.0129,0.0115,0.1112,0.0753
AXGN,0.0674,0.0740,0.1259,0.1286,0.1305,0.1279,0.2007,0.1323,0.1283,0.2013,0.2023,0.2051,0.1332,0.1368,0.2059,Health Care,Biotechnology: Electromedical & Electrotherapeutic Apparatus,2174973002.0000,0.0027,0.0046,0.0020,0.0748,0.0064,0.0024,0.0754,0.0764,0.0792,0.0073,0.0109,0.0800,0.0585
AXSM,0.0597,0.0635,0.0651,0.0690,0.0686,0.0655,0.0870,0.0656,0.0677,0.0877,0.0868,0.0897,0.0763,0.0812,0.0882,Health Care,Biotechnology: Pharmaceutical Preparations,12142960983.0000,0.0039,0.0035,0.0004,0.0219,0.0005,0.0026,0.0226,0.0217,0.0247,0.0112,0.0162,0.0231,0.0054
AXON,0.1981,0.2050,0.1988,0.2016,0.2004,0.2002,0.2579,0.2026,0.1997,0.2587,0.2587,0.2599,0.2055,0.1992,0.2602,Industrials,Ordnance And Accessories,31112401722.0000,0.0028,0.0016,0.0014,0.0591,0.0038,0.0009,0.0599,0.0599,0.0611,0.0067,0.0004,0.0614,0.0007
AXP,0.4793,0.4827,0.4616,0.4671,0.4587,0.4717,0.4941,0.4716,0.4646,0.4949,0.5013,0.4947,0.4626,0.4595,0.4985,Finance,Finance: Consumer Services,212735738399.0000,0.0055,-0.0029,0.0101,0.0325,0.0100,0.0031,0.0333,0.0397,0.0331,0.0010,-0.0021,0.0369,-0.0177
AXTA,0.3106,0.3232,0.3377,0.3408,0.3429,0.3454,0.4474,0.3421,0.3398,0.4512,0.4477,0.4496,0.3499,0.3423,0.4545,Consumer Discretionary,Paints/Coatings,6253628401.0000,0.0031,0.0052,0.0077,0.1097,0.0044,0.0021,0.1135,0.1100,0.1119,0.0122,0.0046,0.1168,0.0271
AXTI,0.1315,0.1355,0.1483,0.1495,0.1542,0.1505,0.2197,0.1498,0.1504,0.2212,0.2219,0.2251,0.1749,0.1623,0.2260,Technology,Semiconductors,9213547003.0000,0.0012,0.0059,0.0021,0.0714,0.0014,0.0021,0.0729,0.0736,0.0768,0.0266,0.0140,0.0777,0.0168
AYI,0.3394,0.3390,0.2870,0.2904,0.2884,0.2931,0.3459,0.2917,0.2907,0.3464,0.3472,0.3533,0.2933,0.2912,0.3512,Consumer Discretionary,Building Products,8718339165.0000,0.0035,0.0014,0.0061,0.0589,0.0047,0.0037,0.0595,0.0602,0.0663,0.0064,0.0042,0.0642,-0.0524
AZO,0.2178,0.2293,0.2432,0.2445,0.2436,0.2440,0.2664,0.2452,0.2468,0.2672,0.2707,0.2704,0.2468,0.2464,0.2671,Consumer Discretionary,Auto & Home Supply Stores,56128287330.0000,0.0014,0.0005,0.0009,0.0233,0.0020,0.0036,0.0241,0.0275,0.0273,0.0036,0.0032,0.0240,0.0254
AZTA,0.3183,0.3225,0.3134,0.3165,0.3147,0.3151,0.3635,0.3166,0.3158,0.3651,0.3642,0.3643,0.3354,0.3166,0.3673,Technology,Industrial Machinery/Components,930152785.0000,0.0031,0.0014,0.0017,0.0502,0.0032,0.0025,0.0517,0.0509,0.0510,0.0220,0.0033,0.0540,-0.0049
AZZ,0.3093,0.3154,0.2848,0.2887,0.2890,0.2908,0.3002,0.2935,0.2861,0.3019,0.3012,0.3017,0.2901,0.2909,0.3044,Industrials,Industrial Specialties,4120494611.0000,0.0039,0.0042,0.0060,0.0154,0.0087,0.0013,0.0171,0.0164,0.0169,0.0053,0.0061,0.0196,-0.0245
BA,0.3964,0.3990,0.3665,0.3704,0.3711,0.3750,0.3772,0.3727,0.3694,0.3822,0.3788,0.3847,0.3813,0.3794,0.3860,Industrials,Aerospace,172653976536.0000,0.0039,0.0047,0.0085,0.0107,0.0063,0.0029,0.0157,0.0124,0.0182,0.0149,0.0130,0.0195,-0.0300
BAC,0.4796,0.4804,0.4994,0.5172,0.5004,0.5217,0.4833,0.5374,0.5008,0.4869,0.4910,0.4867,0.5030,0.5009,0.4876,Finance,Major Banks,367603395722.0000,0.0178,0.0009,0.0223,-0.0162,0.0380,0.0013,-0.0126,-0.0084,-0.0127,0.0035,0.0015,-0.0119,0.0199
BAH,0.1862,0.1902,0.2344,0.2385,0.2394,0.2363,0.2189,0.2374,0.2387,0.2219,0.2232,0.2214,0.2372,0.2376,0.2254,Consumer Discretionary,Professional Services,9488366527.0000,0.0041,0.0049,0.0019,-0.0155,0.0030,0.0043,-0.0125,-0.0112,-0.0130,0.0028,0.0032,-0.0090,0.0482
BAND,0.1440,0.1468,0.1510,0.1595,0.1546,0.1548,0.1370,0.1652,0.1549,0.1390,0.1397,0.1376,0.1636,0.1520,0.1439,Technology,Computer Software: Prepackaged Software,1965542477.0000,0.0085,0.0035,0.0038,-0.0140,0.0142,0.0039,-0.0120,-0.0113,-0.0134,0.0126,0.0010,-0.0071,0.0070
BALL,0.3565,0.3617,0.2912,0.3003,0.2890,0.2932,0.2717,0.2937,0.2925,0.2723,0.2753,0.2727,0.2943,0.2889,0.2732,Industrials,Containers/Packaging,15045590337.0000,0.0091,-0.0022,0.0020,-0.0195,0.0025,0.0013,-0.0189,-0.0159,-0.0186,0.0031,-0.0023,-0.0180,-0.0653
BANC,0.1652,0.1699,0.2460,0.2574,0.2599,0.2602,0.3187,0.2656,0.2496,0.3195,0.3225,0.3205,0.2590,0.2596,0.3231,Finance,Major Banks,2891563243.0000,0.0114,0.0139,0.0142,0.0728,0.0196,0.0036,0.0735,0.0765,0.0745,0.0131,0.0136,0.0772,0.0808
BANF,0.3283,0.3354,0.2859,0.2928,0.2858,0.2969,0.2416,0.3112,0.2888,0.2417,0.2463,0.2431,0.2849,0.2875,0.2455,Finance,Major Banks,3738500737.0000,0.0069,-0.0001,0.0110,-0.0443,0.0252,0.0029,-0.0442,-0.0396,-0.0428,-0.0010,0.0016,-0.0405,-0.0424
BANFP,0.0033,0.0067,0.0165,0.0185,0.0180,0.0176,0.0221,0.0170,0.0202,0.0217,0.0241,0.0250,0.0191,0.0185,0.0219,Finance,Major Banks,887963617.0000,0.0020,0.0016,0.0011,0.0057,0.0006,0.0037,0.0053,0.0077,0.0085,0.0026,0.0021,0.0055,0.0132
BATRA,0.1923,0.2006,0.2166,0.2222,0.2233,0.2195,0.2370,0.2246,0.2195,0.2370,0.2379,0.2383,0.2234,0.2256,0.2386,Consumer Discretionary,Services-Misc. Amusement & Recreation,3406036895.0000,0.0056,0.0067,0.0029,0.0204,0.0080,0.0029,0.0204,0.0212,0.0217,0.0068,0.0090,0.0220,0.0243
BANR,0.3141,0.3238,0.3363,0.3467,0.3398,0.3503,0.3702,0.3627,0.3394,0.3708,0.3745,0.3711,0.3411,0.3397,0.3723,Finance,Major Banks,2196027515.0000,0.0104,0.0035,0.0139,0.0339,0.0264,0.0031,0.0345,0.0382,0.0348,0.0048,0.0034,0.0360,0.0222
BATRK,0.1975,0.2075,0.2230,0.2286,0.2280,0.2261,0.2466,0.2307,0.2251,0.2464,0.2481,0.2478,0.2312,0.2334,0.2485,Consumer Discretionary,Services-Misc. Amusement & Recreation,3175119140.0000,0.0056,0.0050,0.0031,0.0236,0.0076,0.0021,0.0234,0.0251,0.0248,0.0082,0.0104,0.0254,0.0255
BAX,0.2867,0.2900,0.2828,0.2845,0.2847,0.2861,0.2048,0.2857,0.2884,0.2065,0.2045,0.2064,0.2917,0.2830,0.2057,Health Care,Medical/Dental Instruments,9905875573.0000,0.0017,0.0019,0.0033,-0.0781,0.0029,0.0055,-0.0764,-0.0783,-0.0764,0.0089,0.0002,-0.0772,-0.0038
BBCP,0.1049,0.1055,0.1139,0.1162,0.1170,0.1166,0.1382,0.1220,0.1191,0.1387,0.1398,0.1410,0.1214,0.1186,0.1390,Consumer Discretionary,Engineering & Construction,384384951.0000,0.0022,0.0031,0.0027,0.0243,0.0080,0.0052,0.0248,0.0259,0.0271,0.0075,0.0047,0.0251,0.0090
BBBY,0.1589,0.1605,0.1346,0.1405,0.1366,0.1387,0.1805,0.1370,0.1350,0.1825,0.1826,0.1820,0.1511,0.1514,0.1822,Consumer Discretionary,Catalog/Specialty Distribution,414055572.0000,0.0059,0.0019,0.0041,0.0458,0.0024,0.0003,0.0478,0.0479,0.0473,0.0165,0.0167,0.0475,-0.0243
BBIO,0.1229,0.1366,0.1418,0.1428,0.1428,0.1452,0.1420,0.1452,0.1550,0.1427,0.1419,0.1445,0.1572,0.1461,0.1435,Health Care,Biotechnology: Pharmaceutical Preparations,13527316362.0000,0.0010,0.0010,0.0035,0.0002,0.0035,0.0132,0.0009,0.0001,0.0027,0.0154,0.0043,0.0017,0.0189
BBDC,0.1671,0.1776,0.1670,0.1698,0.1751,0.1716,0.2509,0.1719,0.1700,0.2510,0.2516,0.2531,0.1763,0.1782,0.2576,Finance,Diversified Financial Services,891055583.0000,0.0028,0.0082,0.0046,0.0840,0.0050,0.0030,0.0840,0.0847,0.0861,0.0094,0.0113,0.0907,-0.0001
BBSI,0.1644,0.1673,0.1758,0.1784,0.1850,0.1755,0.2507,0.1819,0.1789,0.2508,0.2534,0.2492,0.1828,0.1819,0.2555,Consumer Discretionary,Professional Services,774120136.0000,0.0026,0.0092,-0.0003,0.0748,0.0061,0.0031,0.0750,0.0775,0.0734,0.0070,0.0061,0.0797,0.0114
BBT,0.3139,0.3188,0.2993,0.3079,0.3033,0.3118,0.3024,0.3211,0.3017,0.3028,0.3038,0.3039,0.3024,0.3024,0.3066,Finance,Banks,2412226955.0000,0.0086,0.0041,0.0125,0.0031,0.0218,0.0025,0.0035,0.0045,0.0046,0.0031,0.0031,0.0073,-0.0146
BBW,0.1363,0.1380,0.1019,0.1039,0.1029,0.1085,0.1381,0.1035,0.1040,0.1390,0.1409,0.1431,0.1060,0.1037,0.1480,Consumer Discretionary,Recreational Games/Products/Toys,465100309.0000,0.0020,0.0010,0.0066,0.0362,0.0016,0.0021,0.0371,0.0390,0.0412,0.0041,0.0018,0.0461,-0.0344
BBWI,0.2768,0.2793,0.2317,0.2324,0.2286,0.2363,0.2728,0.2340,0.2347,0.2740,0.2739,0.2783,0.2329,0.2284,0.2761,Consumer Discretionary,Clothing/Shoe/Accessory Stores,3576553520.0000,0.0008,-0.0031,0.0046,0.0411,0.0023,0.0031,0.0424,0.0423,0.0466,0.0012,-0.0033,0.0444,-0.0451
BBY,0.2580,0.2572,0.2845,0.2909,0.2808,0.2894,0.3455,0.2880,0.2895,0.3460,0.3463,0.3471,0.2831,0.2797,0.3478,Consumer Discretionary,Consumer Electronics/Video Chains,12985144375.0000,0.0064,-0.0037,0.0049,0.0610,0.0035,0.0049,0.0615,0.0618,0.0626,-0.0014,-0.0048,0.0632,0.0266
BCAT,0.4286,0.4286,0.4295,0.4320,0.4295,0.4332,0.4296,0.4309,0.4312,0.4302,0.4291,0.4315,0.4450,0.4374,0.4326,Finance,Finance/Investors Services,1678255200.0000,0.0025,-0.0001,0.0037,0.0001,0.0014,0.0017,0.0007,-0.0004,0.0020,0.0155,0.0079,0.0031,0.0009
BC,0.3813,0.3827,0.3577,0.3626,0.3620,0.3670,0.3853,0.3621,0.3595,0.3873,0.3853,0.3904,0.3671,0.3561,0.3879,Industrials,Industrial Machinery/Components,5260330500.0000,0.0050,0.0044,0.0094,0.0276,0.0045,0.0018,0.0297,0.0276,0.0327,0.0094,-0.0016,0.0302,-0.0236
BCAL,0.0139,0.0183,0.0221,0.0236,0.0247,0.0237,0.0361,0.0231,0.0251,0.0337,0.0341,0.0337,0.0248,0.0251,0.0346,Finance,Major Banks,611774952.0000,0.0015,0.0026,0.0016,0.0140,0.0010,0.0029,0.0116,0.0120,0.0116,0.0027,0.0030,0.0125,0.0082
BCC,0.2471,0.2523,0.2713,0.2739,0.2787,0.2743,0.3398,0.2733,0.2751,0.3401,0.3406,0.3429,0.2789,0.2799,0.3424,Consumer Discretionary,RETAIL: Building Materials,2363342670.0000,0.0026,0.0074,0.0029,0.0685,0.0020,0.0038,0.0687,0.0693,0.0716,0.0075,0.0085,0.0710,0.0242
BCML,0.0455,0.0481,0.0923,0.0980,0.0989,0.0955,0.1575,0.0963,0.0954,0.1574,0.1590,0.1586,0.0974,0.0989,0.1607,Finance,Major Banks,338297920.0000,0.0056,0.0065,0.0032,0.0651,0.0039,0.0031,0.0651,0.0667,0.0663,0.0051,0.0065,0.0684,0.0468
BCO,0.2841,0.2867,0.2649,0.2670,0.2675,0.2727,0.2968,0.2685,0.2668,0.2992,0.2979,0.3017,0.2755,0.2661,0.3025,Industrials,Integrated Freight & Logistics,4313668269.0000,0.0022,0.0026,0.0079,0.0319,0.0037,0.0019,0.0344,0.0331,0.0368,0.0106,0.0013,0.0377,-0.0192
BCSF,0.2477,0.2772,0.2786,0.2828,0.2813,0.2968,0.2887,0.2858,0.2821,0.2918,0.2902,0.2898,0.2806,0.2885,0.2963,Finance,Finance/Investors Services,856912977.0000,0.0041,0.0026,0.0182,0.0101,0.0071,0.0034,0.0132,0.0115,0.0111,0.0020,0.0099,0.0177,0.0309
BCPC,0.2962,0.3017,0.2840,0.2857,0.2862,0.2867,0.3419,0.2902,0.2874,0.3423,0.3428,0.3430,0.2840,0.2832,0.3429,Industrials,Major Chemicals,5197000973.0000,0.0017,0.0023,0.0028,0.0579,0.0062,0.0035,0.0583,0.0588,0.0591,0.0001,-0.0007,0.0589,-0.0122
BCRX,0.1252,0.1299,0.1019,0.1077,0.1077,0.1045,0.1337,0.1036,0.1033,0.1334,0.1349,0.1368,0.1090,0.1188,0.1394,Health Care,Biotechnology: Biological Products (No Diagnostic Substances),2107008451.0000,0.0058,0.0058,0.0026,0.0318,0.0016,0.0014,0.0314,0.0330,0.0348,0.0070,0.0169,0.0375,-0.0233
BCX,0.3615,0.3700,0.4684,0.4864,0.4960,0.4748,0.4682,0.4747,0.4730,0.4708,0.4684,0.4789,0.5017,0.5172,0.4790,Finance,Finance/Investors Services,1021690440.0000,0.0181,0.0276,0.0064,-0.0002,0.0064,0.0047,0.0025,0.0001,0.0106,0.0333,0.0489,0.0106,0.1069
BDC,0.4155,0.4202,0.3358,0.3381,0.3406,0.3416,0.3917,0.3422,0.3392,0.3934,0.3921,0.3957,0.3517,0.3403,0.3952,Industrials,Telecommunications Equipment,4129236561.0000,0.0024,0.0048,0.0058,0.0559,0.0064,0.0034,0.0576,0.0563,0.0600,0.0159,0.0045,0.0594,-0.0798
BDJ,0.5132,0.5230,0.5574,0.5603,0.5640,0.5645,0.5816,0.5653,0.5591,0.5823,0.5834,0.5906,0.5653,0.5698,0.5882,Finance,Finance Companies,1624431377.0000,0.0030,0.0066,0.0072,0.0243,0.0080,0.0018,0.0250,0.0260,0.0333,0.0079,0.0124,0.0308,0.0441
BDN,0.3399,0.3414,0.3139,0.3178,0.3111,0.3197,0.3633,0.3238,0.3162,0.3653,0.3665,0.3658,0.3153,0.3110,0.3677,Real Estate,Real Estate Investment Trusts,521135535.0000,0.0040,-0.0028,0.0059,0.0494,0.0100,0.0023,0.0514,0.0526,0.0519,0.0015,-0.0028,0.0538,-0.0261
BE,0.1996,0.2010,0.2031,0.2052,0.2101,0.2058,0.2409,0.2065,0.2074,0.2410,0.2427,0.2460,0.2450,0.2327,0.2443,Energy,Industrial Machinery/Components,86041425631.0000,0.0021,0.0070,0.0027,0.0378,0.0034,0.0043,0.0380,0.0396,0.0429,0.0420,0.0296,0.0412,0.0035
BDX,0.3168,0.3203,0.2880,0.2916,0.2908,0.2897,0.1911,0.2898,0.2904,0.1924,0.1925,0.1998,0.2935,0.2904,0.1915,Health Care,Medical/Dental Instruments,40678033238.0000,0.0036,0.0028,0.0017,-0.0970,0.0018,0.0023,-0.0956,-0.0955,-0.0882,0.0055,0.0024,-0.0965,-0.0288
BEAM,0.2203,0.2234,0.2260,0.2280,0.2280,0.2342,0.2261,0.2274,0.2298,0.2271,0.2272,0.2341,0.2740,0.2497,0.2283,Health Care,Biotechnology: Biological Products (No Diagnostic Substances),2946460689.0000,0.0021,0.0020,0.0083,0.0002,0.0014,0.0038,0.0011,0.0013,0.0081,0.0481,0.0238,0.0024,0.0057
BELFA,0.0784,0.0789,0.0499,0.0497,0.0501,0.0502,0.0721,0.0531,0.0502,0.0720,0.0725,0.0715,0.0512,0.0518,0.0727,,,3210447884.0000,-0.0002,0.0002,0.0004,0.0222,0.0032,0.0004,0.0221,0.0226,0.0216,0.0013,0.0019,0.0228,-0.0285
BEPC,0.2198,0.2283,0.2324,0.2427,0.2354,0.2329,0.2325,0.2439,0.2363,0.2334,0.2339,0.2363,0.2524,0.2651,0.2351,Utilities,Electric Utilities: Central,14133233775.0000,0.0103,0.0030,0.0005,0.0002,0.0116,0.0040,0.0010,0.0016,0.0039,0.0200,0.0327,0.0028,0.0125
BELFB,0.2186,0.2217,0.1669,0.1708,0.1668,0.1696,0.1999,0.1698,0.1686,0.2010,0.2012,0.1996,0.1703,0.1680,0.2004,,,3435258117.0000,0.0039,-0.0000,0.0027,0.0330,0.0029,0.0018,0.0342,0.0343,0.0327,0.0035,0.0011,0.0336,-0.0517
BEN,0.5293,0.5354,0.4647,0.4672,0.4620,0.4733,0.4606,0.4743,0.4677,0.4622,0.4627,0.4635,0.4707,0.4667,0.4654,Finance,Investment Managers,16119144765.0000,0.0024,-0.0027,0.0086,-0.0041,0.0096,0.0030,-0.0025,-0.0020,-0.0012,0.0060,0.0020,0.0007,-0.0646
BFAM,0.2298,0.2373,0.2620,0.2640,0.2628,0.2668,0.2302,0.2687,0.2658,0.2318,0.2310,0.2347,0.2662,0.2656,0.2375,Consumer Discretionary,Other Consumer Services,3564102231.0000,0.0021,0.0008,0.0048,-0.0318,0.0067,0.0038,-0.0302,-0.0310,-0.0273,0.0042,0.0036,-0.0245,0.0321
BFC,0.0565,0.0612,0.1122,0.1145,0.1188,0.1144,0.2145,0.1137,0.1170,0.2153,0.2159,0.2159,0.1186,0.1171,0.2163,Finance,Major Banks,1583718786.0000,0.0023,0.0066,0.0023,0.1023,0.0015,0.0048,0.1031,0.1037,0.1038,0.0065,0.0049,0.1041,0.0557
BFH,0.3183,0.3201,0.3038,0.3105,0.3146,0.3127,0.3334,0.3136,0.3080,0.3348,0.3374,0.3460,0.3177,0.3167,0.3424,Consumer Discretionary,Business Services,3499251829.0000,0.0067,0.0108,0.0089,0.0296,0.0098,0.0043,0.0311,0.0336,0.0422,0.0139,0.0130,0.0387,-0.0146
BFLY,0.1771,0.1765,0.1831,0.1847,0.1849,0.1922,0.1832,0.1837,0.1843,0.1839,0.1835,0.1847,0.2085,0.2062,0.1853,Health Care,Medical Electronics,1167875581.0000,0.0016,0.0018,0.0091,0.0001,0.0007,0.0012,0.0008,0.0005,0.0017,0.0254,0.0231,0.0022,0.0060
BFST,0.2475,0.2546,0.2648,0.2667,0.2671,0.2810,0.2838,0.2752,0.2679,0.2867,0.2871,0.2856,0.2683,0.2691,0.2894,Finance,Major Banks,909754629.0000,0.0019,0.0024,0.0162,0.0190,0.0104,0.0031,0.0219,0.0224,0.0209,0.0035,0.0043,0.0246,0.0173
BFS,0.3133,0.3161,0.2871,0.2904,0.2866,0.2922,0.3631,0.2936,0.2920,0.3642,0.3666,0.3651,0.2904,0.2877,0.3659,Real Estate,Real Estate Investment Trusts,847219240.0000,0.0033,-0.0005,0.0051,0.0759,0.0064,0.0049,0.0771,0.0794,0.0779,0.0033,0.0006,0.0787,-0.0261
BG,0.2310,0.2355,0.1997,0.2011,0.2022,0.2031,0.2751,0.2032,0.2116,0.2751,0.2765,0.2923,0.2111,0.2121,0.2797,Consumer Staples,Packaged Foods,23419926662.0000,0.0014,0.0025,0.0034,0.0754,0.0035,0.0119,0.0753,0.0768,0.0925,0.0113,0.0123,0.0799,-0.0313
BGC,0.2883,0.2923,0.2895,0.2940,0.3007,0.2971,0.3066,0.2967,0.2911,0.3075,0.3085,0.3110,0.3095,0.3047,0.3137,Finance,Investment Bankers/Brokers/Service,5360643768.0000,0.0045,0.0112,0.0075,0.0170,0.0072,0.0015,0.0180,0.0190,0.0215,0.0200,0.0152,0.0242,0.0012
BGR,0.3928,0.3967,0.4989,0.5042,0.5096,0.5056,0.5036,0.5059,0.5045,0.5038,0.5052,0.5061,0.5175,0.5337,0.5106,Finance,Trusts Except Educational Religious and Charitable,2220901858.0000,0.0052,0.0106,0.0067,0.0047,0.0069,0.0055,0.0049,0.0063,0.0072,0.0185,0.0348,0.0116,0.1061
BGS,0.1135,0.1204,0.0611,0.0638,0.0627,0.0628,0.0645,0.0615,0.0633,0.0644,0.0649,0.0641,0.0656,0.0617,0.0666,Consumer Staples,Packaged Foods,338466394.0000,0.0027,0.0016,0.0017,0.0034,0.0004,0.0022,0.0034,0.0038,0.0030,0.0045,0.0006,0.0055,-0.0524
BH,0.1827,0.1874,0.1448,0.1471,0.1496,0.1491,0.1771,0.1495,0.1457,0.1785,0.1771,0.1790,0.1454,0.1481,0.1877,Consumer Discretionary,Restaurants,635433759.0000,0.0024,0.0049,0.0044,0.0323,0.0048,0.0009,0.0337,0.0323,0.0342,0.0007,0.0034,0.0429,-0.0380
BHB,0.1454,0.1532,0.2095,0.2167,0.2183,0.2175,0.2688,0.2199,0.2130,0.2708,0.2711,0.2713,0.2186,0.2202,0.2717,Finance,Major Banks,580448746.0000,0.0072,0.0088,0.0081,0.0594,0.0104,0.0035,0.0613,0.0616,0.0618,0.0091,0.0107,0.0622,0.0641
BHE,0.3387,0.3437,0.2498,0.2519,0.2620,0.2548,0.3030,0.2598,0.2532,0.3035,0.3050,0.3038,0.2597,0.2612,0.3054,Technology,Electrical Products,3053853304.0000,0.0021,0.0122,0.0049,0.0532,0.0100,0.0034,0.0537,0.0552,0.0540,0.0099,0.0114,0.0556,-0.0888
BHF,0.4409,0.4413,0.4471,0.4541,0.4495,0.4673,0.4698,0.4731,0.4505,0.4710,0.4786,0.4739,0.4573,0.4519,0.4728,Finance,Life Insurance,3588638189.0000,0.0070,0.0024,0.0203,0.0228,0.0260,0.0034,0.0239,0.0315,0.0268,0.0102,0.0048,0.0258,0.0062
BHFAN,0.1663,0.1907,0.1922,0.1959,0.1938,0.1991,0.1933,0.2244,0.1957,0.1935,0.1942,0.1934,0.1945,0.2000,0.1950,Finance,Life Insurance,720944602.0000,0.0037,0.0016,0.0069,0.0010,0.0321,0.0035,0.0013,0.0019,0.0012,0.0022,0.0078,0.0028,0.0260
BHFAL,0.2127,0.2376,0.2442,0.2474,0.2537,0.2472,0.2536,0.2643,0.2462,0.2540,0.2536,0.2549,0.2478,0.2613,0.2588,Finance,Life Insurance,961642441.0000,0.0032,0.0096,0.0030,0.0094,0.0202,0.0020,0.0099,0.0095,0.0107,0.0037,0.0171,0.0147,0.0315
BHFAO,0.1445,0.1783,0.1824,0.1873,0.1853,0.1858,0.1839,0.2073,0.1867,0.1833,0.1833,0.1853,0.1840,0.1837,0.1829,Finance,Life Insurance,917983644.0000,0.0048,0.0029,0.0034,0.0014,0.0249,0.0043,0.0008,0.0009,0.0029,0.0016,0.0013,0.0005,0.0379
BHFAP,0.2100,0.2514,0.2586,0.2674,0.2702,0.2650,0.2421,0.2836,0.2630,0.2420,0.2423,0.2420,0.2658,0.2752,0.2429,Finance,Life Insurance,885808260.0000,0.0088,0.0116,0.0063,-0.0165,0.0249,0.0044,-0.0167,-0.0163,-0.0166,0.0072,0.0166,-0.0157,0.0486
BHRB,0.0059,0.0104,0.0136,0.0144,0.0184,0.0158,0.0213,0.0157,0.0162,0.0216,0.0227,0.0233,0.0180,0.0158,0.0224,Finance,Major Banks,1264803323.0000,0.0008,0.0048,0.0021,0.0077,0.0020,0.0026,0.0080,0.0091,0.0097,0.0044,0.0022,0.0088,0.0078
BIIB,0.2040,0.2109,0.1721,0.1749,0.1756,0.1725,0.1743,0.1732,0.1740,0.1744,0.1762,0.1763,0.1765,0.1759,0.1750,Health Care,Biotechnology: Biological Products (No Diagnostic Substances),28606167790.0000,0.0028,0.0035,0.0003,0.0022,0.0011,0.0019,0.0023,0.0041,0.0042,0.0044,0.0037,0.0029,-0.0318
BILL,0.2496,0.2579,0.2604,0.2625,0.2633,0.2633,0.2605,0.2707,0.2634,0.2620,0.2632,0.2636,0.2783,0.2736,0.2617,Technology,EDP Services,3599425714.0000,0.0021,0.0029,0.0029,0.0001,0.0103,0.0029,0.0016,0.0028,0.0032,0.0179,0.0131,0.0013,0.0108
BIO,0.2924,0.3006,0.2862,0.2918,0.2927,0.2877,0.2944,0.2887,0.2874,0.2970,0.2956,0.2964,0.2947,0.2915,0.2966,Industrials,Biotechnology: Laboratory Analytical Instruments,7700382209.0000,0.0056,0.0064,0.0015,0.0082,0.0024,0.0012,0.0107,0.0094,0.0101,0.0084,0.0052,0.0103,-0.0061
BJ,0.1026,0.1007,0.1052,0.1072,0.1077,0.1065,0.0918,0.1122,0.1074,0.0932,0.0937,0.0991,0.1035,0.1183,0.0934,Consumer Discretionary,Department/Specialty Retail Stores,11063271962.0000,0.0019,0.0025,0.0013,-0.0134,0.0070,0.0021,-0.0121,-0.0115,-0.0061,-0.0018,0.0131,-0.0119,0.0027
BJRI,0.1923,0.1919,0.1864,0.1893,0.1918,0.1940,0.2479,0.1951,0.1899,0.2489,0.2496,0.2558,0.1856,0.1879,0.2537,Consumer Discretionary,Restaurants,936514133.0000,0.0029,0.0054,0.0076,0.0615,0.0087,0.0035,0.0625,0.0632,0.0694,-0.0008,0.0015,0.0673,-0.0059
BKD,0.2236,0.2271,0.1572,0.1619,0.1582,0.1633,0.1731,0.1593,0.1609,0.1735,0.1745,0.1806,0.1664,0.1660,0.1789,Health Care,Hospital/Nursing Management,3175904287.0000,0.0047,0.0010,0.0061,0.0159,0.0021,0.0037,0.0163,0.0173,0.0234,0.0092,0.0088,0.0217,-0.0664
BKE,0.1881,0.1883,0.1730,0.1789,0.1741,0.1787,0.2468,0.1787,0.1743,0.2472,0.2527,0.2487,0.1735,0.1738,0.2486,Consumer Discretionary,Clothing/Shoe/Accessory Stores,2541387182.0000,0.0059,0.0011,0.0057,0.0738,0.0057,0.0014,0.0742,0.0797,0.0757,0.0005,0.0008,0.0756,-0.0151
BKH,0.3074,0.3116,0.2372,0.2472,0.2359,0.2411,0.2888,0.2494,0.2394,0.2886,0.2889,0.2891,0.2482,0.2364,0.2905,Utilities,Electric Utilities: Central,5655557886.0000,0.0101,-0.0013,0.0039,0.0516,0.0123,0.0023,0.0515,0.0517,0.0519,0.0110,-0.0008,0.0534,-0.0702
BKKT,0.1116,0.1119,0.1152,0.1173,0.1174,0.1175,0.1156,0.1159,0.1230,0.1169,0.1201,0.1157,0.1482,0.1308,0.1170,Finance,Finance: Consumer Services,1553445087.0000,0.0021,0.0022,0.0023,0.0004,0.0007,0.0078,0.0017,0.0049,0.0005,0.0330,0.0156,0.0018,0.0036
BKNG,0.3158,0.3204,0.3546,0.3602,0.3634,0.3618,0.4183,0.3571,0.3577,0.4213,0.4217,0.4208,0.3707,0.3634,0.4300,Consumer Discretionary,Transportation Services,124801920902.0000,0.0056,0.0089,0.0072,0.0637,0.0026,0.0031,0.0667,0.0671,0.0663,0.0161,0.0089,0.0755,0.0388
BKR,0.3168,0.3203,0.3515,0.3548,0.3558,0.3564,0.3952,0.3578,0.3536,0.3960,0.3959,0.3996,0.3582,0.3715,0.4008,Consumer Discretionary,Oil and Gas Field Machinery,65536058124.0000,0.0033,0.0043,0.0049,0.0437,0.0063,0.0021,0.0446,0.0445,0.0481,0.0067,0.0200,0.0493,0.0347
BKSY,0.0973,0.1016,0.1035,0.1065,0.1075,0.1121,0.1036,0.1050,0.1131,0.1047,0.1051,0.1062,0.1197,0.1171,0.1040,Technology,Radio And Television Broadcasting And Communications Equipment,1776409075.0000,0.0029,0.0040,0.0086,0.0000,0.0015,0.0096,0.0011,0.0016,0.0027,0.0161,0.0135,0.0005,0.0062
BKT,0.0702,0.0774,0.0891,0.0925,0.0939,0.0931,0.1458,0.1061,0.0904,0.1452,0.1458,0.1478,0.0919,0.0945,0.1489,Finance,Investment Bankers/Brokers/Service,1553080197.0000,0.0034,0.0048,0.0039,0.0567,0.0170,0.0013,0.0561,0.0567,0.0587,0.0027,0.0053,0.0598,0.0189
BKTI,0.0235,0.0252,0.0352,0.0364,0.0359,0.0439,0.0550,0.0382,0.0371,0.0547,0.0555,0.0605,0.0369,0.0377,0.0561,Technology,Radio And Television Broadcasting And Communications Equipment,310356572.0000,0.0012,0.0007,0.0088,0.0198,0.0030,0.0019,0.0195,0.0203,0.0253,0.0018,0.0025,0.0209,0.0117
BKU,0.2980,0.3036,0.3440,0.3583,0.3505,0.3590,0.3571,0.3694,0.3454,0.3589,0.3610,0.3594,0.3531,0.3499,0.3627,Finance,Savings Institutions,3359348821.0000,0.0144,0.0065,0.0150,0.0132,0.0254,0.0015,0.0150,0.0170,0.0154,0.0091,0.0060,0.0188,0.0459
BL,0.2269,0.2306,0.2366,0.2390,0.2416,0.2403,0.2947,0.2426,0.2413,0.2964,0.2964,0.2977,0.2451,0.2427,0.2971,Technology,Computer Software: Prepackaged Software,1695300501.0000,0.0024,0.0050,0.0037,0.0581,0.0061,0.0047,0.0598,0.0598,0.0611,0.0085,0.0061,0.0605,0.0097
BLBD,0.1190,0.1209,0.1273,0.1345,0.1345,0.1320,0.1724,0.1341,0.1277,0.1694,0.1715,0.1736,0.1382,0.1367,0.1823,Consumer Discretionary,Construction/Ag Equipment/Trucks,2098168851.0000,0.0072,0.0072,0.0047,0.0451,0.0068,0.0004,0.0421,0.0442,0.0464,0.0109,0.0094,0.0551,0.0083
BLD,0.2920,0.2958,0.3154,0.3202,0.3189,0.3192,0.4089,0.3203,0.3190,0.4098,0.4102,0.4121,0.3224,0.3176,0.4109,Consumer Discretionary,Engineering & Construction,11481157423.0000,0.0047,0.0035,0.0038,0.0935,0.0049,0.0036,0.0943,0.0948,0.0967,0.0070,0.0022,0.0955,0.0234
BLDR,0.2795,0.2824,0.2846,0.2874,0.2878,0.2875,0.4131,0.2864,0.2873,0.4139,0.4141,0.4192,0.2997,0.2934,0.4149,Consumer Discretionary,RETAIL: Building Materials,7975564805.0000,0.0028,0.0032,0.0029,0.1285,0.0018,0.0027,0.1294,0.1296,0.1347,0.0152,0.0088,0.1303,0.0051
BLFS,0.0646,0.0664,0.1323,0.1358,0.1401,0.1318,0.2260,0.1319,0.1338,0.2288,0.2248,0.2232,0.1456,0.1425,0.2290,Health Care,Biotechnology: Electromedical & Electrotherapeutic Apparatus,1170135089.0000,0.0035,0.0078,-0.0005,0.0937,-0.0004,0.0015,0.0965,0.0924,0.0909,0.0133,0.0102,0.0967,0.0677
BLK,0.5584,0.5599,0.5899,0.5913,0.5953,0.5984,0.6168,0.5938,0.5906,0.6183,0.6174,0.6178,0.6037,0.5956,0.6192,Finance,Investment Bankers/Brokers/Service,166566070197.0000,0.0014,0.0055,0.0085,0.0269,0.0039,0.0007,0.0284,0.0275,0.0279,0.0138,0.0057,0.0293,0.0314
BLKB,0.3064,0.3081,0.2784,0.2804,0.2817,0.2819,0.2754,0.2808,0.2811,0.2763,0.2758,0.2769,0.2837,0.2806,0.2772,Technology,Computer Software: Prepackaged Software,1358212374.0000,0.0020,0.0033,0.0036,-0.0029,0.0024,0.0027,-0.0021,-0.0026,-0.0015,0.0053,0.0022,-0.0012,-0.0280
BLMN,0.1764,0.1813,0.2161,0.2178,0.2182,0.2238,0.2976,0.2203,0.2202,0.2993,0.2983,0.3045,0.2204,0.2188,0.3041,Consumer Discretionary,Restaurants,669075653.0000,0.0017,0.0022,0.0077,0.0816,0.0042,0.0041,0.0832,0.0822,0.0884,0.0043,0.0027,0.0880,0.0396
BLW,0.1889,0.1995,0.2379,0.2399,0.2464,0.2494,0.3030,0.2461,0.2397,0.3037,0.3039,0.3045,0.2500,0.2534,0.3121,Consumer Discretionary,Other Consumer Services,444605100.0000,0.0020,0.0085,0.0114,0.0651,0.0081,0.0018,0.0658,0.0660,0.0666,0.0121,0.0154,0.0741,0.0490
BME,0.2675,0.2717,0.2731,0.2749,0.2768,0.2743,0.3466,0.2749,0.2742,0.3487,0.3485,0.3494,0.2802,0.2792,0.3491,Finance,Trusts Except Educational Religious and Charitable,528120843.0000,0.0018,0.0036,0.0012,0.0735,0.0017,0.0011,0.0756,0.0754,0.0763,0.0071,0.0061,0.0760,0.0057
BMI,0.3113,0.3201,0.3134,0.3155,0.3169,0.3157,0.3989,0.3144,0.3161,0.3994,0.4003,0.3993,0.3190,0.3147,0.3998,Industrials,Industrial Machinery/Components,3672712129.0000,0.0021,0.0035,0.0023,0.0854,0.0010,0.0027,0.0859,0.0869,0.0859,0.0056,0.0013,0.0864,0.0022
BMRC,0.1964,0.2036,0.2134,0.2167,0.2234,0.2228,0.2684,0.2293,0.2167,0.2695,0.2729,0.2697,0.2211,0.2241,0.2701,Finance,Major Banks,421579970.0000,0.0034,0.0100,0.0094,0.0550,0.0160,0.0033,0.0561,0.0596,0.0563,0.0078,0.0107,0.0567,0.0169
BMRN,0.2197,0.2288,0.2337,0.2375,0.2386,0.2355,0.2113,0.2352,0.2357,0.2126,0.2140,0.2140,0.2402,0.2425,0.2137,Health Care,Biotechnology: Pharmaceutical Preparations,10454755251.0000,0.0037,0.0048,0.0018,-0.0224,0.0014,0.0020,-0.0212,-0.0197,-0.0197,0.0064,0.0088,-0.0200,0.0141
BNED,0.1112,0.1146,0.1198,0.1217,0.1212,0.1268,0.1485,0.1220,0.1216,0.1491,0.1495,0.1522,0.1242,0.1253,0.1513,Consumer Discretionary,Other Specialty Stores,326842014.0000,0.0019,0.0014,0.0070,0.0287,0.0022,0.0018,0.0293,0.0297,0.0325,0.0044,0.0055,0.0315,0.0086
BMY,0.2420,0.2447,0.2247,0.2270,0.2203,0.2254,0.1922,0.2253,0.2272,0.1925,0.1933,0.1959,0.2262,0.2237,0.1927,Health Care,Biotechnology: Pharmaceutical Preparations,121421556347.0000,0.0022,-0.0044,0.0007,-0.0326,0.0006,0.0025,-0.0322,-0.0314,-0.0288,0.0015,-0.0010,-0.0320,-0.0173
BNL,0.2959,0.2957,0.3010,0.3040,0.3022,0.3016,0.3013,0.3053,0.3030,0.3018,0.3053,0.3028,0.3026,0.3031,0.3041,Real Estate,Real Estate Investment Trusts,3912037722.0000,0.0030,0.0011,0.0006,0.0003,0.0042,0.0020,0.0008,0.0042,0.0018,0.0016,0.0021,0.0031,0.0052
BOC,0.2028,0.2130,0.2164,0.2158,0.2185,0.2172,0.2817,0.2157,0.2188,0.2834,0.2819,0.2817,0.2223,0.2206,0.2816,Finance,Real Estate,380967220.0000,-0.0006,0.0021,0.0007,0.0653,-0.0007,0.0024,0.0670,0.0655,0.0653,0.0059,0.0042,0.0652,0.0137
BNTC,0.0158,0.0218,0.0287,0.0281,0.0294,0.0326,0.0415,0.0292,0.0328,0.0401,0.0425,0.0436,0.0322,0.0332,0.0450,Health Care,Biotechnology: Pharmaceutical Preparations,385799171.0000,-0.0006,0.0007,0.0039,0.0128,0.0005,0.0041,0.0114,0.0138,0.0149,0.0035,0.0045,0.0163,0.0129
BNY,0.4817,0.4820,0.4441,0.4529,0.4430,0.4580,0.4428,0.4689,0.4458,0.4444,0.4486,0.4445,0.4468,0.4446,0.4443,Finance,Major Banks,95509644112.0000,0.0088,-0.0011,0.0139,-0.0013,0.0249,0.0017,0.0003,0.0045,0.0004,0.0027,0.0005,0.0002,-0.0377
BOKF,0.3869,0.3881,0.3754,0.3877,0.3796,0.3952,0.3676,0.4055,0.3780,0.3694,0.3706,0.3684,0.3877,0.3817,0.3713,Finance,Major Banks,7944204790.0000,0.0123,0.0042,0.0197,-0.0079,0.0300,0.0026,-0.0060,-0.0048,-0.0070,0.0123,0.0063,-0.0041,-0.0115
BOH,0.3955,0.3999,0.3669,0.3784,0.3688,0.3839,0.3458,0.3998,0.3692,0.3459,0.3491,0.3470,0.3708,0.3693,0.3498,Finance,Major Banks,3082118912.0000,0.0115,0.0019,0.0170,-0.0212,0.0329,0.0023,-0.0210,-0.0179,-0.0200,0.0038,0.0024,-0.0172,-0.0285
BOOT,0.2001,0.2012,0.2314,0.2416,0.2350,0.2366,0.3157,0.2375,0.2331,0.3164,0.3223,0.3170,0.2379,0.2342,0.3204,Consumer Discretionary,Clothing/Shoe/Accessory Stores,4693236699.0000,0.0102,0.0036,0.0052,0.0843,0.0061,0.0017,0.0850,0.0909,0.0856,0.0065,0.0028,0.0890,0.0314
BOX,0.2154,0.2244,0.2358,0.2369,0.2375,0.2380,0.2427,0.2379,0.2379,0.2436,0.2436,0.2440,0.2406,0.2401,0.2441,Technology,Computer Software: Prepackaged Software,3600945221.0000,0.0011,0.0017,0.0022,0.0069,0.0021,0.0021,0.0078,0.0078,0.0082,0.0048,0.0043,0.0083,0.0204
BRBR,0.1522,0.1505,0.1586,0.1612,0.1624,0.1596,0.1587,0.1581,0.1670,0.1596,0.1598,0.1686,0.1597,0.1586,0.1592,Consumer Staples,Packaged Foods,1036035644.0000,0.0026,0.0037,0.0010,0.0001,-0.0005,0.0084,0.0010,0.0012,0.0100,0.0011,-0.0000,0.0006,0.0064
BPOP,0.2940,0.2978,0.3366,0.3436,0.3405,0.3500,0.3862,0.3627,0.3386,0.3880,0.3914,0.3902,0.3436,0.3457,0.3921,Finance,Major Banks,9712925205.0000,0.0070,0.0039,0.0134,0.0496,0.0260,0.0020,0.0514,0.0548,0.0536,0.0069,0.0090,0.0555,0.0427
BPOPM,0.0240,0.0309,0.0434,0.0466,0.0491,0.0444,0.0579,0.0540,0.0443,0.0588,0.0583,0.0554,0.0451,0.0496,0.0616,Finance,Major Banks,1626350267.0000,0.0031,0.0057,0.0010,0.0145,0.0106,0.0009,0.0154,0.0149,0.0120,0.0017,0.0062,0.0181,0.0194
BR,0.3828,0.3850,0.4197,0.4214,0.4303,0.4212,0.4660,0.4233,0.4229,0.4665,0.4681,0.4672,0.4298,0.4295,0.4663,Consumer Discretionary,Business Services,17405417116.0000,0.0017,0.0106,0.0015,0.0463,0.0036,0.0031,0.0468,0.0484,0.0475,0.0101,0.0098,0.0466,0.0369
BRBS,0.0441,0.0470,0.0650,0.0676,0.0685,0.0671,0.1259,0.0660,0.0667,0.1262,0.1263,0.1288,0.0673,0.0685,0.1267,Finance,Major Banks,294910412.0000,0.0026,0.0035,0.0021,0.0609,0.0010,0.0017,0.0611,0.0612,0.0638,0.0023,0.0035,0.0617,0.0209
BRC,0.3489,0.3517,0.3111,0.3136,0.3109,0.3167,0.3677,0.3165,0.3132,0.3706,0.3697,0.3683,0.3160,0.3134,0.3708,Consumer Discretionary,Miscellaneous manufacturing industries,4123311381.0000,0.0025,-0.0003,0.0056,0.0566,0.0054,0.0021,0.0595,0.0585,0.0572,0.0049,0.0023,0.0597,-0.0378
BRKR,0.2934,0.2959,0.3341,0.3368,0.3453,0.3370,0.3858,0.3371,0.3374,0.3882,0.3888,0.3911,0.3540,0.3478,0.3863,Industrials,Biotechnology: Laboratory Analytical Instruments,7081293161.0000,0.0026,0.0112,0.0029,0.0516,0.0030,0.0033,0.0540,0.0547,0.0569,0.0198,0.0137,0.0522,0.0407
BRSP,0.2640,0.2705,0.2735,0.2756,0.2757,0.2965,0.3067,0.2804,0.2754,0.3103,0.3125,0.3093,0.2784,0.2773,0.3120,Real Estate,Real Estate Investment Trusts,738676629.0000,0.0021,0.0022,0.0230,0.0332,0.0069,0.0019,0.0368,0.0390,0.0358,0.0049,0.0038,0.0385,0.0094
BRO,0.3767,0.3769,0.4208,0.4236,0.4312,0.4237,0.4587,0.4224,0.4227,0.4590,0.4599,0.4596,0.4314,0.4296,0.4600,Finance,Specialty Insurers,19597964167.0000,0.0029,0.0105,0.0030,0.0379,0.0017,0.0019,0.0382,0.0391,0.0389,0.0106,0.0088,0.0393,0.0441
BRSL,0.2746,0.2764,0.2440,0.2463,0.2464,0.2500,0.3237,0.2468,0.2467,0.3242,0.3288,0.3294,0.2595,0.2548,0.3314,Consumer Discretionary,Services-Misc. Amusement & Recreation,2066400000.0000,0.0023,0.0024,0.0060,0.0798,0.0028,0.0027,0.0803,0.0848,0.0854,0.0155,0.0109,0.0874,-0.0306
BRT,0.0811,0.0840,0.1328,0.1343,0.1346,0.1344,0.2286,0.1406,0.1339,0.2298,0.2294,0.2289,0.1320,0.1334,0.2313,Real Estate,Real Estate Investment Trusts,273488310.0000,0.0015,0.0018,0.0016,0.0958,0.0078,0.0011,0.0970,0.0966,0.0961,-0.0008,0.0006,0.0985,0.0517
BSM,0.1197,0.1221,0.2199,0.2230,0.2267,0.2268,0.2547,0.2172,0.2341,0.2568,0.2485,0.2532,0.2322,0.2356,0.2609,Energy,Oil & Gas Production,2936740754.0000,0.0030,0.0068,0.0069,0.0348,-0.0027,0.0142,0.0369,0.0286,0.0333,0.0123,0.0156,0.0410,0.1002
BRX,0.2351,0.2417,0.2792,0.2850,0.2818,0.2868,0.3944,0.2902,0.2837,0.3960,0.3962,0.3963,0.2856,0.2872,0.4047,Real Estate,Real Estate Investment Trusts,9462841268.0000,0.0058,0.0026,0.0076,0.1152,0.0110,0.0045,0.1168,0.1170,0.1171,0.0064,0.0080,0.1255,0.0441
BSTZ,0.5295,0.5318,0.5347,0.5365,0.5388,0.5382,0.5347,0.5414,0.5373,0.5357,0.5354,0.5378,0.5801,0.5566,0.5384,Finance,Trusts Except Educational Religious and Charitable,635929721.0000,0.0018,0.0041,0.0035,0.0000,0.0067,0.0026,0.0010,0.0007,0.0031,0.0454,0.0219,0.0038,0.0051
BSRR,0.2525,0.2543,0.2499,0.2528,0.2545,0.2605,0.2754,0.2681,0.2536,0.2766,0.2795,0.2776,0.2530,0.2579,0.2794,Finance,Major Banks,499494037.0000,0.0029,0.0046,0.0106,0.0255,0.0182,0.0037,0.0267,0.0296,0.0277,0.0031,0.0080,0.0295,-0.0026
BST,0.4991,0.5176,0.5476,0.5490,0.5490,0.5503,0.5991,0.5524,0.5495,0.6003,0.5995,0.6020,0.5683,0.5574,0.6010,Finance,Finance Companies,1030117517.0000,0.0014,0.0014,0.0027,0.0516,0.0049,0.0019,0.0527,0.0520,0.0545,0.0207,0.0099,0.0535,0.0485
BSVN,0.1528,0.1557,0.1692,0.1708,0.1711,0.1738,0.1647,0.1749,0.1715,0.1655,0.1677,0.1700,0.1797,0.1760,0.1676,Finance,Major Banks,416851680.0000,0.0015,0.0018,0.0046,-0.0046,0.0056,0.0023,-0.0038,-0.0016,0.0007,0.0104,0.0068,-0.0017,0.0165
BSY,0.3385,0.3400,0.3436,0.3451,0.3445,0.3501,0.3437,0.3440,0.3469,0.3446,0.3442,0.3480,0.3590,0.3613,0.3450,Technology,Computer Software: Prepackaged Software,10073897710.0000,0.0015,0.0009,0.0065,0.0001,0.0004,0.0033,0.0010,0.0006,0.0044,0.0154,0.0177,0.0014,0.0051
BTBT,0.1115,0.1143,0.1198,0.1219,0.1237,0.1228,0.1450,0.1225,0.1236,0.1456,0.1461,0.1550,0.1564,0.1303,0.1474,Finance,Finance: Consumer Services,694888936.0000,0.0020,0.0039,0.0029,0.0251,0.0026,0.0038,0.0258,0.0262,0.0352,0.0366,0.0105,0.0276,0.0083
BSX,0.3139,0.3184,0.3605,0.3630,0.3690,0.3635,0.4102,0.3631,0.3628,0.4108,0.4106,0.4124,0.3693,0.3693,0.4119,Health Care,Medical/Dental Instruments,85881602243.0000,0.0025,0.0085,0.0030,0.0497,0.0026,0.0023,0.0503,0.0501,0.0519,0.0088,0.0088,0.0514,0.0466
BTU,0.1008,0.1073,0.1383,0.1485,0.1660,0.1403,0.1241,0.1390,0.1553,0.1245,0.1248,0.1391,0.1590,0.1731,0.1305,Energy,Coal Mining,2991025412.0000,0.0102,0.0277,0.0020,-0.0142,0.0007,0.0170,-0.0138,-0.0135,0.0008,0.0207,0.0348,-0.0078,0.0375
BTZ,0.2265,0.2359,0.2146,0.2188,0.2103,0.2240,0.2845,0.2402,0.2174,0.2868,0.2872,0.2856,0.2221,0.2165,0.2885,Finance,Finance Companies,1087838100.0000,0.0042,-0.0043,0.0094,0.0699,0.0256,0.0028,0.0722,0.0726,0.0710,0.0075,0.0019,0.0739,-0.0119
BURL,0.1883,0.1911,0.2183,0.2236,0.2224,0.2220,0.2692,0.2223,0.2223,0.2702,0.2728,0.2732,0.2243,0.2235,0.2724,Consumer Discretionary,Department/Specialty Retail Stores,20389051242.0000,0.0053,0.0041,0.0036,0.0509,0.0040,0.0039,0.0519,0.0545,0.0549,0.0059,0.0051,0.0541,0.0300
BUSE,0.3235,0.3333,0.3200,0.3273,0.3237,0.3334,0.3416,0.3449,0.3223,0.3417,0.3470,0.3430,0.3225,0.3266,0.3440,Finance,Major Banks,2290349493.0000,0.0073,0.0037,0.0134,0.0216,0.0249,0.0023,0.0217,0.0271,0.0230,0.0025,0.0066,0.0240,-0.0036
BV,0.2664,0.2648,0.2726,0.2771,0.2782,0.2761,0.2769,0.2813,0.2746,0.2773,0.2782,0.2777,0.2777,0.2795,0.2814,Consumer Discretionary,Business Services,1173388000.0000,0.0045,0.0056,0.0035,0.0043,0.0088,0.0020,0.0047,0.0056,0.0052,0.0051,0.0070,0.0088,0.0061
BW,0.0963,0.1136,0.1283,0.1291,0.1341,0.1305,0.1784,0.1327,0.1293,0.1810,0.1791,0.1871,0.1353,0.1468,0.1819,Industrials,Building Products,2593486019.0000,0.0009,0.0058,0.0023,0.0501,0.0044,0.0010,0.0528,0.0508,0.0589,0.0071,0.0186,0.0537,0.0320
BWA,0.3978,0.3991,0.3694,0.3722,0.3790,0.3795,0.3745,0.3793,0.3706,0.3781,0.3788,0.3793,0.3938,0.3772,0.3814,Consumer Discretionary,Auto Parts:O.E.M.,13500665417.0000,0.0028,0.0096,0.0101,0.0051,0.0099,0.0012,0.0087,0.0094,0.0099,0.0244,0.0078,0.0120,-0.0284
BWB,0.2235,0.2358,0.2392,0.2471,0.2427,0.2460,0.2396,0.2514,0.2415,0.2408,0.2445,0.2407,0.2455,0.2509,0.2433,Finance,Major Banks,521976630.0000,0.0079,0.0035,0.0068,0.0004,0.0122,0.0023,0.0016,0.0053,0.0015,0.0063,0.0117,0.0041,0.0157
BWIN,0.2778,0.2826,0.2882,0.2921,0.2898,0.2930,0.2882,0.2909,0.2930,0.2891,0.2885,0.2917,0.2911,0.2936,0.2892,Finance,Specialty Insurers,2802879508.0000,0.0039,0.0016,0.0049,0.0000,0.0027,0.0048,0.0009,0.0003,0.0035,0.0029,0.0054,0.0010,0.0104
BWFG,0.0934,0.1091,0.1668,0.1710,0.1698,0.1723,0.2351,0.1768,0.1682,0.2357,0.2376,0.2354,0.1709,0.1737,0.2441,Finance,Major Banks,415322946.0000,0.0042,0.0030,0.0055,0.0683,0.0100,0.0014,0.0689,0.0708,0.0686,0.0041,0.0069,0.0773,0.0734
BWXT,0.2463,0.2507,0.2357,0.2360,0.2419,0.2379,0.2559,0.2395,0.2390,0.2566,0.2553,0.2614,0.2401,0.2480,0.2579,Industrials,Industrial Machinery/Components,18589528429.0000,0.0003,0.0062,0.0022,0.0202,0.0038,0.0033,0.0209,0.0197,0.0257,0.0045,0.0123,0.0222,-0.0106
BX,0.4026,0.4082,0.4392,0.4415,0.4445,0.4477,0.5249,0.4418,0.4413,0.5259,0.5258,0.5286,0.4616,0.4512,0.5283,Finance,Investment Managers,88038685928.0000,0.0022,0.0052,0.0085,0.0857,0.0026,0.0020,0.0867,0.0865,0.0894,0.0224,0.0120,0.0890,0.0366
BXC,0.1171,0.1195,0.1468,0.1471,0.1527,0.1493,0.2491,0.1522,0.1478,0.2505,0.2502,0.2527,0.1546,0.1552,0.2508,Consumer Discretionary,Wholesale Distributors,380169996.0000,0.0002,0.0059,0.0025,0.1023,0.0054,0.0009,0.1036,0.1033,0.1059,0.0078,0.0083,0.1039,0.0297
BXMT,0.2146,0.2207,0.2934,0.3023,0.2931,0.3049,0.3790,0.2986,0.2970,0.3815,0.3828,0.3805,0.2951,0.3015,0.3851,Real Estate,Real Estate Investment Trusts,3027869184.0000,0.0089,-0.0003,0.0115,0.0856,0.0052,0.0036,0.0881,0.0894,0.0870,0.0017,0.0081,0.0917,0.0789
BY,0.2636,0.2713,0.2802,0.2893,0.2850,0.2955,0.3011,0.2976,0.2831,0.3023,0.3042,0.3037,0.2836,0.2849,0.3087,Finance,Major Banks,1506225121.0000,0.0092,0.0049,0.0153,0.0210,0.0174,0.0030,0.0222,0.0241,0.0236,0.0034,0.0047,0.0285,0.0165
BXP,0.3888,0.3929,0.3378,0.3426,0.3325,0.3440,0.3686,0.3488,0.3417,0.3697,0.3705,0.3715,0.3359,0.3347,0.3732,Real Estate,Real Estate Investment Trusts,9614891903.0000,0.0048,-0.0053,0.0062,0.0308,0.0110,0.0039,0.0319,0.0327,0.0336,-0.0020,-0.0031,0.0353,-0.0510
BYD,0.3231,0.3260,0.3434,0.3456,0.3479,0.3512,0.3786,0.3500,0.3456,0.3795,0.3809,0.3906,0.3586,0.3544,0.3818,Consumer Discretionary,Hotels/Resorts,5895124672.0000,0.0022,0.0044,0.0077,0.0351,0.0065,0.0022,0.0361,0.0375,0.0472,0.0152,0.0109,0.0384,0.0203
BYND,0.1702,0.1692,0.1706,0.1755,0.1744,0.1738,0.1725,0.1743,0.1729,0.1730,0.1732,0.1796,0.1962,0.1787,0.1744,Consumer Staples,Packaged Foods,394700738.0000,0.0049,0.0038,0.0032,0.0019,0.0037,0.0023,0.0024,0.0026,0.0090,0.0256,0.0081,0.0038,0.0004
BZH,0.2751,0.2800,0.2737,0.2753,0.2785,0.2822,0.3529,0.2774,0.2764,0.3555,0.3541,0.3556,0.2809,0.2770,0.3541,Consumer Discretionary,Homebuilding,665851977.0000,0.0016,0.0048,0.0085,0.0792,0.0036,0.0026,0.0818,0.0803,0.0819,0.0071,0.0032,0.0803,-0.0013
C,0.4853,0.4884,0.5049,0.5158,0.5071,0.5233,0.4537,0.5313,0.5069,0.4578,0.4567,0.4596,0.5082,0.5079,0.4659,Finance,Major Banks,213350621301.0000,0.0109,0.0022,0.0184,-0.0512,0.0264,0.0019,-0.0471,-0.0482,-0.0453,0.0032,0.0030,-0.0390,0.0197
CABA,0.0536,0.0604,0.0620,0.0664,0.0664,0.0625,0.0620,0.0626,0.0639,0.0634,0.0624,0.0632,0.0704,0.0637,0.0637,Health Care,Biotechnology: Biological Products (No Diagnostic Substances),595150005.0000,0.0044,0.0044,0.0005,0.0001,0.0006,0.0019,0.0014,0.0004,0.0012,0.0085,0.0017,0.0017,0.0084
CABO,0.2124,0.2135,0.2430,0.2478,0.2484,0.2438,0.2846,0.2463,0.2449,0.2854,0.2865,0.2878,0.2446,0.2474,0.2853,Telecommunications,Cable & Other Pay Television Services,296576755.0000,0.0048,0.0054,0.0008,0.0416,0.0033,0.0018,0.0424,0.0435,0.0448,0.0016,0.0043,0.0423,0.0307
CAC,0.2766,0.2805,0.2396,0.2485,0.2481,0.2488,0.2606,0.2593,0.2429,0.2619,0.2662,0.2620,0.2493,0.2476,0.2633,Finance,Major Banks,834232018.0000,0.0089,0.0086,0.0093,0.0211,0.0198,0.0034,0.0224,0.0266,0.0224,0.0098,0.0080,0.0238,-0.0371
CACC,0.2263,0.2287,0.2244,0.2256,0.2252,0.2327,0.2672,0.2312,0.2283,0.2701,0.2693,0.2685,0.2259,0.2263,0.2718,Finance,Finance: Consumer Services,5698646681.0000,0.0012,0.0008,0.0082,0.0427,0.0067,0.0038,0.0457,0.0449,0.0440,0.0015,0.0018,0.0473,-0.0019
CACI,0.2805,0.2846,0.2859,0.2876,0.2864,0.2872,0.2735,0.2905,0.2911,0.2751,0.2748,0.2803,0.2863,0.2853,0.2780,Technology,EDP Services,11075475762.0000,0.0018,0.0005,0.0013,-0.0124,0.0046,0.0052,-0.0108,-0.0111,-0.0056,0.0004,-0.0006,-0.0079,0.0054
CAG,0.1726,0.1749,0.1321,0.1338,0.1350,0.1326,0.1077,0.1353,0.1345,0.1078,0.1107,0.1161,0.1476,0.1362,0.1079,Consumer Staples,Packaged Foods,6487607835.0000,0.0016,0.0029,0.0005,-0.0245,0.0031,0.0024,-0.0244,-0.0215,-0.0161,0.0154,0.0041,-0.0243,-0.0405
CAH,0.2825,0.2853,0.2496,0.2512,0.2529,0.2518,0.2360,0.2548,0.2527,0.2369,0.2382,0.2416,0.2545,0.2561,0.2364,Health Care,Other Pharmaceuticals,47000430981.0000,0.0016,0.0033,0.0022,-0.0137,0.0052,0.0030,-0.0127,-0.0115,-0.0081,0.0049,0.0065,-0.0133,-0.0328
CAKE,0.2552,0.2557,0.2188,0.2217,0.2196,0.2287,0.2665,0.2285,0.2221,0.2673,0.2686,0.2745,0.2196,0.2182,0.2715,Consumer Discretionary,Restaurants,3037763094.0000,0.0029,0.0008,0.0100,0.0478,0.0098,0.0033,0.0485,0.0498,0.0557,0.0008,-0.0006,0.0527,-0.0365
CAL,0.2252,0.2271,0.1850,0.1938,0.1754,0.1876,0.2000,0.1866,0.1869,0.1929,0.1958,0.2107,0.1789,0.1766,0.2063,Consumer Discretionary,Shoe Manufacturing,456870227.0000,0.0088,-0.0096,0.0027,0.0151,0.0016,0.0019,0.0079,0.0108,0.0257,-0.0060,-0.0084,0.0213,-0.0402
CALM,0.1246,0.1266,0.0794,0.0801,0.0766,0.0811,0.0527,0.0835,0.0799,0.0530,0.0562,0.0576,0.0763,0.0775,0.0524,Consumer Staples,Farming/Seeds/Milling,3648471042.0000,0.0007,-0.0028,0.0017,-0.0267,0.0040,0.0005,-0.0264,-0.0232,-0.0218,-0.0032,-0.0019,-0.0270,-0.0452
CALX,0.1706,0.1743,0.1880,0.1904,0.1939,0.1916,0.2850,0.1894,0.1892,0.2889,0.2881,0.2906,0.2002,0.2120,0.2868,Consumer Discretionary,Telecommunications Equipment,2502179590.0000,0.0024,0.0059,0.0035,0.0970,0.0014,0.0012,0.1009,0.1001,0.1026,0.0122,0.0240,0.0988,0.0174
CALY,0.2555,0.2589,0.2582,0.2601,0.2687,0.2612,0.3447,0.2658,0.2610,0.3470,0.3451,0.3483,0.2717,0.2726,0.3515,Consumer Discretionary,Recreational Games/Products/Toys,2764671319.0000,0.0019,0.0105,0.0030,0.0865,0.0076,0.0028,0.0888,0.0869,0.0901,0.0135,0.0144,0.0933,0.0027
CAPL,0.0657,0.0676,0.1128,0.1147,0.1125,0.1170,0.1490,0.1170,0.1154,0.1516,0.1531,0.1495,0.1156,0.1245,0.1521,Energy,Oil Refining/Marketing,865721770.0000,0.0018,-0.0004,0.0042,0.0362,0.0042,0.0026,0.0387,0.0403,0.0367,0.0028,0.0116,0.0393,0.0471
CAPR,0.0181,0.0216,0.0342,0.0347,0.0363,0.0342,0.0486,0.0345,0.0360,0.0481,0.0490,0.0475,0.0417,0.0409,0.0484,Health Care,Biotechnology: Pharmaceutical Preparations,1671916351.0000,0.0004,0.0021,-0.0000,0.0144,0.0002,0.0018,0.0139,0.0148,0.0133,0.0075,0.0067,0.0141,0.0162
CAR,0.2666,0.2684,0.2379,0.2420,0.2432,0.2463,0.2388,0.2477,0.2430,0.2401,0.2415,0.2450,0.2544,0.2451,0.2460,Consumer Discretionary,Rental/Leasing Companies,5901038911.0000,0.0041,0.0053,0.0084,0.0009,0.0098,0.0051,0.0022,0.0036,0.0071,0.0165,0.0072,0.0081,-0.0287
CARE,0.0792,0.0851,0.1644,0.1678,0.1705,0.1700,0.2914,0.1725,0.1675,0.2920,0.2927,0.2933,0.1700,0.1728,0.2930,Finance,Major Banks,609771954.0000,0.0034,0.0061,0.0056,0.1270,0.0080,0.0031,0.1275,0.1283,0.1289,0.0056,0.0084,0.1286,0.0852
CARR,0.3995,0.3962,0.3980,0.3993,0.4067,0.4029,0.3981,0.4022,0.3990,0.3995,0.3986,0.3987,0.4017,0.3991,0.3989,Industrials,Industrial Machinery/Components,52775182709.0000,0.0013,0.0087,0.0048,0.0000,0.0042,0.0010,0.0014,0.0005,0.0006,0.0036,0.0010,0.0008,-0.0014
CARG,0.2423,0.2432,0.2482,0.2490,0.2513,0.2515,0.2605,0.2490,0.2532,0.2617,0.2622,0.2693,0.2662,0.2581,0.2630,Technology,EDP Services,2546883648.0000,0.0008,0.0031,0.0033,0.0122,0.0008,0.0050,0.0135,0.0140,0.0211,0.0180,0.0099,0.0148,0.0059
CARS,0.2242,0.2293,0.2358,0.2407,0.2396,0.2378,0.2769,0.2419,0.2364,0.2785,0.2799,0.2793,0.2519,0.2419,0.2787,Technology,EDP Services,539464211.0000,0.0049,0.0038,0.0020,0.0411,0.0062,0.0006,0.0427,0.0441,0.0435,0.0161,0.0061,0.0429,0.0116
CASH,0.1277,0.1334,0.2122,0.2207,0.2204,0.2206,0.3133,0.2217,0.2143,0.3140,0.3180,0.3161,0.2212,0.2236,0.3159,Finance,Major Banks,1746644213.0000,0.0085,0.0081,0.0083,0.1011,0.0095,0.0021,0.1017,0.1058,0.1039,0.0090,0.0114,0.1036,0.0845
CASS,0.2694,0.2755,0.2611,0.2643,0.2663,0.2673,0.2901,0.2708,0.2642,0.2909,0.2932,0.2922,0.2669,0.2676,0.2919,Consumer Discretionary,Business Services,587181817.0000,0.0031,0.0052,0.0062,0.0290,0.0097,0.0031,0.0298,0.0321,0.0310,0.0058,0.0064,0.0308,-0.0083
CASY,0.2053,0.2095,0.2108,0.2142,0.2077,0.2141,0.2624,0.2136,0.2147,0.2626,0.2648,0.2633,0.2080,0.2095,0.2640,Consumer Discretionary,Retail-Auto Dealers and Gas Stations,30491938931.0000,0.0034,-0.0031,0.0033,0.0515,0.0028,0.0039,0.0518,0.0539,0.0525,-0.0028,-0.0013,0.0532,0.0055
CAT,0.4522,0.4545,0.4370,0.4411,0.4558,0.4467,0.4068,0.4503,0.4397,0.4081,0.4080,0.4140,0.4562,0.4498,0.4116,Industrials,Construction/Ag Equipment/Trucks,405309912807.0000,0.0041,0.0188,0.0097,-0.0301,0.0133,0.0027,-0.0289,-0.0290,-0.0229,0.0192,0.0129,-0.0253,-0.0152
CATX,0.0286,0.0312,0.0335,0.0326,0.0360,0.0338,0.0528,0.0343,0.0390,0.0542,0.0517,0.0523,0.0381,0.0391,0.0535,Health Care,Medical/Dental Instruments,453903864.0000,-0.0009,0.0025,0.0003,0.0193,0.0008,0.0056,0.0207,0.0183,0.0188,0.0047,0.0056,0.0200,0.0049
CATY,0.4258,0.4293,0.4192,0.4261,0.4243,0.4329,0.4268,0.4513,0.4208,0.4279,0.4306,0.4281,0.4264,0.4275,0.4300,Finance,Major Banks,3839121653.0000,0.0069,0.0051,0.0137,0.0076,0.0321,0.0016,0.0087,0.0114,0.0089,0.0072,0.0082,0.0108,-0.0065
CBAN,0.0448,0.0488,0.0890,0.0924,0.0945,0.0920,0.1647,0.0916,0.0914,0.1657,0.1655,0.1670,0.0908,0.0957,0.1735,Finance,Major Banks,418961446.0000,0.0034,0.0055,0.0030,0.0757,0.0025,0.0023,0.0767,0.0765,0.0780,0.0018,0.0066,0.0845,0.0442
CBNK,0.2396,0.2487,0.2581,0.2632,0.2618,0.2649,0.2646,0.2648,0.2621,0.2647,0.2651,0.2669,0.2590,0.2658,0.2647,Finance,Major Banks,512585091.0000,0.0052,0.0037,0.0069,0.0065,0.0067,0.0041,0.0066,0.0071,0.0088,0.0009,0.0077,0.0066,0.0184
CBIO,0.0911,0.1018,0.1042,0.1051,0.1065,0.1095,0.1052,0.1058,0.1074,0.1053,0.1052,0.1072,0.1112,0.1167,0.1096,Health Care,Biotechnology: Pharmaceutical Preparations,571841932.0000,0.0009,0.0023,0.0052,0.0010,0.0016,0.0032,0.0010,0.0010,0.0030,0.0069,0.0125,0.0053,0.0131
CBRE,0.4424,0.4463,0.4529,0.4614,0.4573,0.4593,0.4740,0.4556,0.4561,0.4774,0.4766,0.4745,0.4679,0.4571,0.4795,Finance,Real Estate,38379469010.0000,0.0085,0.0044,0.0064,0.0211,0.0027,0.0032,0.0245,0.0237,0.0216,0.0150,0.0042,0.0266,0.0105
CBRL,0.2435,0.2479,0.2172,0.2216,0.2202,0.2237,0.2822,0.2243,0.2229,0.2827,0.2845,0.2956,0.2128,0.2141,0.2844,Consumer Discretionary,Restaurants,723949635.0000,0.0044,0.0030,0.0065,0.0650,0.0071,0.0057,0.0655,0.0673,0.0784,-0.0045,-0.0031,0.0672,-0.0263
CBSH,0.4277,0.4339,0.4188,0.4307,0.4187,0.4340,0.3988,0.4536,0.4212,0.3992,0.4046,0.4007,0.4183,0.4179,0.4009,Finance,Major Banks,7634349764.0000,0.0119,-0.0000,0.0153,-0.0199,0.0348,0.0024,-0.0196,-0.0141,-0.0181,-0.0005,-0.0008,-0.0178,-0.0090
CBT,0.4086,0.4130,0.3982,0.4000,0.4113,0.4067,0.4352,0.4079,0.4005,0.4376,0.4363,0.4448,0.4334,0.4138,0.4408,Industrials,Major Chemicals,4305742392.0000,0.0018,0.0131,0.0085,0.0370,0.0097,0.0023,0.0394,0.0381,0.0465,0.0352,0.0156,0.0426,-0.0104
CBU,0.3819,0.3877,0.3475,0.3536,0.3472,0.3611,0.3156,0.3813,0.3501,0.3162,0.3186,0.3179,0.3490,0.3495,0.3177,Finance,Major Banks,3332508048.0000,0.0061,-0.0003,0.0135,-0.0319,0.0338,0.0026,-0.0313,-0.0290,-0.0296,0.0015,0.0020,-0.0299,-0.0343
CCAP,0.0840,0.0990,0.0997,0.1020,0.1000,0.1019,0.0999,0.1001,0.1132,0.0997,0.1011,0.1025,0.1001,0.1075,0.0996,Finance,Finance: Consumer Services,418938474.0000,0.0023,0.0003,0.0022,0.0002,0.0004,0.0135,-0.0000,0.0013,0.0028,0.0004,0.0078,-0.0001,0.0157
CBZ,0.2570,0.2635,0.2967,0.3006,0.2996,0.3007,0.3840,0.3020,0.2975,0.3848,0.3861,0.3851,0.3026,0.3001,0.3848,Consumer Discretionary,Business Services,1729098632.0000,0.0038,0.0028,0.0040,0.0872,0.0053,0.0008,0.0880,0.0894,0.0884,0.0059,0.0034,0.0880,0.0397
CC,0.2838,0.2916,0.3256,0.3290,0.3442,0.3377,0.3667,0.3362,0.3277,0.3709,0.3679,0.3710,0.3633,0.3363,0.3772,Industrials,Major Chemicals,3213571641.0000,0.0034,0.0186,0.0121,0.0411,0.0106,0.0021,0.0453,0.0423,0.0454,0.0377,0.0107,0.0517,0.0418
CCB,0.2312,0.2520,0.2549,0.2624,0.2597,0.2636,0.2783,0.2604,0.2621,0.2788,0.2811,0.2801,0.2624,0.2586,0.2800,Finance,Major Banks,1062231965.0000,0.0075,0.0049,0.0088,0.0234,0.0056,0.0073,0.0239,0.0262,0.0253,0.0076,0.0037,0.0251,0.0236
CCC,0.2072,0.2143,0.2164,0.2219,0.2185,0.2184,0.2166,0.2184,0.2218,0.2165,0.2194,0.2209,0.2359,0.2345,0.2171,Technology,Computer Software: Prepackaged Software,2676448844.0000,0.0055,0.0021,0.0020,0.0002,0.0020,0.0054,0.0001,0.0030,0.0045,0.0195,0.0181,0.0007,0.0092
CCCC,0.1489,0.1491,0.1499,0.1549,0.1521,0.1540,0.1500,0.1506,0.1512,0.1515,0.1507,0.1576,0.1589,0.1623,0.1513,Health Care,Biotechnology: Biological Products (No Diagnostic Substances),393619310.0000,0.0050,0.0022,0.0041,0.0001,0.0007,0.0013,0.0016,0.0008,0.0077,0.0091,0.0124,0.0014,0.0010
CCBG,0.2320,0.2376,0.2268,0.2320,0.2236,0.2355,0.2399,0.2437,0.2282,0.2417,0.2423,0.2407,0.2252,0.2263,0.2413,Finance,Major Banks,793676392.0000,0.0052,-0.0032,0.0087,0.0131,0.0169,0.0014,0.0149,0.0155,0.0139,-0.0016,-0.0005,0.0145,-0.0052
CCI,0.2981,0.3020,0.2691,0.2771,0.2676,0.2722,0.3282,0.2800,0.2711,0.3282,0.3329,0.3296,0.2680,0.2704,0.3288,Real Estate,Real Estate Investment Trusts,39917898365.0000,0.0080,-0.0015,0.0031,0.0591,0.0109,0.0020,0.0591,0.0638,0.0604,-0.0011,0.0013,0.0597,-0.0290
CCK,0.3459,0.3520,0.3417,0.3450,0.3443,0.3448,0.3638,0.3425,0.3431,0.3656,0.3661,0.3669,0.3530,0.3460,0.3652,Industrials,Containers/Packaging,10807015330.0000,0.0033,0.0026,0.0031,0.0222,0.0008,0.0014,0.0239,0.0244,0.0253,0.0113,0.0044,0.0235,-0.0043
CCL,0.3558,0.3638,0.3289,0.3368,0.3277,0.3396,0.3102,0.3371,0.3330,0.3116,0.3129,0.3206,0.3399,0.3356,0.3247,Consumer Discretionary,Marine Transportation,37099851757.0000,0.0079,-0.0012,0.0108,-0.0187,0.0082,0.0041,-0.0172,-0.0159,-0.0083,0.0110,0.0067,-0.0042,-0.0269
CCNEP,0.0028,0.0037,0.0049,0.0054,0.0075,0.0051,0.0049,0.0059,0.0084,0.0056,0.0051,0.0052,0.0063,0.0075,0.0052,Finance,Major Banks,732429201.0000,0.0005,0.0026,0.0002,0.0000,0.0010,0.0035,0.0007,0.0002,0.0003,0.0014,0.0026,0.0003,0.0021
CCNE,0.2343,0.2489,0.2741,0.2828,0.2862,0.2851,0.3017,0.2905,0.2781,0.3018,0.3059,0.3023,0.2863,0.2885,0.3029,Finance,Major Banks,908129248.0000,0.0087,0.0121,0.0110,0.0277,0.0164,0.0040,0.0278,0.0319,0.0283,0.0122,0.0144,0.0288,0.0398
CCO,0.1760,0.1771,0.1572,0.1606,0.1687,0.1661,0.2121,0.1587,0.1600,0.2132,0.2141,0.2235,0.1663,0.1725,0.2191,Consumer Discretionary,Advertising,1221560414.0000,0.0034,0.0115,0.0089,0.0549,0.0015,0.0028,0.0560,0.0569,0.0662,0.0091,0.0152,0.0619,-0.0187
CCOI,0.2219,0.2209,0.1976,0.2002,0.1984,0.2010,0.2228,0.2006,0.2029,0.2246,0.2263,0.2279,0.2018,0.1996,0.2237,Consumer Discretionary,Telecommunications Equipment,909410360.0000,0.0026,0.0008,0.0034,0.0252,0.0029,0.0053,0.0270,0.0287,0.0303,0.0042,0.0020,0.0261,-0.0243
CCRN,0.1852,0.1857,0.1230,0.1246,0.1196,0.1267,0.1446,0.1281,0.1252,0.1461,0.1492,0.1461,0.1180,0.1227,0.1451,Consumer Discretionary,Professional Services,421941226.0000,0.0017,-0.0034,0.0038,0.0216,0.0051,0.0022,0.0231,0.0263,0.0231,-0.0050,-0.0003,0.0221,-0.0623
CCS,0.2539,0.2698,0.2899,0.2936,0.2935,0.2944,0.3816,0.2991,0.2951,0.3838,0.3829,0.3899,0.2999,0.2935,0.3864,Consumer Discretionary,Homebuilding,1494565447.0000,0.0038,0.0036,0.0045,0.0917,0.0092,0.0052,0.0939,0.0930,0.1000,0.0100,0.0036,0.0965,0.0360
CCZ,0.0069,0.0082,0.0134,0.0116,0.0150,0.0145,0.0134,0.0123,0.0162,0.0143,0.0136,0.0126,0.0115,0.0158,0.0154,Telecommunications,Cable & Other Pay Television Services,228367191933.0000,-0.0018,0.0016,0.0011,0.0000,-0.0011,0.0028,0.0009,0.0002,-0.0008,-0.0019,0.0024,0.0020,0.0066
CDE,0.1786,0.1827,0.1636,0.3712,0.1922,0.1657,0.2152,0.1715,0.1672,0.2243,0.2209,0.2247,0.1788,0.2124,0.2295,Basic Materials,Precious Metals,18238424805.0000,0.2076,0.0286,0.0021,0.0516,0.0079,0.0036,0.0607,0.0574,0.0611,0.0152,0.0489,0.0659,-0.0150
CDNA,0.1248,0.1285,0.1503,0.1541,0.1509,0.1530,0.2205,0.1555,0.1534,0.2227,0.2211,0.2221,0.1621,0.1582,0.2232,Health Care,Medical Specialities,1117394574.0000,0.0038,0.0006,0.0027,0.0702,0.0053,0.0032,0.0724,0.0709,0.0718,0.0118,0.0079,0.0729,0.0255
CDNS,0.3659,0.3686,0.4275,0.4321,0.4402,0.4293,0.5127,0.4329,0.4284,0.5135,0.5135,0.5137,0.4479,0.4407,0.5131,Technology,Computer Software: Prepackaged Software,103042099440.0000,0.0046,0.0127,0.0018,0.0852,0.0054,0.0009,0.0860,0.0860,0.0862,0.0204,0.0132,0.0856,0.0616
CDP,0.3259,0.3299,0.2641,0.2694,0.2579,0.2692,0.3070,0.2716,0.2677,0.3084,0.3076,0.3105,0.2614,0.2593,0.3099,Real Estate,Real Estate Investment Trusts,3642799251.0000,0.0053,-0.0062,0.0051,0.0429,0.0075,0.0036,0.0444,0.0435,0.0464,-0.0027,-0.0048,0.0458,-0.0618
CDW,0.3777,0.3794,0.4249,0.4282,0.4267,0.4297,0.5401,0.4272,0.4274,0.5405,0.5415,0.5426,0.4299,0.4304,0.5408,Technology,Retail: Computer Software & Peripheral Equipment,14157637440.0000,0.0033,0.0017,0.0048,0.1152,0.0022,0.0025,0.1155,0.1166,0.1176,0.0050,0.0055,0.1158,0.0472
CDZI,0.1242,0.1252,0.0625,0.0613,0.0554,0.0610,0.0904,0.0667,0.0656,0.0871,0.0900,0.0913,0.0558,0.0559,0.0931,Utilities,Water Supply,356946284.0000,-0.0012,-0.0071,-0.0015,0.0279,0.0042,0.0031,0.0246,0.0275,0.0287,-0.0067,-0.0066,0.0305,-0.0617
CE,0.4297,0.4340,0.4189,0.4226,0.4359,0.4295,0.4550,0.4289,0.4211,0.4575,0.4560,0.4583,0.4516,0.4333,0.4640,Industrials,Major Chemicals,5745220418.0000,0.0037,0.0170,0.0106,0.0361,0.0100,0.0022,0.0387,0.0371,0.0394,0.0327,0.0145,0.0451,-0.0108
CECO,0.1344,0.1394,0.1717,0.1734,0.1778,0.1755,0.2217,0.1764,0.1743,0.2213,0.2227,0.2206,0.1809,0.1837,0.2229,Industrials,Pollution Control Equipment,2931185363.0000,0.0017,0.0061,0.0038,0.0501,0.0047,0.0026,0.0496,0.0510,0.0489,0.0092,0.0120,0.0512,0.0373
CELC,0.0587,0.0627,0.0656,0.0660,0.0658,0.0674,0.0673,0.0654,0.0674,0.0685,0.0675,0.0670,0.0687,0.0695,0.0713,Health Care,Medical Specialities,6740963990.0000,0.0004,0.0002,0.0019,0.0017,-0.0001,0.0018,0.0029,0.0020,0.0015,0.0031,0.0040,0.0057,0.0068
CELH,0.0653,0.0699,0.1258,0.1313,0.1299,0.1290,0.2239,0.1276,0.1289,0.2247,0.2243,0.2270,0.1384,0.1320,0.2262,Consumer Staples,Beverages (Production/Distribution),7699887643.0000,0.0056,0.0041,0.0032,0.0981,0.0018,0.0032,0.0989,0.0985,0.1013,0.0126,0.0062,0.1005,0.0605
CENT,0.1671,0.1715,0.1481,0.1498,0.1530,0.1490,0.2121,0.1511,0.1511,0.2122,0.2139,0.2145,0.1536,0.1533,0.2143,Consumer Discretionary,Consumer Specialties,2413980654.0000,0.0017,0.0049,0.0009,0.0640,0.0029,0.0030,0.0641,0.0658,0.0664,0.0055,0.0052,0.0662,-0.0190
CENTA,0.1872,0.1917,0.1605,0.1617,0.1658,0.1620,0.2242,0.1626,0.1641,0.2243,0.2259,0.2268,0.1670,0.1651,0.2260,Consumer Discretionary,Consumer Specialties,2163071830.0000,0.0012,0.0053,0.0015,0.0637,0.0021,0.0036,0.0638,0.0654,0.0663,0.0065,0.0046,0.0655,-0.0267
CENX,0.2977,0.2978,0.2455,0.2552,0.2975,0.2532,0.2919,0.2547,0.2493,0.2965,0.2941,0.3088,0.2696,0.2718,0.3036,Industrials,Aluminum,6438261757.0000,0.0097,0.0520,0.0077,0.0464,0.0092,0.0038,0.0510,0.0486,0.0633,0.0241,0.0263,0.0581,-0.0522
CERS,0.1517,0.1567,0.1890,0.1902,0.1958,0.1906,0.2719,0.1952,0.1936,0.2722,0.2729,0.2741,0.2102,0.2037,0.2732,Technology,EDP Services,542999920.0000,0.0012,0.0068,0.0016,0.0829,0.0062,0.0046,0.0832,0.0839,0.0851,0.0212,0.0147,0.0842,0.0373
CET,0.4976,0.5004,0.5021,0.5042,0.5082,0.5088,0.5072,0.5095,0.5035,0.5078,0.5138,0.5102,0.5159,0.5138,0.5140,Finance,Finance/Investors Services,12863639380.0000,0.0021,0.0061,0.0067,0.0051,0.0073,0.0014,0.0057,0.0117,0.0081,0.0138,0.0117,0.0119,0.0046
CEVA,0.2364,0.2444,0.2744,0.2778,0.2861,0.2786,0.3890,0.2762,0.2760,0.3904,0.3891,0.3924,0.3048,0.2891,0.3909,Technology,Computer Software: Programming Data Processing,1098494920.0000,0.0033,0.0117,0.0042,0.1146,0.0017,0.0016,0.1160,0.1146,0.1180,0.0303,0.0147,0.1165,0.0381
CF,0.2371,0.2451,0.2636,0.2684,0.2709,0.2696,0.2732,0.2706,0.2704,0.2751,0.2742,0.3048,0.2821,0.2824,0.2788,Industrials,Agricultural Chemicals,18696682646.0000,0.0048,0.0073,0.0060,0.0097,0.0070,0.0068,0.0115,0.0106,0.0412,0.0185,0.0188,0.0152,0.0265
CFFN,0.2600,0.2648,0.2686,0.2723,0.2744,0.2791,0.2415,0.2874,0.2717,0.2415,0.2438,0.2449,0.2727,0.2750,0.2429,Finance,Savings Institutions,982466159.0000,0.0037,0.0058,0.0105,-0.0270,0.0189,0.0031,-0.0271,-0.0248,-0.0236,0.0041,0.0064,-0.0256,0.0086
CFG,0.3993,0.4036,0.4112,0.4288,0.4146,0.4334,0.4205,0.4481,0.4123,0.4225,0.4273,0.4244,0.4158,0.4182,0.4250,Finance,Major Banks,26595045332.0000,0.0176,0.0034,0.0222,0.0093,0.0369,0.0011,0.0113,0.0161,0.0131,0.0046,0.0069,0.0138,0.0119
CFR,0.4166,0.4200,0.3949,0.4072,0.3943,0.4129,0.3916,0.4255,0.3967,0.3911,0.4025,0.3935,0.3990,0.3972,0.3927,Finance,Major Banks,8752652550.0000,0.0123,-0.0006,0.0181,-0.0033,0.0306,0.0018,-0.0037,0.0076,-0.0014,0.0042,0.0023,-0.0022,-0.0218
CG,0.3294,0.3460,0.4105,0.4131,0.4130,0.4195,0.5249,0.4124,0.4123,0.5253,0.5252,0.5257,0.4241,0.4195,0.5299,Finance,Investment Managers,16353638219.0000,0.0026,0.0025,0.0091,0.1145,0.0019,0.0018,0.1148,0.1148,0.1153,0.0136,0.0090,0.1195,0.0811
CGBD,0.1692,0.1892,0.1956,0.2030,0.2072,0.2001,0.2307,0.1966,0.1994,0.2296,0.2290,0.2298,0.2024,0.2054,0.2421,Finance,Finance: Consumer Services,748945071.0000,0.0074,0.0116,0.0044,0.0351,0.0010,0.0037,0.0340,0.0334,0.0341,0.0068,0.0098,0.0465,0.0264
CGNX,0.3509,0.3535,0.3547,0.3560,0.3654,0.3569,0.4267,0.3576,0.3569,0.4277,0.4273,0.4278,0.3918,0.3680,0.4299,Industrials,Industrial Machinery/Components,10998661517.0000,0.0014,0.0107,0.0023,0.0720,0.0029,0.0022,0.0730,0.0726,0.0732,0.0372,0.0134,0.0752,0.0037
CHCO,0.3504,0.3576,0.3021,0.3094,0.3018,0.3137,0.2656,0.3273,0.3056,0.2662,0.2692,0.2698,0.3007,0.3014,0.2669,Finance,Major Banks,1758745174.0000,0.0073,-0.0003,0.0116,-0.0365,0.0252,0.0036,-0.0358,-0.0329,-0.0323,-0.0014,-0.0007,-0.0352,-0.0483
CHCT,0.1838,0.1960,0.2115,0.2155,0.2141,0.2133,0.2889,0.2241,0.2137,0.2893,0.2890,0.2925,0.2170,0.2163,0.2902,Real Estate,Real Estate Investment Trusts,496577762.0000,0.0040,0.0026,0.0019,0.0774,0.0126,0.0022,0.0778,0.0775,0.0810,0.0055,0.0048,0.0787,0.0277
CHD,0.2026,0.2080,0.1796,0.1863,0.1849,0.1825,0.1540,0.1845,0.1825,0.1546,0.1545,0.1569,0.1967,0.1861,0.1613,Consumer Discretionary,Package Goods/Cosmetics,22805821693.0000,0.0067,0.0053,0.0029,-0.0255,0.0049,0.0029,-0.0249,-0.0250,-0.0227,0.0171,0.0066,-0.0183,-0.0231
CHDN,0.3434,0.3499,0.3434,0.3464,0.3467,0.3488,0.3992,0.3489,0.3454,0.4009,0.4031,0.4034,0.3507,0.3462,0.4029,Consumer Discretionary,Services-Misc. Amusement & Recreation,5932600809.0000,0.0030,0.0033,0.0054,0.0559,0.0055,0.0021,0.0576,0.0597,0.0600,0.0074,0.0028,0.0595,-0.0000
CHE,0.2536,0.2549,0.2490,0.2515,0.2536,0.2515,0.2473,0.2509,0.2514,0.2482,0.2497,0.2556,0.2559,0.2581,0.2482,Health Care,Medical/Nursing Services,5832110333.0000,0.0025,0.0046,0.0025,-0.0017,0.0020,0.0024,-0.0008,0.0007,0.0066,0.0069,0.0091,-0.0007,-0.0046
CHEF,0.1424,0.1455,0.1796,0.1815,0.1861,0.1840,0.2559,0.1883,0.1839,0.2568,0.2570,0.2615,0.1900,0.1870,0.2629,Consumer Discretionary,Food Distributors,3117857513.0000,0.0018,0.0065,0.0044,0.0763,0.0086,0.0043,0.0772,0.0773,0.0818,0.0103,0.0074,0.0832,0.0372
CHH,0.3421,0.3464,0.3645,0.3678,0.3692,0.3693,0.3739,0.3694,0.3677,0.3755,0.3755,0.3771,0.3747,0.3680,0.3807,Consumer Discretionary,Hotels/Resorts,5146450168.0000,0.0033,0.0047,0.0048,0.0095,0.0050,0.0032,0.0111,0.0110,0.0126,0.0102,0.0036,0.0162,0.0224
CHMG,0.0678,0.0748,0.1236,0.1268,0.1270,0.1262,0.1652,0.1277,0.1236,0.1649,0.1637,0.1673,0.1276,0.1295,0.1686,Finance,Major Banks,332278391.0000,0.0032,0.0034,0.0026,0.0416,0.0041,-0.0000,0.0413,0.0401,0.0437,0.0040,0.0059,0.0450,0.0557
CHRD,0.2118,0.2167,0.3657,0.3700,0.3703,0.3697,0.2864,0.3672,0.3733,0.2864,0.2871,0.2928,0.3751,0.3857,0.2878,Energy,Oil & Gas Production,8105956368.0000,0.0043,0.0046,0.0040,-0.0793,0.0014,0.0076,-0.0793,-0.0787,-0.0729,0.0094,0.0200,-0.0779,0.1540
CHSCL,0.0864,0.0958,0.1039,0.1057,0.1071,0.1092,0.1367,0.1155,0.1060,0.1377,0.1354,0.1356,0.1083,0.1177,0.1466,Industrials,Farming/Seeds/Milling,315881357.0000,0.0018,0.0033,0.0053,0.0329,0.0117,0.0021,0.0339,0.0315,0.0318,0.0044,0.0138,0.0428,0.0175
CHRW,0.2797,0.2824,0.2394,0.2427,0.2347,0.2421,0.2334,0.2421,0.2417,0.2338,0.2350,0.2353,0.2378,0.2359,0.2343,Industrials,Integrated Freight & Logistics,20537020108.0000,0.0033,-0.0046,0.0028,-0.0060,0.0028,0.0024,-0.0056,-0.0044,-0.0040,-0.0015,-0.0034,-0.0050,-0.0403
CHSCM,0.0747,0.0875,0.0958,0.0964,0.1027,0.0938,0.1365,0.1115,0.0985,0.1364,0.1373,0.1259,0.0959,0.1111,0.1389,Industrials,Farming/Seeds/Milling,307607573.0000,0.0006,0.0069,-0.0020,0.0406,0.0157,0.0026,0.0406,0.0415,0.0301,0.0001,0.0152,0.0431,0.0211
CHSCN,0.0732,0.0804,0.0912,0.0927,0.0985,0.0916,0.1185,0.1098,0.0931,0.1190,0.1192,0.1100,0.0915,0.1061,0.1230,Industrials,Farming/Seeds/Milling,310972556.0000,0.0015,0.0072,0.0003,0.0272,0.0185,0.0019,0.0278,0.0280,0.0188,0.0003,0.0148,0.0318,0.0180
CHSCO,0.0825,0.0895,0.0986,0.1034,0.0970,0.0977,0.1296,0.1172,0.1031,0.1303,0.1301,0.1208,0.0997,0.1126,0.1341,Industrials,Farming/Seeds/Milling,322017359.0000,0.0047,-0.0016,-0.0010,0.0310,0.0186,0.0045,0.0317,0.0315,0.0222,0.0011,0.0139,0.0354,0.0161
CHWY,0.1891,0.1892,0.1968,0.2044,0.1990,0.1997,0.1969,0.2040,0.2024,0.1978,0.1984,0.1987,0.2181,0.2015,0.1988,Consumer Discretionary,Catalog/Specialty Distribution,8637713464.0000,0.0076,0.0021,0.0028,0.0000,0.0072,0.0055,0.0009,0.0016,0.0018,0.0212,0.0047,0.0020,0.0077
CHSCP,0.0559,0.0593,0.0956,0.0999,0.1008,0.0973,0.1313,0.1001,0.0998,0.1305,0.1294,0.1325,0.1010,0.1006,0.1351,Industrials,Farming/Seeds/Milling,341162911.0000,0.0042,0.0052,0.0017,0.0357,0.0044,0.0042,0.0348,0.0338,0.0369,0.0054,0.0050,0.0394,0.0397
CHTR,0.2227,0.2286,0.2504,0.2560,0.2537,0.2524,0.2824,0.2548,0.2552,0.2820,0.2845,0.2870,0.2543,0.2544,0.2850,Telecommunications,Cable & Other Pay Television Services,20173605546.0000,0.0057,0.0034,0.0021,0.0320,0.0044,0.0049,0.0316,0.0341,0.0367,0.0040,0.0040,0.0347,0.0276
CI,0.2752,0.2770,0.2430,0.2447,0.2467,0.2446,0.2816,0.2457,0.2467,0.2821,0.2841,0.2883,0.2514,0.2488,0.2823,Health Care,Medical Specialities,75719755321.0000,0.0017,0.0037,0.0016,0.0386,0.0027,0.0037,0.0390,0.0411,0.0453,0.0084,0.0057,0.0393,-0.0322
CIEN,0.2583,0.2597,0.2599,0.2643,0.2613,0.2627,0.3363,0.2612,0.2618,0.3366,0.3383,0.3375,0.2673,0.2663,0.3379,Utilities,Telecommunications Equipment,82539917777.0000,0.0045,0.0014,0.0028,0.0764,0.0013,0.0020,0.0767,0.0784,0.0776,0.0074,0.0064,0.0780,0.0016
CIFR,0.0789,0.0805,0.0815,0.0831,0.0827,0.0874,0.0817,0.0834,0.0897,0.0824,0.0837,0.0874,0.0981,0.0858,0.0826,Finance,Finance: Consumer Services,8986810858.0000,0.0016,0.0013,0.0059,0.0002,0.0020,0.0083,0.0009,0.0022,0.0059,0.0166,0.0044,0.0011,0.0025
CIM,0.2159,0.2228,0.2286,0.2357,0.2300,0.2364,0.2996,0.2390,0.2319,0.3023,0.3031,0.3045,0.2334,0.2413,0.3042,Real Estate,Real Estate Investment Trusts,1109146199.0000,0.0071,0.0015,0.0078,0.0711,0.0104,0.0033,0.0737,0.0745,0.0760,0.0049,0.0127,0.0756,0.0127
CII,0.5370,0.5466,0.6254,0.6266,0.6358,0.6301,0.6981,0.6286,0.6263,0.6983,0.6980,0.6993,0.6421,0.6436,0.7018,Finance,Investment Bankers/Brokers/Service,3687821656.0000,0.0011,0.0104,0.0047,0.0727,0.0032,0.0009,0.0729,0.0726,0.0738,0.0166,0.0181,0.0764,0.0885
CINF,0.4466,0.4485,0.3709,0.3735,0.3696,0.3739,0.3324,0.3779,0.3729,0.3331,0.3363,0.3339,0.3700,0.3679,0.3347,Finance,Property-Casualty Insurers,26002841330.0000,0.0026,-0.0013,0.0030,-0.0385,0.0070,0.0020,-0.0377,-0.0346,-0.0370,-0.0009,-0.0029,-0.0361,-0.0758
CIVB,0.0989,0.1029,0.1737,0.1784,0.1822,0.1791,0.2651,0.1847,0.1747,0.2659,0.2691,0.2665,0.1805,0.1850,0.2684,Finance,Major Banks,529144040.0000,0.0048,0.0085,0.0055,0.0914,0.0110,0.0011,0.0922,0.0954,0.0929,0.0069,0.0113,0.0947,0.0748
CIX,0.0561,0.0591,0.0609,0.0625,0.0625,0.0632,0.0946,0.0635,0.0641,0.0962,0.0950,0.0973,0.0621,0.0651,0.0964,Consumer Discretionary,Industrial Machinery/Components,287127228.0000,0.0016,0.0016,0.0023,0.0338,0.0026,0.0033,0.0354,0.0341,0.0364,0.0013,0.0042,0.0356,0.0047
CL,0.2798,0.2837,0.2587,0.2632,0.2601,0.2601,0.2400,0.2630,0.2614,0.2405,0.2406,0.2419,0.2812,0.2630,0.2410,Consumer Discretionary,Package Goods/Cosmetics,72505153379.0000,0.0045,0.0014,0.0014,-0.0187,0.0044,0.0027,-0.0182,-0.0181,-0.0168,0.0225,0.0043,-0.0177,-0.0211
CLBK,0.2397,0.2486,0.2509,0.2576,0.2545,0.2563,0.2254,0.2637,0.2530,0.2247,0.2278,0.2292,0.2578,0.2562,0.2267,Finance,Savings Institutions,2118406469.0000,0.0067,0.0036,0.0054,-0.0255,0.0128,0.0021,-0.0262,-0.0231,-0.0217,0.0069,0.0053,-0.0242,0.0112
CLDT,0.2447,0.2557,0.2723,0.2776,0.2785,0.2792,0.3349,0.2821,0.2751,0.3363,0.3369,0.3378,0.2841,0.2845,0.3417,Real Estate,Real Estate Investment Trusts,499489054.0000,0.0053,0.0061,0.0068,0.0625,0.0097,0.0028,0.0639,0.0646,0.0654,0.0118,0.0122,0.0694,0.0276
CLDX,0.1273,0.1343,0.0946,0.0955,0.0995,0.0972,0.1284,0.0961,0.0985,0.1286,0.1290,0.1413,0.1041,0.1056,0.1291,Health Care,Biotechnology: In Vitro & In Vivo Diagnostic Substances,2412061373.0000,0.0009,0.0048,0.0025,0.0337,0.0014,0.0038,0.0339,0.0343,0.0467,0.0094,0.0110,0.0345,-0.0326
CLF,0.2750,0.2746,0.2207,0.2291,0.2548,0.2263,0.2827,0.2255,0.2249,0.2858,0.2837,0.3002,0.2487,0.2489,0.2942,Basic Materials,Metal Mining,6405756598.0000,0.0085,0.0341,0.0056,0.0621,0.0049,0.0043,0.0651,0.0630,0.0796,0.0281,0.0283,0.0735,-0.0544
CLFD,0.1191,0.1235,0.1706,0.1727,0.1794,0.1728,0.2513,0.1720,0.1732,0.2525,0.2527,0.2570,0.1851,0.1885,0.2527,Utilities,Telecommunications Equipment,594267086.0000,0.0021,0.0087,0.0022,0.0807,0.0014,0.0026,0.0819,0.0821,0.0864,0.0145,0.0178,0.0821,0.0515
CLH,0.2666,0.2686,0.2950,0.2976,0.3068,0.2989,0.3656,0.3042,0.2974,0.3658,0.3680,0.3682,0.3057,0.3129,0.3704,Industrials,Environmental Services,15162583501.0000,0.0026,0.0117,0.0038,0.0706,0.0092,0.0024,0.0708,0.0730,0.0732,0.0107,0.0179,0.0754,0.0284
CLMB,0.0418,0.0447,0.0572,0.0589,0.0598,0.0587,0.0849,0.0582,0.0608,0.0847,0.0864,0.0855,0.0589,0.0604,0.0863,Technology,Retail: Computer Software & Peripheral Equipment,389797312.0000,0.0017,0.0026,0.0015,0.0277,0.0010,0.0036,0.0275,0.0292,0.0283,0.0018,0.0032,0.0291,0.0154
CLMT,0.1049,0.1112,0.1205,0.1219,0.1255,0.1391,0.1372,0.1212,0.1215,0.1375,0.1374,0.1376,0.1314,0.1344,0.1443,Energy,Integrated oil Companies,2982175370.0000,0.0015,0.0050,0.0186,0.0167,0.0008,0.0011,0.0170,0.0170,0.0172,0.0109,0.0140,0.0238,0.0156
CLOV,0.1618,0.1609,0.1628,0.1622,0.1658,0.1663,0.1629,0.1628,0.1666,0.1642,0.1643,0.1662,0.1964,0.1922,0.1654,Health Care,Medical Specialities,1869729350.0000,-0.0005,0.0030,0.0035,0.0001,0.0000,0.0038,0.0014,0.0015,0.0034,0.0336,0.0295,0.0026,0.0010
CLNE,0.2022,0.2051,0.2195,0.2211,0.2267,0.2235,0.2594,0.2216,0.2225,0.2596,0.2610,0.2596,0.2493,0.2492,0.2605,Utilities,Natural Gas Distribution,451460500.0000,0.0016,0.0072,0.0040,0.0399,0.0021,0.0030,0.0401,0.0415,0.0402,0.0298,0.0297,0.0410,0.0173
CLPT,0.0684,0.0736,0.0959,0.0983,0.0979,0.0975,0.1640,0.0979,0.0982,0.1649,0.1671,0.1647,0.1047,0.1022,0.1649,Health Care,Medical/Dental Instruments,343080601.0000,0.0024,0.0020,0.0016,0.0681,0.0020,0.0024,0.0690,0.0713,0.0689,0.0089,0.0064,0.0690,0.0274
CLSK,0.1116,0.1136,0.1150,0.1159,0.1202,0.1250,0.1939,0.1148,0.1192,0.1955,0.1948,0.1959,0.1415,0.1303,0.1964,Finance,Finance: Consumer Services,4098039438.0000,0.0010,0.0052,0.0100,0.0790,-0.0002,0.0042,0.0806,0.0799,0.0809,0.0265,0.0153,0.0814,0.0034
CLX,0.1787,0.1848,0.1367,0.1476,0.1354,0.1405,0.0993,0.1452,0.1376,0.0993,0.1013,0.1098,0.1411,0.1342,0.1060,Consumer Discretionary,Specialty Chemicals,11500829694.0000,0.0109,-0.0013,0.0038,-0.0374,0.0085,0.0009,-0.0374,-0.0353,-0.0269,0.0045,-0.0025,-0.0307,-0.0420
CMC,0.3624,0.3665,0.3359,0.3421,0.3609,0.3401,0.3508,0.3456,0.3384,0.3513,0.3526,0.3611,0.3525,0.3609,0.3539,Industrials,Steel/Iron Ore,7972802910.0000,0.0062,0.0250,0.0042,0.0148,0.0096,0.0024,0.0154,0.0167,0.0251,0.0166,0.0249,0.0180,-0.0265
CMCO,0.3355,0.3390,0.3268,0.3296,0.3293,0.3348,0.4019,0.3334,0.3295,0.4034,0.4042,0.4048,0.3373,0.3349,0.4088,Industrials,Construction/Ag Equipment/Trucks,429366128.0000,0.0028,0.0025,0.0081,0.0752,0.0067,0.0028,0.0767,0.0775,0.0780,0.0105,0.0081,0.0821,-0.0087
CMCSA,0.3862,0.3928,0.3586,0.3617,0.3620,0.3600,0.3750,0.3594,0.3608,0.3757,0.3762,0.3775,0.3665,0.3649,0.3753,Telecommunications,Cable & Other Pay Television Services,90078170151.0000,0.0031,0.0035,0.0014,0.0165,0.0008,0.0022,0.0171,0.0176,0.0189,0.0079,0.0063,0.0167,-0.0276
CME,0.3164,0.3177,0.2914,0.2985,0.2920,0.2965,0.2940,0.3063,0.2963,0.2943,0.2983,0.2957,0.2946,0.2943,0.2949,Finance,Investment Bankers/Brokers/Service,105529912627.0000,0.0071,0.0006,0.0050,0.0025,0.0148,0.0049,0.0029,0.0069,0.0043,0.0032,0.0028,0.0035,-0.0250
CMG,0.2152,0.2190,0.2362,0.2373,0.2374,0.2382,0.3742,0.2471,0.2391,0.3756,0.3766,0.3781,0.2397,0.2394,0.3746,Consumer Discretionary,Restaurants,42189121260.0000,0.0011,0.0012,0.0020,0.1380,0.0109,0.0029,0.1395,0.1404,0.1419,0.0035,0.0032,0.1385,0.0210
CMI,0.4270,0.4303,0.3790,0.3820,0.3882,0.3879,0.3927,0.3872,0.3814,0.3940,0.3934,0.3952,0.3959,0.3860,0.3992,Industrials,Industrial Machinery/Components,88250907800.0000,0.0031,0.0092,0.0090,0.0137,0.0082,0.0024,0.0151,0.0144,0.0163,0.0169,0.0070,0.0203,-0.0481
CMP,0.2674,0.2691,0.2705,0.2759,0.2838,0.2766,0.3009,0.2785,0.2732,0.3015,0.3020,0.3059,0.2964,0.2875,0.3054,Industrials,Mining & Quarrying of Nonmetallic Minerals (No Fuels),1283505865.0000,0.0054,0.0133,0.0061,0.0304,0.0080,0.0027,0.0310,0.0315,0.0354,0.0259,0.0170,0.0349,0.0031
CMSA,0.1350,0.1638,0.1750,0.1789,0.1821,0.1709,0.1897,0.2097,0.1769,0.1880,0.1879,0.1924,0.1738,0.1846,0.1959,Utilities,Power Generation,6480612731.0000,0.0039,0.0072,-0.0041,0.0147,0.0347,0.0019,0.0130,0.0130,0.0174,-0.0011,0.0097,0.0209,0.0400
CMS,0.2778,0.2840,0.2114,0.2262,0.2090,0.2228,0.2440,0.2371,0.2132,0.2443,0.2455,0.2470,0.2289,0.2070,0.2439,Utilities,Power Generation,23023777937.0000,0.0149,-0.0023,0.0114,0.0327,0.0257,0.0019,0.0329,0.0342,0.0357,0.0176,-0.0044,0.0325,-0.0665
CMSC,0.2022,0.2169,0.2258,0.2276,0.2331,0.2281,0.2370,0.2646,0.2285,0.2395,0.2396,0.2426,0.2314,0.2513,0.2448,Utilities,Power Generation,6782941546.0000,0.0018,0.0073,0.0023,0.0112,0.0388,0.0027,0.0137,0.0137,0.0168,0.0055,0.0254,0.0189,0.0237
CMSD,0.2288,0.2425,0.2505,0.2511,0.2597,0.2512,0.2499,0.3019,0.2532,0.2511,0.2538,0.2524,0.2573,0.2816,0.2557,Utilities,Power Generation,6803895029.0000,0.0006,0.0092,0.0007,-0.0007,0.0513,0.0026,0.0006,0.0033,0.0019,0.0068,0.0311,0.0052,0.0217
CNA,0.3876,0.3895,0.3509,0.3559,0.3536,0.3573,0.3733,0.3604,0.3526,0.3744,0.3764,0.3739,0.3554,0.3540,0.3785,Finance,Property-Casualty Insurers,11916909271.0000,0.0050,0.0027,0.0064,0.0224,0.0095,0.0017,0.0235,0.0255,0.0230,0.0045,0.0031,0.0276,-0.0367
CNDT,0.1383,0.1447,0.1504,0.1560,0.1516,0.1540,0.2054,0.1541,0.1546,0.2057,0.2072,0.2068,0.1582,0.1616,0.2110,Consumer Discretionary,Business Services,291582010.0000,0.0057,0.0012,0.0036,0.0550,0.0038,0.0042,0.0553,0.0568,0.0564,0.0078,0.0113,0.0606,0.0121
CNC,0.1945,0.1959,0.2169,0.2191,0.2241,0.2202,0.2083,0.2197,0.2195,0.2088,0.2109,0.2113,0.2259,0.2226,0.2090,Health Care,Medical Specialities,29203154580.0000,0.0022,0.0072,0.0033,-0.0086,0.0028,0.0026,-0.0081,-0.0060,-0.0055,0.0090,0.0057,-0.0078,0.0224
CNK,0.2181,0.2194,0.1734,0.1848,0.1752,0.1794,0.1838,0.1827,0.1780,0.1848,0.1843,0.2042,0.1800,0.1815,0.1975,Consumer Discretionary,Movies/Entertainment,3086700470.0000,0.0114,0.0019,0.0060,0.0104,0.0093,0.0046,0.0114,0.0110,0.0308,0.0066,0.0081,0.0241,-0.0447
CNNE,0.3580,0.3575,0.3592,0.3601,0.3609,0.3636,0.4015,0.3729,0.3609,0.4020,0.4025,0.4038,0.3698,0.3661,0.4040,Consumer Discretionary,Restaurants,609015413.0000,0.0009,0.0016,0.0044,0.0423,0.0137,0.0017,0.0428,0.0433,0.0445,0.0105,0.0069,0.0448,0.0012
CNMD,0.2826,0.2854,0.2798,0.2853,0.2873,0.2842,0.3903,0.2838,0.2821,0.3922,0.3928,0.3907,0.2852,0.2855,0.3971,Health Care,Biotechnology: Electromedical & Electrotherapeutic Apparatus,1120965293.0000,0.0056,0.0075,0.0044,0.1105,0.0041,0.0024,0.1124,0.1130,0.1109,0.0054,0.0057,0.1173,-0.0028
CNO,0.4082,0.4126,0.4184,0.4238,0.4272,0.4342,0.4424,0.4365,0.4204,0.4432,0.4447,0.4446,0.4298,0.4279,0.4459,Finance,Accident &Health Insurance,4414450707.0000,0.0054,0.0088,0.0159,0.0240,0.0181,0.0020,0.0248,0.0264,0.0262,0.0114,0.0095,0.0275,0.0101
CNOB,0.2264,0.2349,0.2727,0.2786,0.2853,0.2856,0.2946,0.2917,0.2753,0.2951,0.2976,0.2963,0.2863,0.2887,0.3003,Finance,Major Banks,1496585581.0000,0.0059,0.0126,0.0129,0.0219,0.0190,0.0026,0.0224,0.0249,0.0236,0.0136,0.0160,0.0276,0.0463
CNR,0.1341,0.1408,0.1721,0.1742,0.1813,0.1747,0.1640,0.1759,0.1926,0.1642,0.1650,0.1875,0.1864,0.2090,0.1695,Energy,Coal Mining,4237767773.0000,0.0022,0.0092,0.0026,-0.0080,0.0039,0.0206,-0.0079,-0.0070,0.0154,0.0144,0.0369,-0.0025,0.0379
CNP,0.2948,0.3004,0.2656,0.2695,0.2673,0.2702,0.3203,0.2789,0.2673,0.3199,0.3201,0.3225,0.2786,0.2712,0.3219,Utilities,Electric Utilities: Central,28018078828.0000,0.0039,0.0017,0.0046,0.0547,0.0133,0.0017,0.0543,0.0545,0.0569,0.0130,0.0056,0.0563,-0.0292
CNS,0.3854,0.3898,0.3853,0.3896,0.3846,0.3916,0.4941,0.3888,0.3877,0.4948,0.4961,0.4957,0.3898,0.3864,0.4971,Finance,Investment Managers,3692138423.0000,0.0043,-0.0008,0.0063,0.1088,0.0034,0.0024,0.1095,0.1108,0.1104,0.0044,0.0011,0.1118,-0.0001
CNX,0.2456,0.2469,0.2017,0.2075,0.1996,0.2046,0.1690,0.2065,0.2729,0.1700,0.1709,0.1820,0.2072,0.2243,0.1690,Energy,Oil & Gas Production,4995573844.0000,0.0059,-0.0020,0.0029,-0.0326,0.0049,0.0713,-0.0317,-0.0308,-0.0197,0.0055,0.0226,-0.0327,-0.0439
CNXN,0.1879,0.1935,0.1714,0.1719,0.1790,0.1734,0.2190,0.1741,0.1738,0.2194,0.2210,0.2210,0.1750,0.1729,0.2223,Consumer Discretionary,Catalog/Specialty Distribution,1676018563.0000,0.0006,0.0077,0.0020,0.0476,0.0028,0.0025,0.0480,0.0496,0.0496,0.0037,0.0016,0.0510,-0.0166
CODI,0.2409,0.2445,0.1948,0.1958,0.1985,0.1981,0.2349,0.1999,0.1978,0.2359,0.2368,0.2364,0.1950,0.1992,0.2389,Consumer Discretionary,Home Furnishings,862204170.0000,0.0010,0.0037,0.0034,0.0402,0.0051,0.0030,0.0411,0.0421,0.0416,0.0002,0.0044,0.0441,-0.0461
COF,0.4425,0.4416,0.4409,0.4479,0.4408,0.4535,0.4447,0.4558,0.4436,0.4483,0.4493,0.4489,0.4438,0.4393,0.4521,Finance,Major Banks,116860361720.0000,0.0070,-0.0000,0.0127,0.0038,0.0149,0.0027,0.0074,0.0084,0.0080,0.0029,-0.0016,0.0112,-0.0016
COFS,0.0169,0.0194,0.0368,0.0427,0.0424,0.0388,0.0649,0.0393,0.0381,0.0687,0.0671,0.0690,0.0380,0.0408,0.0689,Finance,Major Banks,470815100.0000,0.0059,0.0056,0.0019,0.0280,0.0025,0.0012,0.0319,0.0303,0.0321,0.0011,0.0040,0.0321,0.0199
COGT,0.0459,0.0500,0.0523,0.0574,0.0533,0.0556,0.0541,0.0514,0.0558,0.0530,0.0532,0.0523,0.0792,0.0623,0.0547,Health Care,Biotechnology: Pharmaceutical Preparations,5582257691.0000,0.0051,0.0010,0.0033,0.0018,-0.0009,0.0035,0.0007,0.0009,0.0000,0.0269,0.0100,0.0023,0.0064
COHR,0.2858,0.2896,0.2689,0.2730,0.2731,0.2712,0.3309,0.2725,0.2709,0.3325,0.3340,0.3317,0.2964,0.2773,0.3357,Technology,Electronic Components,73867538430.0000,0.0041,0.0043,0.0023,0.0620,0.0036,0.0020,0.0636,0.0651,0.0628,0.0275,0.0084,0.0668,-0.0170
COLD,0.2480,0.2482,0.2538,0.2671,0.2599,0.2563,0.2824,0.2585,0.2585,0.2834,0.2842,0.2847,0.2585,0.2560,0.2868,Real Estate,Real Estate Investment Trusts,4225382630.0000,0.0133,0.0061,0.0024,0.0286,0.0047,0.0046,0.0296,0.0303,0.0309,0.0047,0.0022,0.0329,0.0059
COHU,0.2885,0.2898,0.2687,0.2707,0.2721,0.2738,0.3933,0.2721,0.2705,0.3953,0.3940,0.3950,0.2957,0.2776,0.3984,Industrials,Electrical Products,2195068896.0000,0.0020,0.0034,0.0051,0.1246,0.0034,0.0018,0.1266,0.1253,0.1263,0.0270,0.0089,0.1297,-0.0198
COKE,0.1811,0.1867,0.1412,0.1418,0.1396,0.1442,0.1956,0.1448,0.1430,0.1959,0.1962,0.1959,0.1413,0.1457,0.1963,Consumer Staples,Beverages (Production/Distribution),11684030526.0000,0.0006,-0.0016,0.0029,0.0544,0.0035,0.0018,0.0547,0.0550,0.0547,0.0001,0.0045,0.0550,-0.0399
COLB,0.3602,0.3674,0.3459,0.3568,0.3517,0.3614,0.3298,0.3779,0.3473,0.3302,0.3315,0.3327,0.3571,0.3543,0.3329,Finance,Major Banks,8606548581.0000,0.0109,0.0058,0.0156,-0.0161,0.0320,0.0015,-0.0156,-0.0144,-0.0131,0.0112,0.0084,-0.0130,-0.0143
COLL,0.1042,0.1100,0.1162,0.1182,0.1171,0.1185,0.1462,0.1191,0.1198,0.1484,0.1458,0.1464,0.1157,0.1204,0.1500,Health Care,Biotechnology: Pharmaceutical Preparations,1105018851.0000,0.0020,0.0008,0.0023,0.0300,0.0029,0.0036,0.0322,0.0295,0.0302,-0.0006,0.0042,0.0338,0.0120
COLM,0.2845,0.2847,0.2956,0.2989,0.2983,0.2993,0.3907,0.3000,0.2976,0.3921,0.3915,0.3911,0.2972,0.2972,0.3937,Consumer Discretionary,Apparel,3241814805.0000,0.0034,0.0027,0.0037,0.0952,0.0044,0.0021,0.0966,0.0959,0.0955,0.0016,0.0017,0.0982,0.0111
COO,0.2712,0.2773,0.3194,0.3222,0.3286,0.3210,0.4197,0.3231,0.3223,0.4210,0.4227,0.4211,0.3268,0.3275,0.4206,Health Care,Ophthalmic Goods,12204405595.0000,0.0028,0.0092,0.0016,0.1003,0.0037,0.0029,0.1015,0.1033,0.1017,0.0074,0.0081,0.1012,0.0482
COP,0.3946,0.3966,0.4979,0.5017,0.5009,0.5015,0.4741,0.5019,0.5013,0.4749,0.4751,0.4799,0.5028,0.5181,0.4769,Energy,Integrated oil Companies,146755696083.0000,0.0038,0.0031,0.0036,-0.0238,0.0041,0.0034,-0.0230,-0.0228,-0.0179,0.0049,0.0202,-0.0209,0.1032
COR,0.2523,0.2576,0.2380,0.2408,0.2412,0.2391,0.2560,0.2437,0.2429,0.2580,0.2573,0.2620,0.2479,0.2443,0.2568,Health Care,Other Pharmaceuticals,53486781005.0000,0.0027,0.0032,0.0010,0.0180,0.0056,0.0048,0.0199,0.0192,0.0240,0.0099,0.0062,0.0187,-0.0142
CORT,0.1063,0.1089,0.1165,0.1174,0.1200,0.1183,0.1006,0.1172,0.1207,0.1016,0.1023,0.1023,0.1197,0.1223,0.1012,Health Care,Biotechnology: Pharmaceutical Preparations,6464712991.0000,0.0010,0.0035,0.0018,-0.0158,0.0007,0.0042,-0.0148,-0.0142,-0.0142,0.0032,0.0059,-0.0153,0.0102
COST,0.3250,0.3283,0.3499,0.3545,0.3538,0.3528,0.4018,0.3533,0.3550,0.4022,0.4040,0.4042,0.3536,0.3551,0.4062,Consumer Discretionary,Department/Specialty Retail Stores,456181287730.0000,0.0046,0.0040,0.0029,0.0519,0.0035,0.0051,0.0523,0.0541,0.0544,0.0037,0.0052,0.0563,0.0249
COTY,0.1579,0.1603,0.1856,0.1890,0.1903,0.1901,0.2898,0.1912,0.1915,0.2934,0.2912,0.2977,0.1953,0.1975,0.2992,Consumer Discretionary,Package Goods/Cosmetics,1787346869.0000,0.0034,0.0047,0.0045,0.1042,0.0056,0.0059,0.1078,0.1055,0.1121,0.0097,0.0119,0.1136,0.0277
CPAY,0.3332,0.3419,0.4128,0.4168,0.4164,0.4196,0.4742,0.4152,0.4151,0.4745,0.4754,0.4773,0.4178,0.4216,0.4787,Consumer Discretionary,Business Services,22739411620.0000,0.0040,0.0036,0.0069,0.0614,0.0024,0.0024,0.0618,0.0626,0.0645,0.0050,0.0089,0.0659,0.0796
CPB,0.1669,0.1715,0.1191,0.1248,0.1212,0.1215,0.0736,0.1214,0.1201,0.0739,0.0786,0.0837,0.1274,0.1176,0.0769,Consumer Staples,Packaged Foods,6135854723.0000,0.0058,0.0021,0.0024,-0.0454,0.0024,0.0011,-0.0452,-0.0405,-0.0353,0.0083,-0.0014,-0.0422,-0.0479
CPF,0.2509,0.2585,0.2995,0.3080,0.2996,0.3173,0.3210,0.3229,0.3027,0.3223,0.3234,0.3226,0.3017,0.2987,0.3247,Finance,Major Banks,906495683.0000,0.0086,0.0001,0.0179,0.0215,0.0234,0.0033,0.0229,0.0240,0.0231,0.0022,-0.0007,0.0252,0.0485
CPK,0.2150,0.2219,0.1849,0.1902,0.1899,0.1882,0.2306,0.1903,0.1870,0.2315,0.2328,0.2330,0.2013,0.1898,0.2304,Utilities,Oil & Gas Production,3037082362.0000,0.0053,0.0050,0.0032,0.0457,0.0054,0.0020,0.0466,0.0478,0.0481,0.0163,0.0049,0.0455,-0.0301
CPRT,0.3452,0.3480,0.4064,0.4076,0.4137,0.4088,0.5342,0.4089,0.4090,0.5351,0.5348,0.5386,0.4144,0.4140,0.5346,Consumer Discretionary,Retail-Auto Dealers and Gas Stations,32550190431.0000,0.0012,0.0073,0.0025,0.1278,0.0025,0.0026,0.1287,0.1284,0.1322,0.0080,0.0077,0.1282,0.0612
CPRX,0.0783,0.0830,0.1327,0.1375,0.1380,0.1347,0.2012,0.1342,0.1340,0.2019,0.2036,0.2050,0.1416,0.1454,0.2035,Health Care,Biotechnology: Pharmaceutical Preparations,3825629810.0000,0.0048,0.0053,0.0020,0.0685,0.0015,0.0013,0.0692,0.0709,0.0723,0.0089,0.0127,0.0708,0.0544
CPS,0.1433,0.1470,0.1951,0.2059,0.2040,0.2030,0.1949,0.2042,0.1977,0.1975,0.1971,0.1984,0.2087,0.2012,0.2055,Consumer Discretionary,Auto Parts:O.E.M.,505137830.0000,0.0108,0.0090,0.0080,-0.0002,0.0092,0.0026,0.0024,0.0020,0.0034,0.0136,0.0061,0.0104,0.0518
CRC,0.1715,0.1833,0.2983,0.3005,0.3038,0.3004,0.2985,0.3006,0.3097,0.2990,0.2987,0.3021,0.3091,0.3367,0.3004,Energy,Oil & Gas Production,5508835658.0000,0.0022,0.0055,0.0020,0.0001,0.0023,0.0113,0.0007,0.0004,0.0037,0.0108,0.0383,0.0020,0.1269
CPT,0.3117,0.3154,0.2861,0.2912,0.2818,0.2918,0.3472,0.2993,0.2886,0.3486,0.3484,0.3486,0.2849,0.2800,0.3487,Real Estate,Real Estate Investment Trusts,10802855598.0000,0.0051,-0.0043,0.0057,0.0611,0.0132,0.0026,0.0625,0.0623,0.0625,-0.0012,-0.0060,0.0626,-0.0256
CQP,0.1178,0.1199,0.1991,0.2004,0.2119,0.2043,0.2301,0.2034,0.2097,0.2311,0.2308,0.2353,0.2124,0.2211,0.2331,Utilities,Oil/Gas Transmission,30684190857.0000,0.0014,0.0129,0.0052,0.0311,0.0043,0.0106,0.0320,0.0317,0.0362,0.0133,0.0221,0.0341,0.0813
CRAI,0.1765,0.1830,0.1734,0.1764,0.1821,0.1781,0.2130,0.1845,0.1768,0.2134,0.2174,0.2173,0.1793,0.1815,0.2209,Consumer Discretionary,Other Consumer Services,958016123.0000,0.0030,0.0087,0.0048,0.0396,0.0111,0.0034,0.0401,0.0440,0.0440,0.0059,0.0081,0.0475,-0.0031
CRI,0.2466,0.2467,0.2574,0.2597,0.2599,0.2637,0.3222,0.2687,0.2593,0.3231,0.3236,0.3242,0.2590,0.2595,0.3243,Consumer Discretionary,Apparel,1371929856.0000,0.0023,0.0025,0.0063,0.0648,0.0113,0.0019,0.0657,0.0662,0.0668,0.0016,0.0021,0.0670,0.0108
CRNC,0.2057,0.2064,0.2097,0.2159,0.2109,0.2148,0.2097,0.2141,0.2115,0.2111,0.2116,0.2109,0.2286,0.2153,0.2143,Technology,Computer Software: Prepackaged Software,496162143.0000,0.0063,0.0013,0.0051,0.0000,0.0045,0.0019,0.0015,0.0020,0.0012,0.0189,0.0056,0.0046,0.0040
CRK,0.1944,0.1948,0.1805,0.1898,0.1836,0.1825,0.1626,0.1860,0.2695,0.1627,0.1644,0.1695,0.1850,0.2028,0.1632,Energy,Oil & Gas Production,4094119898.0000,0.0092,0.0030,0.0020,-0.0179,0.0054,0.0889,-0.0179,-0.0162,-0.0110,0.0045,0.0222,-0.0174,-0.0139
CRL,0.2935,0.3025,0.3487,0.3511,0.3569,0.3504,0.3745,0.3530,0.3515,0.3753,0.3765,0.3760,0.3648,0.3582,0.3763,Health Care,Biotechnology: Commercial Physical & Biological Resarch,7721287119.0000,0.0024,0.0082,0.0017,0.0258,0.0043,0.0028,0.0266,0.0278,0.0273,0.0161,0.0095,0.0276,0.0551
CRM,0.3490,0.3520,0.3959,0.3995,0.4035,0.3990,0.4163,0.3982,0.3992,0.4172,0.4170,0.4180,0.4085,0.4050,0.4167,Technology,Computer Software: Prepackaged Software,166204610000.0000,0.0036,0.0076,0.0031,0.0203,0.0023,0.0033,0.0212,0.0210,0.0221,0.0126,0.0091,0.0208,0.0469
CRMD,0.0599,0.0633,0.0907,0.0913,0.0926,0.0923,0.1233,0.0929,0.0960,0.1241,0.1233,0.1264,0.0918,0.1032,0.1269,Health Care,Biotechnology: Pharmaceutical Preparations,626046090.0000,0.0006,0.0019,0.0016,0.0326,0.0022,0.0053,0.0334,0.0326,0.0357,0.0011,0.0125,0.0362,0.0308
CRNX,0.1462,0.1527,0.1558,0.1597,0.1577,0.1559,0.1576,0.1607,0.1583,0.1585,0.1605,0.1589,0.1593,0.1693,0.1574,Health Care,Biotechnology: Pharmaceutical Preparations,3880199654.0000,0.0039,0.0019,0.0001,0.0018,0.0049,0.0025,0.0027,0.0047,0.0031,0.0035,0.0135,0.0016,0.0096
CRSR,0.3153,0.3161,0.3172,0.3199,0.3217,0.3250,0.3173,0.3179,0.3181,0.3192,0.3178,0.3180,0.3500,0.3341,0.3208,Technology,Computer peripheral equipment,822993025.0000,0.0027,0.0045,0.0077,0.0000,0.0007,0.0008,0.0020,0.0006,0.0008,0.0328,0.0169,0.0036,0.0020
CROX,0.1688,0.1708,0.2033,0.2052,0.2167,0.2065,0.3119,0.2072,0.2087,0.3132,0.3130,0.3128,0.2269,0.2125,0.3151,Consumer Discretionary,Shoe Manufacturing,5487724725.0000,0.0019,0.0135,0.0032,0.1087,0.0039,0.0054,0.1099,0.1097,0.1096,0.0236,0.0092,0.1118,0.0345
CRS,0.3739,0.3769,0.3408,0.3438,0.3561,0.3466,0.3469,0.3477,0.3417,0.3483,0.3470,0.3576,0.3604,0.3579,0.3540,Industrials,Steel/Iron Ore,21569517881.0000,0.0029,0.0153,0.0057,0.0060,0.0068,0.0009,0.0075,0.0061,0.0168,0.0196,0.0171,0.0132,-0.0331
CRUS,0.2412,0.2447,0.2795,0.2815,0.2892,0.2826,0.3844,0.2812,0.2827,0.3855,0.3848,0.3869,0.3031,0.2881,0.3857,Technology,Semiconductors,8730934775.0000,0.0019,0.0096,0.0031,0.1049,0.0016,0.0031,0.1059,0.1053,0.1074,0.0236,0.0086,0.1062,0.0383
CRVL,0.2529,0.2596,0.2374,0.2392,0.2409,0.2382,0.2688,0.2390,0.2392,0.2690,0.2699,0.2702,0.2397,0.2423,0.2698,Finance,Specialty Insurers,3209303897.0000,0.0018,0.0035,0.0008,0.0314,0.0017,0.0018,0.0316,0.0326,0.0328,0.0024,0.0050,0.0324,-0.0155
CRVS,0.0438,0.0457,0.0508,0.0524,0.0524,0.0532,0.0505,0.0504,0.0554,0.0512,0.0502,0.0534,0.0613,0.0578,0.0541,Health Care,Biotechnology: Pharmaceutical Preparations,1060380247.0000,0.0016,0.0017,0.0024,-0.0002,-0.0004,0.0047,0.0004,-0.0005,0.0026,0.0106,0.0071,0.0033,0.0070
CRWD,0.2215,0.2265,0.2286,0.2340,0.2327,0.2349,0.2286,0.2421,0.2295,0.2301,0.2311,0.2312,0.2501,0.2461,0.2294,Technology,Computer Software: Prepackaged Software,168874800223.0000,0.0054,0.0040,0.0062,0.0000,0.0135,0.0008,0.0014,0.0025,0.0026,0.0215,0.0175,0.0008,0.0071
CSCO,0.4227,0.4220,0.4535,0.4552,0.4546,0.4565,0.4272,0.4552,0.4573,0.4277,0.4277,0.4285,0.4573,0.4526,0.4283,Telecommunications,Computer Communications Equipment,474588148013.0000,0.0016,0.0010,0.0030,-0.0264,0.0016,0.0038,-0.0259,-0.0259,-0.0250,0.0037,-0.0010,-0.0252,0.0308
CSGP,0.3312,0.3335,0.3297,0.3316,0.3333,0.3323,0.3619,0.3326,0.3336,0.3620,0.3633,0.3662,0.3330,0.3348,0.3624,Finance,Real Estate,13863676524.0000,0.0019,0.0036,0.0026,0.0322,0.0029,0.0039,0.0323,0.0336,0.0365,0.0033,0.0051,0.0327,-0.0015
CSL,0.3738,0.3766,0.3461,0.3490,0.3484,0.3504,0.3883,0.3528,0.3487,0.3899,0.3907,0.3890,0.3543,0.3539,0.3907,Industrials,Specialty Chemicals,13507242369.0000,0.0029,0.0024,0.0044,0.0422,0.0068,0.0026,0.0438,0.0446,0.0430,0.0082,0.0078,0.0446,-0.0277
CSQ,0.5670,0.5779,0.6382,0.6387,0.6443,0.6440,0.6813,0.6409,0.6400,0.6824,0.6816,0.6821,0.6537,0.6512,0.6846,Finance,Finance Companies,3230185355.0000,0.0005,0.0061,0.0058,0.0431,0.0027,0.0018,0.0442,0.0434,0.0439,0.0155,0.0130,0.0464,0.0712
CSR,0.2503,0.2567,0.2041,0.2078,0.1994,0.2141,0.2589,0.2126,0.2068,0.2598,0.2594,0.2597,0.2039,0.2004,0.2624,Real Estate,Real Estate Investment Trusts,1146646888.0000,0.0036,-0.0047,0.0100,0.0548,0.0085,0.0026,0.0556,0.0553,0.0556,-0.0002,-0.0037,0.0583,-0.0462
CSTL,0.1544,0.1642,0.1648,0.1659,0.1682,0.1678,0.1642,0.1670,0.1647,0.1641,0.1646,0.1641,0.1968,0.1792,0.1647,Health Care,Medical Specialities,611148533.0000,0.0011,0.0033,0.0030,-0.0006,0.0022,-0.0002,-0.0007,-0.0003,-0.0007,0.0320,0.0143,-0.0001,0.0104
CSW,0.2720,0.2760,0.3116,0.3148,0.3143,0.3133,0.3408,0.3128,0.3142,0.3409,0.3415,0.3422,0.3158,0.3166,0.3421,Industrials,Home Furnishings,4578723940.0000,0.0032,0.0027,0.0017,0.0292,0.0012,0.0026,0.0294,0.0300,0.0306,0.0042,0.0050,0.0305,0.0395
CSV,0.1189,0.1274,0.1340,0.1354,0.1391,0.1372,0.1629,0.1361,0.1359,0.1650,0.1652,0.1658,0.1393,0.1414,0.1657,Consumer Discretionary,Other Consumer Services,694096903.0000,0.0013,0.0051,0.0032,0.0289,0.0021,0.0018,0.0310,0.0312,0.0318,0.0052,0.0074,0.0317,0.0151
CSWC,0.2053,0.2088,0.1649,0.1660,0.1630,0.1679,0.2446,0.1694,0.1691,0.2462,0.2455,0.2504,0.1698,0.1647,0.2482,Consumer Discretionary,Textiles,1414944331.0000,0.0010,-0.0020,0.0029,0.0796,0.0045,0.0042,0.0812,0.0806,0.0855,0.0048,-0.0002,0.0833,-0.0403
CSX,0.4370,0.4388,0.4375,0.4392,0.4416,0.4419,0.4857,0.4419,0.4411,0.4863,0.4871,0.4886,0.4444,0.4440,0.4872,Industrials,Railroads,84582480725.0000,0.0016,0.0041,0.0044,0.0482,0.0043,0.0036,0.0488,0.0496,0.0511,0.0069,0.0064,0.0497,0.0006
CTAS,0.4577,0.4656,0.4847,0.4869,0.4848,0.4883,0.5461,0.4866,0.4877,0.5460,0.5485,0.5485,0.4854,0.4846,0.5486,Industrials,Garments and Clothing,69195670831.0000,0.0022,0.0001,0.0036,0.0614,0.0019,0.0030,0.0613,0.0638,0.0638,0.0007,-0.0001,0.0639,0.0270
CTBI,0.3381,0.3473,0.3035,0.3093,0.3009,0.3122,0.3097,0.3256,0.3066,0.3098,0.3123,0.3112,0.3020,0.3030,0.3100,Finance,Major Banks,1211520191.0000,0.0058,-0.0026,0.0087,0.0062,0.0221,0.0031,0.0063,0.0088,0.0077,-0.0015,-0.0005,0.0065,-0.0346
CTEV,0.0709,0.0770,0.0802,0.0813,0.0809,0.0812,0.0802,0.0803,0.0823,0.0804,0.0823,0.0848,0.0897,0.0807,0.0796,Consumer Discretionary,Business Services,369425588.0000,0.0011,0.0007,0.0010,0.0000,0.0002,0.0021,0.0002,0.0022,0.0046,0.0095,0.0005,-0.0006,0.0093
CTGO,0.0071,0.0105,0.0136,0.0207,0.0159,0.0135,0.0189,0.0137,0.0178,0.0209,0.0209,0.0200,0.0149,0.0160,0.0189,Basic Materials,Precious Metals,633886947.0000,0.0071,0.0023,-0.0002,0.0052,0.0001,0.0042,0.0073,0.0073,0.0064,0.0013,0.0023,0.0052,0.0065
CTMX,0.0963,0.1013,0.1117,0.1151,0.1153,0.1126,0.0979,0.1136,0.1157,0.0992,0.1000,0.1033,0.1207,0.1280,0.0985,Health Care,Biotechnology: Pharmaceutical Preparations,818562975.0000,0.0034,0.0036,0.0009,-0.0138,0.0020,0.0041,-0.0125,-0.0117,-0.0084,0.0091,0.0163,-0.0131,0.0153
CTO,0.2324,0.2369,0.1832,0.1859,0.1782,0.1869,0.2372,0.1863,0.1840,0.2378,0.2388,0.2414,0.1822,0.1808,0.2395,Real Estate,Real Estate Investment Trusts,688509605.0000,0.0027,-0.0050,0.0037,0.0540,0.0031,0.0008,0.0546,0.0556,0.0581,-0.0010,-0.0024,0.0563,-0.0491
CTRE,0.1757,0.1828,0.1939,0.1984,0.1962,0.1960,0.2763,0.2067,0.2016,0.2772,0.2773,0.2834,0.2026,0.1993,0.2786,Real Estate,Real Estate Investment Trusts,9718923268.0000,0.0045,0.0024,0.0021,0.0824,0.0128,0.0077,0.0833,0.0834,0.0895,0.0087,0.0054,0.0847,0.0182
CTRN,0.1513,0.1567,0.1774,0.1794,0.1789,0.1844,0.2450,0.1830,0.1799,0.2455,0.2467,0.2478,0.1768,0.1778,0.2498,Consumer Discretionary,Clothing/Shoe/Accessory Stores,536358829.0000,0.0020,0.0016,0.0070,0.0677,0.0056,0.0025,0.0681,0.0694,0.0705,-0.0005,0.0004,0.0724,0.0261
CTS,0.3054,0.3150,0.2785,0.2806,0.2812,0.2849,0.2852,0.2826,0.2832,0.2856,0.2859,0.2872,0.2883,0.2844,0.2871,Technology,Electrical Products,1781910151.0000,0.0021,0.0027,0.0064,0.0067,0.0042,0.0048,0.0072,0.0074,0.0087,0.0098,0.0059,0.0087,-0.0269
CTVA,0.2945,0.3019,0.3182,0.3231,0.3238,0.3236,0.3138,0.3264,0.3235,0.3149,0.3155,0.3232,0.3247,0.3330,0.3177,Consumer Staples,Farming/Seeds/Milling,53211319200.0000,0.0048,0.0055,0.0054,-0.0044,0.0082,0.0053,-0.0033,-0.0027,0.0050,0.0064,0.0147,-0.0005,0.0237
CUBB,0.0408,0.0562,0.0607,0.0675,0.0690,0.0677,0.0631,0.0714,0.0621,0.0612,0.0664,0.0660,0.0615,0.0660,0.0623,Finance,Major Banks,703938887.0000,0.0068,0.0083,0.0070,0.0025,0.0107,0.0014,0.0005,0.0057,0.0054,0.0009,0.0053,0.0016,0.0199
CTSH,0.3897,0.3959,0.4203,0.4218,0.4255,0.4243,0.4795,0.4224,0.4224,0.4805,0.4802,0.4812,0.4258,0.4262,0.4809,Technology,EDP Services,24996614490.0000,0.0015,0.0052,0.0040,0.0592,0.0021,0.0021,0.0602,0.0599,0.0609,0.0055,0.0059,0.0606,0.0306
CUBE,0.2784,0.2832,0.2255,0.2322,0.2266,0.2322,0.2973,0.2438,0.2306,0.2987,0.3022,0.3008,0.2327,0.2243,0.2988,Real Estate,Real Estate Investment Trusts,9072394154.0000,0.0067,0.0011,0.0067,0.0718,0.0183,0.0051,0.0732,0.0767,0.0753,0.0071,-0.0012,0.0733,-0.0529
CUBI,0.2135,0.2229,0.2608,0.2739,0.2647,0.2768,0.3315,0.2795,0.2631,0.3341,0.3351,0.3313,0.2652,0.2649,0.3348,Finance,Major Banks,2541955363.0000,0.0131,0.0040,0.0160,0.0707,0.0187,0.0023,0.0733,0.0743,0.0705,0.0044,0.0042,0.0740,0.0473
CUZ,0.3544,0.3560,0.3402,0.3446,0.3387,0.3434,0.3899,0.3482,0.3425,0.3920,0.3927,0.3927,0.3442,0.3397,0.3923,Real Estate,Real Estate Investment Trusts,4360318825.0000,0.0044,-0.0015,0.0032,0.0497,0.0080,0.0023,0.0518,0.0525,0.0525,0.0040,-0.0005,0.0521,-0.0142
CVBF,0.3607,0.3639,0.3328,0.3425,0.3325,0.3476,0.2646,0.3650,0.3347,0.2646,0.2715,0.2679,0.3340,0.3340,0.2650,Finance,Major Banks,3590863239.0000,0.0097,-0.0003,0.0148,-0.0682,0.0322,0.0019,-0.0681,-0.0613,-0.0648,0.0012,0.0012,-0.0678,-0.0279
CVGW,0.1295,0.1308,0.0888,0.0892,0.0901,0.0917,0.0858,0.0921,0.0940,0.0867,0.0858,0.0856,0.0905,0.0902,0.0879,Consumer Discretionary,Specialty Foods,472769390.0000,0.0005,0.0014,0.0029,-0.0029,0.0033,0.0053,-0.0021,-0.0030,-0.0032,0.0017,0.0014,-0.0008,-0.0408
CVCO,0.2666,0.2727,0.2782,0.2803,0.2841,0.2819,0.3541,0.2808,0.2815,0.3548,0.3549,0.3576,0.2872,0.2849,0.3563,Consumer Discretionary,Homebuilding,3951751365.0000,0.0021,0.0059,0.0038,0.0759,0.0027,0.0033,0.0767,0.0768,0.0795,0.0090,0.0067,0.0781,0.0115
CVI,0.2199,0.2268,0.2751,0.2862,0.2777,0.2787,0.2667,0.2812,0.2770,0.2672,0.2692,0.2675,0.2804,0.2851,0.2724,Energy,Integrated oil Companies,3262217938.0000,0.0111,0.0026,0.0036,-0.0084,0.0061,0.0019,-0.0079,-0.0059,-0.0076,0.0053,0.0100,-0.0027,0.0552
CVLG,0.1293,0.1315,0.1534,0.1559,0.1641,0.1558,0.1791,0.1579,0.1584,0.1807,0.1818,0.1817,0.1631,0.1640,0.1813,Industrials,Trucking Freight/Courier Services,941646698.0000,0.0026,0.0107,0.0024,0.0257,0.0046,0.0051,0.0273,0.0285,0.0283,0.0097,0.0106,0.0280,0.0241
CVNA,0.2110,0.2133,0.2208,0.2262,0.2254,0.2230,0.2457,0.2276,0.2304,0.2469,0.2474,0.2493,0.2435,0.2308,0.2463,Consumer Discretionary,Retail-Auto Dealers and Gas Stations,74891944327.0000,0.0054,0.0046,0.0022,0.0249,0.0068,0.0096,0.0261,0.0266,0.0285,0.0227,0.0100,0.0255,0.0098
CVLT,0.2314,0.2436,0.2498,0.2525,0.2545,0.2524,0.3058,0.2556,0.2532,0.3062,0.3078,0.3075,0.2600,0.2577,0.3063,Technology,Computer Software: Prepackaged Software,4424129746.0000,0.0027,0.0047,0.0026,0.0560,0.0058,0.0034,0.0564,0.0580,0.0577,0.0102,0.0079,0.0565,0.0184
CVS,0.2884,0.2918,0.2801,0.2831,0.2819,0.2831,0.2566,0.2864,0.2823,0.2570,0.2579,0.2592,0.2898,0.2802,0.2579,Consumer Staples,Retail-Drug Stores and Proprietary Stores,118992980651.0000,0.0030,0.0017,0.0030,-0.0235,0.0063,0.0022,-0.0231,-0.0223,-0.0209,0.0097,0.0001,-0.0222,-0.0083
CVSA,0.1333,0.1392,0.1547,0.1561,0.1564,0.1565,0.1561,0.1577,0.1560,0.1569,0.1583,0.1578,0.1560,0.1548,0.1575,Real Estate,Other Consumer Services,4258965508.0000,0.0014,0.0017,0.0018,0.0014,0.0030,0.0013,0.0022,0.0036,0.0031,0.0013,0.0001,0.0028,0.0214
CVX,0.4411,0.4420,0.4788,0.4828,0.4837,0.4825,0.4696,0.4840,0.4817,0.4698,0.4704,0.4731,0.4830,0.4955,0.4739,Energy,Integrated oil Companies,381251553837.0000,0.0039,0.0049,0.0036,-0.0092,0.0051,0.0028,-0.0090,-0.0084,-0.0057,0.0042,0.0167,-0.0050,0.0377
CW,0.4467,0.4566,0.4291,0.4319,0.4311,0.4341,0.4232,0.4343,0.4315,0.4239,0.4246,0.4261,0.4331,0.4336,0.4256,Technology,Industrial Machinery/Components,27012856763.0000,0.0028,0.0019,0.0050,-0.0059,0.0051,0.0024,-0.0052,-0.0045,-0.0030,0.0040,0.0045,-0.0035,-0.0176
CWEN,0.1897,0.1981,0.2167,0.2240,0.2184,0.2185,0.3049,0.2243,0.2202,0.3056,0.3058,0.3059,0.2272,0.2248,0.3066,Utilities,Electric Utilities: Central,4715370000.0000,0.0073,0.0017,0.0018,0.0883,0.0077,0.0036,0.0890,0.0891,0.0892,0.0105,0.0081,0.0900,0.0269
CWBC,0.0726,0.0784,0.1388,0.1415,0.1467,0.1446,0.2067,0.1502,0.1404,0.2064,0.2088,0.2091,0.1435,0.1489,0.2080,Finance,Major Banks,646065445.0000,0.0027,0.0079,0.0058,0.0680,0.0114,0.0017,0.0676,0.0701,0.0704,0.0048,0.0102,0.0692,0.0662
CWK,0.3584,0.3605,0.3693,0.3787,0.3728,0.3765,0.3694,0.3834,0.3749,0.3723,0.3717,0.3697,0.3753,0.3725,0.3774,Finance,Real Estate,3020133509.0000,0.0094,0.0036,0.0072,0.0002,0.0141,0.0057,0.0030,0.0024,0.0005,0.0060,0.0033,0.0081,0.0108
CWH,0.1897,0.1933,0.1984,0.2010,0.2077,0.2027,0.2466,0.2034,0.2006,0.2475,0.2471,0.2510,0.2117,0.2056,0.2523,Consumer Discretionary,Retail-Auto Dealers and Gas Stations,767251280.0000,0.0026,0.0093,0.0043,0.0482,0.0050,0.0022,0.0491,0.0487,0.0526,0.0133,0.0073,0.0539,0.0087
CWST,0.2013,0.2048,0.2154,0.2188,0.2185,0.2196,0.3127,0.2198,0.2172,0.3134,0.3142,0.3150,0.2180,0.2227,0.3147,Utilities,Environmental Services,5560144943.0000,0.0034,0.0031,0.0043,0.0974,0.0045,0.0018,0.0981,0.0988,0.0997,0.0027,0.0073,0.0993,0.0141
CWT,0.2455,0.2484,0.2014,0.2110,0.2060,0.2047,0.2440,0.2089,0.2039,0.2452,0.2445,0.2477,0.2073,0.2003,0.2464,Utilities,Water Supply,2630550865.0000,0.0096,0.0046,0.0034,0.0426,0.0076,0.0025,0.0438,0.0431,0.0463,0.0059,-0.0011,0.0450,-0.0441
CXDO,0.0607,0.0680,0.0726,0.0737,0.0739,0.0721,0.0811,0.0769,0.0791,0.0820,0.0827,0.0843,0.0739,0.0790,0.0828,Telecommunications,Telecommunications Equipment,311511735.0000,0.0011,0.0012,-0.0005,0.0085,0.0043,0.0064,0.0094,0.0101,0.0117,0.0013,0.0064,0.0102,0.0119
CXT,0.4477,0.4491,0.4328,0.4366,0.4399,0.4421,0.4579,0.4398,0.4359,0.4588,0.4599,0.4593,0.4488,0.4427,0.4612,Industrials,Metal Fabrications,2365566707.0000,0.0038,0.0071,0.0093,0.0251,0.0069,0.0031,0.0260,0.0271,0.0265,0.0159,0.0098,0.0284,-0.0148
CXW,0.2084,0.2178,0.1892,0.1920,0.1947,0.1934,0.1930,0.1970,0.1931,0.1935,0.1952,0.1933,0.1930,0.2042,0.1980,Real Estate,Real Estate Investment Trusts,2126101890.0000,0.0027,0.0055,0.0041,0.0038,0.0078,0.0039,0.0043,0.0060,0.0041,0.0038,0.0150,0.0088,-0.0191
CYH,0.1491,0.1512,0.1080,0.1082,0.1090,0.1139,0.1340,0.1122,0.1104,0.1346,0.1341,0.1393,0.1140,0.1112,0.1367,Health Care,Hospital/Nursing Management,394566794.0000,0.0003,0.0010,0.0060,0.0260,0.0043,0.0024,0.0267,0.0261,0.0314,0.0060,0.0033,0.0287,-0.0412
CYRX,0.0639,0.0647,0.1193,0.1222,0.1244,0.1208,0.2068,0.1204,0.1225,0.2098,0.2095,0.2089,0.1345,0.1272,0.2099,Health Care,Biotechnology: Pharmaceutical Preparations,705632382.0000,0.0028,0.0051,0.0015,0.0874,0.0011,0.0032,0.0905,0.0902,0.0895,0.0152,0.0078,0.0905,0.0555
CYTK,0.1082,0.1133,0.1040,0.1068,0.1062,0.1046,0.1055,0.1079,0.1056,0.1066,0.1047,0.1064,0.1007,0.1088,0.1053,Health Care,Biotechnology: Pharmaceutical Preparations,9573841551.0000,0.0028,0.0022,0.0006,0.0016,0.0039,0.0016,0.0026,0.0008,0.0024,-0.0033,0.0048,0.0013,-0.0042
CZFS,0.0115,0.0162,0.0275,0.0337,0.0300,0.0295,0.0434,0.0303,0.0285,0.0430,0.0451,0.0435,0.0292,0.0281,0.0452,Finance,Major Banks,305593930.0000,0.0062,0.0025,0.0020,0.0160,0.0028,0.0010,0.0155,0.0176,0.0160,0.0017,0.0006,0.0178,0.0160
CZNC,0.2282,0.2339,0.2090,0.2113,0.2176,0.2149,0.2342,0.2191,0.2121,0.2353,0.2363,0.2355,0.2184,0.2173,0.2371,Finance,Major Banks,377502467.0000,0.0022,0.0086,0.0059,0.0252,0.0101,0.0031,0.0263,0.0273,0.0265,0.0094,0.0083,0.0281,-0.0192
CZR,0.2635,0.2666,0.2958,0.2984,0.3013,0.3019,0.4046,0.3014,0.2987,0.4056,0.4051,0.4183,0.3111,0.3074,0.4107,Consumer Discretionary,Hotels/Resorts,5798682197.0000,0.0026,0.0054,0.0061,0.1087,0.0055,0.0029,0.1097,0.1092,0.1224,0.0153,0.0116,0.1149,0.0323
D,0.2665,0.2705,0.1976,0.2067,0.1981,0.2035,0.2287,0.2144,0.2001,0.2293,0.2310,0.2323,0.2167,0.1967,0.2296,Utilities,Electric Utilities: Central,59512747121.0000,0.0091,0.0005,0.0059,0.0311,0.0169,0.0026,0.0318,0.0335,0.0347,0.0192,-0.0009,0.0320,-0.0690
DAKT,0.1831,0.1897,0.1402,0.1421,0.1418,0.1428,0.1398,0.1423,0.1419,0.1406,0.1409,0.1384,0.1473,0.1437,0.1402,Consumer Discretionary,Miscellaneous manufacturing industries,979968652.0000,0.0019,0.0015,0.0026,-0.0005,0.0021,0.0017,0.0003,0.0006,-0.0018,0.0071,0.0034,-0.0001,-0.0428
DAL,0.2734,0.2807,0.3386,0.3436,0.3439,0.3495,0.3471,0.3446,0.3419,0.3518,0.3517,0.3537,0.3538,0.3420,0.3595,Consumer Discretionary,Air Freight/Delivery Services,50023549048.0000,0.0049,0.0053,0.0109,0.0085,0.0060,0.0033,0.0132,0.0131,0.0151,0.0152,0.0034,0.0209,0.0653
DAN,0.3840,0.3882,0.3783,0.3805,0.3887,0.3886,0.4094,0.3881,0.3807,0.4119,0.4111,0.4166,0.4031,0.3892,0.4165,Consumer Discretionary,Auto Parts:O.E.M.,3697331478.0000,0.0022,0.0104,0.0103,0.0311,0.0098,0.0024,0.0336,0.0328,0.0383,0.0248,0.0109,0.0382,-0.0057
DAR,0.2857,0.2899,0.2793,0.2823,0.2885,0.2845,0.3444,0.2857,0.2822,0.3457,0.3456,0.3536,0.3050,0.3053,0.3493,Consumer Staples,Packaged Foods,9313143472.0000,0.0030,0.0092,0.0052,0.0650,0.0064,0.0029,0.0663,0.0663,0.0742,0.0257,0.0259,0.0699,-0.0064
DBI,0.1866,0.1871,0.1783,0.1885,0.1759,0.1832,0.2217,0.1889,0.1801,0.2175,0.2191,0.2303,0.1795,0.1788,0.2290,Consumer Discretionary,Clothing/Shoe/Accessory Stores,360321599.0000,0.0103,-0.0023,0.0049,0.0434,0.0106,0.0018,0.0392,0.0409,0.0520,0.0012,0.0006,0.0507,-0.0083
DBRG,0.2215,0.2271,0.2416,0.2418,0.2443,0.2501,0.3310,0.2450,0.2454,0.3317,0.3326,0.3322,0.2505,0.2460,0.3366,Real Estate,Real Estate Investment Trusts,2865070121.0000,0.0001,0.0026,0.0085,0.0894,0.0033,0.0037,0.0901,0.0909,0.0906,0.0088,0.0043,0.0950,0.0201
DBX,0.2906,0.2912,0.2945,0.2986,0.2949,0.2974,0.3095,0.2946,0.2955,0.3090,0.3099,0.3095,0.3039,0.3007,0.3096,Technology,Computer Software: Prepackaged Software,6399436802.0000,0.0041,0.0004,0.0029,0.0150,0.0002,0.0010,0.0146,0.0154,0.0151,0.0094,0.0062,0.0152,0.0039
DCH,0.2964,0.2985,0.2787,0.2830,0.2879,0.2911,0.2948,0.2904,0.2832,0.2969,0.2997,0.2970,0.2924,0.2871,0.2991,Consumer Discretionary,Auto Parts:O.E.M.,1516773417.0000,0.0043,0.0092,0.0124,0.0161,0.0117,0.0045,0.0182,0.0210,0.0183,0.0137,0.0084,0.0204,-0.0177
DCI,0.4593,0.4617,0.4410,0.4428,0.4474,0.4476,0.4796,0.4463,0.4447,0.4805,0.4800,0.4799,0.4565,0.4501,0.4813,Industrials,Pollution Control Equipment,9689019569.0000,0.0018,0.0063,0.0065,0.0385,0.0053,0.0036,0.0394,0.0390,0.0389,0.0155,0.0091,0.0403,-0.0183
DCTH,0.0363,0.0375,0.0392,0.0367,0.0400,0.0420,0.0503,0.0403,0.0407,0.0494,0.0483,0.0529,0.0543,0.0457,0.0487,Health Care,Medical/Dental Instruments,380428550.0000,-0.0025,0.0008,0.0028,0.0110,0.0011,0.0015,0.0102,0.0090,0.0136,0.0151,0.0064,0.0095,0.0030
DCO,0.2167,0.2196,0.2080,0.2100,0.2136,0.2134,0.3095,0.2155,0.2103,0.3106,0.3104,0.3136,0.2146,0.2175,0.3166,Industrials,Military/Government/Technical,2177902153.0000,0.0021,0.0057,0.0055,0.1015,0.0076,0.0023,0.1026,0.1024,0.1056,0.0066,0.0095,0.1087,-0.0087
DCOM,0.2422,0.2485,0.2779,0.2831,0.2883,0.2869,0.3302,0.2923,0.2788,0.3303,0.3324,0.3300,0.2885,0.2930,0.3325,Finance,Major Banks,1627787818.0000,0.0051,0.0104,0.0090,0.0522,0.0144,0.0009,0.0524,0.0544,0.0520,0.0106,0.0151,0.0545,0.0357
DD,0.4440,0.4449,0.4370,0.4402,0.4409,0.4455,0.4535,0.4412,0.4389,0.4557,0.4544,0.4555,0.4610,0.4463,0.4625,Industrials,Major Chemicals,19725413245.0000,0.0032,0.0039,0.0085,0.0166,0.0042,0.0019,0.0187,0.0174,0.0185,0.0241,0.0094,0.0255,-0.0070
DDOG,0.2573,0.2591,0.2611,0.2644,0.2608,0.2627,0.2612,0.2714,0.2643,0.2624,0.2646,0.2638,0.2791,0.2710,0.2632,Technology,Computer Software: Prepackaged Software,79137069218.0000,0.0033,-0.0003,0.0016,0.0000,0.0103,0.0031,0.0013,0.0035,0.0027,0.0180,0.0099,0.0021,0.0038
DDD,0.2169,0.2183,0.1904,0.1923,0.1966,0.1963,0.2803,0.1959,0.1920,0.2807,0.2817,0.2815,0.2180,0.2111,0.2835,Technology,Computer Software: Prepackaged Software,462883217.0000,0.0019,0.0062,0.0059,0.0899,0.0055,0.0016,0.0903,0.0913,0.0911,0.0276,0.0207,0.0931,-0.0265
DDS,0.1886,0.1932,0.1668,0.1698,0.1627,0.1715,0.2283,0.1746,0.1715,0.2289,0.2320,0.2369,0.1693,0.1700,0.2324,Consumer Discretionary,Department/Specialty Retail Stores,8773670488.0000,0.0030,-0.0041,0.0047,0.0615,0.0078,0.0047,0.0621,0.0652,0.0701,0.0025,0.0032,0.0656,-0.0218
DDT,0.0700,0.0762,0.0892,0.0920,0.0950,0.0930,0.1340,0.0946,0.0953,0.1347,0.1339,0.1343,0.0913,0.0928,0.1410,Consumer Discretionary,Department/Specialty Retail Stores,408386407.0000,0.0028,0.0058,0.0037,0.0448,0.0054,0.0061,0.0455,0.0446,0.0450,0.0021,0.0035,0.0518,0.0193
DE,0.3804,0.3851,0.3596,0.3616,0.3697,0.3629,0.3509,0.3652,0.3616,0.3519,0.3517,0.3632,0.3739,0.3680,0.3532,Industrials,Industrial Machinery/Components,142927268270.0000,0.0020,0.0101,0.0033,-0.0087,0.0056,0.0020,-0.0077,-0.0079,0.0036,0.0143,0.0084,-0.0064,-0.0208
DEA,0.1674,0.1705,0.1878,0.1933,0.1932,0.1909,0.2254,0.1976,0.1913,0.2261,0.2278,0.2263,0.1942,0.1904,0.2272,Real Estate,Real Estate Investment Trusts,1103172633.0000,0.0055,0.0054,0.0031,0.0376,0.0098,0.0035,0.0382,0.0400,0.0385,0.0064,0.0025,0.0394,0.0204
DECK,0.2298,0.2342,0.2573,0.2620,0.2580,0.2615,0.3479,0.2651,0.2605,0.3479,0.3484,0.3508,0.2643,0.2580,0.3496,Consumer Discretionary,Shoe Manufacturing,15141803407.0000,0.0047,0.0007,0.0042,0.0906,0.0078,0.0032,0.0906,0.0911,0.0935,0.0070,0.0007,0.0922,0.0276
DEI,0.3670,0.3695,0.3203,0.3246,0.3186,0.3266,0.3553,0.3297,0.3258,0.3566,0.3568,0.3576,0.3212,0.3181,0.3603,Real Estate,Real Estate Investment Trusts,1919381160.0000,0.0043,-0.0017,0.0063,0.0350,0.0094,0.0055,0.0364,0.0365,0.0373,0.0010,-0.0022,0.0400,-0.0468
DELL,0.2951,0.3080,0.3153,0.3174,0.3208,0.3185,0.3739,0.3191,0.3157,0.3749,0.3769,0.3776,0.3205,0.3160,0.3751,Technology,Computer Manufacturing,191746062640.0000,0.0021,0.0055,0.0032,0.0587,0.0038,0.0005,0.0596,0.0616,0.0623,0.0052,0.0007,0.0598,0.0202
DFIN,0.2347,0.2384,0.2488,0.2491,0.2510,0.2554,0.2979,0.2503,0.2507,0.2983,0.2993,0.2978,0.2571,0.2588,0.2987,Consumer Discretionary,Other Consumer Services,974312625.0000,0.0003,0.0022,0.0066,0.0491,0.0016,0.0020,0.0496,0.0505,0.0491,0.0083,0.0100,0.0500,0.0141
DFTX,0.0480,0.0493,0.0536,0.0576,0.0540,0.0558,0.0798,0.0552,0.0548,0.0804,0.0819,0.0889,0.0627,0.0628,0.0812,Health Care, Medicinal Chemicals and Botanical Products ,2454002618.0000,0.0040,0.0003,0.0022,0.0262,0.0016,0.0011,0.0267,0.0283,0.0352,0.0090,0.0091,0.0275,0.0057
DG,0.1430,0.1458,0.1892,0.1936,0.1905,0.1909,0.1922,0.1912,0.1914,0.1928,0.1932,0.1944,0.1916,0.1948,0.1973,Consumer Discretionary,Department/Specialty Retail Stores,23266910708.0000,0.0044,0.0013,0.0017,0.0031,0.0020,0.0022,0.0036,0.0041,0.0053,0.0024,0.0057,0.0081,0.0461
DGICA,0.1916,0.1954,0.1720,0.1759,0.1723,0.1751,0.1918,0.1767,0.1743,0.1924,0.1958,0.1926,0.1751,0.1732,0.1922,Finance,Property-Casualty Insurers,642440116.0000,0.0039,0.0003,0.0031,0.0198,0.0047,0.0023,0.0205,0.0238,0.0207,0.0031,0.0012,0.0202,-0.0196
DGICB,0.0050,0.0098,0.0096,0.0138,0.0106,0.0100,0.0160,0.0111,0.0130,0.0161,0.0153,0.0153,0.0113,0.0134,0.0161,Finance,Property-Casualty Insurers,702089977.0000,0.0042,0.0010,0.0003,0.0064,0.0015,0.0033,0.0065,0.0057,0.0057,0.0017,0.0038,0.0065,0.0046
DGII,0.2208,0.2247,0.2169,0.2175,0.2169,0.2194,0.2942,0.2223,0.2199,0.2955,0.2950,0.2972,0.2207,0.2197,0.2967,Telecommunications,Computer Communications Equipment,2494377486.0000,0.0006,-0.0000,0.0025,0.0773,0.0054,0.0030,0.0786,0.0781,0.0803,0.0038,0.0028,0.0798,-0.0039
DGX,0.2469,0.2480,0.2422,0.2452,0.2451,0.2435,0.2066,0.2449,0.2443,0.2078,0.2080,0.2103,0.2497,0.2449,0.2073,Health Care,Medical Specialities,21609049905.0000,0.0029,0.0028,0.0013,-0.0357,0.0026,0.0021,-0.0344,-0.0342,-0.0319,0.0075,0.0026,-0.0349,-0.0047
DHC,0.2847,0.2926,0.2125,0.2214,0.2072,0.2202,0.2442,0.2299,0.2157,0.2468,0.2465,0.2507,0.2109,0.2063,0.2504,Real Estate,Real Estate Investment Trusts,2118435603.0000,0.0089,-0.0053,0.0078,0.0317,0.0175,0.0033,0.0344,0.0340,0.0382,-0.0016,-0.0061,0.0379,-0.0723
DHCNI,0.0826,0.0882,0.1025,0.1015,0.0990,0.0973,0.1297,0.1219,0.1060,0.1298,0.1333,0.1261,0.0963,0.1157,0.1344,Real Estate,Real Estate Investment Trusts,4420296877.0000,-0.0010,-0.0035,-0.0052,0.0272,0.0194,0.0034,0.0273,0.0308,0.0236,-0.0062,0.0132,0.0318,0.0200
DHI,0.3231,0.3280,0.3333,0.3373,0.3319,0.3362,0.4151,0.3439,0.3386,0.4153,0.4159,0.4179,0.3366,0.3339,0.4163,Consumer Discretionary,Homebuilding,40758897776.0000,0.0041,-0.0014,0.0030,0.0818,0.0106,0.0053,0.0820,0.0826,0.0846,0.0033,0.0007,0.0830,0.0101
DHR,0.4794,0.4901,0.4492,0.4512,0.4467,0.4513,0.4040,0.4532,0.4507,0.4051,0.4061,0.4072,0.4497,0.4481,0.4044,Industrials,Industrial Machinery/Components,121736547844.0000,0.0021,-0.0024,0.0021,-0.0452,0.0041,0.0015,-0.0441,-0.0431,-0.0420,0.0006,-0.0011,-0.0448,-0.0303
DIN,0.2226,0.2237,0.2236,0.2279,0.2295,0.2296,0.3178,0.2314,0.2286,0.3195,0.3187,0.3223,0.2336,0.2336,0.3262,Consumer Discretionary,Restaurants,385248765.0000,0.0043,0.0058,0.0060,0.0941,0.0078,0.0050,0.0958,0.0951,0.0987,0.0100,0.0100,0.1026,0.0011
DINO,0.2232,0.2295,0.2613,0.2707,0.2656,0.2651,0.2741,0.2669,0.2656,0.2742,0.2772,0.2745,0.2647,0.2717,0.2785,Energy,Natural Gas Distribution,12603055801.0000,0.0094,0.0043,0.0038,0.0128,0.0056,0.0043,0.0130,0.0159,0.0132,0.0035,0.0105,0.0172,0.0381
DIOD,0.3394,0.3454,0.3715,0.3726,0.3748,0.3774,0.5260,0.3732,0.3737,0.5269,0.5268,0.5267,0.4005,0.3796,0.5287,Technology,Semiconductors,4578392743.0000,0.0011,0.0032,0.0059,0.1545,0.0017,0.0022,0.1554,0.1552,0.1552,0.0289,0.0081,0.1571,0.0322
DIS,0.4408,0.4424,0.3757,0.3782,0.3734,0.3789,0.4142,0.3784,0.3798,0.4147,0.4158,0.4168,0.3754,0.3806,0.4160,Consumer Discretionary,Services-Misc. Amusement & Recreation,178860676672.0000,0.0024,-0.0024,0.0031,0.0385,0.0027,0.0040,0.0390,0.0401,0.0410,-0.0003,0.0048,0.0403,-0.0650
DJCO,0.0862,0.0898,0.1371,0.1381,0.1433,0.1391,0.1993,0.1403,0.1397,0.2014,0.2024,0.1992,0.1436,0.1440,0.2017,Consumer Discretionary,Newspapers/Magazines,652048268.0000,0.0010,0.0061,0.0020,0.0622,0.0032,0.0026,0.0642,0.0653,0.0621,0.0065,0.0069,0.0645,0.0509
DKNG,0.2053,0.2127,0.2142,0.2177,0.2198,0.2193,0.2144,0.2170,0.2174,0.2149,0.2160,0.2149,0.2435,0.2288,0.2140,Consumer Discretionary,Services-Misc. Amusement & Recreation,12462755883.0000,0.0035,0.0056,0.0051,0.0002,0.0028,0.0032,0.0007,0.0018,0.0007,0.0294,0.0146,-0.0002,0.0089
DKL,0.0880,0.0929,0.1442,0.1454,0.1463,0.1465,0.1805,0.1475,0.1477,0.1808,0.1817,0.1827,0.1470,0.1559,0.1809,Energy,Natural Gas Distribution,2727528865.0000,0.0012,0.0021,0.0023,0.0363,0.0033,0.0034,0.0366,0.0375,0.0385,0.0028,0.0117,0.0366,0.0562
DK,0.2163,0.2247,0.2635,0.2762,0.2678,0.2666,0.2704,0.2668,0.2681,0.2707,0.2722,0.2720,0.2729,0.2797,0.2720,Energy,Integrated oil Companies,2677039835.0000,0.0127,0.0043,0.0031,0.0069,0.0033,0.0046,0.0072,0.0087,0.0085,0.0094,0.0162,0.0085,0.0472
DKS,0.2395,0.2402,0.2077,0.2097,0.2134,0.2110,0.2664,0.2118,0.2100,0.2676,0.2667,0.2704,0.2078,0.2143,0.2690,Consumer Discretionary,Other Specialty Stores,20684163867.0000,0.0020,0.0058,0.0033,0.0587,0.0041,0.0023,0.0600,0.0591,0.0627,0.0001,0.0066,0.0613,-0.0319
DLB,0.2815,0.2861,0.3433,0.3441,0.3514,0.3456,0.4398,0.3457,0.3452,0.4403,0.4406,0.4442,0.3567,0.3582,0.4408,Miscellaneous,Multi-Sector Companies,5175462872.0000,0.0008,0.0082,0.0023,0.0965,0.0024,0.0020,0.0970,0.0973,0.1009,0.0135,0.0150,0.0976,0.0618
DLR,0.2645,0.2653,0.2465,0.2544,0.2407,0.2501,0.3039,0.2628,0.2484,0.3036,0.3075,0.3063,0.2430,0.2466,0.3048,Real Estate,Real Estate Investment Trusts,67480507622.0000,0.0079,-0.0059,0.0036,0.0574,0.0163,0.0019,0.0571,0.0610,0.0597,-0.0035,0.0000,0.0583,-0.0180
DLTR,0.1523,0.1564,0.1684,0.1714,0.1630,0.1702,0.1684,0.1730,0.1710,0.1688,0.1697,0.1733,0.1671,0.1704,0.1709,Consumer Discretionary,Department/Specialty Retail Stores,18495019062.0000,0.0030,-0.0053,0.0018,0.0000,0.0046,0.0026,0.0005,0.0013,0.0049,-0.0013,0.0020,0.0025,0.0160
DLX,0.3461,0.3505,0.2827,0.2858,0.2929,0.2907,0.2583,0.2922,0.2861,0.2592,0.2608,0.2641,0.2936,0.2954,0.2609,Consumer Discretionary,Publishing,1086455768.0000,0.0031,0.0102,0.0080,-0.0243,0.0095,0.0034,-0.0235,-0.0219,-0.0185,0.0109,0.0127,-0.0218,-0.0634
DLY,0.1772,0.1841,0.1892,0.1909,0.1920,0.1906,0.1893,0.1995,0.1902,0.1901,0.1897,0.1893,0.2074,0.2084,0.1943,Finance,Investment Managers,669323075.0000,0.0017,0.0028,0.0014,0.0001,0.0103,0.0010,0.0009,0.0005,0.0001,0.0182,0.0192,0.0051,0.0120
DNLI,0.1870,0.1936,0.1980,0.2000,0.2029,0.1997,0.2106,0.2031,0.2002,0.2118,0.2116,0.2113,0.2040,0.2041,0.2129,Health Care,Biotechnology: Biological Products (No Diagnostic Substances),2958349498.0000,0.0020,0.0049,0.0017,0.0125,0.0050,0.0022,0.0138,0.0136,0.0133,0.0059,0.0060,0.0149,0.0111
DNOW,0.1883,0.1912,0.2780,0.2859,0.2851,0.2800,0.3049,0.2829,0.2814,0.3025,0.3050,0.3100,0.2945,0.3027,0.3100,Consumer Discretionary,Oil and Gas Field Machinery,2385876011.0000,0.0079,0.0071,0.0020,0.0269,0.0049,0.0033,0.0245,0.0270,0.0320,0.0165,0.0247,0.0320,0.0897
DMAC,0.0203,0.0249,0.0352,0.0351,0.0392,0.0363,0.0434,0.0366,0.0387,0.0441,0.0437,0.0447,0.0405,0.0410,0.0448,Health Care,Biotechnology: Pharmaceutical Preparations,318450569.0000,-0.0000,0.0040,0.0012,0.0082,0.0014,0.0036,0.0089,0.0086,0.0095,0.0054,0.0059,0.0096,0.0148
DMRC,0.1461,0.1506,0.1516,0.1535,0.1579,0.1554,0.2348,0.1526,0.1534,0.2381,0.2360,0.2396,0.1704,0.1605,0.2402,Technology,EDP Services,304270218.0000,0.0019,0.0063,0.0039,0.0833,0.0010,0.0019,0.0865,0.0844,0.0880,0.0188,0.0089,0.0886,0.0055
DMLP,0.1401,0.1414,0.1867,0.1903,0.1961,0.1912,0.2413,0.1898,0.1963,0.2429,0.2426,0.2496,0.1934,0.2033,0.2461,Energy,Oil & Gas Production,1325577212.0000,0.0036,0.0095,0.0045,0.0546,0.0031,0.0097,0.0563,0.0560,0.0629,0.0067,0.0166,0.0594,0.0465
DNTH,0.0860,0.0870,0.0858,0.0930,0.0818,0.0841,0.0827,0.0838,0.0874,0.0828,0.0869,0.0849,0.0889,0.0964,0.0828,Health Care,Biotechnology: Pharmaceutical Preparations,4727535830.0000,0.0071,-0.0040,-0.0017,-0.0031,-0.0021,0.0015,-0.0031,0.0011,-0.0009,0.0031,0.0105,-0.0031,-0.0001
DOCU,0.2261,0.2396,0.2481,0.2499,0.2477,0.2538,0.2382,0.2553,0.2488,0.2386,0.2402,0.2378,0.2637,0.2525,0.2396,Technology,Computer Software: Prepackaged Software,9705197505.0000,0.0018,-0.0004,0.0057,-0.0099,0.0072,0.0007,-0.0095,-0.0078,-0.0103,0.0156,0.0044,-0.0085,0.0220
DOW,0.3993,0.4021,0.4364,0.4391,0.4550,0.4441,0.4240,0.4494,0.4415,0.4265,0.4253,0.4314,0.4531,0.4462,0.4311,Industrials,Major Chemicals,25953899182.0000,0.0027,0.0187,0.0077,-0.0124,0.0130,0.0051,-0.0099,-0.0111,-0.0049,0.0167,0.0098,-0.0052,0.0371
DOC,0.3103,0.3111,0.2510,0.2631,0.2487,0.2596,0.3623,0.2739,0.2527,0.3642,0.3635,0.3641,0.2522,0.2471,0.3657,Real Estate,Real Estate Investment Trusts,13602250720.0000,0.0122,-0.0022,0.0086,0.1113,0.0229,0.0017,0.1132,0.1126,0.1132,0.0012,-0.0039,0.1147,-0.0594
DORM,0.2009,0.2101,0.1857,0.1871,0.1924,0.1886,0.2062,0.1893,0.1885,0.2063,0.2078,0.2082,0.1915,0.1907,0.2097,Consumer Discretionary,Auto Parts:O.E.M.,3528559725.0000,0.0014,0.0066,0.0028,0.0205,0.0036,0.0028,0.0206,0.0220,0.0224,0.0057,0.0049,0.0239,-0.0151
DOV,0.4942,0.4941,0.4789,0.4803,0.4817,0.4862,0.5343,0.4836,0.4822,0.5348,0.5349,0.5359,0.4935,0.4878,0.5356,Industrials,Industrial Machinery/Components,28265430799.0000,0.0014,0.0028,0.0074,0.0554,0.0047,0.0033,0.0559,0.0560,0.0570,0.0146,0.0089,0.0567,-0.0153
DPZ,0.2033,0.2107,0.1704,0.1770,0.1694,0.1728,0.1605,0.1771,0.1727,0.1598,0.1596,0.1604,0.1638,0.1637,0.1636,Consumer Discretionary,Food Distributors,10528047092.0000,0.0065,-0.0010,0.0024,-0.0099,0.0067,0.0023,-0.0106,-0.0108,-0.0100,-0.0066,-0.0067,-0.0068,-0.0329
DRH,0.3749,0.3799,0.3315,0.3383,0.3313,0.3383,0.3579,0.3416,0.3338,0.3583,0.3620,0.3626,0.3340,0.3366,0.3641,Real Estate,Real Estate Investment Trusts,2190094230.0000,0.0068,-0.0002,0.0068,0.0264,0.0101,0.0023,0.0268,0.0304,0.0311,0.0025,0.0051,0.0326,-0.0434
DRI,0.2671,0.2712,0.2799,0.2838,0.2880,0.2832,0.3657,0.2859,0.2857,0.3666,0.3683,0.3735,0.2814,0.2812,0.3683,Consumer Discretionary,Restaurants,23309018461.0000,0.0039,0.0081,0.0034,0.0858,0.0060,0.0058,0.0867,0.0884,0.0936,0.0015,0.0013,0.0884,0.0128
DT,0.3079,0.3224,0.3233,0.3264,0.3244,0.3256,0.3234,0.3284,0.3245,0.3240,0.3256,0.3270,0.3474,0.3403,0.3248,Technology,Computer Software: Prepackaged Software,12011714957.0000,0.0031,0.0011,0.0023,0.0000,0.0051,0.0012,0.0007,0.0022,0.0037,0.0240,0.0170,0.0015,0.0154
DSGR,0.1716,0.1739,0.1563,0.1573,0.1566,0.1585,0.2184,0.1587,0.1570,0.2226,0.2204,0.2232,0.1553,0.1567,0.2226,Consumer Discretionary,Industrial Specialties,1247269455.0000,0.0010,0.0003,0.0022,0.0621,0.0024,0.0007,0.0664,0.0642,0.0670,-0.0009,0.0005,0.0663,-0.0153
DSL,0.2069,0.2248,0.2518,0.2538,0.2582,0.2605,0.2822,0.2628,0.2530,0.2822,0.2826,0.2868,0.2623,0.2651,0.2917,Finance,Trusts Except Educational Religious and Charitable,1109725489.0000,0.0020,0.0065,0.0087,0.0305,0.0111,0.0012,0.0305,0.0308,0.0350,0.0105,0.0134,0.0399,0.0449
DTB,0.1904,0.2064,0.2098,0.2167,0.2119,0.2117,0.2106,0.2435,0.2149,0.2115,0.2144,0.2106,0.2141,0.2152,0.2115,Utilities,Electric Utilities: Central,3490715092.0000,0.0070,0.0021,0.0019,0.0009,0.0338,0.0052,0.0018,0.0047,0.0008,0.0044,0.0055,0.0018,0.0194
DTW,0.1881,0.2064,0.2150,0.2166,0.2209,0.2175,0.2529,0.2491,0.2215,0.2542,0.2535,0.2544,0.2216,0.2341,0.2584,Utilities,Electric Utilities: Central,4394598112.0000,0.0016,0.0060,0.0025,0.0379,0.0341,0.0065,0.0393,0.0386,0.0394,0.0066,0.0191,0.0434,0.0269
DUKB,0.2380,0.2506,0.2566,0.2606,0.2614,0.2593,0.2697,0.2899,0.2640,0.2705,0.2700,0.2705,0.2607,0.2729,0.2747,Utilities,Power Generation,18538798040.0000,0.0041,0.0049,0.0028,0.0132,0.0334,0.0074,0.0139,0.0134,0.0139,0.0042,0.0164,0.0182,0.0186
DTE,0.3045,0.3080,0.2383,0.2479,0.2379,0.2462,0.3078,0.2622,0.2394,0.3081,0.3082,0.3089,0.2542,0.2400,0.3094,Utilities,Electric Utilities: Central,30226513879.0000,0.0096,-0.0004,0.0080,0.0696,0.0240,0.0012,0.0698,0.0699,0.0707,0.0159,0.0018,0.0711,-0.0663
DUK,0.2458,0.2511,0.2117,0.2232,0.2128,0.2241,0.2693,0.2351,0.2129,0.2694,0.2711,0.2707,0.2298,0.2099,0.2697,Utilities,Power Generation,97971856590.0000,0.0115,0.0011,0.0124,0.0577,0.0234,0.0012,0.0578,0.0594,0.0591,0.0181,-0.0018,0.0580,-0.0342
DUOT,0.0216,0.0280,0.0323,0.0335,0.0340,0.0339,0.0431,0.0333,0.0353,0.0433,0.0461,0.0437,0.0364,0.0331,0.0435,Technology,Computer Software: Prepackaged Software,360678669.0000,0.0012,0.0018,0.0016,0.0108,0.0010,0.0030,0.0110,0.0138,0.0114,0.0041,0.0008,0.0113,0.0107
DVA,0.2192,0.2215,0.2100,0.2118,0.2164,0.2132,0.1738,0.2128,0.2127,0.1747,0.1753,0.1759,0.2186,0.2202,0.1748,Health Care,Misc Health and Biotechnology Services,12744984000.0000,0.0018,0.0063,0.0031,-0.0362,0.0028,0.0027,-0.0354,-0.0347,-0.0341,0.0085,0.0102,-0.0353,-0.0092
DVLT,0.0388,0.0401,0.0425,0.0435,0.0420,0.0429,0.0458,0.0468,0.0435,0.0459,0.0457,0.0493,0.0535,0.0445,0.0464,Technology,Semiconductors,397151878.0000,0.0009,-0.0005,0.0004,0.0033,0.0042,0.0009,0.0033,0.0031,0.0068,0.0110,0.0020,0.0038,0.0038
DVN,0.3395,0.3390,0.4422,0.4463,0.4461,0.4471,0.4271,0.4454,0.4497,0.4279,0.4286,0.4332,0.4555,0.4667,0.4303,Energy,Oil & Gas Production,29345113977.0000,0.0041,0.0038,0.0049,-0.0151,0.0032,0.0074,-0.0143,-0.0136,-0.0091,0.0133,0.0245,-0.0120,0.1028
DX,0.1878,0.1940,0.1924,0.1965,0.1994,0.1972,0.2404,0.2035,0.1942,0.2423,0.2419,0.2417,0.2054,0.2039,0.2452,Real Estate,Real Estate Investment Trusts,2736719537.0000,0.0041,0.0070,0.0048,0.0480,0.0111,0.0018,0.0500,0.0496,0.0493,0.0130,0.0116,0.0529,0.0045
DXCM,0.1846,0.1880,0.1941,0.1955,0.2007,0.1950,0.2657,0.1993,0.1967,0.2662,0.2663,0.2668,0.2010,0.2054,0.2661,Health Care,Medical/Dental Instruments,27821441642.0000,0.0014,0.0067,0.0009,0.0716,0.0053,0.0027,0.0722,0.0722,0.0727,0.0070,0.0113,0.0720,0.0094
DXC,0.3212,0.3232,0.2862,0.2884,0.2857,0.2913,0.3141,0.2896,0.2898,0.3163,0.3166,0.3192,0.2881,0.2880,0.3171,Technology,EDP Services,1553058651.0000,0.0022,-0.0005,0.0051,0.0278,0.0033,0.0036,0.0301,0.0304,0.0329,0.0019,0.0018,0.0309,-0.0350
DXPE,0.2424,0.2428,0.2142,0.2189,0.2174,0.2202,0.2597,0.2223,0.2176,0.2598,0.2629,0.2601,0.2234,0.2244,0.2636,Industrials,Industrial Machinery/Components,2235865990.0000,0.0047,0.0032,0.0061,0.0455,0.0082,0.0034,0.0457,0.0487,0.0459,0.0092,0.0103,0.0494,-0.0282
DYN,0.1292,0.1427,0.1589,0.1604,0.1646,0.1639,0.1589,0.1605,0.1629,0.1593,0.1607,0.1584,0.1642,0.1709,0.1610,Health Care,Biotechnology: Pharmaceutical Preparations,2871500637.0000,0.0015,0.0057,0.0051,0.0000,0.0017,0.0041,0.0005,0.0018,-0.0004,0.0053,0.0121,0.0021,0.0296
DY,0.2483,0.2507,0.2304,0.2320,0.2346,0.2342,0.2695,0.2368,0.2321,0.2699,0.2706,0.2715,0.2392,0.2469,0.2719,Industrials,Water Sewer Pipeline Comm & Power Line Construction,12343647909.0000,0.0016,0.0042,0.0038,0.0391,0.0064,0.0017,0.0395,0.0402,0.0411,0.0088,0.0165,0.0415,-0.0179
EA,0.2422,0.2466,0.2244,0.2361,0.2230,0.2260,0.2154,0.2296,0.2320,0.2159,0.2158,0.2161,0.2247,0.2220,0.2185,Consumer Discretionary,Services-Misc. Amusement & Recreation,50393525739.0000,0.0117,-0.0014,0.0016,-0.0090,0.0052,0.0076,-0.0085,-0.0086,-0.0083,0.0003,-0.0024,-0.0059,-0.0178
EAT,0.2210,0.2249,0.2221,0.2249,0.2214,0.2286,0.2835,0.2277,0.2257,0.2846,0.2841,0.2948,0.2224,0.2233,0.2874,Consumer Discretionary,Restaurants,5893211224.0000,0.0028,-0.0008,0.0065,0.0613,0.0056,0.0036,0.0625,0.0619,0.0727,0.0003,0.0012,0.0652,0.0012
EBAY,0.3142,0.3169,0.2985,0.3011,0.3002,0.3008,0.3226,0.3012,0.3064,0.3235,0.3235,0.3271,0.3024,0.3010,0.3241,Consumer Discretionary,Business Services,51510044201.0000,0.0026,0.0016,0.0022,0.0240,0.0026,0.0079,0.0250,0.0250,0.0286,0.0039,0.0025,0.0256,-0.0157
EBC,0.2528,0.2791,0.2850,0.2898,0.2874,0.2926,0.2865,0.2935,0.2865,0.2872,0.2871,0.2898,0.2895,0.2882,0.2859,Finance,Savings Institutions,4588190515.0000,0.0048,0.0024,0.0077,0.0015,0.0085,0.0015,0.0022,0.0021,0.0048,0.0045,0.0033,0.0010,0.0322
EBF,0.2572,0.2593,0.1827,0.1831,0.1805,0.1857,0.2523,0.1903,0.1842,0.2533,0.2551,0.2551,0.1860,0.1887,0.2542,Consumer Discretionary,Office Equipment/Supplies/Services,512939322.0000,0.0003,-0.0022,0.0029,0.0695,0.0075,0.0014,0.0706,0.0724,0.0724,0.0033,0.0060,0.0715,-0.0745
EBS,0.1598,0.1654,0.1696,0.1725,0.1768,0.1709,0.1691,0.1699,0.1716,0.1692,0.1736,0.1723,0.1768,0.1800,0.1714,Health Care,Biotechnology: Pharmaceutical Preparations,435988701.0000,0.0029,0.0073,0.0014,-0.0004,0.0004,0.0021,-0.0004,0.0040,0.0027,0.0073,0.0104,0.0018,0.0097
ECVT,0.2589,0.2597,0.2654,0.2689,0.2713,0.2677,0.2349,0.2707,0.2683,0.2351,0.2356,0.2359,0.2837,0.2742,0.2383,Industrials,Major Chemicals,1511552614.0000,0.0034,0.0059,0.0023,-0.0306,0.0053,0.0028,-0.0303,-0.0298,-0.0295,0.0183,0.0088,-0.0271,0.0066
ECL,0.4622,0.4680,0.4759,0.4787,0.4776,0.4802,0.4972,0.4780,0.4804,0.4983,0.4979,0.4983,0.4773,0.4774,0.4997,Consumer Discretionary,Package Goods/Cosmetics,71293748007.0000,0.0028,0.0017,0.0043,0.0213,0.0021,0.0045,0.0224,0.0220,0.0224,0.0014,0.0015,0.0238,0.0137
ECPG,0.1817,0.1869,0.1479,0.1535,0.1536,0.1547,0.1426,0.1559,0.1504,0.1445,0.1442,0.1450,0.1553,0.1496,0.1493,Finance,Finance Companies,1719521042.0000,0.0057,0.0058,0.0069,-0.0052,0.0080,0.0025,-0.0034,-0.0036,-0.0028,0.0074,0.0018,0.0015,-0.0338
ED,0.2249,0.2274,0.1708,0.1801,0.1715,0.1842,0.1998,0.1988,0.1753,0.2000,0.2022,0.2075,0.1881,0.1685,0.1997,Utilities,Power Generation,40000214181.0000,0.0094,0.0008,0.0135,0.0290,0.0281,0.0045,0.0292,0.0315,0.0367,0.0173,-0.0023,0.0290,-0.0541
EDIT,0.1968,0.1995,0.2211,0.2243,0.2247,0.2240,0.2371,0.2231,0.2243,0.2384,0.2377,0.2413,0.2456,0.2336,0.2394,Health Care,Biotechnology: Biological Products (No Diagnostic Substances),270221338.0000,0.0032,0.0037,0.0030,0.0161,0.0021,0.0032,0.0173,0.0166,0.0203,0.0245,0.0125,0.0183,0.0242
EEFT,0.3125,0.3155,0.3060,0.3109,0.3154,0.3137,0.3867,0.3107,0.3094,0.3878,0.3898,0.3890,0.3171,0.3140,0.3965,Finance,Investment Bankers/Brokers/Service,2520571223.0000,0.0050,0.0095,0.0077,0.0808,0.0047,0.0035,0.0818,0.0838,0.0830,0.0112,0.0081,0.0905,-0.0066
EEX,0.0915,0.0907,0.0961,0.1012,0.0998,0.0988,0.1048,0.1031,0.0976,0.1068,0.1056,0.1091,0.0979,0.1039,0.1059,Consumer Discretionary,Business Services,985589126.0000,0.0051,0.0038,0.0028,0.0088,0.0070,0.0016,0.0107,0.0095,0.0130,0.0018,0.0078,0.0098,0.0046
EFC,0.1497,0.1554,0.1882,0.1939,0.1919,0.1969,0.2564,0.1950,0.1910,0.2580,0.2591,0.2608,0.1934,0.1917,0.2635,Finance,Real Estate,1691559988.0000,0.0057,0.0036,0.0087,0.0682,0.0068,0.0028,0.0698,0.0709,0.0726,0.0052,0.0035,0.0753,0.0385
EFOR,0.3388,0.3423,0.3929,0.3976,0.4002,0.3991,0.4735,0.3978,0.3971,0.4741,0.4760,0.4745,0.4056,0.4006,0.4738,Consumer Discretionary,Professional Services,802517196.0000,0.0047,0.0073,0.0062,0.0807,0.0049,0.0042,0.0812,0.0831,0.0816,0.0127,0.0077,0.0809,0.0541
EFSC,0.2963,0.3036,0.2960,0.3040,0.2995,0.3072,0.3443,0.3206,0.2975,0.3454,0.3480,0.3460,0.2990,0.2999,0.3465,Finance,Major Banks,2225514518.0000,0.0080,0.0035,0.0112,0.0483,0.0246,0.0015,0.0494,0.0520,0.0500,0.0030,0.0039,0.0505,-0.0002
EFT,0.1726,0.1808,0.1842,0.1891,0.1903,0.1961,0.2324,0.1869,0.1865,0.2328,0.2339,0.2383,0.1921,0.1959,0.2379,Finance,Finance Companies,316503715.0000,0.0049,0.0061,0.0118,0.0482,0.0027,0.0023,0.0486,0.0497,0.0541,0.0079,0.0116,0.0536,0.0117
EFX,0.4211,0.4200,0.3731,0.3752,0.3709,0.3751,0.4160,0.3767,0.3765,0.4165,0.4166,0.4160,0.3696,0.3692,0.4169,Finance,Finance: Consumer Services,19532637972.0000,0.0021,-0.0023,0.0020,0.0428,0.0036,0.0034,0.0433,0.0435,0.0428,-0.0035,-0.0039,0.0438,-0.0480
EGBN,0.2140,0.2206,0.2472,0.2567,0.2558,0.2567,0.2807,0.2683,0.2496,0.2810,0.2858,0.2817,0.2590,0.2579,0.2823,Finance,Major Banks,798680183.0000,0.0095,0.0086,0.0095,0.0335,0.0212,0.0024,0.0338,0.0387,0.0345,0.0118,0.0108,0.0351,0.0331
EGY,0.1908,0.1930,0.2306,0.2359,0.2335,0.2342,0.2898,0.2321,0.2349,0.2905,0.2902,0.2965,0.2382,0.2437,0.2959,Energy,Oil & Gas Production,596357207.0000,0.0053,0.0029,0.0037,0.0592,0.0015,0.0043,0.0599,0.0596,0.0659,0.0077,0.0132,0.0653,0.0398
EHC,0.2673,0.2681,0.2383,0.2417,0.2389,0.2422,0.2842,0.2400,0.2413,0.2845,0.2840,0.2848,0.2414,0.2451,0.2855,Health Care,Hospital/Nursing Management,10411935437.0000,0.0034,0.0005,0.0039,0.0458,0.0016,0.0030,0.0462,0.0457,0.0465,0.0030,0.0068,0.0471,-0.0290
EIG,0.2289,0.2338,0.1791,0.1831,0.1760,0.1847,0.1669,0.1892,0.1823,0.1675,0.1678,0.1680,0.1790,0.1790,0.1689,Finance,Property-Casualty Insurers,800864232.0000,0.0039,-0.0032,0.0055,-0.0122,0.0100,0.0031,-0.0117,-0.0114,-0.0112,-0.0002,-0.0002,-0.0103,-0.0498
EIX,0.2699,0.2740,0.2144,0.2244,0.2076,0.2193,0.2994,0.2252,0.2187,0.3005,0.3019,0.2999,0.2178,0.2099,0.3018,Utilities,Electric Utilities: Central,27389632720.0000,0.0100,-0.0068,0.0049,0.0851,0.0109,0.0043,0.0861,0.0875,0.0855,0.0034,-0.0045,0.0874,-0.0555
EL,0.3425,0.3523,0.3661,0.3683,0.3762,0.3675,0.4574,0.3683,0.3692,0.4590,0.4579,0.4615,0.3794,0.3715,0.4597,Consumer Discretionary,Package Goods/Cosmetics,31953726893.0000,0.0022,0.0101,0.0014,0.0914,0.0023,0.0032,0.0929,0.0918,0.0954,0.0133,0.0055,0.0936,0.0236
ELAN,0.2600,0.2648,0.2666,0.2698,0.2691,0.2724,0.2691,0.2699,0.2702,0.2692,0.2705,0.2692,0.2701,0.2756,0.2721,Health Care,Biotechnology: Pharmaceutical Preparations,10853039439.0000,0.0032,0.0025,0.0058,0.0026,0.0034,0.0036,0.0027,0.0039,0.0026,0.0036,0.0091,0.0055,0.0066
ELA,0.0361,0.0407,0.0539,0.0545,0.0562,0.0543,0.1006,0.0541,0.0583,0.1011,0.1049,0.1032,0.0584,0.0615,0.1028,Consumer Discretionary,Consumer Specialties,619228903.0000,0.0006,0.0023,0.0004,0.0467,0.0002,0.0044,0.0472,0.0510,0.0493,0.0045,0.0076,0.0489,0.0178
ELDN,0.0252,0.0267,0.0310,0.0328,0.0320,0.0310,0.0293,0.0318,0.0327,0.0283,0.0293,0.0284,0.0451,0.0426,0.0344,Health Care,Biotechnology: Pharmaceutical Preparations,300260631.0000,0.0018,0.0010,-0.0001,-0.0018,0.0008,0.0017,-0.0027,-0.0017,-0.0027,0.0140,0.0116,0.0034,0.0059
ELF,0.1805,0.1808,0.1950,0.1995,0.1968,0.1973,0.2812,0.1967,0.1969,0.2828,0.2822,0.2890,0.1981,0.1987,0.2821,Consumer Discretionary,Package Goods/Cosmetics,3123863443.0000,0.0045,0.0018,0.0023,0.0862,0.0017,0.0019,0.0878,0.0872,0.0940,0.0031,0.0037,0.0871,0.0145
ELMD,0.0367,0.0412,0.0596,0.0615,0.0623,0.0605,0.0925,0.0605,0.0614,0.0929,0.0939,0.0947,0.0648,0.0650,0.0932,Health Care,Biotechnology: Electromedical & Electrotherapeutic Apparatus,316464046.0000,0.0019,0.0027,0.0009,0.0329,0.0009,0.0018,0.0333,0.0343,0.0351,0.0052,0.0054,0.0336,0.0230
ELVN,0.0294,0.0339,0.0376,0.0397,0.0377,0.0380,0.0377,0.0376,0.0386,0.0426,0.0371,0.0381,0.0477,0.0494,0.0393,Health Care,Biotechnology: Pharmaceutical Preparations,2529991457.0000,0.0021,0.0001,0.0004,0.0000,0.0000,0.0010,0.0050,-0.0005,0.0005,0.0101,0.0118,0.0017,0.0082
ELS,0.3083,0.3095,0.2681,0.2736,0.2643,0.2725,0.3385,0.2885,0.2704,0.3387,0.3418,0.3408,0.2683,0.2646,0.3400,Real Estate,Real Estate Investment Trusts,12324731493.0000,0.0055,-0.0038,0.0045,0.0704,0.0204,0.0024,0.0707,0.0737,0.0727,0.0003,-0.0034,0.0719,-0.0403
ELV,0.2571,0.2572,0.2501,0.2513,0.2581,0.2528,0.2670,0.2526,0.2532,0.2674,0.2701,0.2719,0.2644,0.2629,0.2682,Health Care,Medical Specialities,85711819762.0000,0.0012,0.0080,0.0027,0.0170,0.0025,0.0031,0.0173,0.0201,0.0219,0.0143,0.0128,0.0182,-0.0070
EME,0.4207,0.4255,0.3805,0.3823,0.3795,0.3880,0.3907,0.3881,0.3816,0.3933,0.3938,0.3932,0.3834,0.3820,0.3922,Industrials,Engineering & Construction,37725796397.0000,0.0018,-0.0010,0.0076,0.0102,0.0077,0.0012,0.0128,0.0134,0.0128,0.0029,0.0015,0.0118,-0.0402
EMN,0.4614,0.4654,0.4566,0.4604,0.4751,0.4696,0.4647,0.4707,0.4579,0.4685,0.4662,0.4696,0.4931,0.4675,0.4769,Industrials,Major Chemicals,8475619035.0000,0.0038,0.0185,0.0130,0.0081,0.0141,0.0013,0.0119,0.0095,0.0130,0.0365,0.0109,0.0203,-0.0048
EMR,0.5082,0.5103,0.4963,0.5017,0.5040,0.5035,0.5089,0.5053,0.4989,0.5101,0.5114,0.5113,0.5113,0.5059,0.5140,Technology,Consumer Electronics/Appliances,76408842000.0000,0.0054,0.0077,0.0072,0.0126,0.0090,0.0026,0.0138,0.0151,0.0150,0.0150,0.0097,0.0177,-0.0119
ENJ,0.0352,0.0444,0.0538,0.0537,0.0608,0.0562,0.0796,0.0581,0.0600,0.0806,0.0827,0.0858,0.0576,0.0564,0.0801,Utilities,Power Generation,9120014834.0000,-0.0001,0.0069,0.0023,0.0258,0.0043,0.0061,0.0268,0.0289,0.0320,0.0038,0.0026,0.0263,0.0186
ENO,0.1087,0.1185,0.1290,0.1321,0.1317,0.1334,0.1755,0.1497,0.1327,0.1758,0.1769,0.1775,0.1363,0.1411,0.1797,Utilities,Power Generation,4661512443.0000,0.0032,0.0027,0.0044,0.0465,0.0207,0.0037,0.0469,0.0479,0.0485,0.0073,0.0121,0.0507,0.0203
ENOV,0.3454,0.3504,0.3635,0.3655,0.3688,0.3721,0.4379,0.3709,0.3654,0.4393,0.4390,0.4410,0.3796,0.3733,0.4447,Health Care,Industrial Specialties,1392439367.0000,0.0020,0.0053,0.0086,0.0744,0.0074,0.0019,0.0758,0.0755,0.0775,0.0161,0.0098,0.0812,0.0181
ENPH,0.1225,0.1269,0.1439,0.1465,0.1457,0.1462,0.2218,0.1481,0.1443,0.2230,0.2233,0.2244,0.1802,0.1573,0.2233,Technology,Semiconductors,8439040027.0000,0.0026,0.0018,0.0023,0.0779,0.0042,0.0004,0.0791,0.0793,0.0805,0.0362,0.0133,0.0793,0.0214
ENR,0.1849,0.1938,0.2096,0.2111,0.2126,0.2117,0.2597,0.2121,0.2125,0.2608,0.2601,0.2629,0.2168,0.2167,0.2631,Miscellaneous,Industrial Machinery/Components,1244847957.0000,0.0016,0.0030,0.0022,0.0502,0.0026,0.0030,0.0513,0.0506,0.0533,0.0073,0.0072,0.0536,0.0247
ENS,0.3752,0.3796,0.3973,0.3981,0.4104,0.4063,0.4866,0.4052,0.3980,0.4872,0.4904,0.4885,0.4277,0.4174,0.4894,Technology,Industrial Machinery/Components,8480887602.0000,0.0008,0.0131,0.0090,0.0893,0.0079,0.0007,0.0899,0.0931,0.0912,0.0304,0.0201,0.0921,0.0221
ENSG,0.1941,0.1955,0.2131,0.2148,0.2149,0.2162,0.2653,0.2161,0.2158,0.2663,0.2655,0.2709,0.2157,0.2181,0.2669,Health Care,Hospital/Nursing Management,10049102076.0000,0.0017,0.0018,0.0031,0.0522,0.0030,0.0027,0.0532,0.0524,0.0578,0.0026,0.0049,0.0538,0.0190
ENTA,0.1190,0.1228,0.1459,0.1475,0.1488,0.1490,0.1761,0.1456,0.1480,0.1771,0.1779,0.1779,0.1477,0.1558,0.1775,Health Care,Biotechnology: Pharmaceutical Preparations,405643401.0000,0.0016,0.0029,0.0031,0.0302,-0.0003,0.0021,0.0312,0.0319,0.0320,0.0018,0.0099,0.0316,0.0269
ENTG,0.3905,0.3967,0.4090,0.4102,0.4142,0.4138,0.4955,0.4122,0.4117,0.4967,0.4958,0.4975,0.4346,0.4151,0.4981,Industrials,Plastic Products,20630200000.0000,0.0012,0.0052,0.0048,0.0865,0.0032,0.0027,0.0876,0.0868,0.0885,0.0256,0.0061,0.0891,0.0185
ENVA,0.2023,0.2076,0.2331,0.2380,0.2388,0.2405,0.3315,0.2454,0.2350,0.3335,0.3344,0.3323,0.2359,0.2394,0.3365,Finance,Finance: Consumer Services,3919619969.0000,0.0049,0.0058,0.0075,0.0985,0.0123,0.0019,0.1004,0.1013,0.0993,0.0028,0.0063,0.1034,0.0307
EOG,0.3289,0.3303,0.4567,0.4622,0.4645,0.4616,0.4386,0.4631,0.4644,0.4397,0.4414,0.4447,0.4667,0.4809,0.4417,Energy,Oil & Gas Production,75217801007.0000,0.0054,0.0078,0.0048,-0.0181,0.0064,0.0077,-0.0170,-0.0153,-0.0120,0.0100,0.0242,-0.0150,0.1278
EOSE,0.1418,0.1434,0.1441,0.1456,0.1478,0.1473,0.1442,0.1447,0.1447,0.1452,0.1444,0.1448,0.1601,0.1668,0.1467,Miscellaneous,Industrial Machinery/Components,2736483058.0000,0.0015,0.0037,0.0032,0.0001,0.0006,0.0006,0.0011,0.0003,0.0007,0.0160,0.0227,0.0026,0.0023
EOLS,0.1106,0.1133,0.1164,0.1190,0.1181,0.1185,0.1208,0.1185,0.1208,0.1208,0.1216,0.1243,0.1215,0.1253,0.1207,Health Care,Biotechnology: Pharmaceutical Preparations,401055434.0000,0.0025,0.0016,0.0021,0.0044,0.0020,0.0043,0.0044,0.0051,0.0079,0.0051,0.0089,0.0043,0.0058
EPAC,0.3684,0.3699,0.3129,0.3153,0.3119,0.3177,0.3001,0.3215,0.3154,0.3007,0.3010,0.3020,0.3247,0.3175,0.3006,Technology,Industrial Machinery/Components,1779270194.0000,0.0024,-0.0010,0.0048,-0.0128,0.0086,0.0025,-0.0122,-0.0119,-0.0109,0.0118,0.0046,-0.0123,-0.0555
EPAM,0.2673,0.2789,0.3238,0.3276,0.3270,0.3269,0.3307,0.3294,0.3287,0.3344,0.3329,0.3337,0.3301,0.3270,0.3499,Technology,EDP Services,5364982673.0000,0.0038,0.0032,0.0031,0.0068,0.0055,0.0049,0.0105,0.0091,0.0098,0.0063,0.0032,0.0260,0.0566
EPC,0.2397,0.2445,0.1943,0.1969,0.1982,0.1957,0.1704,0.1961,0.1972,0.1710,0.1713,0.1737,0.1987,0.1954,0.1711,Consumer Discretionary,Package Goods/Cosmetics,813796217.0000,0.0025,0.0039,0.0013,-0.0239,0.0018,0.0028,-0.0233,-0.0231,-0.0207,0.0043,0.0011,-0.0232,-0.0453
EPD,0.2572,0.2642,0.3332,0.3363,0.3429,0.3371,0.3569,0.3357,0.3406,0.3571,0.3583,0.3610,0.3473,0.3644,0.3599,Utilities,Natural Gas Distribution,85740229080.0000,0.0031,0.0097,0.0039,0.0237,0.0025,0.0074,0.0239,0.0251,0.0278,0.0141,0.0312,0.0266,0.0760
EPRT,0.3101,0.3133,0.3187,0.3226,0.3203,0.3158,0.3583,0.3318,0.3201,0.3584,0.3581,0.3677,0.3177,0.3184,0.3637,Real Estate,Real Estate Investment Trusts,6774985770.0000,0.0039,0.0016,-0.0029,0.0397,0.0132,0.0014,0.0397,0.0395,0.0490,-0.0010,-0.0003,0.0450,0.0086
EPR,0.3244,0.3260,0.2671,0.2744,0.2637,0.2718,0.3197,0.2838,0.2718,0.3208,0.3229,0.3259,0.2684,0.2651,0.3257,Real Estate,Real Estate Investment Trusts,4484879381.0000,0.0073,-0.0034,0.0047,0.0526,0.0167,0.0047,0.0537,0.0558,0.0588,0.0013,-0.0020,0.0586,-0.0573
EQBK,0.1716,0.1769,0.1974,0.2026,0.2026,0.2048,0.2400,0.2134,0.1998,0.2412,0.2407,0.2427,0.2023,0.2031,0.2441,Finance,Major Banks,948856565.0000,0.0051,0.0052,0.0074,0.0426,0.0160,0.0024,0.0437,0.0433,0.0452,0.0049,0.0056,0.0466,0.0259
EQH,0.5015,0.5146,0.5195,0.5273,0.5243,0.5375,0.5121,0.5388,0.5227,0.5144,0.5165,0.5147,0.5270,0.5229,0.5147,Finance,Specialty Insurers,11987095626.0000,0.0078,0.0048,0.0180,-0.0074,0.0193,0.0032,-0.0051,-0.0030,-0.0048,0.0075,0.0034,-0.0048,0.0180
EQIX,0.2961,0.3008,0.2955,0.3049,0.2990,0.2988,0.3620,0.3089,0.2976,0.3618,0.3648,0.3636,0.2977,0.3008,0.3636,Real Estate,Real Estate Investment Trusts,106493476748.0000,0.0094,0.0034,0.0033,0.0665,0.0134,0.0021,0.0663,0.0693,0.0680,0.0022,0.0053,0.0681,-0.0006
EQT,0.2565,0.2575,0.1863,0.1902,0.1887,0.1888,0.1546,0.1899,0.3075,0.1560,0.1547,0.1656,0.1881,0.2028,0.1551,Energy,Oil & Gas Production,36227685760.0000,0.0039,0.0024,0.0025,-0.0317,0.0036,0.1212,-0.0303,-0.0316,-0.0208,0.0018,0.0165,-0.0312,-0.0702
EQR,0.3239,0.3253,0.2915,0.2954,0.2856,0.2998,0.3671,0.3069,0.2968,0.3681,0.3690,0.3684,0.2896,0.2831,0.3693,Real Estate,Real Estate Investment Trusts,24803268857.0000,0.0039,-0.0060,0.0083,0.0755,0.0153,0.0052,0.0765,0.0774,0.0769,-0.0020,-0.0084,0.0777,-0.0323
ERIE,0.2602,0.2618,0.1925,0.1943,0.1900,0.1938,0.1833,0.1936,0.1956,0.1840,0.1854,0.1882,0.1955,0.1878,0.1847,Finance,Specialty Insurers,10357544710.0000,0.0018,-0.0025,0.0013,-0.0092,0.0011,0.0030,-0.0086,-0.0072,-0.0043,0.0030,-0.0047,-0.0078,-0.0677
ERII,0.1782,0.1851,0.2034,0.2052,0.2088,0.2073,0.2691,0.2051,0.2047,0.2708,0.2689,0.2712,0.2198,0.2169,0.2727,Technology,Industrial Machinery/Components,456175542.0000,0.0017,0.0054,0.0039,0.0657,0.0017,0.0013,0.0674,0.0655,0.0677,0.0163,0.0135,0.0693,0.0252
ES,0.2662,0.2727,0.2097,0.2220,0.2122,0.2217,0.2637,0.2359,0.2119,0.2639,0.2662,0.2685,0.2267,0.2120,0.2644,Utilities,Electric Utilities: Central,26325601750.0000,0.0122,0.0024,0.0119,0.0540,0.0262,0.0022,0.0542,0.0565,0.0588,0.0170,0.0023,0.0547,-0.0565
ESE,0.3556,0.3606,0.3563,0.3577,0.3611,0.3625,0.4066,0.3623,0.3583,0.4067,0.4087,0.4085,0.3660,0.3618,0.4090,Telecommunications,Telecommunications Equipment,7658678187.0000,0.0014,0.0048,0.0062,0.0503,0.0060,0.0020,0.0505,0.0524,0.0522,0.0097,0.0055,0.0527,0.0006
ESI,0.3381,0.3413,0.3756,0.3794,0.3816,0.3877,0.4688,0.3799,0.3780,0.4709,0.4698,0.4728,0.4041,0.3836,0.4732,Industrials,Major Chemicals,9926993319.0000,0.0039,0.0060,0.0121,0.0932,0.0043,0.0024,0.0953,0.0942,0.0972,0.0285,0.0081,0.0976,0.0375
ESOA,0.0130,0.0158,0.0116,0.0121,0.0175,0.0119,0.0214,0.0115,0.0135,0.0225,0.0218,0.0233,0.0106,0.0151,0.0212,Industrials,Water Sewer Pipeline Comm & Power Line Construction,325984592.0000,0.0005,0.0059,0.0003,0.0098,-0.0001,0.0019,0.0109,0.0102,0.0117,-0.0010,0.0035,0.0096,-0.0014
ESPR,0.0905,0.0941,0.1022,0.1054,0.1044,0.1027,0.0921,0.1046,0.1034,0.0926,0.0922,0.0976,0.1052,0.1099,0.0927,Health Care,Biotechnology: Pharmaceutical Preparations,805761978.0000,0.0031,0.0022,0.0005,-0.0102,0.0024,0.0012,-0.0096,-0.0100,-0.0046,0.0029,0.0076,-0.0095,0.0117
ESQ,0.1254,0.1358,0.1376,0.1388,0.1386,0.1424,0.1583,0.1400,0.1391,0.1596,0.1588,0.1596,0.1378,0.1451,0.1585,Finance,Commercial Banks,957248955.0000,0.0012,0.0010,0.0049,0.0208,0.0025,0.0015,0.0220,0.0213,0.0220,0.0003,0.0076,0.0209,0.0121
ESRT,0.2288,0.2364,0.2639,0.2691,0.2694,0.2682,0.3038,0.2728,0.2690,0.3042,0.3070,0.3054,0.2696,0.2708,0.3098,Real Estate,Real Estate Investment Trusts,962160555.0000,0.0052,0.0055,0.0043,0.0399,0.0089,0.0051,0.0403,0.0431,0.0415,0.0057,0.0069,0.0459,0.0351
ESS,0.3200,0.3228,0.2889,0.2932,0.2842,0.2955,0.3597,0.3011,0.2914,0.3603,0.3618,0.3603,0.2893,0.2822,0.3614,Real Estate,Real Estate Investment Trusts,17781535022.0000,0.0043,-0.0047,0.0066,0.0708,0.0122,0.0025,0.0714,0.0729,0.0714,0.0004,-0.0067,0.0725,-0.0311
ESTC,0.2771,0.2877,0.2892,0.2898,0.2903,0.2920,0.3018,0.2948,0.2911,0.3025,0.3042,0.3048,0.3238,0.3059,0.3036,Technology,Computer Software: Prepackaged Software,5672890248.0000,0.0005,0.0010,0.0028,0.0126,0.0056,0.0018,0.0133,0.0150,0.0156,0.0345,0.0167,0.0144,0.0121
ETB,0.4031,0.4154,0.4359,0.4370,0.4376,0.4420,0.4852,0.4373,0.4374,0.4862,0.4871,0.4868,0.4401,0.4417,0.4899,Finance,Investment Bankers/Brokers/Service,451732101.0000,0.0011,0.0017,0.0062,0.0493,0.0014,0.0015,0.0503,0.0512,0.0509,0.0042,0.0059,0.0540,0.0328
ET,0.2348,0.2416,0.3183,0.3213,0.3276,0.3251,0.3499,0.3230,0.3270,0.3512,0.3519,0.3589,0.3361,0.3420,0.3534,Utilities,Natural Gas Distribution,69064066689.0000,0.0029,0.0093,0.0068,0.0316,0.0047,0.0087,0.0328,0.0336,0.0406,0.0178,0.0237,0.0351,0.0835
ETD,0.2397,0.2457,0.2089,0.2123,0.2102,0.2135,0.2366,0.2135,0.2101,0.2377,0.2382,0.2388,0.2080,0.2094,0.2391,Consumer Discretionary,Home Furnishings,502310732.0000,0.0034,0.0013,0.0046,0.0277,0.0046,0.0012,0.0288,0.0293,0.0299,-0.0009,0.0005,0.0302,-0.0308
ETO,0.5362,0.5399,0.5076,0.5098,0.5086,0.5139,0.5727,0.5102,0.5088,0.5740,0.5734,0.5743,0.5179,0.5161,0.5813,Finance,Investment Managers,493610717.0000,0.0022,0.0009,0.0063,0.0651,0.0026,0.0012,0.0664,0.0658,0.0666,0.0102,0.0085,0.0736,-0.0286
ETON,0.0955,0.1060,0.1097,0.1108,0.1161,0.1128,0.1119,0.1112,0.1117,0.1126,0.1135,0.1149,0.1152,0.1269,0.1149,Health Care,Biotechnology: Pharmaceutical Preparations,892716947.0000,0.0011,0.0064,0.0031,0.0022,0.0015,0.0020,0.0029,0.0038,0.0052,0.0056,0.0172,0.0052,0.0142
ETR,0.2540,0.2585,0.2162,0.2255,0.2180,0.2238,0.2806,0.2378,0.2187,0.2805,0.2807,0.2830,0.2320,0.2171,0.2814,Utilities,Electric Utilities: Central,51466481603.0000,0.0093,0.0018,0.0076,0.0644,0.0217,0.0026,0.0644,0.0645,0.0668,0.0158,0.0009,0.0653,-0.0378
ETSY,0.2007,0.2064,0.2302,0.2358,0.2324,0.2331,0.2722,0.2367,0.2352,0.2735,0.2745,0.2733,0.2422,0.2342,0.2732,Consumer Discretionary,Business Services,5919626890.0000,0.0056,0.0022,0.0029,0.0420,0.0066,0.0050,0.0433,0.0443,0.0431,0.0121,0.0040,0.0430,0.0295
ETV,0.4836,0.4967,0.4995,0.5010,0.5024,0.5024,0.5692,0.5028,0.5007,0.5694,0.5712,0.5707,0.5061,0.5132,0.5718,Finance,Investment Bankers/Brokers/Service,1592039845.0000,0.0015,0.0029,0.0029,0.0697,0.0032,0.0011,0.0699,0.0717,0.0712,0.0065,0.0137,0.0723,0.0159
ETW,0.5055,0.5156,0.5083,0.5112,0.5102,0.5132,0.4958,0.5131,0.5096,0.4977,0.4974,0.4992,0.5209,0.5199,0.5006,Finance,Investment Managers,1029123211.0000,0.0030,0.0019,0.0049,-0.0125,0.0048,0.0013,-0.0106,-0.0109,-0.0091,0.0126,0.0116,-0.0076,0.0027
EU,0.0504,0.0536,0.0838,0.0924,0.0871,0.0853,0.1705,0.0845,0.0848,0.1739,0.1717,0.1785,0.0897,0.2012,0.1730,Basic Materials,Other Metals and Minerals,287464846.0000,0.0086,0.0033,0.0014,0.0867,0.0007,0.0010,0.0901,0.0879,0.0947,0.0059,0.1174,0.0892,0.0334
EVC,0.1654,0.1718,0.1519,0.1575,0.1511,0.1572,0.1873,0.1550,0.1557,0.1883,0.1884,0.1904,0.1608,0.1536,0.1910,Industrials,Broadcasting,905665531.0000,0.0057,-0.0007,0.0053,0.0355,0.0031,0.0038,0.0364,0.0365,0.0385,0.0089,0.0017,0.0391,-0.0135
EVER,0.1167,0.1177,0.1185,0.1190,0.1183,0.1203,0.1262,0.1260,0.1207,0.1287,0.1290,0.1297,0.1330,0.1199,0.1271,Technology,Computer Software: Programming Data Processing,667847489.0000,0.0005,-0.0002,0.0018,0.0077,0.0075,0.0022,0.0102,0.0104,0.0112,0.0145,0.0014,0.0086,0.0018
EVGO,0.1519,0.1537,0.1568,0.1625,0.1579,0.1679,0.1569,0.1575,0.1590,0.1578,0.1590,0.1590,0.2136,0.1900,0.1588,Technology,EDP Services,590055606.0000,0.0057,0.0010,0.0111,0.0001,0.0007,0.0022,0.0009,0.0021,0.0022,0.0567,0.0332,0.0020,0.0050
EVLV,0.0788,0.0796,0.0821,0.0857,0.0858,0.0890,0.0822,0.0840,0.0898,0.0828,0.0827,0.0845,0.0840,0.0883,0.0831,Technology,Computer peripheral equipment,1122397598.0000,0.0036,0.0037,0.0069,0.0000,0.0018,0.0077,0.0006,0.0006,0.0024,0.0019,0.0062,0.0010,0.0034
EVH,0.1493,0.1572,0.1763,0.1785,0.1787,0.1759,0.2143,0.1770,0.1794,0.2148,0.2152,0.2203,0.1760,0.1846,0.2186,Consumer Discretionary,Other Consumer Services,444300215.0000,0.0022,0.0024,-0.0004,0.0380,0.0007,0.0031,0.0385,0.0389,0.0440,-0.0003,0.0083,0.0423,0.0270
EVN,0.0855,0.0977,0.1112,0.1166,0.1146,0.1192,0.1585,0.1480,0.1141,0.1598,0.1635,0.1602,0.1164,0.1214,0.1624,Finance,Investment Managers,419281913.0000,0.0054,0.0033,0.0079,0.0473,0.0368,0.0029,0.0485,0.0523,0.0490,0.0052,0.0101,0.0511,0.0257
EVR,0.3780,0.3835,0.4347,0.4385,0.4438,0.4465,0.4710,0.4476,0.4367,0.4724,0.4727,0.4732,0.4468,0.4472,0.4753,Finance,Investment Managers,13388781362.0000,0.0038,0.0091,0.0119,0.0363,0.0129,0.0020,0.0377,0.0380,0.0385,0.0121,0.0125,0.0406,0.0567
EVRG,0.2827,0.2897,0.2124,0.2222,0.2151,0.2188,0.2759,0.2266,0.2145,0.2774,0.2775,0.2783,0.2239,0.2133,0.2766,Utilities,Power Generation,19349263319.0000,0.0098,0.0028,0.0065,0.0635,0.0142,0.0022,0.0650,0.0651,0.0659,0.0115,0.0009,0.0642,-0.0703
EW,0.2426,0.2448,0.3126,0.3152,0.3201,0.3153,0.3564,0.3133,0.3150,0.3567,0.3576,0.3579,0.3206,0.3214,0.3589,Health Care,Industrial Specialties,49392124000.0000,0.0026,0.0075,0.0027,0.0438,0.0007,0.0024,0.0441,0.0450,0.0453,0.0080,0.0088,0.0462,0.0700
EWBC,0.4061,0.4103,0.4224,0.4369,0.4271,0.4411,0.4333,0.4570,0.4237,0.4343,0.4389,0.4338,0.4364,0.4313,0.4381,Finance,Major Banks,16866979777.0000,0.0145,0.0048,0.0187,0.0110,0.0347,0.0013,0.0120,0.0165,0.0114,0.0141,0.0089,0.0158,0.0162
EXC,0.2617,0.2649,0.2562,0.2632,0.2595,0.2596,0.3579,0.2716,0.2609,0.3583,0.3583,0.3610,0.2684,0.2583,0.3587,Utilities,Power Generation,47302912405.0000,0.0070,0.0034,0.0034,0.1017,0.0154,0.0048,0.1021,0.1021,0.1049,0.0123,0.0021,0.1025,-0.0056
EXEL,0.1779,0.1827,0.1671,0.1693,0.1694,0.1690,0.1750,0.1702,0.1701,0.1754,0.1754,0.1745,0.1725,0.1734,0.1752,Health Care,Biotechnology: Biological Products (No Diagnostic Substances),12605457412.0000,0.0022,0.0023,0.0020,0.0080,0.0031,0.0030,0.0083,0.0083,0.0074,0.0054,0.0063,0.0081,-0.0108
EXLS,0.2810,0.2806,0.3255,0.3270,0.3311,0.3302,0.3619,0.3272,0.3286,0.3633,0.3671,0.3653,0.3318,0.3307,0.3628,Consumer Discretionary,Business Services,4508624294.0000,0.0015,0.0056,0.0047,0.0364,0.0017,0.0030,0.0378,0.0415,0.0397,0.0063,0.0052,0.0372,0.0445
EXP,0.3594,0.3650,0.3799,0.3819,0.3837,0.3897,0.4745,0.3830,0.3835,0.4765,0.4752,0.4763,0.3913,0.3905,0.4782,Industrials,Building Materials,6171988956.0000,0.0021,0.0038,0.0099,0.0947,0.0031,0.0037,0.0967,0.0953,0.0964,0.0114,0.0106,0.0984,0.0204
EXPD,0.3801,0.3820,0.3736,0.3779,0.3737,0.3760,0.3801,0.3766,0.3766,0.3807,0.3810,0.3820,0.3769,0.3729,0.3818,Industrials,Integrated Freight & Logistics,20727778758.0000,0.0044,0.0001,0.0024,0.0066,0.0030,0.0030,0.0071,0.0075,0.0084,0.0034,-0.0007,0.0082,-0.0065
EXPE,0.2486,0.2562,0.2754,0.2798,0.2759,0.2832,0.3363,0.2796,0.2788,0.3391,0.3380,0.3431,0.2843,0.2789,0.3471,Consumer Discretionary,Transportation Services,25762738828.0000,0.0045,0.0006,0.0079,0.0610,0.0042,0.0034,0.0637,0.0627,0.0677,0.0090,0.0035,0.0717,0.0267
EXPO,0.2904,0.2949,0.2961,0.2980,0.3041,0.2975,0.3632,0.2989,0.2994,0.3642,0.3650,0.3667,0.3030,0.3031,0.3648,Consumer Discretionary,Professional Services,2802516807.0000,0.0019,0.0080,0.0014,0.0670,0.0028,0.0032,0.0680,0.0689,0.0705,0.0069,0.0070,0.0686,0.0058
EXR,0.2963,0.3002,0.2250,0.2325,0.2219,0.2328,0.2791,0.2437,0.2280,0.2802,0.2859,0.2817,0.2282,0.2196,0.2804,Real Estate,Real Estate Investment Trusts,30273692129.0000,0.0075,-0.0032,0.0077,0.0541,0.0187,0.0029,0.0552,0.0608,0.0567,0.0032,-0.0054,0.0554,-0.0712
EYE,0.2373,0.2414,0.2440,0.2470,0.2559,0.2521,0.2541,0.2467,0.2487,0.2565,0.2566,0.2594,0.2604,0.2451,0.2588,Health Care,Ophthalmic Goods,1372398471.0000,0.0030,0.0119,0.0081,0.0101,0.0027,0.0047,0.0125,0.0126,0.0154,0.0164,0.0011,0.0148,0.0067
EXTR,0.2294,0.2309,0.2176,0.2197,0.2189,0.2229,0.3198,0.2203,0.2201,0.3223,0.3207,0.3273,0.2220,0.2211,0.3229,Telecommunications,Computer Communications Equipment,3347919053.0000,0.0021,0.0013,0.0054,0.1023,0.0027,0.0025,0.1047,0.1031,0.1097,0.0044,0.0035,0.1053,-0.0118
EYPT,0.0589,0.0629,0.0858,0.0856,0.0899,0.0880,0.1027,0.0873,0.0883,0.1044,0.1053,0.1082,0.1033,0.0997,0.1031,Industrials,Biotechnology: Laboratory Analytical Instruments,1084067983.0000,-0.0002,0.0041,0.0022,0.0169,0.0015,0.0025,0.0186,0.0195,0.0224,0.0175,0.0139,0.0173,0.0269
EZPW,0.1792,0.1792,0.1193,0.1203,0.1196,0.1231,0.1427,0.1252,0.1228,0.1444,0.1473,0.1433,0.1189,0.1186,0.1436,Consumer Discretionary,Other Specialty Stores,2079300697.0000,0.0010,0.0003,0.0038,0.0234,0.0059,0.0035,0.0251,0.0280,0.0241,-0.0004,-0.0007,0.0243,-0.0599
F,0.3404,0.3458,0.3342,0.3372,0.3440,0.3469,0.3613,0.3398,0.3398,0.3621,0.3625,0.3679,0.3582,0.3460,0.3671,Industrials,Auto Manufacturing,59491460966.0000,0.0030,0.0098,0.0127,0.0271,0.0056,0.0055,0.0279,0.0283,0.0337,0.0240,0.0118,0.0329,-0.0062
FAF,0.2956,0.3000,0.3190,0.3226,0.3232,0.3203,0.3916,0.3256,0.3244,0.3925,0.3939,0.3920,0.3211,0.3206,0.3944,Finance,Specialty Insurers,6949580000.0000,0.0036,0.0042,0.0013,0.0726,0.0066,0.0054,0.0735,0.0749,0.0730,0.0021,0.0016,0.0754,0.0234
FANG,0.2023,0.2106,0.4064,0.4100,0.4105,0.4111,0.4329,0.4110,0.4113,0.4333,0.4361,0.4346,0.4146,0.4246,0.4368,Energy,Oil & Gas Production,56462391841.0000,0.0036,0.0041,0.0047,0.0265,0.0046,0.0049,0.0270,0.0297,0.0282,0.0082,0.0182,0.0304,0.2041
FAST,0.3967,0.3997,0.3909,0.3926,0.3936,0.3952,0.4550,0.3947,0.3926,0.4548,0.4552,0.4554,0.3962,0.3925,0.4564,Consumer Discretionary,RETAIL: Building Materials,50444660580.0000,0.0018,0.0027,0.0044,0.0641,0.0038,0.0018,0.0639,0.0643,0.0645,0.0053,0.0017,0.0655,-0.0058
FBIN,0.3693,0.3727,0.4069,0.4097,0.4084,0.4133,0.4719,0.4095,0.4098,0.4723,0.4735,0.4746,0.4166,0.4113,0.4723,Basic Materials,Forest Products,4491397150.0000,0.0028,0.0015,0.0064,0.0651,0.0026,0.0029,0.0654,0.0667,0.0678,0.0097,0.0045,0.0655,0.0375
FBIOP,0.0747,0.0800,0.0816,0.0846,0.0885,0.0838,0.0934,0.0851,0.0822,0.0978,0.0953,0.1021,0.0866,0.1071,0.1007,Health Care,Biotechnology: Pharmaceutical Preparations,554758502.0000,0.0030,0.0069,0.0022,0.0118,0.0035,0.0006,0.0162,0.0137,0.0205,0.0050,0.0255,0.0191,0.0069
FBIZ,0.0900,0.0943,0.1671,0.1737,0.1797,0.1761,0.2134,0.1771,0.1705,0.2146,0.2162,0.2140,0.1741,0.1799,0.2157,Finance,Major Banks,477312435.0000,0.0066,0.0126,0.0090,0.0463,0.0100,0.0034,0.0475,0.0491,0.0469,0.0070,0.0128,0.0486,0.0771
FBK,0.2721,0.2813,0.2943,0.3007,0.2993,0.3041,0.3265,0.3180,0.2969,0.3286,0.3292,0.3284,0.2967,0.2986,0.3314,Finance,Major Banks,2714255978.0000,0.0065,0.0050,0.0098,0.0322,0.0237,0.0026,0.0344,0.0350,0.0341,0.0024,0.0043,0.0371,0.0222
FBRX,0.0523,0.0581,0.0598,0.0620,0.0585,0.0597,0.0567,0.0615,0.0612,0.0556,0.0561,0.0601,0.0597,0.0641,0.0554,Health Care,Biotechnology: Pharmaceutical Preparations,442137659.0000,0.0021,-0.0013,-0.0001,-0.0031,0.0017,0.0014,-0.0042,-0.0037,0.0003,-0.0002,0.0043,-0.0044,0.0075
FBNC,0.2796,0.2870,0.2740,0.2815,0.2758,0.2825,0.2768,0.2937,0.2781,0.2773,0.2807,0.2782,0.2739,0.2762,0.2806,Finance,Major Banks,2426667972.0000,0.0076,0.0018,0.0085,0.0028,0.0197,0.0041,0.0033,0.0067,0.0042,-0.0001,0.0022,0.0066,-0.0057
FCBC,0.2922,0.2989,0.2579,0.2630,0.2555,0.2666,0.2877,0.2751,0.2606,0.2878,0.2917,0.2897,0.2559,0.2602,0.2898,Finance,Major Banks,799571975.0000,0.0051,-0.0024,0.0086,0.0298,0.0171,0.0027,0.0298,0.0337,0.0317,-0.0020,0.0023,0.0318,-0.0343
FCCO,0.0304,0.0337,0.0594,0.0627,0.0634,0.0610,0.0823,0.0606,0.0604,0.0823,0.0846,0.0838,0.0649,0.0716,0.0892,Finance,Major Banks,285885943.0000,0.0033,0.0040,0.0017,0.0230,0.0013,0.0011,0.0230,0.0252,0.0244,0.0056,0.0123,0.0299,0.0289
FCEL,0.1536,0.1623,0.1348,0.1365,0.1328,0.1374,0.1947,0.1348,0.1370,0.1952,0.1954,0.1980,0.1665,0.1567,0.1966,Energy,Industrial Machinery/Components,1324976429.0000,0.0017,-0.0020,0.0026,0.0599,0.0000,0.0022,0.0603,0.0606,0.0632,0.0317,0.0219,0.0618,-0.0188
FCF,0.3636,0.3677,0.3468,0.3563,0.3484,0.3615,0.3354,0.3724,0.3492,0.3356,0.3403,0.3375,0.3498,0.3495,0.3382,Finance,Major Banks,1891330863.0000,0.0095,0.0015,0.0147,-0.0115,0.0255,0.0023,-0.0113,-0.0065,-0.0093,0.0029,0.0026,-0.0086,-0.0168
FCFS,0.2235,0.2271,0.2314,0.2338,0.2381,0.2358,0.2749,0.2363,0.2337,0.2759,0.2768,0.2762,0.2395,0.2358,0.2810,Consumer Discretionary,Other Specialty Stores,9976791594.0000,0.0024,0.0067,0.0044,0.0435,0.0049,0.0022,0.0444,0.0454,0.0448,0.0081,0.0043,0.0496,0.0079
FCN,0.1288,0.1302,0.1189,0.1193,0.1223,0.1202,0.0765,0.1232,0.1214,0.0758,0.0780,0.0751,0.1221,0.1235,0.0809,Consumer Discretionary,Professional Services,4644895586.0000,0.0004,0.0034,0.0013,-0.0424,0.0043,0.0025,-0.0432,-0.0409,-0.0438,0.0032,0.0045,-0.0381,-0.0098
FCNCA,0.3376,0.3399,0.3232,0.3343,0.3300,0.3357,0.3293,0.3471,0.3248,0.3301,0.3351,0.3308,0.3328,0.3315,0.3328,Finance,Major Banks,23076038070.0000,0.0111,0.0068,0.0125,0.0061,0.0239,0.0016,0.0069,0.0119,0.0076,0.0096,0.0082,0.0096,-0.0144
FCPT,0.2304,0.2380,0.2697,0.2758,0.2750,0.2783,0.3408,0.2875,0.2718,0.3438,0.3434,0.3478,0.2800,0.2715,0.3434,Real Estate,Real Estate Investment Trusts,2750314877.0000,0.0061,0.0053,0.0086,0.0711,0.0177,0.0021,0.0741,0.0737,0.0781,0.0103,0.0018,0.0737,0.0393
FCX,0.3712,0.3743,0.3770,0.3988,0.5165,0.3821,0.4308,0.3819,0.3800,0.4394,0.4320,0.4543,0.4363,0.4293,0.4512,Basic Materials,Metal Mining,89114336031.0000,0.0219,0.1396,0.0051,0.0538,0.0049,0.0030,0.0624,0.0550,0.0773,0.0593,0.0524,0.0742,0.0058
FDS,0.3750,0.3778,0.3834,0.3861,0.3866,0.3859,0.3772,0.3873,0.3845,0.3774,0.3791,0.3837,0.3858,0.3858,0.3780,Technology,Computer Software: Programming Data Processing,8452021464.0000,0.0027,0.0032,0.0025,-0.0062,0.0039,0.0011,-0.0060,-0.0043,0.0004,0.0024,0.0024,-0.0054,0.0083
FDUS,0.1460,0.1608,0.1710,0.1729,0.1810,0.1737,0.2079,0.1777,0.1765,0.2077,0.2126,0.2106,0.1805,0.1816,0.2113,Finance,Finance/Investors Services,707089801.0000,0.0019,0.0100,0.0026,0.0369,0.0067,0.0055,0.0367,0.0416,0.0396,0.0094,0.0106,0.0403,0.0250
FDX,0.4092,0.4084,0.3716,0.3776,0.3690,0.3781,0.3168,0.3765,0.3746,0.3185,0.3179,0.3210,0.3780,0.3703,0.3194,Consumer Discretionary,Air Freight/Delivery Services,94058783215.0000,0.0060,-0.0026,0.0065,-0.0548,0.0049,0.0030,-0.0531,-0.0537,-0.0506,0.0064,-0.0013,-0.0522,-0.0376
FE,0.2208,0.2243,0.1945,0.2011,0.1955,0.1972,0.2390,0.2060,0.1961,0.2398,0.2406,0.2400,0.2045,0.1947,0.2407,Utilities,Electric Utilities: Central,26787147714.0000,0.0067,0.0010,0.0027,0.0445,0.0115,0.0017,0.0453,0.0462,0.0455,0.0101,0.0002,0.0463,-0.0263
FEIM,0.0338,0.0367,0.0387,0.0386,0.0428,0.0399,0.0476,0.0393,0.0414,0.0481,0.0434,0.0441,0.0415,0.0377,0.0501,Industrials,Electrical Products,669349455.0000,-0.0001,0.0041,0.0012,0.0089,0.0006,0.0027,0.0094,0.0047,0.0053,0.0028,-0.0010,0.0113,0.0049
FENC,0.0681,0.0705,0.0745,0.0820,0.0753,0.0759,0.0691,0.0758,0.0779,0.0700,0.0695,0.0731,0.0775,0.0861,0.0711,Health Care,Biotechnology: Biological Products (No Diagnostic Substances),342992130.0000,0.0076,0.0008,0.0014,-0.0054,0.0013,0.0034,-0.0044,-0.0050,-0.0013,0.0031,0.0116,-0.0034,0.0064
FELE,0.3913,0.3950,0.3455,0.3468,0.3524,0.3499,0.4242,0.3491,0.3470,0.4245,0.4246,0.4264,0.3561,0.3531,0.4249,Consumer Discretionary,Metal Fabrications,4342229761.0000,0.0014,0.0070,0.0044,0.0787,0.0036,0.0015,0.0790,0.0791,0.0809,0.0106,0.0077,0.0795,-0.0458
FET,0.1628,0.1710,0.2808,0.2859,0.2861,0.2889,0.2304,0.2840,0.2851,0.2321,0.2311,0.2324,0.2962,0.3020,0.2317,Consumer Discretionary,Oil and Gas Field Machinery,645474731.0000,0.0052,0.0054,0.0081,-0.0504,0.0032,0.0043,-0.0487,-0.0496,-0.0483,0.0154,0.0213,-0.0490,0.1180
FFBC,0.3616,0.3674,0.3393,0.3473,0.3396,0.3509,0.3475,0.3619,0.3417,0.3482,0.3526,0.3489,0.3406,0.3428,0.3499,Finance,Major Banks,3224479663.0000,0.0081,0.0004,0.0117,0.0082,0.0226,0.0024,0.0089,0.0134,0.0096,0.0013,0.0035,0.0106,-0.0223
FFIC,0.3029,0.3100,0.2629,0.2674,0.2600,0.2738,0.2498,0.2824,0.2652,0.2514,0.2518,0.2515,0.2619,0.2643,0.2544,Finance,Major Banks,537733145.0000,0.0045,-0.0028,0.0109,-0.0131,0.0195,0.0023,-0.0115,-0.0111,-0.0114,-0.0009,0.0014,-0.0085,-0.0400
FFIN,0.3884,0.3932,0.3358,0.3462,0.3383,0.3491,0.3446,0.3656,0.3371,0.3451,0.3480,0.3463,0.3369,0.3387,0.3461,Finance,Major Banks,4619409423.0000,0.0104,0.0025,0.0132,0.0088,0.0298,0.0013,0.0093,0.0122,0.0105,0.0010,0.0029,0.0103,-0.0525
FHB,0.2851,0.2952,0.3042,0.3161,0.3072,0.3212,0.3318,0.3326,0.3072,0.3318,0.3352,0.3336,0.3128,0.3121,0.3354,Finance,Major Banks,3327099412.0000,0.0118,0.0030,0.0170,0.0275,0.0284,0.0029,0.0276,0.0309,0.0294,0.0085,0.0078,0.0312,0.0191
FFIV,0.3003,0.3001,0.3433,0.3458,0.3484,0.3473,0.3969,0.3483,0.3462,0.3971,0.3978,0.3982,0.3566,0.3539,0.3975,Telecommunications,Computer Communications Equipment,22208308197.0000,0.0025,0.0051,0.0040,0.0536,0.0050,0.0029,0.0538,0.0545,0.0549,0.0133,0.0106,0.0542,0.0430
FHI,0.3811,0.3847,0.3581,0.3640,0.3549,0.3704,0.3867,0.3692,0.3616,0.3879,0.3900,0.3884,0.3588,0.3556,0.3894,Finance,Investment Managers,4160772511.0000,0.0059,-0.0032,0.0123,0.0286,0.0111,0.0035,0.0297,0.0319,0.0303,0.0007,-0.0025,0.0313,-0.0230
FHN,0.3613,0.3673,0.3341,0.3466,0.3373,0.3489,0.2672,0.3603,0.3371,0.2660,0.2707,0.2681,0.3404,0.3398,0.2722,Finance,Major Banks,11499989609.0000,0.0125,0.0032,0.0148,-0.0669,0.0262,0.0030,-0.0681,-0.0635,-0.0661,0.0063,0.0056,-0.0619,-0.0272
FIBK,0.2922,0.2993,0.3105,0.3245,0.3133,0.3240,0.2700,0.3417,0.3134,0.2703,0.2726,0.2715,0.3149,0.3145,0.2715,Finance,Major Banks,3447600776.0000,0.0140,0.0028,0.0135,-0.0406,0.0312,0.0029,-0.0403,-0.0379,-0.0390,0.0044,0.0040,-0.0390,0.0184
FICO,0.3720,0.3769,0.3977,0.3992,0.4064,0.3994,0.4327,0.4062,0.3990,0.4328,0.4370,0.4349,0.4044,0.4037,0.4339,Consumer Discretionary,Business Services,28754636258.0000,0.0015,0.0087,0.0017,0.0350,0.0085,0.0013,0.0351,0.0393,0.0372,0.0067,0.0060,0.0362,0.0257
FINV,0.0825,0.0866,0.0900,0.0920,0.1024,0.0994,0.0928,0.0913,0.0919,0.0985,0.0926,0.0919,0.1495,0.0991,0.1067,Finance,Finance: Consumer Services,1060062069.0000,0.0020,0.0124,0.0094,0.0028,0.0013,0.0019,0.0085,0.0026,0.0019,0.0596,0.0091,0.0167,0.0075
FIS,0.3675,0.3713,0.3902,0.3920,0.4013,0.3929,0.3746,0.3924,0.3916,0.3748,0.3755,0.3762,0.4047,0.4016,0.3756,Consumer Discretionary,Business Services,22515255818.0000,0.0018,0.0110,0.0026,-0.0156,0.0021,0.0014,-0.0155,-0.0147,-0.0141,0.0144,0.0113,-0.0146,0.0227
FISI,0.2815,0.2904,0.2641,0.2714,0.2712,0.2760,0.2918,0.2855,0.2653,0.2930,0.2951,0.2923,0.2731,0.2757,0.2949,Finance,Major Banks,696110043.0000,0.0073,0.0071,0.0119,0.0277,0.0214,0.0013,0.0289,0.0310,0.0282,0.0090,0.0116,0.0308,-0.0174
FISV,0.4755,0.4817,0.4628,0.4643,0.4651,0.4643,0.4467,0.4645,0.4645,0.4471,0.4471,0.4481,0.4647,0.4641,0.4471,Consumer Discretionary,Business Services,30464800220.0000,0.0015,0.0023,0.0015,-0.0161,0.0017,0.0016,-0.0157,-0.0157,-0.0147,0.0019,0.0013,-0.0157,-0.0126
FITBO,0.1765,0.1964,0.1935,0.1942,0.1962,0.2010,0.1965,0.2334,0.2040,0.1929,0.1941,0.1969,0.1967,0.2099,0.2038,Finance,Major Banks,16839268562.0000,0.0007,0.0027,0.0075,0.0030,0.0399,0.0105,-0.0006,0.0006,0.0034,0.0032,0.0164,0.0103,0.0170
FITB,0.4296,0.4322,0.4283,0.4409,0.4334,0.4453,0.4562,0.4621,0.4296,0.4578,0.4618,0.4584,0.4344,0.4343,0.4607,Finance,Major Banks,44844295395.0000,0.0127,0.0052,0.0171,0.0279,0.0339,0.0014,0.0295,0.0335,0.0302,0.0062,0.0060,0.0324,-0.0014
FITBI,0.1156,0.1297,0.1462,0.1502,0.1541,0.1529,0.2091,0.1598,0.1499,0.2103,0.2127,0.2091,0.1485,0.1553,0.2085,Finance,Major Banks,23192512513.0000,0.0040,0.0079,0.0067,0.0629,0.0136,0.0037,0.0640,0.0665,0.0629,0.0023,0.0091,0.0623,0.0307
FITBP,0.1506,0.1762,0.1804,0.1815,0.1852,0.1898,0.1807,0.2055,0.1847,0.1810,0.1843,0.1801,0.1798,0.1902,0.1858,Finance,Major Banks,21307384493.0000,0.0011,0.0048,0.0094,0.0003,0.0251,0.0043,0.0006,0.0039,-0.0003,-0.0006,0.0098,0.0054,0.0298
FIVE,0.2035,0.2072,0.2471,0.2519,0.2514,0.2519,0.3556,0.2485,0.2491,0.3566,0.3552,0.3608,0.2510,0.2499,0.3584,Consumer Discretionary,Department/Specialty Retail Stores,12137236916.0000,0.0048,0.0043,0.0049,0.1085,0.0015,0.0021,0.1095,0.1082,0.1138,0.0040,0.0028,0.1113,0.0436
FIVN,0.1495,0.1640,0.1816,0.1883,0.1843,0.1840,0.2061,0.1879,0.1832,0.2074,0.2076,0.2087,0.1915,0.1870,0.2090,Technology,EDP Services,1742596367.0000,0.0067,0.0027,0.0024,0.0245,0.0063,0.0016,0.0258,0.0260,0.0270,0.0099,0.0054,0.0274,0.0322
FIX,0.2904,0.2977,0.2806,0.2806,0.2852,0.2853,0.3804,0.2851,0.2819,0.3812,0.3820,0.3824,0.2851,0.2851,0.3813,Industrials,Engineering & Construction,64358831678.0000,-0.0000,0.0046,0.0047,0.0998,0.0046,0.0013,0.1006,0.1014,0.1018,0.0045,0.0045,0.1007,-0.0098
FLGT,0.0947,0.0957,0.1091,0.1190,0.1114,0.1106,0.1674,0.1108,0.1108,0.1696,0.1718,0.1679,0.1174,0.1130,0.1686,Health Care,Medical Specialities,485934660.0000,0.0099,0.0023,0.0015,0.0583,0.0017,0.0016,0.0604,0.0626,0.0588,0.0083,0.0039,0.0595,0.0144
FIZZ,0.1571,0.1625,0.1204,0.1233,0.1204,0.1208,0.1617,0.1212,0.1212,0.1625,0.1625,0.1626,0.1183,0.1213,0.1639,Consumer Staples,Beverages (Production/Distribution),3303340559.0000,0.0030,0.0000,0.0004,0.0414,0.0008,0.0008,0.0422,0.0422,0.0423,-0.0021,0.0009,0.0436,-0.0368
FLG,0.3004,0.3049,0.2668,0.2718,0.2656,0.2777,0.2819,0.2843,0.2692,0.2837,0.2850,0.2830,0.2679,0.2694,0.2853,Finance,Banks,5772889440.0000,0.0050,-0.0012,0.0109,0.0151,0.0175,0.0024,0.0169,0.0182,0.0162,0.0011,0.0026,0.0185,-0.0336
FLO,0.1376,0.1420,0.1298,0.1342,0.1324,0.1301,0.1468,0.1319,0.1319,0.1482,0.1488,0.1584,0.1424,0.1290,0.1500,Consumer Staples,Packaged Foods,1682140348.0000,0.0044,0.0025,0.0002,0.0169,0.0020,0.0021,0.0183,0.0190,0.0286,0.0126,-0.0008,0.0201,-0.0077
FLR,0.3637,0.3684,0.2812,0.2920,0.2875,0.2876,0.2540,0.2900,0.2833,0.2543,0.2540,0.2675,0.2896,0.2941,0.2596,Industrials,Military/Government/Technical,6266988234.0000,0.0108,0.0064,0.0064,-0.0271,0.0088,0.0021,-0.0268,-0.0272,-0.0137,0.0084,0.0129,-0.0216,-0.0826
FLS,0.4119,0.4126,0.3994,0.4067,0.4114,0.4077,0.4066,0.4060,0.4012,0.4071,0.4073,0.4099,0.4217,0.4191,0.4140,Industrials,Fluid Controls,8896646732.0000,0.0073,0.0120,0.0083,0.0072,0.0066,0.0018,0.0078,0.0079,0.0106,0.0224,0.0197,0.0147,-0.0125
FLWS,0.1747,0.1767,0.1387,0.1407,0.1398,0.1415,0.1675,0.1473,0.1405,0.1679,0.1719,0.1709,0.1367,0.1372,0.1685,Consumer Discretionary,Other Specialty Stores,278187416.0000,0.0020,0.0010,0.0028,0.0288,0.0085,0.0017,0.0292,0.0332,0.0322,-0.0020,-0.0016,0.0298,-0.0360
FLXS,0.0768,0.0820,0.0992,0.1014,0.1051,0.1033,0.1100,0.1028,0.1026,0.1118,0.1109,0.1143,0.1085,0.1051,0.1140,Consumer Discretionary,Home Furnishings,301034398.0000,0.0022,0.0059,0.0041,0.0108,0.0037,0.0035,0.0126,0.0118,0.0152,0.0093,0.0059,0.0148,0.0224
FMAO,0.0592,0.0652,0.1198,0.1203,0.1247,0.1203,0.1987,0.1208,0.1225,0.1980,0.2012,0.1981,0.1242,0.1234,0.2015,Finance,Savings Institutions,379175898.0000,0.0005,0.0049,0.0005,0.0789,0.0010,0.0027,0.0782,0.0814,0.0783,0.0044,0.0036,0.0817,0.0606
FMBH,0.1104,0.1181,0.2151,0.2181,0.2251,0.2219,0.3205,0.2314,0.2177,0.3212,0.3259,0.3216,0.2258,0.2293,0.3228,Finance,Major Banks,1160448706.0000,0.0030,0.0100,0.0068,0.1054,0.0163,0.0026,0.1061,0.1108,0.1065,0.0107,0.0142,0.1077,0.1047
FMC,0.4067,0.4066,0.3550,0.3587,0.3639,0.3631,0.3580,0.3597,0.3571,0.3593,0.3593,0.3649,0.4503,0.3672,0.3628,Industrials,Major Chemicals,1639343896.0000,0.0037,0.0089,0.0081,0.0030,0.0047,0.0021,0.0043,0.0043,0.0099,0.0953,0.0122,0.0078,-0.0517
FMN,0.0714,0.0782,0.1035,0.1104,0.1083,0.1110,0.1516,0.1434,0.1058,0.1514,0.1545,0.1537,0.1092,0.1194,0.1536,Finance,Investment Managers,958722658.0000,0.0070,0.0048,0.0075,0.0481,0.0399,0.0023,0.0480,0.0510,0.0502,0.0057,0.0159,0.0501,0.0320
FND,0.3289,0.3326,0.3376,0.3395,0.3388,0.3418,0.4355,0.3421,0.3394,0.4371,0.4366,0.4405,0.3473,0.3393,0.4368,Consumer Discretionary,RETAIL: Building Materials,5211218972.0000,0.0019,0.0012,0.0042,0.0979,0.0045,0.0018,0.0995,0.0990,0.1030,0.0097,0.0017,0.0992,0.0087
FMNB,0.1126,0.1176,0.1901,0.1982,0.1999,0.1977,0.2355,0.2062,0.1932,0.2367,0.2380,0.2362,0.1989,0.2014,0.2380,Finance,Major Banks,837300397.0000,0.0082,0.0098,0.0076,0.0454,0.0162,0.0031,0.0467,0.0479,0.0461,0.0088,0.0113,0.0479,0.0775
FNB,0.4070,0.4108,0.3827,0.3975,0.3871,0.3975,0.3997,0.4144,0.3845,0.4010,0.4047,0.4018,0.3879,0.3884,0.4043,Finance,Major Banks,6240048026.0000,0.0148,0.0044,0.0148,0.0170,0.0317,0.0018,0.0184,0.0221,0.0191,0.0052,0.0057,0.0216,-0.0244
FNKO,0.1416,0.1411,0.1426,0.1502,0.1587,0.1447,0.1545,0.1455,0.1475,0.1565,0.1548,0.1587,0.1456,0.1532,0.1599,Consumer Discretionary,Recreational Games/Products/Toys,291399781.0000,0.0076,0.0161,0.0021,0.0119,0.0029,0.0049,0.0139,0.0122,0.0161,0.0030,0.0106,0.0173,0.0010
FNF,0.3020,0.3064,0.3127,0.3149,0.3207,0.3155,0.4178,0.3174,0.3145,0.4200,0.4199,0.4182,0.3149,0.3137,0.4230,Finance,Specialty Insurers,13083748019.0000,0.0021,0.0079,0.0028,0.1050,0.0047,0.0018,0.1072,0.1071,0.1054,0.0021,0.0010,0.1103,0.0108
FNLC,0.2406,0.2496,0.2159,0.2187,0.2238,0.2210,0.2462,0.2235,0.2185,0.2465,0.2476,0.2479,0.2241,0.2256,0.2468,Finance,Major Banks,322261164.0000,0.0028,0.0079,0.0051,0.0303,0.0077,0.0026,0.0307,0.0318,0.0320,0.0082,0.0097,0.0309,-0.0247
FNRN,0.0169,0.0237,0.0367,0.0350,0.0396,0.0459,0.0470,0.0388,0.0407,0.0468,0.0494,0.0461,0.0376,0.0374,0.0496,Finance,Savings Institutions,285974115.0000,-0.0017,0.0029,0.0092,0.0103,0.0021,0.0040,0.0101,0.0127,0.0094,0.0009,0.0007,0.0128,0.0198
FOF,0.4055,0.4187,0.3794,0.3808,0.3842,0.3840,0.3811,0.3863,0.3832,0.3828,0.3824,0.3853,0.3909,0.3886,0.3870,Finance,Investment Managers,681552770.0000,0.0014,0.0048,0.0046,0.0018,0.0069,0.0038,0.0034,0.0030,0.0059,0.0115,0.0092,0.0076,-0.0262
FOR,0.3092,0.3133,0.2611,0.2646,0.2625,0.2646,0.3235,0.2624,0.2632,0.3258,0.3241,0.3264,0.2667,0.2669,0.3259,Finance,Real Estate,1322146359.0000,0.0035,0.0014,0.0035,0.0625,0.0013,0.0021,0.0648,0.0631,0.0653,0.0057,0.0059,0.0648,-0.0481
FOUR,0.2641,0.2700,0.2750,0.2770,0.2766,0.2795,0.2750,0.2762,0.2758,0.2762,0.2756,0.2761,0.2904,0.2841,0.2791,Consumer Discretionary,Business Services,3430182674.0000,0.0020,0.0016,0.0045,0.0000,0.0012,0.0008,0.0012,0.0006,0.0011,0.0155,0.0091,0.0041,0.0109
FORM,0.2517,0.2567,0.2831,0.2862,0.2925,0.2860,0.3814,0.2852,0.2847,0.3832,0.3818,0.3838,0.3105,0.2943,0.3834,Technology,Semiconductors,10055386040.0000,0.0031,0.0093,0.0029,0.0983,0.0021,0.0015,0.1001,0.0987,0.1006,0.0274,0.0111,0.1003,0.0314
FOX,0.2821,0.2859,0.2896,0.2902,0.2974,0.2915,0.2740,0.2962,0.2935,0.2748,0.2744,0.2823,0.2942,0.2954,0.2762,Industrials,Broadcasting,24051464671.0000,0.0007,0.0079,0.0020,-0.0156,0.0066,0.0039,-0.0148,-0.0152,-0.0073,0.0047,0.0058,-0.0134,0.0074
FOXA,0.2528,0.2570,0.2614,0.2621,0.2688,0.2630,0.2451,0.2681,0.2650,0.2454,0.2454,0.2531,0.2661,0.2681,0.2471,Industrials,Broadcasting,26883520434.0000,0.0007,0.0074,0.0016,-0.0163,0.0066,0.0036,-0.0161,-0.0161,-0.0083,0.0047,0.0067,-0.0143,0.0086
FPH,0.1551,0.1605,0.1665,0.1694,0.1692,0.1698,0.1788,0.1697,0.1706,0.1794,0.1781,0.1829,0.1707,0.1730,0.1821,Finance,Real Estate,727665170.0000,0.0029,0.0028,0.0033,0.0124,0.0033,0.0041,0.0129,0.0116,0.0164,0.0042,0.0066,0.0156,0.0113
FOXF,0.2162,0.2279,0.2509,0.2528,0.2549,0.2543,0.3386,0.2539,0.2526,0.3406,0.3406,0.3416,0.2618,0.2550,0.3406,Consumer Discretionary,Motor Vehicles,682720245.0000,0.0018,0.0039,0.0033,0.0877,0.0029,0.0017,0.0896,0.0896,0.0906,0.0109,0.0041,0.0896,0.0347
FPI,0.0999,0.1070,0.1287,0.1287,0.1286,0.1265,0.1917,0.1348,0.1316,0.1906,0.1974,0.1971,0.1293,0.1319,0.1896,Real Estate,Real Estate Investment Trusts,454927406.0000,0.0000,-0.0000,-0.0021,0.0630,0.0061,0.0030,0.0619,0.0687,0.0684,0.0007,0.0032,0.0610,0.0287
FR,0.3825,0.3848,0.3774,0.3825,0.3773,0.3806,0.4548,0.3853,0.3796,0.4553,0.4556,0.4570,0.3786,0.3760,0.4553,Real Estate,Real Estate Investment Trusts,8389056431.0000,0.0051,-0.0001,0.0032,0.0774,0.0079,0.0022,0.0779,0.0782,0.0796,0.0013,-0.0014,0.0780,-0.0051
FRMEP,0.0147,0.0228,0.0290,0.0383,0.0289,0.0289,0.0292,0.0277,0.0305,0.0288,0.0316,0.0424,0.0306,0.0307,0.0304,Finance,Major Banks,1581870799.0000,0.0093,-0.0002,-0.0001,0.0002,-0.0014,0.0015,-0.0002,0.0026,0.0133,0.0016,0.0016,0.0014,0.0144
FRBA,0.0975,0.1021,0.1544,0.1569,0.1600,0.1581,0.2510,0.1595,0.1561,0.2517,0.2525,0.2531,0.1598,0.1579,0.2531,Finance,Commercial Banks,389331902.0000,0.0024,0.0056,0.0037,0.0966,0.0051,0.0017,0.0973,0.0981,0.0987,0.0054,0.0034,0.0986,0.0569
FRA,0.1670,0.1751,0.1786,0.1806,0.1842,0.1913,0.2174,0.1859,0.1803,0.2175,0.2185,0.2216,0.1897,0.1937,0.2248,Finance,Investment Bankers/Brokers/Service,1643825305.0000,0.0020,0.0056,0.0127,0.0388,0.0074,0.0017,0.0389,0.0399,0.0430,0.0111,0.0151,0.0462,0.0116
FRME,0.3485,0.3519,0.3296,0.3376,0.3308,0.3428,0.3139,0.3562,0.3316,0.3144,0.3171,0.3150,0.3317,0.3315,0.3153,Finance,Major Banks,2529732824.0000,0.0080,0.0012,0.0132,-0.0157,0.0266,0.0020,-0.0152,-0.0125,-0.0147,0.0021,0.0019,-0.0143,-0.0189
FROG,0.1919,0.1894,0.1911,0.1929,0.1911,0.1957,0.1911,0.1967,0.1943,0.1916,0.1933,0.1926,0.2259,0.2040,0.1929,Technology,Computer Software: Prepackaged Software,8961648379.0000,0.0019,0.0001,0.0047,0.0000,0.0057,0.0032,0.0006,0.0022,0.0016,0.0348,0.0130,0.0018,-0.0008
FRPH,0.1866,0.1943,0.1915,0.1968,0.2090,0.1947,0.2333,0.1945,0.1947,0.2340,0.2345,0.2410,0.1944,0.1949,0.2350,Finance,Real Estate,433823323.0000,0.0053,0.0175,0.0032,0.0418,0.0029,0.0032,0.0424,0.0430,0.0494,0.0029,0.0034,0.0434,0.0049
FRPT,0.1678,0.1746,0.1913,0.1959,0.1918,0.1936,0.2714,0.1950,0.1923,0.2719,0.2725,0.2723,0.1973,0.2031,0.2723,Consumer Staples,Packaged Foods,2534785160.0000,0.0046,0.0005,0.0023,0.0801,0.0037,0.0010,0.0806,0.0811,0.0810,0.0060,0.0118,0.0810,0.0235
FRST,0.1074,0.1195,0.2012,0.2085,0.2103,0.2082,0.2729,0.2117,0.2041,0.2733,0.2768,0.2730,0.2110,0.2117,0.2771,Finance,Major Banks,354983792.0000,0.0073,0.0091,0.0070,0.0717,0.0105,0.0029,0.0721,0.0756,0.0718,0.0098,0.0104,0.0759,0.0938
FRT,0.3451,0.3502,0.3157,0.3217,0.3123,0.3233,0.3840,0.3293,0.3194,0.3847,0.3880,0.3857,0.3156,0.3162,0.3914,Real Estate,Real Estate Investment Trusts,10345106341.0000,0.0060,-0.0034,0.0076,0.0683,0.0136,0.0037,0.0690,0.0723,0.0700,-0.0001,0.0005,0.0757,-0.0295
FSK,0.2117,0.2253,0.2555,0.2580,0.2607,0.2641,0.3442,0.2584,0.2565,0.3455,0.3455,0.3453,0.2644,0.2664,0.3499,Finance,Investment Managers,3019116148.0000,0.0025,0.0052,0.0086,0.0887,0.0029,0.0010,0.0900,0.0900,0.0898,0.0089,0.0109,0.0944,0.0438
FSLR,0.1932,0.2001,0.2121,0.2145,0.2154,0.2141,0.1817,0.2138,0.2153,0.1823,0.1811,0.1818,0.2378,0.2252,0.1837,Technology,Semiconductors,27706849650.0000,0.0024,0.0032,0.0020,-0.0305,0.0017,0.0031,-0.0298,-0.0310,-0.0303,0.0257,0.0131,-0.0285,0.0189
FSLY,0.1889,0.1929,0.1934,0.2010,0.1924,0.2002,0.1935,0.1957,0.1955,0.1940,0.1932,0.1953,0.2288,0.2011,0.1946,Technology,Computer Software: Prepackaged Software,2554080000.0000,0.0075,-0.0010,0.0068,0.0000,0.0023,0.0021,0.0006,-0.0002,0.0019,0.0354,0.0077,0.0012,0.0045
FSS,0.3104,0.3121,0.2960,0.2982,0.3002,0.3018,0.3736,0.3035,0.3002,0.3742,0.3742,0.3773,0.2990,0.3024,0.3772,Industrials,Auto Manufacturing,6869464048.0000,0.0022,0.0042,0.0058,0.0776,0.0075,0.0042,0.0783,0.0782,0.0813,0.0030,0.0064,0.0812,-0.0144
FTAI,0.1740,0.1771,0.2203,0.2270,0.2235,0.2275,0.2702,0.2241,0.2230,0.2726,0.2744,0.2709,0.2298,0.2309,0.2779,Industrials,Misc Corporate Leasing Services,25864244730.0000,0.0066,0.0032,0.0072,0.0498,0.0037,0.0026,0.0523,0.0540,0.0505,0.0094,0.0106,0.0576,0.0464
FTDR,0.1860,0.1926,0.1949,0.1960,0.1988,0.1970,0.2025,0.1963,0.2005,0.2032,0.2034,0.2041,0.2011,0.1972,0.2064,Consumer Discretionary,Diversified Commercial Services,4305400719.0000,0.0011,0.0039,0.0021,0.0076,0.0015,0.0056,0.0083,0.0085,0.0092,0.0062,0.0024,0.0115,0.0089
FSTR,0.2312,0.2344,0.1659,0.1685,0.1692,0.1715,0.1653,0.1762,0.1683,0.1658,0.1680,0.1672,0.1710,0.1757,0.1683,Industrials,Metal Fabrications,398580295.0000,0.0026,0.0033,0.0056,-0.0006,0.0103,0.0024,-0.0001,0.0020,0.0013,0.0051,0.0098,0.0024,-0.0653
FTHY,0.2521,0.2603,0.2632,0.2659,0.2627,0.2765,0.2634,0.2713,0.2660,0.2629,0.2660,0.2646,0.2765,0.2749,0.2695,Finance,Investment Managers,500112650.0000,0.0026,-0.0005,0.0133,0.0001,0.0081,0.0028,-0.0003,0.0028,0.0013,0.0132,0.0116,0.0062,0.0112
FTK,0.1820,0.1879,0.1444,0.1482,0.1485,0.1465,0.1394,0.1458,0.1475,0.1404,0.1421,0.1427,0.1501,0.1537,0.1409,Industrials,Major Chemicals,720655461.0000,0.0037,0.0041,0.0020,-0.0050,0.0013,0.0031,-0.0041,-0.0024,-0.0017,0.0057,0.0092,-0.0036,-0.0376
FUBO,0.1236,0.1227,0.1247,0.1268,0.1261,0.1295,0.1334,0.1250,0.1279,0.1340,0.1345,0.1360,0.1614,0.1421,0.1350,Consumer Discretionary,Movies/Entertainment,1057174121.0000,0.0020,0.0013,0.0048,0.0087,0.0002,0.0031,0.0093,0.0098,0.0112,0.0366,0.0173,0.0102,0.0012
FTV,0.4441,0.4457,0.4577,0.4608,0.4629,0.4626,0.4866,0.4616,0.4603,0.4874,0.4870,0.4881,0.4702,0.4631,0.4903,Industrials,Industrial Machinery/Components,18026432172.0000,0.0031,0.0053,0.0049,0.0289,0.0039,0.0026,0.0297,0.0293,0.0304,0.0125,0.0054,0.0326,0.0136
FTNT,0.2423,0.2520,0.3119,0.3144,0.3178,0.3159,0.3647,0.3172,0.3125,0.3651,0.3652,0.3658,0.3195,0.3139,0.3651,Technology,Computer peripheral equipment,98123599007.0000,0.0025,0.0059,0.0039,0.0528,0.0052,0.0006,0.0532,0.0532,0.0539,0.0076,0.0020,0.0532,0.0697
FTS,0.1637,0.1718,0.2373,0.2551,0.2390,0.2405,0.3242,0.2496,0.2394,0.3255,0.3261,0.3272,0.2407,0.2439,0.3280,Utilities,Electric Utilities: Central,28755831558.0000,0.0178,0.0017,0.0032,0.0868,0.0123,0.0021,0.0882,0.0887,0.0898,0.0034,0.0065,0.0907,0.0736
FUL,0.4276,0.4279,0.4175,0.4209,0.4309,0.4250,0.4608,0.4262,0.4221,0.4627,0.4613,0.4641,0.4467,0.4238,0.4657,Industrials,Home Furnishings,3148275847.0000,0.0034,0.0133,0.0075,0.0433,0.0087,0.0046,0.0452,0.0438,0.0466,0.0292,0.0063,0.0482,-0.0101
FULC,0.0761,0.0763,0.0783,0.0832,0.0838,0.0808,0.0784,0.0800,0.0814,0.0787,0.0782,0.0831,0.0816,0.0818,0.0812,Health Care,Biotechnology: Pharmaceutical Preparations,437615191.0000,0.0049,0.0054,0.0025,0.0001,0.0017,0.0030,0.0004,-0.0001,0.0048,0.0032,0.0035,0.0029,0.0022
FULTP,0.1288,0.1526,0.1569,0.1657,0.1591,0.1584,0.1573,0.1872,0.1591,0.1582,0.1604,0.1584,0.1613,0.1590,0.1578,Finance,Major Banks,3545528020.0000,0.0088,0.0022,0.0015,0.0004,0.0303,0.0022,0.0013,0.0035,0.0015,0.0044,0.0021,0.0009,0.0281
FULT,0.3823,0.3873,0.3597,0.3696,0.3611,0.3745,0.3446,0.3905,0.3616,0.3453,0.3486,0.3477,0.3625,0.3602,0.3478,Finance,Major Banks,4097904084.0000,0.0099,0.0014,0.0148,-0.0151,0.0308,0.0019,-0.0144,-0.0111,-0.0120,0.0028,0.0005,-0.0119,-0.0226
FUN,0.1777,0.1826,0.1908,0.1933,0.1930,0.1990,0.2554,0.1995,0.1929,0.2562,0.2563,0.2636,0.1956,0.2002,0.2596,Consumer Discretionary,Services-Misc. Amusement & Recreation,2026704170.0000,0.0025,0.0022,0.0082,0.0647,0.0087,0.0022,0.0655,0.0655,0.0729,0.0048,0.0095,0.0688,0.0131
FUND,0.4860,0.4878,0.5082,0.5152,0.5320,0.5166,0.5647,0.5110,0.5109,0.5666,0.5655,0.5702,0.5420,0.5428,0.5749,Finance,Investment Managers,300780604.0000,0.0069,0.0238,0.0083,0.0565,0.0028,0.0027,0.0583,0.0573,0.0619,0.0337,0.0345,0.0666,0.0222
FVCB,0.0841,0.0886,0.1061,0.1089,0.1080,0.1102,0.1538,0.1095,0.1100,0.1548,0.1572,0.1539,0.1152,0.1123,0.1554,Finance,Major Banks,282729602.0000,0.0028,0.0019,0.0041,0.0478,0.0034,0.0040,0.0487,0.0511,0.0478,0.0092,0.0062,0.0494,0.0220
FWDI,0.0284,0.0340,0.0392,0.0409,0.0494,0.0390,0.0647,0.0398,0.0422,0.0660,0.0650,0.0657,0.0440,0.0479,0.0696,Industrials,Plastic Products,342033021.0000,0.0017,0.0102,-0.0002,0.0255,0.0005,0.0029,0.0268,0.0257,0.0265,0.0047,0.0087,0.0304,0.0108
FWONA,0.2525,0.2627,0.2947,0.2972,0.2968,0.2992,0.3207,0.2971,0.2986,0.3208,0.3209,0.3249,0.3002,0.3001,0.3296,Industrials,Broadcasting,20527113542.0000,0.0025,0.0021,0.0045,0.0260,0.0024,0.0039,0.0261,0.0262,0.0302,0.0055,0.0054,0.0349,0.0422
FWONK,0.2490,0.2616,0.2912,0.2938,0.2930,0.2961,0.3332,0.2930,0.2949,0.3333,0.3337,0.3360,0.2954,0.2960,0.3421,Industrials,Broadcasting,22193641500.0000,0.0025,0.0017,0.0048,0.0420,0.0017,0.0037,0.0421,0.0424,0.0447,0.0042,0.0047,0.0509,0.0422
FWRD,0.3257,0.3286,0.3158,0.3184,0.3162,0.3216,0.3524,0.3226,0.3188,0.3530,0.3539,0.3531,0.3190,0.3190,0.3551,Industrials,Integrated Freight & Logistics,278300405.0000,0.0026,0.0004,0.0058,0.0366,0.0068,0.0030,0.0372,0.0381,0.0373,0.0032,0.0032,0.0393,-0.0099
GAB,0.4627,0.4774,0.4683,0.4693,0.4680,0.4749,0.4123,0.4703,0.4717,0.4135,0.4136,0.4160,0.4750,0.4703,0.4197,Finance,Investment Managers,1633623704.0000,0.0011,-0.0002,0.0067,-0.0560,0.0021,0.0034,-0.0548,-0.0547,-0.0523,0.0068,0.0020,-0.0485,0.0055
GABC,0.2624,0.2663,0.2742,0.2790,0.2850,0.2871,0.2846,0.2951,0.2761,0.2852,0.2878,0.2870,0.2858,0.2876,0.2859,Finance,Major Banks,1625407953.0000,0.0048,0.0108,0.0129,0.0104,0.0208,0.0019,0.0109,0.0136,0.0128,0.0116,0.0134,0.0116,0.0119
GAIN,0.2355,0.2451,0.2197,0.2243,0.2248,0.2237,0.3275,0.2209,0.2259,0.3284,0.3284,0.3284,0.2267,0.2293,0.3325,Finance,Finance: Consumer Services,633169275.0000,0.0046,0.0050,0.0040,0.1078,0.0012,0.0062,0.1087,0.1086,0.1086,0.0070,0.0096,0.1128,-0.0158
GAM,0.6189,0.6206,0.6124,0.6137,0.6195,0.6176,0.6880,0.6148,0.6148,0.6889,0.6889,0.6889,0.6272,0.6262,0.6925,Finance,Investment Managers,1541631723.0000,0.0013,0.0071,0.0052,0.0756,0.0024,0.0024,0.0765,0.0765,0.0765,0.0148,0.0138,0.0801,-0.0065
GAP,0.2372,0.2434,0.2116,0.2185,0.2084,0.2212,0.2736,0.2222,0.2135,0.2741,0.2753,0.2764,0.2147,0.2125,0.2767,Consumer Discretionary,Clothing/Shoe/Accessory Stores,8545307067.0000,0.0068,-0.0032,0.0095,0.0620,0.0106,0.0019,0.0624,0.0637,0.0648,0.0031,0.0009,0.0651,-0.0256
GATX,0.3960,0.3987,0.3627,0.3669,0.3688,0.3717,0.3669,0.3725,0.3656,0.3673,0.3706,0.3794,0.3735,0.3710,0.3693,Consumer Discretionary,Transportation Services,6023285000.0000,0.0042,0.0060,0.0090,0.0041,0.0097,0.0028,0.0045,0.0079,0.0166,0.0107,0.0083,0.0066,-0.0333
GBAB,0.0991,0.1070,0.1325,0.1373,0.1362,0.1384,0.2147,0.1879,0.1377,0.2144,0.2206,0.2195,0.1429,0.1438,0.2183,Finance,Investment Managers,311316980.0000,0.0047,0.0037,0.0059,0.0821,0.0553,0.0051,0.0819,0.0881,0.0869,0.0103,0.0113,0.0857,0.0334
GBCI,0.4056,0.4087,0.3820,0.3911,0.3825,0.3945,0.3671,0.4084,0.3833,0.3674,0.3707,0.3693,0.3858,0.3847,0.3688,Finance,Major Banks,6202598890.0000,0.0091,0.0005,0.0125,-0.0149,0.0264,0.0014,-0.0145,-0.0113,-0.0127,0.0039,0.0027,-0.0132,-0.0237
GBDC,0.1598,0.1721,0.1774,0.1821,0.1823,0.1859,0.2462,0.1800,0.1902,0.2502,0.2482,0.2475,0.1817,0.1820,0.2515,Finance,Finance: Consumer Services,3357782883.0000,0.0047,0.0048,0.0084,0.0687,0.0026,0.0128,0.0728,0.0708,0.0701,0.0043,0.0045,0.0740,0.0176
GBLI,0.1958,0.1984,0.1241,0.1250,0.1270,0.1264,0.0956,0.1276,0.1251,0.0959,0.0962,0.0983,0.1239,0.1279,0.0959,Finance,Property-Casualty Insurers,385027884.0000,0.0008,0.0028,0.0022,-0.0285,0.0035,0.0010,-0.0282,-0.0279,-0.0258,-0.0002,0.0037,-0.0283,-0.0716
GCMG,0.1324,0.1442,0.1475,0.1561,0.1482,0.1511,0.1474,0.1484,0.1494,0.1485,0.1482,0.1491,0.1474,0.1579,0.1494,Finance,Investment Managers,2133637398.0000,0.0087,0.0007,0.0036,-0.0001,0.0009,0.0020,0.0010,0.0008,0.0016,-0.0001,0.0105,0.0019,0.0151
GBX,0.2801,0.2799,0.2631,0.2683,0.2674,0.2734,0.2617,0.2719,0.2645,0.2632,0.2627,0.2652,0.2735,0.2742,0.2662,Industrials,Railroads,1483196196.0000,0.0053,0.0043,0.0103,-0.0014,0.0089,0.0015,0.0001,-0.0003,0.0021,0.0104,0.0112,0.0032,-0.0171
GCBC,0.0358,0.0386,0.0665,0.0692,0.0678,0.0683,0.1035,0.0716,0.0686,0.1034,0.1027,0.1078,0.0693,0.0696,0.1050,Finance,Banks,426828909.0000,0.0027,0.0013,0.0018,0.0370,0.0050,0.0021,0.0369,0.0362,0.0413,0.0028,0.0031,0.0384,0.0307
GCO,0.1983,0.2014,0.1749,0.1815,0.1892,0.1790,0.2240,0.1822,0.1771,0.2244,0.2243,0.2275,0.1809,0.1851,0.2307,Consumer Discretionary,Clothing/Shoe/Accessory Stores,401971452.0000,0.0066,0.0143,0.0041,0.0491,0.0073,0.0022,0.0495,0.0493,0.0526,0.0060,0.0102,0.0558,-0.0234
GD,0.4223,0.4264,0.4032,0.4060,0.4061,0.4076,0.3776,0.4104,0.4050,0.3789,0.3791,0.3836,0.4086,0.4057,0.3797,Industrials,Marine Transportation,92727806820.0000,0.0028,0.0029,0.0045,-0.0256,0.0072,0.0018,-0.0243,-0.0241,-0.0195,0.0054,0.0025,-0.0235,-0.0192
GDRX,0.2013,0.1991,0.2077,0.2080,0.2083,0.2111,0.2078,0.2132,0.2121,0.2091,0.2103,0.2119,0.2225,0.2170,0.2090,Technology,EDP Services,897489738.0000,0.0004,0.0006,0.0034,0.0001,0.0055,0.0045,0.0014,0.0026,0.0043,0.0148,0.0093,0.0013,0.0064
GDDY,0.2967,0.3087,0.3325,0.3350,0.3341,0.3341,0.3600,0.3380,0.3362,0.3609,0.3609,0.3628,0.3400,0.3381,0.3613,Technology,EDP Services,11977794760.0000,0.0026,0.0016,0.0016,0.0275,0.0055,0.0037,0.0284,0.0284,0.0303,0.0076,0.0056,0.0288,0.0358
GDOT,0.1623,0.1666,0.2071,0.2081,0.2090,0.2102,0.2699,0.2116,0.2090,0.2713,0.2696,0.2718,0.2094,0.2105,0.2721,Finance,Finance: Consumer Services,724373787.0000,0.0010,0.0020,0.0031,0.0628,0.0045,0.0019,0.0643,0.0625,0.0647,0.0024,0.0034,0.0650,0.0447
GDV,0.6073,0.6169,0.6603,0.6618,0.6638,0.6671,0.7035,0.6670,0.6626,0.7045,0.7037,0.7041,0.6706,0.6730,0.7084,Finance,Investment Managers,2622681318.0000,0.0016,0.0035,0.0068,0.0433,0.0068,0.0023,0.0442,0.0434,0.0438,0.0103,0.0128,0.0481,0.0530
GDYN,0.1836,0.1896,0.1997,0.2048,0.2006,0.2032,0.2061,0.2032,0.2066,0.2075,0.2076,0.2192,0.2026,0.2029,0.2113,Technology,Computer Software: Prepackaged Software,596253765.0000,0.0051,0.0010,0.0035,0.0064,0.0035,0.0070,0.0078,0.0079,0.0196,0.0029,0.0032,0.0117,0.0160
GE,0.4152,0.4187,0.3351,0.3399,0.3293,0.3422,0.3689,0.3436,0.3370,0.3709,0.3701,0.3757,0.3366,0.3329,0.3752,Technology,Consumer Electronics/Appliances,315964248247.0000,0.0048,-0.0059,0.0070,0.0337,0.0085,0.0019,0.0357,0.0350,0.0406,0.0015,-0.0023,0.0400,-0.0800
GEL,0.1718,0.1752,0.2395,0.2494,0.2520,0.2450,0.2381,0.2434,0.2466,0.2380,0.2390,0.2474,0.2498,0.2745,0.2498,Energy,Oil Refining/Marketing,1981472665.0000,0.0100,0.0125,0.0056,-0.0014,0.0039,0.0071,-0.0015,-0.0004,0.0079,0.0103,0.0350,0.0103,0.0676
GEF,0.3148,0.3149,0.2541,0.2565,0.2517,0.2587,0.2777,0.2645,0.2583,0.2785,0.2782,0.2816,0.2614,0.2599,0.2792,,,2966103177.0000,0.0024,-0.0024,0.0046,0.0236,0.0104,0.0042,0.0244,0.0242,0.0275,0.0073,0.0058,0.0251,-0.0607
GEN,0.2288,0.2315,0.1658,0.1695,0.1633,0.1674,0.1343,0.1680,0.1678,0.1346,0.1345,0.1349,0.1693,0.1627,0.1369,Technology,Computer Software: Prepackaged Software,15032574871.0000,0.0037,-0.0025,0.0015,-0.0315,0.0022,0.0020,-0.0312,-0.0313,-0.0309,0.0034,-0.0032,-0.0289,-0.0630
GEO,0.2158,0.2230,0.1755,0.1784,0.1750,0.1805,0.1472,0.1807,0.1782,0.1459,0.1489,0.1524,0.1766,0.1813,0.1537,Consumer Discretionary,Homebuilding,3142702040.0000,0.0029,-0.0005,0.0050,-0.0283,0.0052,0.0027,-0.0296,-0.0267,-0.0231,0.0011,0.0058,-0.0218,-0.0403
GERN,0.1291,0.1328,0.0925,0.0949,0.0916,0.0949,0.1055,0.0940,0.0946,0.1063,0.1056,0.1114,0.0975,0.0946,0.1092,Health Care,Biotechnology: Pharmaceutical Preparations,821146847.0000,0.0024,-0.0009,0.0024,0.0130,0.0015,0.0022,0.0138,0.0132,0.0189,0.0051,0.0021,0.0168,-0.0366
GETY,0.0196,0.0227,0.0226,0.0241,0.0266,0.0264,0.0224,0.0224,0.0240,0.0235,0.0269,0.0254,0.0285,0.0241,0.0243,Consumer Discretionary,Business Services,448286391.0000,0.0015,0.0040,0.0038,-0.0002,-0.0002,0.0014,0.0009,0.0043,0.0028,0.0059,0.0015,0.0017,0.0030
GEVO,0.0739,0.0775,0.0964,0.0978,0.0977,0.0987,0.1721,0.0968,0.0982,0.1748,0.1737,0.1734,0.1193,0.1202,0.1741,Industrials,Major Chemicals,430838052.0000,0.0014,0.0014,0.0024,0.0758,0.0004,0.0018,0.0784,0.0774,0.0771,0.0229,0.0238,0.0778,0.0225
GFF,0.3061,0.3171,0.2522,0.2540,0.2545,0.2567,0.3014,0.2555,0.2534,0.3013,0.3019,0.3036,0.2541,0.2559,0.3020,Industrials,Building Products,3893159639.0000,0.0018,0.0023,0.0045,0.0492,0.0033,0.0012,0.0491,0.0496,0.0514,0.0019,0.0037,0.0497,-0.0538
GH,0.1952,0.2054,0.2109,0.2130,0.2109,0.2169,0.2173,0.2142,0.2130,0.2186,0.2175,0.2198,0.2419,0.2153,0.2179,Health Care,Medical Specialities,15772761555.0000,0.0022,0.0001,0.0061,0.0065,0.0033,0.0022,0.0077,0.0066,0.0089,0.0311,0.0044,0.0071,0.0157
GGG,0.4754,0.4785,0.4707,0.4723,0.4763,0.4726,0.5159,0.4725,0.4732,0.5169,0.5168,0.5168,0.4850,0.4781,0.5163,Industrials,Fluid Controls,12552173227.0000,0.0016,0.0056,0.0019,0.0452,0.0018,0.0024,0.0461,0.0461,0.0460,0.0142,0.0074,0.0455,-0.0047
GHC,0.2421,0.2485,0.2332,0.2374,0.2417,0.2372,0.2673,0.2384,0.2355,0.2683,0.2675,0.2691,0.2370,0.2399,0.2772,Real Estate,Other Consumer Services,4757992624.0000,0.0043,0.0085,0.0041,0.0342,0.0052,0.0024,0.0351,0.0343,0.0359,0.0038,0.0068,0.0440,-0.0090
GHM,0.1863,0.1902,0.1248,0.1264,0.1266,0.1255,0.1196,0.1303,0.1293,0.1214,0.1204,0.1206,0.1278,0.1291,0.1228,Industrials,Industrial Machinery/Components,1108451272.0000,0.0017,0.0018,0.0008,-0.0051,0.0055,0.0045,-0.0034,-0.0043,-0.0042,0.0030,0.0044,-0.0020,-0.0615
GIC,0.2164,0.2171,0.1802,0.1811,0.1824,0.1820,0.2321,0.1816,0.1849,0.2325,0.2328,0.2343,0.1899,0.1860,0.2327,Industrials,Industrial Machinery/Components,1137885084.0000,0.0009,0.0021,0.0018,0.0519,0.0014,0.0047,0.0523,0.0526,0.0541,0.0097,0.0058,0.0524,-0.0361
GIII,0.1964,0.2008,0.2028,0.2145,0.2076,0.2087,0.2220,0.2124,0.2078,0.2220,0.2196,0.2286,0.2132,0.2052,0.2328,Consumer Discretionary,Apparel,1300273825.0000,0.0118,0.0049,0.0059,0.0192,0.0097,0.0050,0.0192,0.0168,0.0259,0.0104,0.0025,0.0300,0.0064
GILD,0.2297,0.2354,0.2164,0.2201,0.2173,0.2194,0.1554,0.2180,0.2210,0.1549,0.1547,0.1618,0.2228,0.2165,0.1585,Health Care,Biotechnology: Biological Products (No Diagnostic Substances),166817328271.0000,0.0037,0.0009,0.0030,-0.0610,0.0016,0.0047,-0.0615,-0.0616,-0.0546,0.0064,0.0002,-0.0579,-0.0134
GIS,0.1904,0.1954,0.1601,0.1644,0.1619,0.1633,0.1006,0.1630,0.1635,0.1009,0.1065,0.1154,0.1797,0.1646,0.1013,Consumer Staples,Packaged Foods,17979720234.0000,0.0043,0.0018,0.0031,-0.0596,0.0028,0.0033,-0.0592,-0.0536,-0.0447,0.0195,0.0044,-0.0588,-0.0302
GJS,0.0273,0.0313,0.0265,0.0316,0.0312,0.0275,0.0273,0.0267,0.0271,0.0276,0.0286,0.0296,0.0277,0.0287,0.0293,Finance,Finance: Consumer Services,7316628838.0000,0.0051,0.0047,0.0010,0.0008,0.0002,0.0006,0.0011,0.0021,0.0031,0.0012,0.0022,0.0028,-0.0008
GKOS,0.1594,0.1642,0.1778,0.1821,0.1802,0.1848,0.2133,0.1784,0.1785,0.2134,0.2148,0.2146,0.1835,0.1884,0.2146,Health Care,Medical/Dental Instruments,7061578120.0000,0.0043,0.0024,0.0070,0.0355,0.0006,0.0007,0.0356,0.0370,0.0368,0.0056,0.0106,0.0368,0.0184
GL,0.5159,0.5215,0.4893,0.4934,0.4872,0.5012,0.4528,0.5076,0.4916,0.4534,0.4612,0.4551,0.4887,0.4873,0.4547,Finance,Life Insurance,12134323249.0000,0.0041,-0.0021,0.0119,-0.0366,0.0183,0.0023,-0.0359,-0.0282,-0.0342,-0.0006,-0.0020,-0.0346,-0.0266
GLAD,0.2325,0.2413,0.2142,0.2197,0.2177,0.2181,0.3054,0.2172,0.2221,0.3062,0.3085,0.3078,0.2168,0.2253,0.3116,Consumer Discretionary,Textiles,428138658.0000,0.0055,0.0035,0.0038,0.0912,0.0030,0.0079,0.0920,0.0942,0.0935,0.0026,0.0110,0.0974,-0.0183
GLOB,0.2545,0.2579,0.2826,0.2845,0.2844,0.2843,0.3909,0.2849,0.2837,0.3920,0.3915,0.3955,0.3072,0.2866,0.3937,Technology,EDP Services,1732795582.0000,0.0019,0.0018,0.0017,0.1083,0.0023,0.0011,0.1095,0.1089,0.1129,0.0246,0.0040,0.1111,0.0281
GLP,0.1051,0.1092,0.1480,0.1549,0.1529,0.1480,0.1841,0.1510,0.1511,0.1848,0.1872,0.1866,0.1517,0.1595,0.1869,Energy,Oil Refining/Marketing,1686859836.0000,0.0069,0.0049,-0.0000,0.0360,0.0030,0.0031,0.0368,0.0392,0.0386,0.0037,0.0115,0.0389,0.0429
GLSI,0.0704,0.0726,0.0826,0.0827,0.0834,0.0840,0.0827,0.0822,0.0875,0.0847,0.0848,0.0817,0.0817,0.0861,0.0838,Health Care,Biotechnology: Pharmaceutical Preparations,383078003.0000,0.0001,0.0008,0.0015,0.0001,-0.0004,0.0049,0.0022,0.0022,-0.0008,-0.0009,0.0036,0.0012,0.0121
GLPI,0.2517,0.2593,0.2822,0.2854,0.2876,0.2857,0.3899,0.2910,0.2843,0.3919,0.3915,0.3972,0.2897,0.2879,0.3928,Real Estate,Real Estate Investment Trusts,13541847066.0000,0.0032,0.0054,0.0035,0.1077,0.0088,0.0021,0.1097,0.1093,0.1150,0.0075,0.0057,0.1106,0.0305
GM,0.3367,0.3406,0.3551,0.3570,0.3638,0.3678,0.4026,0.3634,0.3591,0.4042,0.4052,0.4059,0.3770,0.3613,0.4093,Industrials,Auto Manufacturing,71042200714.0000,0.0019,0.0087,0.0127,0.0475,0.0083,0.0040,0.0491,0.0501,0.0508,0.0219,0.0062,0.0542,0.0184
GLW,0.4207,0.4227,0.4507,0.4537,0.4567,0.4596,0.4979,0.4558,0.4523,0.4986,0.4994,0.4987,0.4671,0.4589,0.5010,Industrials,Telecommunications Equipment,167006769941.0000,0.0030,0.0059,0.0089,0.0472,0.0051,0.0016,0.0479,0.0487,0.0480,0.0164,0.0081,0.0503,0.0300
GME,0.1531,0.1581,0.1155,0.1187,0.1134,0.1184,0.1205,0.1172,0.1177,0.1215,0.1215,0.1208,0.1114,0.1092,0.1215,Consumer Discretionary,Electronics Distribution,9852370163.0000,0.0031,-0.0021,0.0028,0.0049,0.0016,0.0022,0.0060,0.0060,0.0052,-0.0042,-0.0064,0.0060,-0.0376
GMED,0.1874,0.1916,0.2272,0.2288,0.2282,0.2290,0.2944,0.2314,0.2325,0.2955,0.2950,0.2948,0.2257,0.2329,0.2957,Health Care,Medical/Dental Instruments,11512501731.0000,0.0016,0.0010,0.0018,0.0672,0.0042,0.0053,0.0683,0.0678,0.0676,-0.0015,0.0057,0.0685,0.0398
GNE,0.0705,0.0733,0.0779,0.0784,0.0784,0.0815,0.0915,0.0786,0.0810,0.0915,0.0996,0.0926,0.0817,0.0888,0.0909,Utilities,Power Generation,367803555.0000,0.0006,0.0006,0.0036,0.0136,0.0007,0.0031,0.0136,0.0217,0.0147,0.0038,0.0109,0.0131,0.0073
GNK,0.1167,0.1281,0.1739,0.1800,0.1882,0.1800,0.1978,0.1770,0.1771,0.1997,0.1982,0.2038,0.1900,0.1918,0.2059,Consumer Discretionary,Marine Transportation,1019267223.0000,0.0061,0.0143,0.0061,0.0239,0.0032,0.0032,0.0258,0.0244,0.0299,0.0161,0.0179,0.0320,0.0571
GNL,0.2354,0.2454,0.2575,0.2604,0.2618,0.2600,0.3281,0.2738,0.2615,0.3286,0.3293,0.3305,0.2627,0.2628,0.3311,Real Estate,Real Estate Investment Trusts,1977320438.0000,0.0030,0.0043,0.0025,0.0706,0.0163,0.0040,0.0711,0.0718,0.0730,0.0052,0.0053,0.0736,0.0221
GNRC,0.2515,0.2520,0.2936,0.2953,0.2969,0.2999,0.3428,0.2970,0.2955,0.3432,0.3429,0.3439,0.3172,0.3003,0.3440,Consumer Discretionary,Metal Fabrications,15902785485.0000,0.0017,0.0033,0.0063,0.0492,0.0033,0.0019,0.0496,0.0493,0.0503,0.0235,0.0066,0.0504,0.0422
GNTX,0.3562,0.3583,0.3816,0.3836,0.3882,0.3879,0.4740,0.3858,0.3840,0.4749,0.4755,0.4757,0.3939,0.3865,0.4754,Consumer Discretionary,Auto Parts:O.E.M.,5095489274.0000,0.0020,0.0066,0.0063,0.0924,0.0042,0.0024,0.0933,0.0939,0.0941,0.0123,0.0049,0.0938,0.0254
GNW,0.2722,0.2803,0.2054,0.2085,0.1971,0.2104,0.2620,0.2088,0.2056,0.2628,0.2637,0.2627,0.2057,0.2032,0.2631,Finance,Life Insurance,3473893952.0000,0.0030,-0.0084,0.0049,0.0565,0.0034,0.0002,0.0574,0.0583,0.0573,0.0002,-0.0023,0.0576,-0.0667
GO,0.0809,0.0825,0.0896,0.0988,0.0958,0.0944,0.0896,0.0908,0.0899,0.0900,0.0914,0.0874,0.0928,0.0907,0.0906,Consumer Staples,Food Chains,792865216.0000,0.0092,0.0062,0.0049,0.0000,0.0013,0.0003,0.0004,0.0018,-0.0021,0.0033,0.0011,0.0010,0.0087
GOGO,0.0929,0.0985,0.1053,0.1068,0.1096,0.1097,0.1249,0.1093,0.1087,0.1256,0.1269,0.1334,0.1138,0.1123,0.1275,Consumer Discretionary,Telecommunications Equipment,585582805.0000,0.0016,0.0043,0.0044,0.0197,0.0040,0.0035,0.0204,0.0216,0.0281,0.0085,0.0070,0.0223,0.0124
GOLD,0.0456,0.0499,0.0588,0.0700,0.0621,0.0597,0.1175,0.0626,0.0611,0.1204,0.1182,0.1190,0.0635,0.0693,0.1205,Industrials,Other Specialty Stores,1258789832.0000,0.0113,0.0034,0.0009,0.0588,0.0038,0.0024,0.0616,0.0594,0.0602,0.0048,0.0105,0.0617,0.0132
GOLF,0.2800,0.2833,0.2910,0.2952,0.2948,0.2947,0.3351,0.2958,0.2935,0.3388,0.3357,0.3366,0.2993,0.2984,0.3400,Consumer Discretionary,Recreational Games/Products/Toys,5177934907.0000,0.0042,0.0038,0.0037,0.0442,0.0049,0.0025,0.0478,0.0447,0.0456,0.0083,0.0074,0.0490,0.0110
GOODN,0.0390,0.0402,0.0487,0.0511,0.0521,0.0509,0.0488,0.0585,0.0511,0.0488,0.0485,0.0491,0.0505,0.0576,0.0493,Real Estate,Real Estate,1084800713.0000,0.0024,0.0034,0.0022,0.0001,0.0098,0.0024,0.0002,-0.0001,0.0004,0.0018,0.0089,0.0006,0.0097
GOOD,0.2263,0.2307,0.2459,0.2522,0.2577,0.2493,0.3175,0.2632,0.2499,0.3186,0.3189,0.3196,0.2551,0.2615,0.3214,Real Estate,Real Estate,613800671.0000,0.0062,0.0118,0.0034,0.0716,0.0173,0.0040,0.0727,0.0730,0.0737,0.0092,0.0156,0.0755,0.0197
GOOG,0.4214,0.4271,0.4931,0.4938,0.5034,0.4944,0.5699,0.4950,0.4957,0.5698,0.5711,0.5712,0.5030,0.5023,0.5705,Technology,Computer Software: Programming Data Processing,4596568080000.0000,0.0007,0.0103,0.0013,0.0768,0.0019,0.0026,0.0767,0.0780,0.0781,0.0099,0.0092,0.0774,0.0717
GOOGL,0.4222,0.4284,0.4966,0.4975,0.5070,0.4977,0.5744,0.4985,0.4990,0.5743,0.5757,0.5757,0.5066,0.5060,0.5749,Technology,Computer Software: Programming Data Processing,4640064520000.0000,0.0010,0.0104,0.0011,0.0778,0.0020,0.0024,0.0777,0.0791,0.0791,0.0100,0.0095,0.0784,0.0744
GPGI,0.0456,0.0454,0.0479,0.0497,0.0465,0.0489,0.0480,0.0503,0.0498,0.0478,0.0474,0.0506,0.0513,0.0536,0.0518,Finance,Finance: Consumer Services,3600074030.0000,0.0018,-0.0014,0.0010,0.0001,0.0024,0.0019,-0.0001,-0.0005,0.0026,0.0034,0.0057,0.0039,0.0023
GPC,0.4199,0.4245,0.3913,0.3939,0.3934,0.3960,0.4103,0.3973,0.3931,0.4104,0.4124,0.4117,0.3931,0.3879,0.4124,Consumer Discretionary,Automotive Aftermarket,13469314219.0000,0.0026,0.0021,0.0048,0.0191,0.0060,0.0018,0.0191,0.0211,0.0204,0.0018,-0.0033,0.0211,-0.0286
GPI,0.2629,0.2675,0.2354,0.2376,0.2349,0.2405,0.2650,0.2417,0.2376,0.2665,0.2675,0.2673,0.2410,0.2345,0.2687,Consumer Discretionary,Retail-Auto Dealers and Gas Stations,3880952593.0000,0.0022,-0.0005,0.0051,0.0296,0.0063,0.0022,0.0311,0.0320,0.0318,0.0055,-0.0009,0.0333,-0.0275
GPK,0.3179,0.3188,0.2815,0.2829,0.2783,0.2843,0.3139,0.2861,0.2846,0.3142,0.3178,0.3179,0.2880,0.2799,0.3156,Consumer Discretionary,Containers/Packaging,3009174726.0000,0.0013,-0.0032,0.0027,0.0323,0.0046,0.0031,0.0326,0.0363,0.0363,0.0065,-0.0017,0.0341,-0.0364
GPN,0.3749,0.3805,0.4339,0.4368,0.4413,0.4403,0.4523,0.4354,0.4387,0.4527,0.4532,0.4549,0.4414,0.4438,0.4539,Consumer Discretionary,Business Services,20039797323.0000,0.0029,0.0074,0.0064,0.0184,0.0014,0.0048,0.0188,0.0193,0.0210,0.0075,0.0099,0.0200,0.0590
GPRE,0.1716,0.1735,0.2350,0.2399,0.2461,0.2397,0.2472,0.2393,0.2365,0.2479,0.2494,0.2489,0.2617,0.2661,0.2513,Industrials,Major Chemicals,1083366792.0000,0.0049,0.0111,0.0048,0.0122,0.0043,0.0015,0.0130,0.0144,0.0139,0.0267,0.0312,0.0164,0.0633
GRBK,0.1278,0.1350,0.2084,0.2105,0.2154,0.2132,0.3216,0.2119,0.2151,0.3236,0.3231,0.3260,0.2183,0.2168,0.3249,Consumer Discretionary,Homebuilding,2861892951.0000,0.0022,0.0070,0.0049,0.1132,0.0035,0.0067,0.1152,0.1147,0.1176,0.0099,0.0084,0.1166,0.0806
GRNT,0.0213,0.0273,0.0380,0.0379,0.0389,0.0380,0.0380,0.0386,0.0416,0.0383,0.0388,0.0399,0.0406,0.0399,0.0381,Energy,Oil & Gas Production,728065865.0000,-0.0001,0.0009,0.0000,0.0000,0.0006,0.0036,0.0003,0.0008,0.0019,0.0026,0.0020,0.0001,0.0167
GRC,0.3464,0.3532,0.3055,0.3078,0.3070,0.3107,0.3420,0.3126,0.3085,0.3419,0.3430,0.3424,0.3111,0.3122,0.3433,Industrials,Fluid Controls,1918968256.0000,0.0023,0.0015,0.0052,0.0364,0.0071,0.0030,0.0364,0.0375,0.0369,0.0056,0.0066,0.0377,-0.0409
GRPN,0.1096,0.1128,0.1336,0.1383,0.1340,0.1421,0.1562,0.1390,0.1382,0.1567,0.1605,0.1581,0.1402,0.1416,0.1624,Consumer Discretionary,Advertising,719036741.0000,0.0047,0.0004,0.0085,0.0226,0.0054,0.0046,0.0231,0.0269,0.0245,0.0066,0.0080,0.0288,0.0240
GS,0.4954,0.4991,0.5177,0.5271,0.5212,0.5293,0.4942,0.5347,0.5196,0.4963,0.4963,0.4968,0.5240,0.5214,0.4976,Finance,Investment Bankers/Brokers/Service,294042746733.0000,0.0094,0.0035,0.0116,-0.0234,0.0170,0.0020,-0.0214,-0.0213,-0.0208,0.0063,0.0037,-0.0201,0.0223
GSAT,0.0842,0.0898,0.0952,0.0954,0.0975,0.0968,0.1346,0.0953,0.0982,0.1346,0.1356,0.1347,0.1050,0.0999,0.1355,Consumer Discretionary,Telecommunications Equipment,10689481273.0000,0.0002,0.0023,0.0016,0.0394,0.0000,0.0030,0.0394,0.0404,0.0395,0.0097,0.0047,0.0403,0.0110
GSBC,0.2850,0.2905,0.2908,0.2986,0.2968,0.3028,0.2943,0.3114,0.2938,0.2956,0.2968,0.2957,0.2960,0.3003,0.2977,Finance,Major Banks,772654889.0000,0.0078,0.0060,0.0120,0.0035,0.0207,0.0030,0.0048,0.0060,0.0050,0.0052,0.0096,0.0069,0.0057
GSBD,0.1669,0.1807,0.2134,0.2178,0.2171,0.2153,0.2701,0.2171,0.2187,0.2661,0.2660,0.2696,0.2238,0.2227,0.2724,Finance,Investment Managers,997361934.0000,0.0044,0.0037,0.0018,0.0567,0.0037,0.0053,0.0527,0.0526,0.0562,0.0104,0.0093,0.0590,0.0465
GSHD,0.2004,0.2018,0.2033,0.2081,0.2092,0.2054,0.2296,0.2064,0.2093,0.2313,0.2309,0.2354,0.2112,0.2034,0.2301,Finance,Specialty Insurers,1484060331.0000,0.0047,0.0058,0.0021,0.0262,0.0031,0.0060,0.0280,0.0276,0.0320,0.0079,0.0000,0.0268,0.0029
GSIT,0.0963,0.1007,0.0964,0.1029,0.1028,0.1013,0.1150,0.0993,0.0995,0.1174,0.1154,0.1165,0.1062,0.1056,0.1183,Technology,Semiconductors,349558721.0000,0.0066,0.0064,0.0050,0.0186,0.0030,0.0032,0.0210,0.0191,0.0201,0.0099,0.0092,0.0219,0.0001
GT,0.3406,0.3409,0.3100,0.3149,0.3152,0.3205,0.3361,0.3198,0.3155,0.3393,0.3372,0.3394,0.3251,0.3114,0.3459,Consumer Discretionary,Automotive Aftermarket,1693013537.0000,0.0050,0.0052,0.0106,0.0261,0.0098,0.0055,0.0293,0.0272,0.0294,0.0151,0.0014,0.0359,-0.0306
GTM,0.2614,0.2636,0.2728,0.2749,0.2746,0.2770,0.2729,0.2795,0.2770,0.2738,0.2740,0.2756,0.3000,0.2816,0.2745,Technology,Computer Software: Prepackaged Software,1063932103.0000,0.0020,0.0017,0.0042,0.0000,0.0066,0.0042,0.0009,0.0011,0.0027,0.0272,0.0088,0.0016,0.0114
GUT,0.1268,0.1366,0.1299,0.1376,0.1347,0.1331,0.1732,0.1330,0.1321,0.1738,0.1739,0.1757,0.1393,0.1448,0.1758,Finance,Trusts Except Educational Religious and Charitable,458009941.0000,0.0077,0.0047,0.0031,0.0433,0.0031,0.0022,0.0438,0.0440,0.0457,0.0094,0.0148,0.0458,0.0031
GVA,0.2932,0.2983,0.2304,0.2334,0.2317,0.2355,0.2476,0.2403,0.2314,0.2481,0.2488,0.2525,0.2358,0.2346,0.2499,Industrials,Military/Government/Technical,5684883535.0000,0.0029,0.0013,0.0051,0.0171,0.0099,0.0010,0.0176,0.0184,0.0221,0.0054,0.0042,0.0195,-0.0627
GTY,0.2487,0.2518,0.2566,0.2614,0.2642,0.2606,0.3242,0.2680,0.2601,0.3251,0.3249,0.3250,0.2662,0.2720,0.3257,Finance,Real Estate,2009319340.0000,0.0048,0.0076,0.0040,0.0676,0.0113,0.0035,0.0684,0.0683,0.0683,0.0095,0.0154,0.0691,0.0080
GTLS,0.2827,0.2838,0.2630,0.2660,0.2714,0.2696,0.2733,0.2660,0.2647,0.2729,0.2745,0.2749,0.2997,0.2874,0.2766,Industrials,Metal Fabrications,9954853045.0000,0.0030,0.0084,0.0067,0.0104,0.0030,0.0018,0.0099,0.0116,0.0119,0.0367,0.0244,0.0137,-0.0197
GTN,0.2228,0.2267,0.2285,0.2348,0.2297,0.2352,0.2565,0.2377,0.2313,0.2569,0.2575,0.2579,0.2328,0.2346,0.2617,Industrials,Broadcasting,418145512.0000,0.0063,0.0012,0.0067,0.0280,0.0092,0.0028,0.0285,0.0290,0.0294,0.0043,0.0061,0.0332,0.0057
GWRE,0.2809,0.2912,0.3202,0.3237,0.3223,0.3228,0.3577,0.3236,0.3252,0.3597,0.3608,0.3605,0.3291,0.3240,0.3600,Technology,Computer Software: Prepackaged Software,11874056742.0000,0.0035,0.0021,0.0026,0.0375,0.0034,0.0050,0.0395,0.0406,0.0403,0.0089,0.0038,0.0398,0.0393
H,0.3428,0.3546,0.3599,0.3665,0.3659,0.3667,0.3717,0.3703,0.3671,0.3730,0.3768,0.3764,0.3757,0.3653,0.3789,Consumer Discretionary,Hotels/Resorts,16398397111.0000,0.0066,0.0060,0.0068,0.0118,0.0104,0.0072,0.0131,0.0170,0.0166,0.0158,0.0054,0.0191,0.0171
GWW,0.3765,0.3756,0.3173,0.3199,0.3154,0.3213,0.3816,0.3209,0.3197,0.3823,0.3832,0.3824,0.3178,0.3149,0.3827,Industrials,Office Equipment/Supplies/Services,58912057757.0000,0.0026,-0.0019,0.0040,0.0643,0.0036,0.0024,0.0650,0.0660,0.0651,0.0006,-0.0024,0.0654,-0.0592
HAE,0.2098,0.2170,0.1983,0.1989,0.2003,0.1988,0.1787,0.2014,0.2014,0.1795,0.1814,0.1779,0.1993,0.2003,0.1787,Health Care,Medical/Dental Instruments,2976257427.0000,0.0005,0.0020,0.0004,-0.0196,0.0031,0.0030,-0.0188,-0.0169,-0.0204,0.0010,0.0019,-0.0196,-0.0115
GYRE,0.0861,0.0876,0.0542,0.0561,0.0571,0.0563,0.0689,0.0551,0.0569,0.0706,0.0691,0.0688,0.0628,0.0655,0.0700,Health Care,Biotechnology: Pharmaceutical Preparations,587991631.0000,0.0018,0.0029,0.0020,0.0147,0.0009,0.0027,0.0163,0.0148,0.0146,0.0086,0.0113,0.0158,-0.0319
HAFC,0.2411,0.2488,0.2884,0.2964,0.2933,0.3027,0.3091,0.3122,0.2897,0.3098,0.3140,0.3101,0.2925,0.2987,0.3138,Finance,Major Banks,898053344.0000,0.0080,0.0050,0.0144,0.0207,0.0238,0.0013,0.0214,0.0256,0.0218,0.0041,0.0103,0.0255,0.0473
HAL,0.3480,0.3549,0.4624,0.4653,0.4684,0.4671,0.4901,0.4688,0.4653,0.4908,0.4913,0.4968,0.4834,0.4917,0.4948,Energy,Oilfield Services/Equipment,34643944070.0000,0.0029,0.0060,0.0047,0.0277,0.0064,0.0029,0.0284,0.0289,0.0344,0.0210,0.0293,0.0324,0.1144
HASI,0.2022,0.2180,0.2413,0.2436,0.2438,0.2449,0.3393,0.2455,0.2488,0.3405,0.3396,0.3450,0.2654,0.2522,0.3425,Finance,Finance/Investors Services,5215654505.0000,0.0023,0.0024,0.0036,0.0980,0.0042,0.0075,0.0992,0.0983,0.1037,0.0241,0.0109,0.1012,0.0392
HAS,0.2621,0.2629,0.2442,0.2485,0.2440,0.2486,0.3002,0.2484,0.2477,0.3009,0.3009,0.3115,0.2472,0.2439,0.3012,Consumer Discretionary,Recreational Games/Products/Toys,12465329965.0000,0.0043,-0.0002,0.0044,0.0560,0.0042,0.0035,0.0567,0.0567,0.0673,0.0030,-0.0003,0.0570,-0.0179
HALO,0.2245,0.2326,0.2229,0.2270,0.2246,0.2263,0.2349,0.2260,0.2242,0.2365,0.2348,0.2392,0.2304,0.2253,0.2368,Health Care,Biotechnology: Biological Products (No Diagnostic Substances),8103640160.0000,0.0041,0.0016,0.0034,0.0119,0.0030,0.0013,0.0136,0.0119,0.0163,0.0075,0.0024,0.0139,-0.0015
HBCP,0.1612,0.1717,0.1947,0.2000,0.1967,0.2000,0.2731,0.1997,0.2002,0.2733,0.2731,0.2746,0.1972,0.2015,0.2747,Finance,Banks,509535736.0000,0.0053,0.0020,0.0053,0.0784,0.0050,0.0055,0.0786,0.0784,0.0800,0.0025,0.0068,0.0800,0.0335
HBAN,0.4014,0.4051,0.4039,0.4235,0.4105,0.4222,0.3958,0.4408,0.4055,0.3960,0.4012,0.3972,0.4129,0.4105,0.3996,Finance,Major Banks,32271918945.0000,0.0196,0.0066,0.0183,-0.0081,0.0369,0.0016,-0.0078,-0.0027,-0.0067,0.0090,0.0066,-0.0043,0.0024
HBT,0.1940,0.2116,0.2158,0.2232,0.2213,0.2256,0.2160,0.2313,0.2185,0.2166,0.2221,0.2163,0.2199,0.2264,0.2187,Finance,Major Banks,1031767372.0000,0.0074,0.0055,0.0098,0.0002,0.0155,0.0027,0.0008,0.0063,0.0005,0.0042,0.0106,0.0030,0.0218
HBNC,0.1511,0.1579,0.2503,0.2566,0.2625,0.2631,0.2950,0.2691,0.2537,0.2971,0.2979,0.2962,0.2625,0.2623,0.2977,Finance,Major Banks,941387872.0000,0.0063,0.0122,0.0128,0.0447,0.0188,0.0033,0.0467,0.0476,0.0458,0.0122,0.0120,0.0473,0.0993
HCC,0.1144,0.1200,0.1495,0.1635,0.1832,0.1548,0.1530,0.1548,0.1507,0.1543,0.1527,0.1646,0.1700,0.1732,0.1654,Energy,Coal Mining,4431668839.0000,0.0140,0.0337,0.0053,0.0035,0.0053,0.0012,0.0048,0.0031,0.0151,0.0205,0.0237,0.0158,0.0351
HCA,0.2120,0.2158,0.2584,0.2608,0.2624,0.2621,0.3137,0.2643,0.2635,0.3144,0.3155,0.3189,0.2635,0.2618,0.3161,Health Care,Hospital/Nursing Management,87420409986.0000,0.0024,0.0039,0.0037,0.0553,0.0059,0.0051,0.0559,0.0571,0.0605,0.0051,0.0033,0.0576,0.0465
HCI,0.0902,0.1003,0.1260,0.1291,0.1243,0.1294,0.1383,0.1364,0.1287,0.1392,0.1389,0.1390,0.1279,0.1296,0.1386,Finance,Property-Casualty Insurers,2014159054.0000,0.0031,-0.0018,0.0034,0.0123,0.0104,0.0027,0.0132,0.0128,0.0130,0.0019,0.0035,0.0126,0.0359
HCKT,0.1694,0.1714,0.1671,0.1677,0.1741,0.1691,0.2338,0.1751,0.1696,0.2349,0.2358,0.2356,0.1749,0.1714,0.2363,Consumer Discretionary,Professional Services,279848535.0000,0.0006,0.0070,0.0019,0.0667,0.0080,0.0025,0.0678,0.0687,0.0685,0.0078,0.0043,0.0692,-0.0023
HCXY,0.0825,0.0937,0.0985,0.1027,0.0998,0.1052,0.0925,0.0990,0.1017,0.0938,0.0946,0.0955,0.1018,0.0994,0.0927,Finance,Investment Managers,4532808291.0000,0.0042,0.0013,0.0066,-0.0060,0.0004,0.0032,-0.0047,-0.0040,-0.0030,0.0033,0.0008,-0.0058,0.0161
HCSG,0.2394,0.2409,0.1911,0.1934,0.1956,0.1945,0.1965,0.1938,0.1942,0.1975,0.1972,0.2000,0.1976,0.1985,0.1984,Health Care,Hospital/Nursing Management,1402421681.0000,0.0023,0.0045,0.0034,0.0055,0.0028,0.0031,0.0064,0.0061,0.0090,0.0065,0.0075,0.0073,-0.0483
HD,0.4306,0.4314,0.4539,0.4584,0.4541,0.4550,0.4759,0.4567,0.4563,0.4762,0.4771,0.4790,0.4556,0.4534,0.4792,Consumer Discretionary,RETAIL: Building Materials,311826378890.0000,0.0045,0.0002,0.0011,0.0220,0.0028,0.0024,0.0223,0.0232,0.0251,0.0017,-0.0005,0.0253,0.0233
HESM,0.1752,0.1768,0.2383,0.2451,0.2415,0.2408,0.2552,0.2427,0.2502,0.2559,0.2561,0.2566,0.2458,0.2636,0.2589,Energy,Oil & Gas Production,5221313839.0000,0.0068,0.0033,0.0025,0.0169,0.0044,0.0120,0.0176,0.0178,0.0184,0.0075,0.0253,0.0207,0.0630
HE,0.2223,0.2286,0.1769,0.1821,0.1849,0.1824,0.2201,0.1917,0.1794,0.2205,0.2225,0.2262,0.1897,0.1806,0.2208,Utilities,Electric Utilities: Central,2359928980.0000,0.0052,0.0080,0.0055,0.0432,0.0148,0.0024,0.0436,0.0456,0.0493,0.0128,0.0037,0.0438,-0.0454
HEI,0.3228,0.3316,0.3409,0.3440,0.3435,0.3439,0.4349,0.3473,0.3439,0.4358,0.4355,0.4442,0.3416,0.3420,0.4402,Industrials,Aerospace,42000618835.0000,0.0032,0.0027,0.0030,0.0940,0.0064,0.0031,0.0949,0.0947,0.1034,0.0007,0.0011,0.0993,0.0181
HFWA,0.2467,0.2549,0.2713,0.2811,0.2838,0.2830,0.2589,0.2933,0.2747,0.2593,0.2630,0.2623,0.2836,0.2844,0.2598,Finance,Banks,1120327446.0000,0.0098,0.0125,0.0117,-0.0124,0.0220,0.0034,-0.0120,-0.0083,-0.0090,0.0124,0.0131,-0.0114,0.0246
HGV,0.3426,0.3539,0.3592,0.3631,0.3643,0.3651,0.4184,0.3684,0.3605,0.4202,0.4203,0.4215,0.3750,0.3702,0.4261,Consumer Discretionary,Hotels/Resorts,3861368898.0000,0.0039,0.0051,0.0059,0.0592,0.0093,0.0013,0.0610,0.0611,0.0623,0.0158,0.0110,0.0669,0.0166
HHH,0.3193,0.3296,0.3548,0.3558,0.3573,0.3641,0.4332,0.3566,0.3578,0.4358,0.4341,0.4342,0.3624,0.3600,0.4417,Real Estate,Real Estate Investment Trusts,3797490073.0000,0.0010,0.0025,0.0093,0.0784,0.0018,0.0030,0.0810,0.0793,0.0794,0.0076,0.0051,0.0869,0.0355
HIFS,0.0816,0.0845,0.1321,0.1358,0.1350,0.1315,0.2145,0.1341,0.1380,0.2148,0.2148,0.2154,0.1378,0.1379,0.2175,Finance,Banks,611729838.0000,0.0037,0.0029,-0.0006,0.0825,0.0020,0.0059,0.0827,0.0828,0.0833,0.0057,0.0058,0.0854,0.0505
HIG,0.4175,0.4201,0.3826,0.3852,0.3812,0.3908,0.3454,0.3941,0.3842,0.3467,0.3486,0.3434,0.3803,0.3799,0.3509,Finance,Property-Casualty Insurers,37287274136.0000,0.0026,-0.0013,0.0082,-0.0372,0.0116,0.0016,-0.0359,-0.0340,-0.0392,-0.0023,-0.0027,-0.0317,-0.0349
HII,0.2472,0.2514,0.2703,0.2723,0.2763,0.2733,0.2549,0.2832,0.2725,0.2560,0.2570,0.2590,0.2746,0.2759,0.2569,Industrials,Marine Transportation,12634113818.0000,0.0020,0.0060,0.0030,-0.0154,0.0128,0.0022,-0.0143,-0.0133,-0.0113,0.0043,0.0056,-0.0134,0.0232
HIMS,0.1305,0.1408,0.1487,0.1496,0.1541,0.1543,0.1488,0.1502,0.1515,0.1490,0.1509,0.1493,0.1813,0.1909,0.1533,Health Care,Medical/Nursing Services,5497120256.0000,0.0009,0.0053,0.0056,0.0000,0.0015,0.0028,0.0002,0.0021,0.0005,0.0326,0.0422,0.0045,0.0183
HIW,0.3851,0.3895,0.3447,0.3489,0.3401,0.3502,0.3830,0.3562,0.3482,0.3850,0.3851,0.3846,0.3425,0.3408,0.3879,Real Estate,Real Estate Investment Trusts,2828494678.0000,0.0042,-0.0047,0.0055,0.0383,0.0115,0.0035,0.0402,0.0403,0.0399,-0.0022,-0.0039,0.0431,-0.0404
HLI,0.2815,0.2918,0.3065,0.3107,0.3083,0.3119,0.2954,0.3124,0.3089,0.2961,0.2972,0.3005,0.3091,0.3110,0.2960,Finance,Investment Managers,10581544887.0000,0.0042,0.0018,0.0054,-0.0111,0.0059,0.0024,-0.0104,-0.0093,-0.0060,0.0026,0.0045,-0.0105,0.0250
HL,0.1788,0.1865,0.1738,0.3894,0.2068,0.1756,0.2495,0.1827,0.1777,0.2627,0.2612,0.2663,0.1854,0.2267,0.2702,Industrials,Mining & Quarrying of Nonmetallic Minerals (No Fuels),11388696603.0000,0.2156,0.0330,0.0018,0.0757,0.0089,0.0039,0.0889,0.0874,0.0924,0.0115,0.0529,0.0963,-0.0050
HLIO,0.3426,0.3473,0.2831,0.2880,0.2886,0.2874,0.3247,0.2879,0.2852,0.3250,0.3278,0.3254,0.2858,0.2825,0.3271,Industrials,Metal Fabrications,2614627845.0000,0.0049,0.0056,0.0043,0.0417,0.0048,0.0022,0.0419,0.0448,0.0424,0.0027,-0.0005,0.0441,-0.0596
HLIT,0.2203,0.2272,0.1559,0.1608,0.1591,0.1582,0.2057,0.1574,0.1568,0.2069,0.2061,0.2094,0.1589,0.1635,0.2066,Technology,Radio And Television Broadcasting And Communications Equipment,1649145827.0000,0.0049,0.0032,0.0023,0.0498,0.0016,0.0009,0.0510,0.0502,0.0535,0.0030,0.0076,0.0507,-0.0644
HLNE,0.3289,0.3328,0.3345,0.3367,0.3387,0.3395,0.4169,0.3397,0.3368,0.4171,0.4183,0.4191,0.3389,0.3393,0.4184,Finance,Investment Managers,5037608296.0000,0.0022,0.0042,0.0050,0.0824,0.0052,0.0023,0.0826,0.0838,0.0846,0.0045,0.0049,0.0840,0.0056
HLT,0.3542,0.3688,0.3860,0.3900,0.3896,0.3917,0.4081,0.3920,0.3893,0.4091,0.4120,0.4140,0.3991,0.3907,0.4122,Consumer Discretionary,Hotels/Resorts,73093339282.0000,0.0040,0.0037,0.0057,0.0221,0.0060,0.0033,0.0232,0.0260,0.0281,0.0131,0.0047,0.0262,0.0317
HLX,0.2887,0.2909,0.3003,0.3078,0.3024,0.3117,0.3186,0.3038,0.3044,0.3202,0.3206,0.3285,0.3077,0.3208,0.3266,Energy,Oilfield Services/Equipment,1484744607.0000,0.0074,0.0020,0.0114,0.0182,0.0035,0.0040,0.0198,0.0202,0.0282,0.0074,0.0205,0.0263,0.0117
HMN,0.3355,0.3400,0.2660,0.2693,0.2660,0.2735,0.2355,0.2745,0.2677,0.2363,0.2378,0.2394,0.2671,0.2680,0.2371,Finance,Property-Casualty Insurers,1891454096.0000,0.0033,-0.0000,0.0075,-0.0305,0.0085,0.0017,-0.0297,-0.0282,-0.0266,0.0011,0.0020,-0.0289,-0.0695
HNI,0.3313,0.3341,0.2939,0.2962,0.3021,0.3014,0.3145,0.3030,0.3017,0.3150,0.3166,0.3181,0.3050,0.3033,0.3178,Consumer Discretionary,Office Equipment/Supplies/Services,2210182276.0000,0.0023,0.0082,0.0074,0.0205,0.0091,0.0077,0.0210,0.0227,0.0242,0.0110,0.0093,0.0238,-0.0373
HNRG,0.0759,0.0810,0.1093,0.1139,0.1211,0.1135,0.1247,0.1113,0.1168,0.1281,0.1267,0.1387,0.1199,0.1311,0.1275,Energy,Coal Mining,846461840.0000,0.0046,0.0118,0.0042,0.0154,0.0020,0.0074,0.0188,0.0174,0.0293,0.0106,0.0217,0.0182,0.0334
HOG,0.3522,0.3558,0.2971,0.3015,0.2982,0.3062,0.3207,0.3067,0.3019,0.3221,0.3221,0.3252,0.3052,0.2974,0.3253,Consumer Discretionary,Motor Vehicles,2498016806.0000,0.0044,0.0010,0.0091,0.0236,0.0095,0.0048,0.0250,0.0250,0.0281,0.0081,0.0003,0.0282,-0.0551
HOMB,0.3482,0.3541,0.3637,0.3727,0.3680,0.3772,0.4022,0.3899,0.3652,0.4028,0.4048,0.4041,0.3687,0.3694,0.4054,Finance,Major Banks,5359611186.0000,0.0090,0.0043,0.0135,0.0385,0.0262,0.0015,0.0391,0.0411,0.0405,0.0050,0.0057,0.0417,0.0155
HON,0.5544,0.5574,0.5375,0.5409,0.5435,0.5425,0.4993,0.5413,0.5403,0.4999,0.5010,0.5015,0.5452,0.5413,0.5021,Industrials,Aerospace,144422218882.0000,0.0035,0.0060,0.0050,-0.0382,0.0038,0.0028,-0.0376,-0.0365,-0.0360,0.0077,0.0039,-0.0354,-0.0169
HOPE,0.3155,0.3223,0.3162,0.3267,0.3234,0.3306,0.3255,0.3405,0.3182,0.3262,0.3284,0.3261,0.3257,0.3256,0.3289,Finance,Major Banks,1582645372.0000,0.0104,0.0072,0.0143,0.0093,0.0242,0.0020,0.0100,0.0121,0.0098,0.0095,0.0094,0.0127,0.0008
HOV,0.2256,0.2312,0.2089,0.2101,0.2110,0.2127,0.2842,0.2115,0.2126,0.2858,0.2847,0.2886,0.2157,0.2152,0.2869,Consumer Discretionary,Homebuilding,624876155.0000,0.0012,0.0021,0.0038,0.0753,0.0026,0.0037,0.0769,0.0757,0.0797,0.0068,0.0062,0.0779,-0.0166
HP,0.3199,0.3224,0.4038,0.4065,0.4097,0.4105,0.3855,0.4084,0.4098,0.3859,0.3873,0.3935,0.4233,0.4322,0.3930,Energy,Oil & Gas Production,3985246366.0000,0.0027,0.0058,0.0067,-0.0183,0.0046,0.0060,-0.0179,-0.0165,-0.0104,0.0195,0.0283,-0.0108,0.0839
HPE,0.3388,0.3396,0.3624,0.3663,0.3696,0.3720,0.3870,0.3717,0.3649,0.3889,0.3879,0.3913,0.3712,0.3669,0.3899,Technology,Retail: Computer Software & Peripheral Equipment,49863176665.0000,0.0039,0.0072,0.0097,0.0247,0.0093,0.0025,0.0265,0.0255,0.0289,0.0089,0.0045,0.0275,0.0236
HPK,0.0425,0.0465,0.1017,0.1025,0.1032,0.1031,0.1226,0.1020,0.1036,0.1234,0.1245,0.1212,0.1090,0.1161,0.1228,Energy,Oil & Gas Production,991911116.0000,0.0008,0.0015,0.0014,0.0210,0.0003,0.0019,0.0218,0.0229,0.0196,0.0073,0.0145,0.0211,0.0591
HPP,0.2808,0.2866,0.3005,0.3078,0.3031,0.3080,0.3471,0.3139,0.3044,0.3487,0.3488,0.3487,0.3059,0.3062,0.3503,Finance,Real Estate,609137930.0000,0.0073,0.0026,0.0075,0.0466,0.0134,0.0040,0.0482,0.0484,0.0482,0.0054,0.0057,0.0499,0.0197
HPQ,0.3485,0.3484,0.3693,0.3701,0.3719,0.3742,0.3921,0.3722,0.3710,0.3930,0.3925,0.3938,0.3768,0.3761,0.3953,Technology,Computer Manufacturing,23164889664.0000,0.0007,0.0025,0.0049,0.0228,0.0029,0.0017,0.0237,0.0232,0.0244,0.0075,0.0068,0.0260,0.0209
HQH,0.4194,0.4292,0.4421,0.4437,0.4429,0.4442,0.4820,0.4447,0.4432,0.4828,0.4827,0.4846,0.4509,0.4501,0.4837,Finance,Finance Companies,921782345.0000,0.0016,0.0009,0.0022,0.0399,0.0026,0.0011,0.0408,0.0407,0.0425,0.0088,0.0081,0.0416,0.0227
HQL,0.4176,0.4299,0.4455,0.4476,0.4465,0.4483,0.4673,0.4478,0.4474,0.4682,0.4682,0.4695,0.4551,0.4556,0.4700,Finance,Investment Managers,441432943.0000,0.0021,0.0011,0.0029,0.0218,0.0023,0.0019,0.0227,0.0227,0.0240,0.0097,0.0101,0.0245,0.0279
HQY,0.1990,0.2051,0.2178,0.2244,0.2225,0.2243,0.2441,0.2247,0.2207,0.2434,0.2510,0.2488,0.2268,0.2189,0.2464,Consumer Discretionary,Business Services,7386301566.0000,0.0066,0.0047,0.0065,0.0263,0.0070,0.0029,0.0257,0.0332,0.0311,0.0090,0.0011,0.0286,0.0188
HR,0.2979,0.3027,0.2388,0.2487,0.2334,0.2482,0.2811,0.2593,0.2414,0.2822,0.2832,0.2814,0.2448,0.2330,0.2837,Real Estate,Real Estate Investment Trusts,7055179328.0000,0.0099,-0.0054,0.0094,0.0423,0.0205,0.0026,0.0433,0.0444,0.0426,0.0060,-0.0059,0.0449,-0.0591
HRB,0.2230,0.2317,0.2086,0.2125,0.2051,0.2118,0.2155,0.2116,0.2127,0.2168,0.2169,0.2190,0.2042,0.2047,0.2178,Consumer Discretionary,Other Consumer Services,4929704450.0000,0.0039,-0.0035,0.0033,0.0069,0.0030,0.0041,0.0082,0.0083,0.0105,-0.0044,-0.0038,0.0093,-0.0145
HRMY,0.0976,0.1006,0.1040,0.1056,0.1078,0.1072,0.1040,0.1043,0.1090,0.1066,0.1041,0.1046,0.1076,0.1127,0.1064,Health Care,Biotechnology: Pharmaceutical Preparations,1745464181.0000,0.0016,0.0038,0.0032,0.0000,0.0003,0.0050,0.0026,0.0001,0.0006,0.0036,0.0087,0.0024,0.0064
HRI,0.3356,0.3382,0.3472,0.3496,0.3603,0.3564,0.3912,0.3545,0.3493,0.3927,0.3928,0.3977,0.3648,0.3607,0.3968,Industrials,Misc Corporate Leasing Services,4307703579.0000,0.0024,0.0131,0.0092,0.0440,0.0073,0.0021,0.0456,0.0456,0.0506,0.0176,0.0135,0.0496,0.0115
HRL,0.1914,0.1980,0.1496,0.1531,0.1544,0.1521,0.1071,0.1510,0.1501,0.1081,0.1067,0.1141,0.1653,0.1527,0.1089,Consumer Staples,Meat/Poultry/Fish,11688036557.0000,0.0035,0.0048,0.0025,-0.0425,0.0014,0.0005,-0.0414,-0.0429,-0.0355,0.0157,0.0031,-0.0407,-0.0418
HROW,0.0368,0.0395,0.0749,0.0783,0.0802,0.0766,0.1080,0.0751,0.0774,0.1092,0.1074,0.1091,0.0829,0.0840,0.1121,Health Care,Biotechnology: Pharmaceutical Preparations,1230078531.0000,0.0034,0.0053,0.0017,0.0331,0.0002,0.0025,0.0342,0.0324,0.0342,0.0080,0.0091,0.0372,0.0381
HRTG,0.1224,0.1367,0.1389,0.1415,0.1407,0.1438,0.1736,0.1459,0.1427,0.1744,0.1730,0.1745,0.1407,0.1420,0.1767,Finance,Property-Casualty Insurers,694406284.0000,0.0026,0.0018,0.0049,0.0347,0.0070,0.0038,0.0354,0.0341,0.0356,0.0018,0.0031,0.0378,0.0165
HRZN,0.1460,0.1491,0.1757,0.1804,0.1821,0.1792,0.2474,0.1824,0.1819,0.2482,0.2505,0.2485,0.1872,0.1798,0.2519,Finance,Finance: Consumer Services,273727055.0000,0.0047,0.0064,0.0034,0.0717,0.0067,0.0062,0.0725,0.0748,0.0727,0.0115,0.0041,0.0762,0.0297
HSIC,0.3603,0.3631,0.3047,0.3072,0.3070,0.3092,0.3002,0.3112,0.3078,0.3011,0.3021,0.3016,0.3113,0.3068,0.3034,Health Care,Medical Specialities,8453762537.0000,0.0025,0.0023,0.0045,-0.0044,0.0065,0.0031,-0.0036,-0.0025,-0.0030,0.0066,0.0021,-0.0013,-0.0557
HST,0.4316,0.4360,0.3589,0.3657,0.3550,0.3667,0.3736,0.3646,0.3626,0.3755,0.3783,0.3793,0.3628,0.3588,0.3798,Real Estate,Real Estate Investment Trusts,15327598309.0000,0.0068,-0.0039,0.0078,0.0147,0.0057,0.0037,0.0166,0.0193,0.0204,0.0039,-0.0001,0.0209,-0.0727
HSTM,0.1344,0.1377,0.1600,0.1599,0.1632,0.1639,0.1666,0.1685,0.1614,0.1683,0.1664,0.1675,0.1689,0.1671,0.1680,Technology,Computer Software: Programming Data Processing,695613626.0000,-0.0001,0.0032,0.0040,0.0066,0.0085,0.0014,0.0083,0.0064,0.0075,0.0089,0.0071,0.0080,0.0256
HSY,0.2010,0.2056,0.1914,0.1992,0.1949,0.1938,0.2139,0.1982,0.1946,0.2145,0.2171,0.2219,0.2086,0.1969,0.2148,Consumer Staples,Specialty Foods,39509831998.0000,0.0078,0.0035,0.0024,0.0224,0.0068,0.0032,0.0231,0.0257,0.0305,0.0172,0.0055,0.0233,-0.0096
HTB,0.1703,0.1834,0.2051,0.2105,0.2094,0.2132,0.2249,0.2150,0.2080,0.2253,0.2274,0.2260,0.2074,0.2109,0.2277,Finance,Savings Institutions,786994541.0000,0.0054,0.0043,0.0081,0.0198,0.0099,0.0029,0.0202,0.0223,0.0209,0.0023,0.0058,0.0226,0.0348
HTGC,0.2658,0.2747,0.2433,0.2454,0.2443,0.2509,0.3194,0.2450,0.2487,0.3204,0.3215,0.3191,0.2497,0.2462,0.3240,Finance,Investment Managers,2870399171.0000,0.0021,0.0010,0.0076,0.0761,0.0017,0.0054,0.0771,0.0782,0.0758,0.0064,0.0029,0.0807,-0.0225
HTH,0.2934,0.2950,0.2927,0.2967,0.2986,0.3043,0.2933,0.3121,0.2969,0.2942,0.2958,0.2948,0.3000,0.2974,0.2963,Finance,Major Banks,2178493932.0000,0.0040,0.0059,0.0116,0.0006,0.0194,0.0042,0.0015,0.0031,0.0021,0.0073,0.0047,0.0036,-0.0007
HTLD,0.2647,0.2650,0.2347,0.2374,0.2342,0.2396,0.2761,0.2405,0.2366,0.2766,0.2773,0.2802,0.2355,0.2342,0.2776,Industrials,Trucking Freight/Courier Services,1111977138.0000,0.0027,-0.0005,0.0049,0.0414,0.0058,0.0019,0.0419,0.0426,0.0455,0.0008,-0.0005,0.0429,-0.0300
HTO,0.2464,0.2511,0.1870,0.1939,0.1856,0.1889,0.2390,0.1921,0.1903,0.2393,0.2393,0.2462,0.1877,0.1846,0.2407,Utilities,Water Supply,2432173558.0000,0.0069,-0.0014,0.0019,0.0520,0.0051,0.0032,0.0523,0.0523,0.0592,0.0007,-0.0025,0.0537,-0.0593
HUBB,0.4367,0.4378,0.4074,0.4107,0.4166,0.4133,0.4350,0.4122,0.4091,0.4356,0.4363,0.4366,0.4232,0.4197,0.4356,Technology,Electrical Products,25100372493.0000,0.0033,0.0092,0.0059,0.0276,0.0048,0.0017,0.0282,0.0289,0.0293,0.0159,0.0123,0.0282,-0.0293
HUBG,0.2855,0.2922,0.2595,0.2636,0.2581,0.2626,0.3111,0.2640,0.2619,0.3119,0.3124,0.3126,0.2668,0.2619,0.3117,Industrials,Integrated Freight & Logistics,2535424525.0000,0.0041,-0.0014,0.0032,0.0517,0.0046,0.0024,0.0525,0.0530,0.0532,0.0073,0.0025,0.0522,-0.0261
HUBS,0.2905,0.3024,0.3195,0.3195,0.3199,0.3225,0.3586,0.3253,0.3241,0.3590,0.3604,0.3619,0.3315,0.3242,0.3590,Technology,Computer Software: Prepackaged Software,10344446948.0000,-0.0000,0.0004,0.0030,0.0390,0.0058,0.0045,0.0395,0.0409,0.0424,0.0119,0.0047,0.0395,0.0290
HUM,0.1897,0.1889,0.1879,0.1885,0.1930,0.1898,0.2099,0.1894,0.1897,0.2095,0.2153,0.2122,0.1960,0.1968,0.2120,Health Care,Medical Specialities,36972938925.0000,0.0006,0.0051,0.0019,0.0220,0.0015,0.0018,0.0216,0.0274,0.0243,0.0081,0.0089,0.0241,-0.0018
HUN,0.3178,0.3254,0.3434,0.3482,0.3688,0.3583,0.3655,0.3567,0.3454,0.3701,0.3668,0.3668,0.3974,0.3656,0.3722,Industrials,Major Chemicals,2544315615.0000,0.0048,0.0253,0.0149,0.0221,0.0133,0.0020,0.0266,0.0234,0.0234,0.0540,0.0221,0.0287,0.0256
HURN,0.1721,0.1735,0.1566,0.1598,0.1579,0.1618,0.1967,0.1600,0.1598,0.1969,0.1980,0.1979,0.1572,0.1614,0.1997,Consumer Discretionary,Professional Services,1709699486.0000,0.0031,0.0013,0.0051,0.0401,0.0034,0.0031,0.0402,0.0414,0.0412,0.0005,0.0048,0.0430,-0.0155
HUT,0.1518,0.1564,0.1597,0.1606,0.1620,0.1629,0.2036,0.1585,0.1590,0.2029,0.2025,0.2059,0.1763,0.1712,0.2056,Finance,Finance: Consumer Services,11923716461.0000,0.0009,0.0023,0.0032,0.0438,-0.0012,-0.0007,0.0432,0.0428,0.0462,0.0166,0.0115,0.0459,0.0079
HUYA,0.1311,0.1362,0.1370,0.1448,0.1473,0.1411,0.1215,0.1416,0.1388,0.1249,0.1246,0.1242,0.1950,0.1511,0.1366,Technology,Computer Software: Programming Data Processing,563303906.0000,0.0078,0.0102,0.0040,-0.0156,0.0045,0.0018,-0.0121,-0.0124,-0.0128,0.0580,0.0140,-0.0004,0.0059
HWCPZ,0.0843,0.1062,0.1165,0.1184,0.1224,0.1175,0.1168,0.1249,0.1234,0.1177,0.1192,0.1156,0.1192,0.1190,0.1169,Finance,Major Banks,1886645810.0000,0.0019,0.0058,0.0010,0.0003,0.0084,0.0069,0.0012,0.0027,-0.0009,0.0026,0.0025,0.0004,0.0322
HVT,0.1982,0.2025,0.1787,0.1809,0.1862,0.1863,0.2038,0.1837,0.1808,0.2061,0.2047,0.2056,0.1832,0.1843,0.2072,Consumer Discretionary,Other Specialty Stores,359731140.0000,0.0022,0.0075,0.0076,0.0251,0.0051,0.0021,0.0275,0.0260,0.0269,0.0046,0.0057,0.0286,-0.0195
HWC,0.3787,0.3840,0.3954,0.4073,0.4000,0.4127,0.4152,0.4272,0.3977,0.4161,0.4202,0.4171,0.4036,0.4011,0.4190,Finance,Major Banks,5478162840.0000,0.0120,0.0046,0.0173,0.0198,0.0318,0.0023,0.0207,0.0248,0.0217,0.0082,0.0057,0.0236,0.0167
HWKN,0.2139,0.2198,0.2169,0.2187,0.2293,0.2202,0.2448,0.2218,0.2200,0.2448,0.2470,0.2455,0.2304,0.2306,0.2455,Consumer Discretionary,Specialty Chemicals,3195752473.0000,0.0018,0.0124,0.0033,0.0278,0.0049,0.0031,0.0279,0.0300,0.0285,0.0135,0.0137,0.0286,0.0030
HWM,0.3406,0.3555,0.3692,0.3734,0.3731,0.3784,0.4375,0.3746,0.3724,0.4387,0.4387,0.4403,0.3745,0.3770,0.4443,Industrials,Metal Fabrications,102647574764.0000,0.0042,0.0038,0.0091,0.0683,0.0053,0.0032,0.0695,0.0695,0.0711,0.0053,0.0078,0.0751,0.0286
HXL,0.3904,0.3969,0.3693,0.3745,0.3709,0.3767,0.3663,0.3735,0.3712,0.3687,0.3678,0.3727,0.3768,0.3760,0.3775,Industrials,Major Chemicals,6501068989.0000,0.0053,0.0016,0.0075,-0.0030,0.0043,0.0020,-0.0006,-0.0014,0.0034,0.0076,0.0067,0.0083,-0.0211
HYLN,0.1769,0.1785,0.1795,0.1804,0.1802,0.1848,0.1796,0.1802,0.1835,0.1801,0.1809,0.1858,0.2327,0.1999,0.1804,Consumer Discretionary,Construction/Ag Equipment/Trucks,1068180168.0000,0.0009,0.0007,0.0054,0.0001,0.0008,0.0040,0.0007,0.0015,0.0063,0.0533,0.0204,0.0009,0.0026
HY,0.2360,0.2427,0.2552,0.2588,0.2625,0.2615,0.2879,0.2582,0.2567,0.2884,0.2885,0.2897,0.2753,0.2628,0.2907,Industrials,Construction/Ag Equipment/Trucks,606990760.0000,0.0036,0.0073,0.0064,0.0327,0.0031,0.0015,0.0333,0.0333,0.0346,0.0201,0.0077,0.0355,0.0192
HYMC,0.0371,0.0454,0.0474,0.0832,0.0563,0.0479,0.0610,0.0489,0.0510,0.0663,0.0684,0.0640,0.0532,0.0659,0.0631,Basic Materials,Precious Metals,2952774624.0000,0.0358,0.0090,0.0005,0.0137,0.0015,0.0037,0.0189,0.0211,0.0166,0.0058,0.0185,0.0157,0.0102
HZO,0.2267,0.2265,0.1991,0.2010,0.2005,0.2034,0.2272,0.2021,0.2015,0.2278,0.2289,0.2295,0.2079,0.2025,0.2294,Consumer Discretionary,Auto & Home Supply Stores,769223138.0000,0.0019,0.0014,0.0043,0.0281,0.0030,0.0024,0.0287,0.0298,0.0304,0.0088,0.0034,0.0303,-0.0276
IAC,0.2658,0.2712,0.2951,0.2987,0.2939,0.2980,0.3399,0.2981,0.3011,0.3414,0.3409,0.3407,0.3152,0.2985,0.3428,Technology,Computer Software: Programming Data Processing,3126193670.0000,0.0035,-0.0012,0.0029,0.0447,0.0030,0.0059,0.0462,0.0458,0.0456,0.0201,0.0034,0.0477,0.0294
IART,0.2376,0.2381,0.2460,0.2523,0.2534,0.2496,0.3212,0.2490,0.2479,0.3215,0.3228,0.3238,0.2532,0.2533,0.3238,Health Care,Medical/Dental Instruments,1174733235.0000,0.0063,0.0073,0.0036,0.0751,0.0030,0.0018,0.0754,0.0768,0.0777,0.0071,0.0072,0.0778,0.0084
IBCP,0.1715,0.1812,0.2540,0.2614,0.2590,0.2604,0.2884,0.2775,0.2558,0.2897,0.2909,0.2895,0.2546,0.2580,0.2904,Finance,Major Banks,698548722.0000,0.0074,0.0050,0.0063,0.0344,0.0235,0.0018,0.0357,0.0369,0.0355,0.0005,0.0040,0.0364,0.0825
IBKR,0.3183,0.3215,0.3511,0.3599,0.3551,0.3603,0.3707,0.3636,0.3529,0.3718,0.3768,0.3706,0.3680,0.3602,0.3713,Finance,Investment Bankers/Brokers/Service,137998376912.0000,0.0088,0.0040,0.0091,0.0196,0.0125,0.0018,0.0207,0.0257,0.0195,0.0169,0.0091,0.0202,0.0329
IBM,0.3819,0.3786,0.3510,0.3529,0.3530,0.3534,0.3298,0.3559,0.3527,0.3308,0.3309,0.3341,0.3522,0.3518,0.3304,Technology,Computer Manufacturing,238580479475.0000,0.0019,0.0020,0.0024,-0.0212,0.0049,0.0017,-0.0202,-0.0201,-0.0168,0.0012,0.0008,-0.0206,-0.0309
IBOC,0.4208,0.4252,0.3840,0.3914,0.3859,0.3986,0.3446,0.4113,0.3869,0.3456,0.3464,0.3471,0.3842,0.3851,0.3468,Finance,Major Banks,4525550938.0000,0.0074,0.0018,0.0146,-0.0395,0.0273,0.0029,-0.0385,-0.0376,-0.0369,0.0002,0.0011,-0.0372,-0.0367
IBP,0.2523,0.2558,0.2682,0.2710,0.2696,0.2718,0.3666,0.2719,0.2727,0.3665,0.3667,0.3688,0.2766,0.2704,0.3686,Consumer Discretionary,Homebuilding,5771238896.0000,0.0028,0.0014,0.0036,0.0984,0.0038,0.0045,0.0983,0.0985,0.1006,0.0084,0.0022,0.1004,0.0159
IBRX,0.1139,0.1182,0.1217,0.1254,0.1247,0.1238,0.1400,0.1241,0.1239,0.1418,0.1409,0.1467,0.1317,0.1372,0.1421,Health Care,Biotechnology: Biological Products (No Diagnostic Substances),7561895714.0000,0.0037,0.0030,0.0020,0.0182,0.0024,0.0022,0.0200,0.0191,0.0250,0.0100,0.0155,0.0204,0.0079
ICE,0.3618,0.3632,0.3754,0.3790,0.3772,0.3775,0.4446,0.3825,0.3768,0.4454,0.4469,0.4465,0.3773,0.3767,0.4456,Finance,Investment Bankers/Brokers/Service,86506446360.0000,0.0036,0.0018,0.0021,0.0692,0.0071,0.0014,0.0700,0.0715,0.0711,0.0019,0.0013,0.0702,0.0136
ICHR,0.3257,0.3280,0.3301,0.3321,0.3366,0.3362,0.3955,0.3353,0.3327,0.3977,0.3965,0.3973,0.3700,0.3411,0.4021,Technology,Semiconductors,2404431975.0000,0.0020,0.0065,0.0061,0.0654,0.0052,0.0026,0.0676,0.0664,0.0672,0.0399,0.0110,0.0720,0.0044
ICFI,0.1953,0.2013,0.2207,0.2251,0.2279,0.2237,0.2579,0.2264,0.2262,0.2589,0.2589,0.2641,0.2241,0.2297,0.2589,Consumer Discretionary,Professional Services,1247921127.0000,0.0044,0.0073,0.0031,0.0372,0.0058,0.0055,0.0382,0.0383,0.0434,0.0034,0.0090,0.0382,0.0254
ICUI,0.1837,0.1862,0.1727,0.1752,0.1751,0.1756,0.2064,0.1769,0.1775,0.2072,0.2091,0.2113,0.1757,0.1791,0.2085,Health Care,Medical/Dental Instruments,3331894816.0000,0.0025,0.0025,0.0030,0.0337,0.0042,0.0048,0.0346,0.0364,0.0386,0.0030,0.0065,0.0358,-0.0110
IDA,0.3130,0.3161,0.2207,0.2337,0.2201,0.2274,0.2666,0.2393,0.2220,0.2679,0.2684,0.2674,0.2348,0.2192,0.2669,Utilities,Electric Utilities: Central,7867969370.0000,0.0130,-0.0006,0.0068,0.0459,0.0186,0.0013,0.0472,0.0477,0.0467,0.0141,-0.0015,0.0463,-0.0923
IDCC,0.2357,0.2436,0.2995,0.3023,0.3101,0.3025,0.3639,0.3042,0.3012,0.3646,0.3643,0.3658,0.3230,0.3205,0.3677,Miscellaneous,Multi-Sector Companies,6745035668.0000,0.0028,0.0106,0.0030,0.0644,0.0047,0.0017,0.0651,0.0648,0.0663,0.0235,0.0210,0.0681,0.0638
IDR,0.0089,0.0125,0.0186,0.0293,0.0204,0.0201,0.0313,0.0248,0.0226,0.0313,0.0335,0.0352,0.0203,0.0218,0.0343,Basic Materials,Precious Metals,573423586.0000,0.0107,0.0018,0.0015,0.0127,0.0062,0.0040,0.0127,0.0148,0.0165,0.0016,0.0032,0.0156,0.0097
IDT,0.1340,0.1390,0.1557,0.1583,0.1623,0.1593,0.2255,0.1583,0.1583,0.2254,0.2265,0.2285,0.1596,0.1682,0.2253,Telecommunications,Telecommunications Equipment,1326532567.0000,0.0026,0.0066,0.0036,0.0697,0.0026,0.0026,0.0696,0.0708,0.0728,0.0039,0.0125,0.0696,0.0217
IDXX,0.3376,0.3385,0.3447,0.3468,0.3524,0.3468,0.4208,0.3508,0.3477,0.4217,0.4243,0.4218,0.3533,0.3549,0.4226,Health Care,Biotechnology: In Vitro & In Vivo Diagnostic Substances,44124782032.0000,0.0021,0.0078,0.0021,0.0761,0.0061,0.0030,0.0771,0.0797,0.0771,0.0086,0.0102,0.0779,0.0071
IDYA,0.0823,0.0827,0.0843,0.0861,0.0856,0.0873,0.0844,0.0850,0.0864,0.0847,0.0859,0.0871,0.0903,0.0905,0.0846,Health Care,Biotechnology: Pharmaceutical Preparations,2556752772.0000,0.0017,0.0013,0.0030,0.0001,0.0007,0.0021,0.0004,0.0016,0.0028,0.0060,0.0062,0.0002,0.0020
IEP,0.1645,0.1754,0.2265,0.2288,0.2369,0.2314,0.2244,0.2268,0.2277,0.2263,0.2250,0.2299,0.2352,0.2379,0.2270,Consumer Discretionary,Auto Parts:O.E.M.,5073981675.0000,0.0023,0.0104,0.0049,-0.0021,0.0003,0.0012,-0.0002,-0.0015,0.0034,0.0087,0.0114,0.0005,0.0620
IESC,0.1503,0.1555,0.1703,0.1726,0.1673,0.1737,0.2497,0.1745,0.1757,0.2503,0.2510,0.2515,0.1672,0.1734,0.2512,Industrials,Engineering & Construction,13142792060.0000,0.0023,-0.0029,0.0034,0.0794,0.0042,0.0055,0.0800,0.0807,0.0813,-0.0030,0.0031,0.0810,0.0200
IHRT,0.2067,0.2056,0.2070,0.2156,0.2112,0.2201,0.2071,0.2088,0.2076,0.2085,0.2105,0.2169,0.2116,0.2115,0.2171,Consumer Discretionary,Broadcasting,666582071.0000,0.0086,0.0042,0.0130,0.0001,0.0018,0.0006,0.0015,0.0035,0.0099,0.0046,0.0045,0.0100,0.0003
IEX,0.5053,0.5051,0.4698,0.4710,0.4756,0.4745,0.4469,0.4725,0.4723,0.4473,0.4473,0.4472,0.4812,0.4799,0.4478,Industrials,Fluid Controls,15452862557.0000,0.0012,0.0058,0.0047,-0.0229,0.0027,0.0025,-0.0226,-0.0225,-0.0226,0.0114,0.0101,-0.0220,-0.0355
IFF,0.3820,0.3875,0.3168,0.3218,0.3189,0.3201,0.3369,0.3210,0.3197,0.3378,0.3376,0.3402,0.3238,0.3215,0.3421,Industrials,Major Chemicals,19219245447.0000,0.0050,0.0021,0.0034,0.0202,0.0042,0.0029,0.0210,0.0208,0.0234,0.0070,0.0047,0.0254,-0.0652
IIIN,0.2243,0.2237,0.2040,0.2061,0.2092,0.2070,0.2703,0.2086,0.2060,0.2707,0.2707,0.2755,0.2082,0.2136,0.2736,Industrials,Steel/Iron Ore,516535705.0000,0.0021,0.0052,0.0030,0.0663,0.0046,0.0020,0.0667,0.0667,0.0716,0.0042,0.0096,0.0696,-0.0203
IIIV,0.2718,0.2728,0.2784,0.2852,0.2808,0.2876,0.3074,0.2872,0.2805,0.3084,0.3086,0.3097,0.2809,0.2823,0.3097,Technology,Computer Software: Prepackaged Software,559188910.0000,0.0068,0.0024,0.0092,0.0291,0.0088,0.0021,0.0300,0.0302,0.0313,0.0025,0.0039,0.0313,0.0066
IIM,0.0950,0.1033,0.1376,0.1429,0.1476,0.1453,0.2184,0.1922,0.1391,0.2190,0.2202,0.2193,0.1497,0.1568,0.2248,Finance,Investment Managers,567645374.0000,0.0052,0.0099,0.0076,0.0807,0.0546,0.0014,0.0813,0.0826,0.0816,0.0120,0.0192,0.0872,0.0427
IIPR,0.2269,0.2318,0.2320,0.2358,0.2326,0.2340,0.3464,0.2405,0.2336,0.3480,0.3479,0.3477,0.2458,0.2353,0.3494,Finance,Real Estate,1641871258.0000,0.0038,0.0006,0.0020,0.1144,0.0085,0.0016,0.1160,0.1159,0.1157,0.0138,0.0033,0.1174,0.0051
ILMN,0.2328,0.2350,0.2878,0.2919,0.2934,0.2902,0.3031,0.2917,0.2931,0.3040,0.3044,0.3073,0.3002,0.2995,0.3040,Health Care,Medical Specialities,21849233000.0000,0.0041,0.0057,0.0024,0.0154,0.0040,0.0053,0.0163,0.0167,0.0195,0.0124,0.0118,0.0162,0.0549
ILPT,0.2703,0.2777,0.2790,0.2826,0.2811,0.2875,0.3109,0.2822,0.2818,0.3111,0.3126,0.3141,0.2848,0.2823,0.3135,Real Estate,Real Estate Investment Trusts,572323069.0000,0.0035,0.0021,0.0084,0.0318,0.0032,0.0027,0.0321,0.0336,0.0350,0.0058,0.0033,0.0344,0.0087
IMNM,0.0829,0.0884,0.0973,0.1039,0.0988,0.0971,0.0970,0.0970,0.1007,0.1013,0.0969,0.0980,0.1119,0.0988,0.0979,Health Care,Biotechnology: Pharmaceutical Preparations,2453003534.0000,0.0066,0.0016,-0.0002,-0.0003,-0.0003,0.0034,0.0041,-0.0004,0.0007,0.0146,0.0015,0.0006,0.0143
IMKTA,0.1902,0.1933,0.1076,0.1085,0.1029,0.1140,0.1125,0.1109,0.1093,0.1117,0.1141,0.1161,0.1045,0.1079,0.1114,Consumer Staples,Food Chains,1679482726.0000,0.0009,-0.0047,0.0063,0.0049,0.0033,0.0017,0.0041,0.0065,0.0085,-0.0031,0.0003,0.0038,-0.0826
IMVT,0.0997,0.1007,0.1049,0.1039,0.1009,0.1046,0.1059,0.1142,0.1056,0.1067,0.1049,0.1039,0.1037,0.1043,0.1017,Health Care,Biotechnology: Biological Products (No Diagnostic Substances),7011299516.0000,-0.0010,-0.0040,-0.0004,0.0010,0.0092,0.0007,0.0018,0.0000,-0.0010,-0.0013,-0.0007,-0.0032,0.0053
IMXI,0.1317,0.1361,0.1447,0.1466,0.1463,0.1453,0.1802,0.1472,0.1469,0.1809,0.1803,0.1843,0.1470,0.1465,0.1814,Consumer Discretionary,Business Services,458038168.0000,0.0019,0.0016,0.0005,0.0355,0.0025,0.0022,0.0362,0.0355,0.0395,0.0023,0.0018,0.0367,0.0130
INDI,0.1612,0.1701,0.1707,0.1719,0.1766,0.1757,0.1707,0.1724,0.1755,0.1710,0.1714,0.1724,0.2129,0.1977,0.1736,Technology,Semiconductors,1091406980.0000,0.0013,0.0059,0.0050,0.0000,0.0017,0.0048,0.0003,0.0007,0.0017,0.0422,0.0270,0.0029,0.0094
INCY,0.2128,0.2175,0.1851,0.1866,0.1902,0.1862,0.1843,0.1867,0.1881,0.1847,0.1857,0.1856,0.1875,0.1903,0.1853,Health Care,Biotechnology: Commercial Physical & Biological Resarch,19408462796.0000,0.0015,0.0051,0.0011,-0.0008,0.0016,0.0030,-0.0004,0.0006,0.0005,0.0024,0.0053,0.0002,-0.0277
INDB,0.3743,0.3814,0.3225,0.3345,0.3206,0.3345,0.3020,0.3463,0.3248,0.3020,0.3050,0.3050,0.3201,0.3204,0.3035,Finance,Major Banks,3809142810.0000,0.0120,-0.0019,0.0120,-0.0205,0.0238,0.0023,-0.0205,-0.0175,-0.0175,-0.0024,-0.0021,-0.0190,-0.0518
INGR,0.2720,0.2747,0.2618,0.2647,0.2727,0.2643,0.2846,0.2678,0.2658,0.2852,0.2852,0.2855,0.2704,0.2723,0.2891,Consumer Staples,Packaged Foods,6457878437.0000,0.0029,0.0110,0.0025,0.0228,0.0060,0.0040,0.0234,0.0234,0.0237,0.0086,0.0105,0.0273,-0.0102
INN,0.2492,0.2578,0.2872,0.2918,0.2921,0.2950,0.3347,0.2977,0.2918,0.3356,0.3378,0.3360,0.2968,0.2947,0.3420,Real Estate,Real Estate Investment Trusts,605760786.0000,0.0046,0.0048,0.0078,0.0474,0.0105,0.0045,0.0484,0.0506,0.0487,0.0096,0.0074,0.0548,0.0381
INOD,0.0509,0.0567,0.0556,0.0599,0.0602,0.0614,0.0947,0.0573,0.0570,0.0963,0.0947,0.0948,0.0660,0.0604,0.0969,Technology,EDP Services,3117933582.0000,0.0044,0.0047,0.0058,0.0392,0.0018,0.0015,0.0407,0.0391,0.0393,0.0104,0.0048,0.0413,0.0046
INSP,0.2703,0.2777,0.2797,0.2808,0.2826,0.2827,0.3009,0.2827,0.2822,0.3018,0.3016,0.3035,0.2926,0.2869,0.3036,Health Care,Medical/Dental Instruments,1263168628.0000,0.0011,0.0028,0.0030,0.0212,0.0030,0.0025,0.0221,0.0219,0.0238,0.0128,0.0072,0.0239,0.0095
INSW,0.0976,0.1090,0.1441,0.1469,0.1592,0.1456,0.1589,0.1472,0.1476,0.1608,0.1566,0.1597,0.1523,0.1654,0.1616,Consumer Discretionary,Marine Transportation,4134632210.0000,0.0028,0.0152,0.0015,0.0148,0.0031,0.0036,0.0168,0.0126,0.0156,0.0082,0.0213,0.0176,0.0465
INSM,0.1230,0.1299,0.1813,0.1827,0.1896,0.1840,0.2143,0.1812,0.1838,0.2157,0.2149,0.2262,0.1986,0.1988,0.2182,Health Care,Biotechnology: Pharmaceutical Preparations,23027780394.0000,0.0014,0.0083,0.0027,0.0330,-0.0002,0.0024,0.0344,0.0336,0.0449,0.0173,0.0174,0.0368,0.0583
INTC,0.4078,0.4075,0.3938,0.3960,0.3920,0.3977,0.4121,0.3948,0.3959,0.4122,0.4128,0.4132,0.4008,0.3930,0.4132,Technology,Semiconductors,602315840000.0000,0.0022,-0.0018,0.0038,0.0183,0.0010,0.0021,0.0184,0.0190,0.0194,0.0070,-0.0008,0.0194,-0.0140
INTU,0.4315,0.4397,0.5071,0.5091,0.5123,0.5083,0.5692,0.5101,0.5091,0.5698,0.5695,0.5698,0.5133,0.5132,0.5700,Technology,Computer Software: Prepackaged Software,87515427780.0000,0.0020,0.0052,0.0012,0.0621,0.0030,0.0020,0.0627,0.0624,0.0627,0.0062,0.0061,0.0629,0.0756
INVH,0.2996,0.3094,0.3114,0.3162,0.3137,0.3194,0.3860,0.3183,0.3124,0.3875,0.3883,0.3901,0.3157,0.3124,0.3877,Finance,Real Estate,17399488891.0000,0.0047,0.0023,0.0079,0.0745,0.0069,0.0010,0.0761,0.0769,0.0787,0.0042,0.0009,0.0763,0.0118
INVA,0.1726,0.1749,0.1432,0.1449,0.1470,0.1443,0.1761,0.1456,0.1440,0.1764,0.1766,0.1830,0.1532,0.1587,0.1767,Health Care,Biotechnology: Pharmaceutical Preparations,1657744503.0000,0.0016,0.0038,0.0011,0.0328,0.0024,0.0008,0.0332,0.0334,0.0398,0.0099,0.0154,0.0335,-0.0293
INVX,0.2931,0.2958,0.3150,0.3192,0.3208,0.3224,0.2964,0.3232,0.3205,0.2971,0.3013,0.3014,0.3322,0.3398,0.3049,Consumer Discretionary,Oil and Gas Field Machinery,2066228264.0000,0.0042,0.0058,0.0073,-0.0186,0.0081,0.0055,-0.0179,-0.0137,-0.0136,0.0172,0.0248,-0.0102,0.0219
IONS,0.1885,0.1956,0.1813,0.1829,0.1875,0.1832,0.2151,0.1828,0.1843,0.2155,0.2160,0.2204,0.1921,0.1911,0.2153,Health Care,Biotechnology: Pharmaceutical Preparations,12487238731.0000,0.0016,0.0062,0.0019,0.0338,0.0015,0.0030,0.0342,0.0347,0.0391,0.0108,0.0098,0.0340,-0.0072
IOSP,0.3246,0.3327,0.3311,0.3334,0.3385,0.3361,0.3941,0.3380,0.3332,0.3944,0.3954,0.3961,0.3467,0.3416,0.3968,Industrials,Major Chemicals,1960138720.0000,0.0023,0.0073,0.0050,0.0630,0.0069,0.0021,0.0633,0.0642,0.0650,0.0156,0.0105,0.0657,0.0065
IOVA,0.0830,0.0880,0.1204,0.1223,0.1216,0.1216,0.1323,0.1208,0.1231,0.1339,0.1330,0.1372,0.1251,0.1252,0.1341,Health Care,Biotechnology: Biological Products (No Diagnostic Substances),1835124848.0000,0.0018,0.0011,0.0012,0.0119,0.0004,0.0027,0.0135,0.0126,0.0168,0.0047,0.0048,0.0136,0.0374
IP,0.3907,0.3962,0.3520,0.3560,0.3564,0.3596,0.3382,0.3612,0.3540,0.3399,0.3386,0.3402,0.3629,0.3567,0.3430,Basic Materials,Paper,16568586116.0000,0.0040,0.0044,0.0076,-0.0138,0.0091,0.0020,-0.0121,-0.0134,-0.0118,0.0109,0.0046,-0.0091,-0.0387
IPAR,0.2502,0.2532,0.2328,0.2362,0.2372,0.2345,0.3149,0.2356,0.2390,0.3159,0.3175,0.3205,0.2352,0.2348,0.3168,Consumer Discretionary,Package Goods/Cosmetics,2966548094.0000,0.0035,0.0044,0.0017,0.0821,0.0028,0.0062,0.0831,0.0847,0.0877,0.0024,0.0020,0.0840,-0.0175
IPGP,0.2602,0.2632,0.2721,0.2735,0.2775,0.2777,0.3079,0.2755,0.2749,0.3091,0.3096,0.3113,0.2976,0.2779,0.3122,Technology,Semiconductors,5050790304.0000,0.0014,0.0054,0.0056,0.0357,0.0033,0.0028,0.0370,0.0375,0.0391,0.0255,0.0058,0.0401,0.0119
IPI,0.1958,0.1986,0.1751,0.1773,0.1796,0.1772,0.2208,0.1797,0.1782,0.2205,0.2211,0.2297,0.2007,0.1988,0.2252,Industrials,Mining & Quarrying of Nonmetallic Minerals (No Fuels),530739015.0000,0.0021,0.0045,0.0021,0.0457,0.0045,0.0031,0.0454,0.0460,0.0545,0.0256,0.0237,0.0501,-0.0207
IQI,0.1021,0.1099,0.1383,0.1428,0.1482,0.1452,0.2041,0.1881,0.1397,0.2038,0.2066,0.2043,0.1482,0.1553,0.2098,Finance,Finance Companies,511386317.0000,0.0045,0.0100,0.0069,0.0658,0.0498,0.0015,0.0655,0.0683,0.0660,0.0099,0.0170,0.0715,0.0362
IQV,0.3626,0.3707,0.4208,0.4225,0.4219,0.4229,0.5019,0.4229,0.4226,0.5027,0.5026,0.5041,0.4235,0.4241,0.5045,Health Care,Biotechnology: Commercial Physical & Biological Resarch,28022510000.0000,0.0017,0.0012,0.0021,0.0811,0.0022,0.0018,0.0819,0.0818,0.0834,0.0027,0.0033,0.0837,0.0582
IR,0.3913,0.3980,0.4129,0.4187,0.4208,0.4200,0.4815,0.4178,0.4156,0.4837,0.4822,0.4818,0.4287,0.4203,0.4871,Industrials,Industrial Machinery/Components,27749694899.0000,0.0057,0.0078,0.0071,0.0685,0.0049,0.0027,0.0708,0.0693,0.0689,0.0158,0.0074,0.0742,0.0217
IRD,0.0438,0.0453,0.0389,0.0448,0.0419,0.0392,0.0496,0.0409,0.0408,0.0492,0.0517,0.0506,0.0482,0.0488,0.0487,Health Care,Biotechnology: Pharmaceutical Preparations,346744996.0000,0.0059,0.0030,0.0003,0.0107,0.0020,0.0019,0.0103,0.0128,0.0117,0.0093,0.0099,0.0098,-0.0049
IRDM,0.1832,0.1878,0.2427,0.2444,0.2459,0.2488,0.2827,0.2472,0.2442,0.2835,0.2836,0.2841,0.2621,0.2566,0.2852,Telecommunications,Telecommunications Equipment,5163743017.0000,0.0017,0.0032,0.0061,0.0400,0.0045,0.0015,0.0408,0.0409,0.0414,0.0194,0.0139,0.0425,0.0595
IRM,0.2613,0.2627,0.2624,0.2695,0.2658,0.2661,0.3243,0.2717,0.2649,0.3259,0.3246,0.3304,0.2682,0.2659,0.3267,Real Estate,Real Estate Investment Trusts,37624971159.0000,0.0070,0.0034,0.0036,0.0619,0.0092,0.0024,0.0635,0.0622,0.0679,0.0058,0.0034,0.0643,0.0011
IRMD,0.0919,0.0945,0.1033,0.1056,0.1054,0.1062,0.1491,0.1042,0.1085,0.1495,0.1504,0.1577,0.1057,0.1091,0.1555,Health Care,Medical/Dental Instruments,1177317524.0000,0.0023,0.0021,0.0029,0.0458,0.0009,0.0052,0.0462,0.0471,0.0544,0.0024,0.0058,0.0522,0.0114
IRON,0.0342,0.0444,0.0502,0.0510,0.0525,0.0510,0.0502,0.0525,0.0578,0.0504,0.0506,0.0532,0.0518,0.0636,0.0506,Health Care,Biotechnology: Pharmaceutical Preparations,2552463127.0000,0.0008,0.0024,0.0008,0.0000,0.0023,0.0076,0.0002,0.0005,0.0030,0.0016,0.0135,0.0005,0.0159
IRT,0.2024,0.2184,0.2478,0.2580,0.2493,0.2584,0.3411,0.2585,0.2507,0.3416,0.3412,0.3412,0.2537,0.2515,0.3463,Real Estate,Real Estate Investment Trusts,3974149539.0000,0.0102,0.0015,0.0107,0.0933,0.0107,0.0029,0.0938,0.0934,0.0934,0.0059,0.0038,0.0986,0.0454
IRTC,0.1600,0.1647,0.1693,0.1711,0.1710,0.1721,0.1595,0.1746,0.1779,0.1597,0.1598,0.1611,0.1761,0.1838,0.1598,Health Care,Medical/Dental Instruments,3830442276.0000,0.0018,0.0017,0.0028,-0.0098,0.0053,0.0086,-0.0096,-0.0095,-0.0082,0.0068,0.0145,-0.0095,0.0093
IRWD,0.1520,0.1608,0.1455,0.1470,0.1478,0.1475,0.1432,0.1503,0.1479,0.1446,0.1456,0.1441,0.1471,0.1533,0.1445,Health Care,Biotechnology: Pharmaceutical Preparations,645284552.0000,0.0015,0.0023,0.0020,-0.0023,0.0048,0.0024,-0.0009,0.0001,-0.0013,0.0017,0.0078,-0.0010,-0.0065
ISBA,0.0120,0.0171,0.0249,0.0255,0.0290,0.0253,0.0303,0.0274,0.0273,0.0313,0.0322,0.0299,0.0253,0.0286,0.0306,Finance,Major Banks,315593425.0000,0.0006,0.0040,0.0003,0.0054,0.0024,0.0024,0.0064,0.0072,0.0050,0.0003,0.0036,0.0056,0.0130
ISRG,0.3323,0.3315,0.4061,0.4073,0.4138,0.4075,0.5057,0.4084,0.4084,0.5059,0.5063,0.5071,0.4156,0.4170,0.5064,Health Care,Industrial Specialties,155158741080.0000,0.0011,0.0077,0.0013,0.0996,0.0023,0.0022,0.0997,0.1002,0.1010,0.0094,0.0109,0.1002,0.0738
ISSC,0.0487,0.0558,0.0620,0.0641,0.0601,0.0636,0.0812,0.0656,0.0622,0.0821,0.0819,0.0850,0.0614,0.0618,0.0830,Technology,EDP Services,293619978.0000,0.0021,-0.0019,0.0016,0.0192,0.0036,0.0002,0.0201,0.0199,0.0230,-0.0006,-0.0002,0.0210,0.0133
ISTR,0.1058,0.1139,0.1310,0.1412,0.1377,0.1366,0.1518,0.1385,0.1339,0.1521,0.1552,0.1526,0.1343,0.1339,0.1559,Finance,Major Banks,393944788.0000,0.0103,0.0068,0.0057,0.0208,0.0076,0.0029,0.0212,0.0242,0.0216,0.0033,0.0029,0.0250,0.0252
IT,0.3464,0.3493,0.3788,0.3807,0.3835,0.3815,0.4254,0.3811,0.3821,0.4259,0.4267,0.4257,0.3835,0.3806,0.4263,Consumer Discretionary,Other Consumer Services,10712971759.0000,0.0019,0.0047,0.0027,0.0466,0.0023,0.0033,0.0471,0.0479,0.0469,0.0047,0.0018,0.0475,0.0324
ITGR,0.2935,0.2938,0.2941,0.2975,0.3035,0.3033,0.3485,0.2969,0.2953,0.3488,0.3505,0.3503,0.3062,0.3019,0.3514,Health Care,Biotechnology: Electromedical & Electrotherapeutic Apparatus,3031488026.0000,0.0034,0.0095,0.0092,0.0544,0.0028,0.0012,0.0547,0.0564,0.0563,0.0121,0.0078,0.0574,0.0005
ITIC,0.1047,0.1066,0.1572,0.1579,0.1661,0.1605,0.2621,0.1593,0.1647,0.2625,0.2640,0.2637,0.1679,0.1627,0.2689,Finance,Specialty Insurers,455497915.0000,0.0007,0.0088,0.0032,0.1049,0.0020,0.0075,0.1052,0.1067,0.1064,0.0106,0.0054,0.1116,0.0525
ITRI,0.2561,0.2602,0.2628,0.2657,0.2695,0.2654,0.2988,0.2686,0.2635,0.2996,0.3025,0.3015,0.2769,0.2755,0.3061,Industrials,Electrical Products,3681052588.0000,0.0028,0.0067,0.0026,0.0360,0.0057,0.0007,0.0368,0.0397,0.0386,0.0141,0.0127,0.0433,0.0067
ITT,0.4646,0.4669,0.5075,0.5100,0.5169,0.5179,0.5689,0.5166,0.5101,0.5708,0.5712,0.5703,0.5281,0.5197,0.5710,Industrials,Fluid Controls,17433894000.0000,0.0025,0.0095,0.0105,0.0614,0.0091,0.0026,0.0633,0.0637,0.0629,0.0207,0.0122,0.0635,0.0428
ITW,0.5321,0.5367,0.5077,0.5096,0.5092,0.5123,0.5023,0.5128,0.5090,0.5032,0.5028,0.5032,0.5200,0.5131,0.5037,Industrials,Industrial Machinery/Components,72557940000.0000,0.0019,0.0015,0.0046,-0.0054,0.0051,0.0013,-0.0045,-0.0049,-0.0045,0.0123,0.0054,-0.0041,-0.0244
IVR,0.1934,0.2020,0.1838,0.1875,0.1871,0.1894,0.1888,0.1925,0.1865,0.1905,0.1907,0.1918,0.1892,0.1926,0.1929,Real Estate,Real Estate Investment Trusts,730519127.0000,0.0037,0.0033,0.0056,0.0050,0.0087,0.0027,0.0067,0.0069,0.0080,0.0054,0.0088,0.0091,-0.0096
IVT,0.0853,0.0859,0.1000,0.1012,0.1014,0.1018,0.1210,0.1009,0.1027,0.1216,0.1225,0.1233,0.1009,0.1020,0.1224,Real Estate,Real Estate Investment Trusts,2563310337.0000,0.0012,0.0015,0.0019,0.0211,0.0009,0.0027,0.0216,0.0225,0.0233,0.0009,0.0021,0.0224,0.0147
IVZ,0.5367,0.5438,0.4932,0.4987,0.4944,0.5057,0.4953,0.5039,0.4961,0.4975,0.4976,0.4961,0.5026,0.4964,0.5030,Finance,Investment Managers,11991173814.0000,0.0056,0.0012,0.0125,0.0021,0.0107,0.0029,0.0043,0.0044,0.0029,0.0094,0.0032,0.0098,-0.0435
J,0.4486,0.4501,0.4222,0.4235,0.4236,0.4271,0.4424,0.4279,0.4241,0.4433,0.4436,0.4440,0.4284,0.4260,0.4437,Industrials,Military/Government/Technical,13542696013.0000,0.0012,0.0013,0.0048,0.0202,0.0057,0.0019,0.0210,0.0213,0.0218,0.0061,0.0038,0.0214,-0.0263
JBGS,0.3038,0.3069,0.3150,0.3217,0.3161,0.3270,0.3603,0.3253,0.3186,0.3611,0.3622,0.3619,0.3189,0.3177,0.3627,Real Estate,Real Estate Investment Trusts,1081206643.0000,0.0067,0.0011,0.0120,0.0452,0.0102,0.0036,0.0461,0.0472,0.0468,0.0039,0.0027,0.0477,0.0113
JBI,0.1804,0.1805,0.1835,0.1840,0.1875,0.1862,0.1836,0.1846,0.1841,0.1836,0.1841,0.1852,0.2032,0.1850,0.1848,Industrials,Building Products,709240787.0000,0.0004,0.0040,0.0027,0.0001,0.0010,0.0006,0.0000,0.0005,0.0017,0.0197,0.0014,0.0013,0.0032
JBHT,0.3437,0.3478,0.3268,0.3284,0.3247,0.3311,0.3513,0.3321,0.3285,0.3518,0.3533,0.3524,0.3308,0.3236,0.3525,Industrials,Trucking Freight/Courier Services,24401804760.0000,0.0016,-0.0021,0.0043,0.0246,0.0054,0.0017,0.0250,0.0265,0.0256,0.0040,-0.0032,0.0257,-0.0169
JBL,0.3779,0.3820,0.4140,0.4150,0.4273,0.4196,0.5267,0.4185,0.4154,0.5281,0.5268,0.5300,0.4442,0.4279,0.5327,Technology,Electrical Products,38439880326.0000,0.0010,0.0133,0.0057,0.1127,0.0045,0.0014,0.1142,0.1129,0.1160,0.0302,0.0139,0.1187,0.0360
JBLU,0.2485,0.2559,0.2678,0.2734,0.2716,0.2769,0.2849,0.2731,0.2712,0.2864,0.2879,0.2946,0.2805,0.2688,0.2994,Consumer Discretionary,Air Freight/Delivery Services,1878695415.0000,0.0056,0.0037,0.0090,0.0171,0.0053,0.0034,0.0185,0.0201,0.0267,0.0127,0.0010,0.0316,0.0193
JBSS,0.0916,0.0951,0.1009,0.1014,0.1050,0.1021,0.1468,0.1024,0.1040,0.1464,0.1479,0.1489,0.1038,0.1068,0.1462,Consumer Staples,Specialty Foods,896707298.0000,0.0006,0.0042,0.0012,0.0460,0.0016,0.0031,0.0456,0.0471,0.0480,0.0029,0.0059,0.0453,0.0092
JBTM,0.3220,0.3250,0.2945,0.2994,0.2992,0.3016,0.3692,0.2999,0.2976,0.3696,0.3719,0.3706,0.3058,0.2988,0.3735,Industrials,Industrial Machinery/Components,6874513218.0000,0.0049,0.0047,0.0071,0.0747,0.0055,0.0032,0.0751,0.0774,0.0761,0.0113,0.0044,0.0791,-0.0276
JEF,0.4724,0.4784,0.4398,0.4446,0.4385,0.4512,0.4579,0.4493,0.4428,0.4591,0.4585,0.4603,0.4443,0.4397,0.4625,Finance,Investment Bankers/Brokers/Service,10626391318.0000,0.0049,-0.0012,0.0114,0.0182,0.0095,0.0030,0.0193,0.0187,0.0205,0.0045,-0.0000,0.0227,-0.0327
JJSF,0.2511,0.2551,0.2039,0.2074,0.2021,0.2060,0.2122,0.2068,0.2068,0.2127,0.2135,0.2134,0.2025,0.2060,0.2151,Consumer Staples,Specialty Foods,1398067163.0000,0.0034,-0.0018,0.0021,0.0083,0.0029,0.0028,0.0088,0.0095,0.0095,-0.0014,0.0020,0.0111,-0.0471
JKHY,0.4265,0.4278,0.3501,0.3527,0.3501,0.3522,0.2771,0.3563,0.3521,0.2796,0.2777,0.2778,0.3512,0.3508,0.2806,Technology,EDP Services,9960608848.0000,0.0027,-0.0000,0.0021,-0.0730,0.0063,0.0020,-0.0705,-0.0724,-0.0723,0.0011,0.0007,-0.0695,-0.0764
JLL,0.4061,0.4111,0.3687,0.3780,0.3760,0.3764,0.4026,0.3735,0.3722,0.4061,0.4066,0.4040,0.3767,0.3692,0.4092,Finance,Real Estate,13532541892.0000,0.0093,0.0073,0.0077,0.0339,0.0048,0.0035,0.0374,0.0379,0.0353,0.0080,0.0005,0.0405,-0.0374
JMSB,0.0730,0.0810,0.0874,0.0881,0.0868,0.0895,0.1077,0.0910,0.0924,0.1083,0.1090,0.1111,0.0918,0.1012,0.1110,Finance,Major Banks,297203416.0000,0.0008,-0.0006,0.0021,0.0203,0.0036,0.0050,0.0209,0.0216,0.0238,0.0044,0.0138,0.0236,0.0144
JNJ,0.3474,0.3501,0.3040,0.3062,0.3071,0.3050,0.2495,0.3074,0.3087,0.2500,0.2500,0.2539,0.3194,0.3092,0.2514,Health Care,Biotechnology: Pharmaceutical Preparations,564107224984.0000,0.0022,0.0031,0.0010,-0.0545,0.0034,0.0047,-0.0540,-0.0540,-0.0501,0.0154,0.0053,-0.0526,-0.0435
JOBY,0.1703,0.1705,0.1717,0.1727,0.1765,0.1750,0.1718,0.1730,0.1740,0.1731,0.1723,0.1737,0.2061,0.1813,0.1738,Industrials,Aerospace,10741379944.0000,0.0010,0.0048,0.0033,0.0001,0.0013,0.0023,0.0014,0.0006,0.0020,0.0344,0.0096,0.0021,0.0014
JOE,0.2758,0.2787,0.2754,0.2776,0.2733,0.2797,0.3881,0.2775,0.2784,0.3892,0.3900,0.3904,0.2797,0.2815,0.3899,Real Estate,Homebuilding,3663315892.0000,0.0022,-0.0021,0.0043,0.1127,0.0021,0.0030,0.1138,0.1146,0.1150,0.0042,0.0061,0.1145,-0.0004
JOUT,0.1388,0.1439,0.1659,0.1682,0.1760,0.1702,0.2576,0.1690,0.1684,0.2587,0.2620,0.2587,0.1737,0.1739,0.2591,Consumer Discretionary,Recreational Games/Products/Toys,456277584.0000,0.0023,0.0101,0.0043,0.0917,0.0031,0.0025,0.0928,0.0961,0.0929,0.0079,0.0080,0.0932,0.0271
JPM,0.5151,0.5162,0.5175,0.5309,0.5201,0.5348,0.4683,0.5462,0.5188,0.4717,0.4752,0.4708,0.5200,0.5186,0.4729,Finance,Major Banks,820948708247.0000,0.0134,0.0026,0.0173,-0.0492,0.0287,0.0013,-0.0458,-0.0423,-0.0467,0.0025,0.0011,-0.0446,0.0024
JSM,0.1045,0.1109,0.1382,0.1412,0.1448,0.1393,0.1748,0.1485,0.1409,0.1693,0.1697,0.1656,0.1401,0.1467,0.1788,Finance,Investment Bankers/Brokers/Service,1820582306.0000,0.0031,0.0067,0.0011,0.0366,0.0103,0.0027,0.0311,0.0316,0.0274,0.0020,0.0085,0.0406,0.0336
KAI,0.3131,0.3134,0.2927,0.2965,0.2919,0.2966,0.3637,0.2988,0.2952,0.3637,0.3646,0.3640,0.2981,0.2983,0.3664,Industrials,Industrial Machinery/Components,3771858932.0000,0.0037,-0.0008,0.0038,0.0709,0.0061,0.0025,0.0710,0.0719,0.0713,0.0053,0.0056,0.0736,-0.0204
KALU,0.3447,0.3470,0.3116,0.3170,0.3403,0.3196,0.3474,0.3192,0.3136,0.3499,0.3479,0.3553,0.3384,0.3342,0.3608,Industrials,Metal Fabrications,2867286135.0000,0.0054,0.0287,0.0080,0.0358,0.0076,0.0020,0.0383,0.0363,0.0437,0.0268,0.0227,0.0492,-0.0331
KBH,0.2922,0.2973,0.2816,0.2853,0.2797,0.2844,0.3592,0.2887,0.2937,0.3604,0.3599,0.3632,0.2842,0.2807,0.3624,Consumer Discretionary,Homebuilding,3044704756.0000,0.0038,-0.0018,0.0028,0.0776,0.0072,0.0122,0.0788,0.0783,0.0816,0.0026,-0.0009,0.0808,-0.0107
KBR,0.3713,0.3728,0.3525,0.3547,0.3540,0.3602,0.3661,0.3590,0.3560,0.3669,0.3691,0.3726,0.3586,0.3635,0.3699,Industrials,Military/Government/Technical,4242391961.0000,0.0022,0.0016,0.0078,0.0137,0.0065,0.0035,0.0144,0.0167,0.0201,0.0061,0.0110,0.0174,-0.0189
KDP,0.1915,0.2006,0.2019,0.2034,0.2040,0.2027,0.2407,0.2034,0.2034,0.2413,0.2434,0.2453,0.2081,0.2050,0.2414,Consumer Staples,Beverages (Production/Distribution),39619491796.0000,0.0015,0.0021,0.0008,0.0388,0.0015,0.0015,0.0394,0.0415,0.0434,0.0062,0.0032,0.0396,0.0104
KE,0.2110,0.2191,0.2314,0.2334,0.2331,0.2320,0.2807,0.2385,0.2340,0.2812,0.2852,0.2837,0.2373,0.2373,0.2814,Technology,Electrical Products,591603555.0000,0.0019,0.0017,0.0005,0.0492,0.0071,0.0025,0.0498,0.0538,0.0523,0.0059,0.0059,0.0500,0.0205
KELYA,0.2908,0.2918,0.2282,0.2330,0.2290,0.2340,0.2590,0.2357,0.2325,0.2603,0.2615,0.2614,0.2313,0.2298,0.2608,Consumer Discretionary,Professional Services,369573565.0000,0.0048,0.0008,0.0059,0.0308,0.0076,0.0044,0.0321,0.0333,0.0332,0.0031,0.0016,0.0326,-0.0626
KELYB,0.0108,0.0142,0.0213,0.0321,0.0227,0.0209,0.0277,0.0224,0.0232,0.0279,0.0285,0.0283,0.0237,0.0245,0.0321,Consumer Discretionary,Professional Services,609484360.0000,0.0108,0.0014,-0.0004,0.0064,0.0011,0.0019,0.0066,0.0072,0.0070,0.0024,0.0033,0.0108,0.0105
KEX,0.3418,0.3491,0.3479,0.3510,0.3540,0.3547,0.3940,0.3549,0.3503,0.3941,0.3982,0.3980,0.3665,0.3668,0.3974,Consumer Discretionary,Marine Transportation,7668690000.0000,0.0031,0.0061,0.0068,0.0461,0.0070,0.0024,0.0462,0.0503,0.0501,0.0186,0.0189,0.0495,0.0061
KEYS,0.3741,0.3799,0.3955,0.3972,0.3975,0.4008,0.4670,0.3976,0.3990,0.4675,0.4673,0.4679,0.4073,0.4038,0.4680,Industrials,Industrial Machinery/Components,59435904667.0000,0.0018,0.0020,0.0053,0.0716,0.0022,0.0035,0.0720,0.0719,0.0724,0.0118,0.0083,0.0725,0.0214
KEY,0.4317,0.4353,0.4217,0.4372,0.4252,0.4392,0.4130,0.4549,0.4232,0.4139,0.4176,0.4149,0.4290,0.4271,0.4160,Finance,Major Banks,23375905833.0000,0.0154,0.0034,0.0175,-0.0087,0.0332,0.0015,-0.0078,-0.0041,-0.0068,0.0073,0.0053,-0.0058,-0.0100
KFRC,0.2454,0.2486,0.2399,0.2461,0.2418,0.2444,0.2930,0.2470,0.2423,0.2932,0.2969,0.2949,0.2415,0.2475,0.2943,Consumer Discretionary,Professional Services,740562960.0000,0.0062,0.0019,0.0045,0.0530,0.0070,0.0024,0.0533,0.0570,0.0550,0.0016,0.0076,0.0543,-0.0055
KHC,0.1699,0.1735,0.1754,0.1766,0.1798,0.1760,0.1767,0.1782,0.1766,0.1770,0.1804,0.1784,0.1929,0.1796,0.1770,Consumer Staples,Packaged Foods,28209650008.0000,0.0012,0.0044,0.0006,0.0013,0.0028,0.0012,0.0016,0.0050,0.0031,0.0175,0.0043,0.0016,0.0055
KFY,0.3392,0.3383,0.3425,0.3466,0.3484,0.3465,0.4196,0.3471,0.3443,0.4205,0.4227,0.4205,0.3453,0.3468,0.4208,Consumer Discretionary,Diversified Commercial Services,3529878529.0000,0.0042,0.0059,0.0041,0.0772,0.0046,0.0018,0.0781,0.0802,0.0781,0.0028,0.0043,0.0784,0.0032
KIDS,0.2008,0.2008,0.2037,0.2071,0.2040,0.2073,0.2224,0.2060,0.2070,0.2227,0.2247,0.2249,0.2081,0.2093,0.2239,Health Care,Medical/Dental Instruments,471833340.0000,0.0035,0.0003,0.0036,0.0188,0.0023,0.0033,0.0191,0.0210,0.0212,0.0044,0.0056,0.0202,0.0029
KKR,0.4023,0.4177,0.4573,0.4600,0.4597,0.4676,0.5419,0.4607,0.4589,0.5427,0.5424,0.5435,0.4756,0.4659,0.5450,Finance,Investment Managers,84435971372.0000,0.0027,0.0023,0.0103,0.0846,0.0034,0.0015,0.0854,0.0851,0.0861,0.0182,0.0085,0.0877,0.0550
KIM,0.3708,0.3733,0.3192,0.3261,0.3128,0.3268,0.3904,0.3310,0.3225,0.3915,0.3946,0.3944,0.3169,0.3176,0.3989,Real Estate,Real Estate Investment Trusts,16259537885.0000,0.0068,-0.0064,0.0076,0.0712,0.0117,0.0033,0.0723,0.0753,0.0752,-0.0023,-0.0016,0.0797,-0.0515
KLAC,0.4003,0.3999,0.4153,0.4167,0.4194,0.4179,0.5255,0.4166,0.4161,0.5262,0.5259,0.5276,0.4375,0.4192,0.5271,Technology,Electronic Components,246674398106.0000,0.0014,0.0041,0.0027,0.1103,0.0013,0.0008,0.1109,0.1106,0.1123,0.0222,0.0040,0.1118,0.0150
KMB,0.2466,0.2524,0.2193,0.2250,0.2180,0.2205,0.1974,0.2237,0.2216,0.1977,0.1998,0.2059,0.2362,0.2197,0.1988,Consumer Discretionary,Containers/Packaging,32908566993.0000,0.0057,-0.0013,0.0013,-0.0219,0.0045,0.0024,-0.0216,-0.0194,-0.0133,0.0170,0.0005,-0.0205,-0.0273
KMI,0.2706,0.2795,0.3820,0.3863,0.3896,0.3877,0.4115,0.3887,0.3891,0.4119,0.4123,0.4161,0.3908,0.4055,0.4177,Utilities,Natural Gas Distribution,75176862329.0000,0.0043,0.0077,0.0057,0.0295,0.0067,0.0072,0.0299,0.0303,0.0342,0.0088,0.0235,0.0357,0.1114
KMPR,0.3542,0.3555,0.2765,0.2809,0.2800,0.2834,0.2645,0.2815,0.2791,0.2668,0.2652,0.2663,0.2767,0.2765,0.2661,Finance,Property-Casualty Insurers,1749153433.0000,0.0044,0.0035,0.0069,-0.0120,0.0050,0.0025,-0.0098,-0.0114,-0.0102,0.0002,-0.0001,-0.0104,-0.0776
KMT,0.4138,0.4151,0.3734,0.3763,0.3822,0.3833,0.3968,0.3855,0.3746,0.3979,0.3985,0.3984,0.3948,0.3838,0.4010,Industrials,Industrial Machinery/Components,2749660516.0000,0.0029,0.0088,0.0099,0.0234,0.0121,0.0012,0.0244,0.0251,0.0249,0.0214,0.0104,0.0276,-0.0404
KMX,0.3066,0.3087,0.2956,0.2987,0.3008,0.3013,0.3323,0.2987,0.2994,0.3334,0.3326,0.3361,0.3043,0.2984,0.3344,Consumer Discretionary,Retail-Auto Dealers and Gas Stations,5723193963.0000,0.0031,0.0052,0.0058,0.0367,0.0032,0.0039,0.0378,0.0371,0.0406,0.0087,0.0028,0.0389,-0.0111
KN,0.2674,0.2708,0.2784,0.2801,0.2812,0.2815,0.3494,0.2811,0.2812,0.3531,0.3512,0.3498,0.2976,0.2823,0.3524,Consumer Staples,Consumer Electronics/Appliances,3136653796.0000,0.0018,0.0029,0.0031,0.0710,0.0028,0.0029,0.0748,0.0728,0.0715,0.0192,0.0040,0.0741,0.0109
KNSA,0.0998,0.1086,0.1172,0.1180,0.1207,0.1190,0.1242,0.1185,0.1194,0.1241,0.1242,0.1259,0.1264,0.1385,0.1255,Health Care,Biotechnology: Pharmaceutical Preparations,4096179972.0000,0.0009,0.0035,0.0019,0.0070,0.0014,0.0023,0.0069,0.0070,0.0087,0.0092,0.0213,0.0084,0.0174
KNSL,0.1968,0.2104,0.2216,0.2267,0.2247,0.2227,0.2566,0.2237,0.2239,0.2570,0.2580,0.2597,0.2257,0.2259,0.2580,Finance,Property-Casualty Insurers,7153855826.0000,0.0051,0.0032,0.0011,0.0351,0.0022,0.0023,0.0355,0.0364,0.0381,0.0042,0.0044,0.0365,0.0248
KNTK,0.1363,0.1389,0.2010,0.2045,0.2069,0.2027,0.1987,0.2011,0.2050,0.1994,0.2013,0.2003,0.2095,0.2183,0.2020,Utilities,Natural Gas Distribution,8204047667.0000,0.0035,0.0059,0.0017,-0.0024,0.0001,0.0040,-0.0016,0.0003,-0.0007,0.0085,0.0173,0.0010,0.0647
KOD,0.1245,0.1339,0.1341,0.1341,0.1321,0.1351,0.1459,0.1386,0.1358,0.1466,0.1463,0.1444,0.1385,0.1387,0.1479,Health Care,Biotechnology: Biological Products (No Diagnostic Substances),2267216917.0000,0.0000,-0.0020,0.0010,0.0118,0.0045,0.0017,0.0125,0.0122,0.0103,0.0045,0.0047,0.0138,0.0096
KNX,0.2799,0.2786,0.2561,0.2578,0.2583,0.2613,0.2912,0.2605,0.2606,0.2917,0.2916,0.2939,0.2601,0.2545,0.2915,Industrials,Trucking Freight/Courier Services,11394079280.0000,0.0017,0.0022,0.0052,0.0350,0.0044,0.0045,0.0355,0.0354,0.0378,0.0040,-0.0017,0.0354,-0.0237
KO,0.3195,0.3293,0.3068,0.3108,0.3103,0.3113,0.3677,0.3125,0.3094,0.3687,0.3690,0.3687,0.3210,0.3111,0.3686,Consumer Staples,Beverages (Production/Distribution),350702376418.0000,0.0040,0.0034,0.0045,0.0608,0.0057,0.0026,0.0618,0.0622,0.0619,0.0142,0.0043,0.0617,-0.0127
KODK,0.1112,0.1173,0.1216,0.1256,0.1233,0.1276,0.1402,0.1229,0.1229,0.1412,0.1417,0.1421,0.1439,0.1352,0.1428,Consumer Discretionary,Industrial Machinery/Components,958432000.0000,0.0040,0.0017,0.0059,0.0186,0.0013,0.0013,0.0195,0.0200,0.0205,0.0223,0.0136,0.0212,0.0105
KOP,0.3032,0.3040,0.2396,0.2421,0.2512,0.2480,0.3245,0.2457,0.2439,0.3269,0.3250,0.3310,0.2574,0.2566,0.3321,Basic Materials,Forest Products,776196497.0000,0.0024,0.0116,0.0083,0.0848,0.0061,0.0043,0.0872,0.0854,0.0914,0.0178,0.0170,0.0925,-0.0636
KOPN,0.2022,0.2051,0.1350,0.1374,0.1370,0.1388,0.1605,0.1373,0.1393,0.1608,0.1611,0.1634,0.1573,0.1474,0.1630,Technology,Semiconductors,940210393.0000,0.0024,0.0020,0.0038,0.0255,0.0023,0.0043,0.0258,0.0261,0.0284,0.0223,0.0124,0.0281,-0.0672
KREF,0.2406,0.2499,0.2573,0.2618,0.2593,0.2748,0.3041,0.2608,0.2686,0.3063,0.3097,0.3060,0.2590,0.2643,0.3092,Real Estate,Real Estate Investment Trusts,416666702.0000,0.0045,0.0019,0.0175,0.0468,0.0035,0.0113,0.0490,0.0524,0.0487,0.0017,0.0070,0.0519,0.0167
KR,0.1622,0.1640,0.1134,0.1163,0.1103,0.1182,0.0593,0.1150,0.1160,0.0615,0.0590,0.0601,0.1201,0.1101,0.0667,Consumer Staples,Food Chains,41199633676.0000,0.0030,-0.0030,0.0048,-0.0540,0.0016,0.0026,-0.0519,-0.0543,-0.0532,0.0067,-0.0033,-0.0466,-0.0488
KRC,0.3782,0.3783,0.3385,0.3430,0.3343,0.3440,0.3636,0.3481,0.3413,0.3655,0.3656,0.3661,0.3370,0.3367,0.3664,Real Estate,Real Estate Investment Trusts,3949991074.0000,0.0045,-0.0041,0.0055,0.0251,0.0097,0.0029,0.0270,0.0271,0.0276,-0.0014,-0.0018,0.0280,-0.0397
KRG,0.2817,0.2855,0.2998,0.3067,0.3011,0.3055,0.3580,0.3103,0.3052,0.3590,0.3606,0.3621,0.3033,0.3099,0.3655,Real Estate,Real Estate Investment Trusts,5488888874.0000,0.0069,0.0013,0.0057,0.0582,0.0104,0.0053,0.0591,0.0607,0.0622,0.0035,0.0101,0.0657,0.0182
KRNY,0.2531,0.2604,0.2098,0.2148,0.2064,0.2189,0.2577,0.2237,0.2127,0.2593,0.2599,0.2586,0.2066,0.2075,0.2603,Finance,Savings Institutions,530861038.0000,0.0049,-0.0034,0.0091,0.0479,0.0139,0.0029,0.0495,0.0501,0.0488,-0.0032,-0.0024,0.0504,-0.0432
KRO,0.2004,0.2059,0.2447,0.2492,0.2568,0.2531,0.2646,0.2562,0.2482,0.2681,0.2656,0.2674,0.2717,0.2568,0.2686,Basic Materials,Major Chemicals,775458002.0000,0.0045,0.0121,0.0085,0.0199,0.0115,0.0035,0.0234,0.0209,0.0228,0.0270,0.0121,0.0239,0.0443
KRUS,0.1771,0.1789,0.1813,0.1834,0.1868,0.1855,0.1814,0.1930,0.1847,0.1823,0.1826,0.1887,0.1936,0.1838,0.1850,Consumer Discretionary,Restaurants,659387035.0000,0.0022,0.0055,0.0043,0.0001,0.0117,0.0034,0.0010,0.0013,0.0074,0.0123,0.0025,0.0037,0.0042
KRP,0.1402,0.1480,0.2140,0.2153,0.2213,0.2209,0.2613,0.2192,0.2224,0.2632,0.2639,0.2645,0.2188,0.2270,0.2663,Energy,Oil & Gas Production,1637096022.0000,0.0012,0.0073,0.0068,0.0473,0.0052,0.0084,0.0492,0.0498,0.0504,0.0048,0.0129,0.0523,0.0739
KRYS,0.1518,0.1706,0.1727,0.1738,0.1740,0.1739,0.2183,0.1733,0.1772,0.2185,0.2189,0.2213,0.1798,0.1854,0.2193,Health Care,Biotechnology: Biological Products (No Diagnostic Substances),8827712934.0000,0.0010,0.0013,0.0012,0.0456,0.0006,0.0045,0.0458,0.0461,0.0486,0.0071,0.0126,0.0465,0.0209
KSS,0.2234,0.2229,0.1842,0.1892,0.1815,0.1935,0.2253,0.1933,0.1876,0.2268,0.2270,0.2281,0.1834,0.1836,0.2317,Consumer Discretionary,Department/Specialty Retail Stores,1466026152.0000,0.0050,-0.0027,0.0093,0.0410,0.0091,0.0034,0.0425,0.0427,0.0439,-0.0008,-0.0006,0.0474,-0.0392
KTB,0.2566,0.2566,0.2589,0.2640,0.2639,0.2661,0.2573,0.2714,0.2613,0.2578,0.2599,0.2624,0.2612,0.2630,0.2603,Industrials,Garments and Clothing,3864090618.0000,0.0050,0.0049,0.0072,-0.0016,0.0124,0.0024,-0.0011,0.0009,0.0034,0.0023,0.0041,0.0014,0.0024
KTF,0.0848,0.0931,0.1217,0.1281,0.1309,0.1300,0.1739,0.1570,0.1243,0.1741,0.1770,0.1767,0.1331,0.1368,0.1818,Finance,Finance Companies,351558348.0000,0.0063,0.0092,0.0082,0.0522,0.0353,0.0026,0.0524,0.0553,0.0550,0.0114,0.0150,0.0600,0.0369
KURA,0.1115,0.1176,0.1342,0.1342,0.1356,0.1370,0.1405,0.1379,0.1368,0.1416,0.1414,0.1425,0.1414,0.1442,0.1433,Health Care,Biotechnology: Pharmaceutical Preparations,998711606.0000,0.0001,0.0014,0.0028,0.0064,0.0037,0.0027,0.0074,0.0073,0.0084,0.0072,0.0100,0.0091,0.0226
KTOS,0.1690,0.1695,0.2244,0.2269,0.2327,0.2283,0.2771,0.2263,0.2265,0.2800,0.2822,0.2779,0.2406,0.2398,0.2835,Industrials,Military/Government/Technical,10534872701.0000,0.0025,0.0083,0.0039,0.0527,0.0019,0.0021,0.0556,0.0578,0.0535,0.0162,0.0154,0.0591,0.0554
KW,0.2689,0.2762,0.3394,0.3453,0.3426,0.3476,0.4036,0.3435,0.3417,0.4058,0.4055,0.4057,0.3478,0.3431,0.4074,Finance,Real Estate,1530942992.0000,0.0059,0.0032,0.0082,0.0642,0.0041,0.0022,0.0663,0.0661,0.0662,0.0084,0.0037,0.0680,0.0706
KYMR,0.1503,0.1532,0.1616,0.1644,0.1631,0.1647,0.1617,0.1623,0.1676,0.1617,0.1638,0.1635,0.1694,0.1743,0.1627,Health Care,Biotechnology: Biological Products (No Diagnostic Substances),6489301117.0000,0.0028,0.0015,0.0031,0.0001,0.0007,0.0060,0.0002,0.0022,0.0019,0.0078,0.0128,0.0011,0.0113
KWR,0.3437,0.3446,0.3165,0.3178,0.3342,0.3277,0.3688,0.3241,0.3200,0.3701,0.3692,0.3749,0.3411,0.3346,0.3739,Industrials,Major Chemicals,2463256417.0000,0.0013,0.0177,0.0112,0.0523,0.0076,0.0035,0.0536,0.0527,0.0584,0.0246,0.0181,0.0574,-0.0272
KYN,0.2107,0.2229,0.3612,0.3655,0.3767,0.3712,0.4143,0.3715,0.3687,0.4150,0.4160,0.4181,0.3814,0.4055,0.4222,Finance,Finance/Investors Services,1928983780.0000,0.0043,0.0155,0.0100,0.0531,0.0103,0.0076,0.0539,0.0548,0.0570,0.0202,0.0443,0.0610,0.1504
L,0.5332,0.5365,0.4824,0.4852,0.4837,0.4909,0.4684,0.4953,0.4843,0.4696,0.4718,0.4690,0.4853,0.4844,0.4730,Finance,Property-Casualty Insurers,22402057204.0000,0.0028,0.0012,0.0084,-0.0140,0.0129,0.0018,-0.0128,-0.0106,-0.0135,0.0028,0.0020,-0.0094,-0.0508
LAB,0.0943,0.1006,0.0831,0.0869,0.0823,0.0853,0.1063,0.0895,0.0850,0.1095,0.1101,0.1048,0.0889,0.0838,0.1058,Industrials,Biotechnology: Laboratory Analytical Instruments,402079163.0000,0.0038,-0.0008,0.0022,0.0232,0.0064,0.0019,0.0264,0.0270,0.0217,0.0059,0.0008,0.0227,-0.0112
LADR,0.2075,0.2213,0.2339,0.2375,0.2357,0.2481,0.3339,0.2383,0.2353,0.3380,0.3394,0.3375,0.2407,0.2384,0.3406,Real Estate,Real Estate Investment Trusts,1293277691.0000,0.0036,0.0018,0.0142,0.1000,0.0044,0.0014,0.1042,0.1055,0.1036,0.0068,0.0045,0.1067,0.0263
LAD,0.2553,0.2605,0.2372,0.2396,0.2425,0.2400,0.3023,0.2397,0.2390,0.3050,0.3031,0.3070,0.2432,0.2414,0.3066,Consumer Discretionary,Retail-Auto Dealers and Gas Stations,6307633696.0000,0.0024,0.0054,0.0028,0.0652,0.0026,0.0018,0.0678,0.0659,0.0699,0.0060,0.0042,0.0694,-0.0181
LAMR,0.3338,0.3350,0.3514,0.3550,0.3539,0.3565,0.4598,0.3546,0.3537,0.4606,0.4604,0.4641,0.3595,0.3592,0.4648,Real Estate,Real Estate Investment Trusts,15535837963.0000,0.0035,0.0025,0.0050,0.1083,0.0032,0.0023,0.1092,0.1090,0.1127,0.0081,0.0078,0.1134,0.0176
LAND,0.1305,0.1364,0.1641,0.1685,0.1664,0.1698,0.2612,0.1666,0.1659,0.2622,0.2628,0.2619,0.1671,0.1747,0.2625,Real Estate,Real Estate Investment Trusts,415405198.0000,0.0044,0.0023,0.0057,0.0971,0.0025,0.0018,0.0981,0.0987,0.0979,0.0030,0.0106,0.0984,0.0336
LANDO,0.0198,0.0366,0.0376,0.0380,0.0384,0.0400,0.0373,0.0378,0.0400,0.0377,0.0411,0.0417,0.0360,0.0363,0.0377,Real Estate,Real Estate Investment Trusts,892495695.0000,0.0004,0.0008,0.0024,-0.0003,0.0002,0.0023,0.0000,0.0035,0.0041,-0.0016,-0.0013,0.0001,0.0178
LASR,0.2550,0.2579,0.2637,0.2683,0.2648,0.2699,0.2770,0.2661,0.2670,0.2788,0.2784,0.2783,0.3017,0.2794,0.2819,Technology,Semiconductors,4430622048.0000,0.0046,0.0010,0.0062,0.0132,0.0023,0.0033,0.0151,0.0147,0.0146,0.0379,0.0157,0.0182,0.0087
LAUR,0.1483,0.1501,0.1561,0.1598,0.1616,0.1548,0.1567,0.1594,0.1678,0.1579,0.1574,0.1619,0.1587,0.1557,0.1650,Real Estate,Other Consumer Services,4636080932.0000,0.0036,0.0054,-0.0014,0.0005,0.0033,0.0117,0.0018,0.0013,0.0058,0.0025,-0.0004,0.0088,0.0079
LBRDA,0.2690,0.2772,0.2915,0.2959,0.2958,0.2932,0.3257,0.2954,0.2978,0.3263,0.3282,0.3280,0.2964,0.2949,0.3276,Telecommunications,Cable & Other Pay Television Services,4860268115.0000,0.0044,0.0043,0.0017,0.0342,0.0039,0.0063,0.0348,0.0368,0.0365,0.0049,0.0034,0.0361,0.0225
LBRDK,0.2730,0.2823,0.2962,0.3015,0.3006,0.2977,0.3278,0.3001,0.3023,0.3285,0.3308,0.3305,0.3004,0.2990,0.3298,Telecommunications,Cable & Other Pay Television Services,4871747934.0000,0.0053,0.0044,0.0015,0.0316,0.0038,0.0061,0.0323,0.0346,0.0342,0.0042,0.0028,0.0336,0.0232
LBRT,0.1875,0.1931,0.3156,0.3171,0.3167,0.3197,0.3314,0.3223,0.3228,0.3319,0.3331,0.3374,0.3301,0.3446,0.3374,Energy,Oilfield Services/Equipment,5196014685.0000,0.0016,0.0011,0.0041,0.0158,0.0067,0.0072,0.0163,0.0176,0.0218,0.0145,0.0290,0.0218,0.1281
LCID,0.1638,0.1618,0.1621,0.1624,0.1647,0.1727,0.1622,0.1632,0.1659,0.1627,0.1626,0.1674,0.2366,0.1726,0.1627,Industrials,Auto Manufacturing,2279099759.0000,0.0003,0.0026,0.0106,0.0001,0.0011,0.0038,0.0006,0.0005,0.0052,0.0745,0.0105,0.0006,-0.0016
LC,0.1929,0.1962,0.2151,0.2174,0.2171,0.2224,0.2911,0.2181,0.2189,0.2924,0.2926,0.2916,0.2288,0.2259,0.2966,Finance,Finance: Consumer Services,1802934958.0000,0.0023,0.0020,0.0073,0.0760,0.0030,0.0038,0.0772,0.0775,0.0765,0.0136,0.0108,0.0815,0.0223
LCII,0.3167,0.3222,0.3107,0.3138,0.3154,0.3176,0.3747,0.3142,0.3121,0.3765,0.3758,0.3815,0.3306,0.3148,0.3773,Consumer Discretionary,Auto Parts:O.E.M.,2711928507.0000,0.0031,0.0046,0.0068,0.0640,0.0034,0.0014,0.0658,0.0651,0.0708,0.0198,0.0040,0.0666,-0.0060
LCTX,0.1153,0.1239,0.1194,0.1238,0.1227,0.1214,0.1322,0.1213,0.1208,0.1342,0.1341,0.1349,0.1353,0.1378,0.1362,Health Care,Biotechnology: Biological Products (No Diagnostic Substances),324087784.0000,0.0043,0.0033,0.0020,0.0127,0.0019,0.0014,0.0148,0.0146,0.0155,0.0158,0.0183,0.0167,0.0042
LDOS,0.2591,0.2595,0.2856,0.2886,0.2908,0.2863,0.2619,0.2868,0.2893,0.2634,0.2634,0.2699,0.2934,0.2925,0.2629,Technology,EDP Services,15850226571.0000,0.0030,0.0053,0.0007,-0.0236,0.0012,0.0037,-0.0222,-0.0222,-0.0157,0.0079,0.0070,-0.0227,0.0265
LE,0.1174,0.1237,0.1397,0.1445,0.1398,0.1450,0.1908,0.1428,0.1407,0.1915,0.1917,0.1960,0.1480,0.1460,0.1936,Consumer Discretionary,Clothing/Shoe/Accessory Stores,358034316.0000,0.0048,0.0001,0.0053,0.0511,0.0032,0.0010,0.0519,0.0520,0.0564,0.0084,0.0064,0.0540,0.0223
LEA,0.3729,0.3796,0.3918,0.3963,0.4032,0.4042,0.4284,0.4032,0.3946,0.4324,0.4305,0.4364,0.4181,0.3989,0.4390,Consumer Discretionary,Auto Parts:O.E.M.,7003294840.0000,0.0045,0.0114,0.0125,0.0366,0.0114,0.0029,0.0407,0.0387,0.0446,0.0263,0.0072,0.0472,0.0189
LECO,0.4491,0.4514,0.4278,0.4311,0.4377,0.4358,0.4589,0.4341,0.4298,0.4592,0.4621,0.4602,0.4468,0.4396,0.4607,Industrials,Industrial Machinery/Components,14432568387.0000,0.0032,0.0098,0.0079,0.0310,0.0062,0.0020,0.0313,0.0343,0.0323,0.0189,0.0117,0.0329,-0.0213
LEGH,0.1661,0.1732,0.1752,0.1762,0.1755,0.1764,0.1801,0.1764,0.1773,0.1823,0.1810,0.1841,0.1756,0.1796,0.1855,Consumer Discretionary,Homebuilding,546739007.0000,0.0009,0.0003,0.0012,0.0049,0.0011,0.0021,0.0071,0.0058,0.0088,0.0004,0.0043,0.0103,0.0091
LEG,0.4055,0.4081,0.3599,0.3623,0.3633,0.3650,0.3552,0.3645,0.3639,0.3568,0.3558,0.3587,0.3692,0.3623,0.3598,Consumer Discretionary,Home Furnishings,1362960235.0000,0.0024,0.0034,0.0051,-0.0048,0.0046,0.0040,-0.0031,-0.0041,-0.0012,0.0092,0.0024,-0.0002,-0.0456
LEGN,0.0776,0.0878,0.0935,0.0927,0.1032,0.0950,0.0936,0.0949,0.1038,0.0942,0.0937,0.0964,0.1153,0.1017,0.0941,Health Care,Biotechnology: Pharmaceutical Preparations,5432147382.0000,-0.0008,0.0097,0.0015,0.0001,0.0014,0.0103,0.0007,0.0002,0.0029,0.0218,0.0082,0.0006,0.0159
LEN,0.3364,0.3426,0.3326,0.3377,0.3312,0.3374,0.4000,0.3406,0.3383,0.4005,0.4010,0.4026,0.3380,0.3356,0.4030,Consumer Discretionary,Homebuilding,21886066583.0000,0.0051,-0.0014,0.0048,0.0674,0.0080,0.0056,0.0679,0.0684,0.0700,0.0054,0.0030,0.0703,-0.0038
LEO,0.0856,0.0917,0.1144,0.1208,0.1224,0.1212,0.1624,0.1506,0.1157,0.1627,0.1648,0.1648,0.1193,0.1266,0.1649,Finance,Trusts Except Educational Religious and Charitable,391809472.0000,0.0064,0.0080,0.0067,0.0480,0.0361,0.0013,0.0483,0.0503,0.0503,0.0048,0.0122,0.0505,0.0288
LEU,0.1103,0.1135,0.0929,0.0951,0.0911,0.0970,0.1665,0.0924,0.0964,0.1670,0.1659,0.1665,0.1086,0.1803,0.1676,Industrials,Mining & Quarrying of Nonmetallic Minerals (No Fuels),3528512332.0000,0.0022,-0.0018,0.0041,0.0736,-0.0005,0.0035,0.0741,0.0730,0.0736,0.0157,0.0874,0.0747,-0.0173
LEVI,0.3174,0.3250,0.3322,0.3379,0.3353,0.3396,0.3265,0.3384,0.3377,0.3282,0.3275,0.3296,0.3392,0.3349,0.3309,Consumer Discretionary,Apparel,8468809447.0000,0.0057,0.0031,0.0074,-0.0057,0.0062,0.0055,-0.0040,-0.0047,-0.0026,0.0071,0.0027,-0.0012,0.0147
LFUS,0.3780,0.3819,0.3836,0.3849,0.3921,0.3879,0.4834,0.3878,0.3856,0.4854,0.4839,0.4857,0.4086,0.3951,0.4892,Energy,Electrical Products,11645034514.0000,0.0013,0.0085,0.0043,0.0998,0.0042,0.0020,0.1018,0.1003,0.1021,0.0250,0.0116,0.1056,0.0056
LGIH,0.2150,0.2209,0.2412,0.2494,0.2450,0.2455,0.3473,0.2472,0.2471,0.3484,0.3495,0.3546,0.2500,0.2458,0.3503,Consumer Discretionary,Homebuilding,1071240385.0000,0.0082,0.0038,0.0044,0.1061,0.0060,0.0059,0.1072,0.1083,0.1135,0.0088,0.0046,0.1091,0.0262
LGND,0.1786,0.1816,0.1956,0.1983,0.2013,0.1980,0.2001,0.1977,0.1981,0.2021,0.2003,0.2003,0.1990,0.2011,0.2007,Health Care,Biotechnology: Pharmaceutical Preparations,4596016519.0000,0.0027,0.0056,0.0024,0.0045,0.0021,0.0025,0.0064,0.0046,0.0046,0.0034,0.0055,0.0050,0.0170
LH,0.2829,0.2879,0.2970,0.2992,0.3031,0.2992,0.3106,0.2988,0.2998,0.3129,0.3121,0.3119,0.3021,0.3028,0.3116,Health Care,Medical Specialities,21314260000.0000,0.0022,0.0062,0.0023,0.0136,0.0019,0.0028,0.0160,0.0151,0.0149,0.0051,0.0059,0.0146,0.0140
LHX,0.3267,0.3360,0.2638,0.2687,0.2683,0.2683,0.2485,0.2664,0.2663,0.2527,0.2505,0.2522,0.2699,0.2691,0.2559,Industrials,Industrial Machinery/Components,58120298813.0000,0.0049,0.0046,0.0045,-0.0153,0.0027,0.0026,-0.0111,-0.0132,-0.0115,0.0061,0.0053,-0.0078,-0.0629
LII,0.3609,0.3660,0.3391,0.3412,0.3436,0.3410,0.3774,0.3400,0.3424,0.3789,0.3810,0.3795,0.3433,0.3415,0.3810,Industrials,Industrial Machinery/Components,16865456492.0000,0.0021,0.0046,0.0019,0.0383,0.0010,0.0033,0.0399,0.0420,0.0405,0.0043,0.0025,0.0419,-0.0218
LILA,0.2183,0.2265,0.2589,0.2639,0.2607,0.2636,0.3210,0.2630,0.2597,0.3218,0.3221,0.3277,0.2699,0.2685,0.3277,Telecommunications,Cable & Other Pay Television Services,1599116000.0000,0.0050,0.0018,0.0048,0.0622,0.0041,0.0008,0.0630,0.0632,0.0689,0.0110,0.0096,0.0688,0.0406
LILAK,0.2236,0.2303,0.2629,0.2687,0.2648,0.2676,0.3186,0.2656,0.2645,0.3197,0.3196,0.3257,0.2772,0.2725,0.3245,Telecommunications,Cable & Other Pay Television Services,1617242000.0000,0.0057,0.0018,0.0046,0.0556,0.0026,0.0016,0.0567,0.0567,0.0627,0.0143,0.0096,0.0616,0.0393
LIN,0.4870,0.4928,0.4690,0.4717,0.4725,0.4731,0.5352,0.4710,0.4722,0.5410,0.5354,0.5379,0.4848,0.4775,0.5426,Basic Materials,Major Chemicals,239432269396.0000,0.0026,0.0035,0.0041,0.0661,0.0019,0.0032,0.0720,0.0664,0.0688,0.0158,0.0085,0.0735,-0.0180
LINC,0.0953,0.0989,0.0633,0.0651,0.0599,0.0641,0.0935,0.0626,0.0691,0.0984,0.0944,0.0974,0.0652,0.0650,0.0972,Real Estate,Other Consumer Services,1535283235.0000,0.0019,-0.0033,0.0008,0.0303,-0.0007,0.0058,0.0352,0.0312,0.0342,0.0019,0.0017,0.0339,-0.0320
LIND,0.1440,0.1515,0.1762,0.1795,0.1792,0.1849,0.2525,0.1825,0.1785,0.2534,0.2545,0.2626,0.1864,0.1828,0.2571,Consumer Discretionary,Transportation Services,1348802011.0000,0.0032,0.0030,0.0087,0.0763,0.0062,0.0022,0.0772,0.0782,0.0863,0.0102,0.0065,0.0809,0.0322
LITE,0.2272,0.2385,0.2592,0.2618,0.2605,0.2615,0.3023,0.2600,0.2635,0.3033,0.3041,0.3032,0.2835,0.2643,0.3031,Telecommunications,Telecommunications Equipment,73668820000.0000,0.0026,0.0013,0.0023,0.0432,0.0008,0.0043,0.0441,0.0449,0.0441,0.0243,0.0052,0.0439,0.0320
LKFN,0.3032,0.3090,0.2699,0.2791,0.2705,0.2781,0.2260,0.2953,0.2723,0.2270,0.2277,0.2280,0.2718,0.2735,0.2274,Finance,Major Banks,1492323801.0000,0.0092,0.0006,0.0082,-0.0439,0.0253,0.0024,-0.0429,-0.0422,-0.0419,0.0019,0.0036,-0.0425,-0.0333
LKQ,0.3351,0.3387,0.3456,0.3549,0.3584,0.3538,0.4395,0.3532,0.3486,0.4422,0.4412,0.4421,0.3594,0.3557,0.4432,Consumer Discretionary,Motor Vehicles,6917571170.0000,0.0093,0.0128,0.0082,0.0939,0.0076,0.0030,0.0966,0.0956,0.0965,0.0138,0.0101,0.0976,0.0105
LLY,0.2690,0.2715,0.2256,0.2283,0.2288,0.2280,0.1841,0.2278,0.2298,0.1858,0.1849,0.1876,0.2291,0.2233,0.1890,Health Care,Biotechnology: Pharmaceutical Preparations,1002954597390.0000,0.0028,0.0033,0.0025,-0.0415,0.0022,0.0042,-0.0398,-0.0407,-0.0380,0.0035,-0.0023,-0.0366,-0.0434
LMND,0.2329,0.2345,0.2434,0.2433,0.2435,0.2487,0.2434,0.2457,0.2454,0.2443,0.2434,0.2443,0.3026,0.2638,0.2448,Finance,Property-Casualty Insurers,4341910994.0000,-0.0000,0.0002,0.0054,0.0000,0.0024,0.0021,0.0010,0.0000,0.0009,0.0593,0.0205,0.0014,0.0105
LMB,0.0372,0.0394,0.0467,0.0509,0.0486,0.0478,0.0810,0.0475,0.0510,0.0817,0.0827,0.0863,0.0504,0.0497,0.0830,Consumer Discretionary,Engineering & Construction,850687341.0000,0.0042,0.0019,0.0011,0.0342,0.0008,0.0043,0.0350,0.0360,0.0396,0.0037,0.0030,0.0363,0.0095
LMAT,0.0812,0.0836,0.1445,0.1474,0.1516,0.1475,0.2282,0.1478,0.1461,0.2291,0.2321,0.2300,0.1542,0.1524,0.2299,Health Care,Medical/Dental Instruments,2233659737.0000,0.0029,0.0071,0.0030,0.0837,0.0033,0.0016,0.0846,0.0876,0.0855,0.0097,0.0079,0.0854,0.0634
LMT,0.2964,0.3018,0.2872,0.2918,0.2943,0.2909,0.2093,0.2921,0.2895,0.2107,0.2122,0.2146,0.2903,0.2899,0.2128,Industrials,Military/Government/Technical,122945738330.0000,0.0046,0.0071,0.0037,-0.0780,0.0049,0.0023,-0.0765,-0.0751,-0.0726,0.0030,0.0027,-0.0744,-0.0092
LNC,0.5137,0.5122,0.4920,0.5048,0.4919,0.5142,0.4291,0.5286,0.4948,0.4313,0.4357,0.4328,0.4991,0.4937,0.4334,Finance,Life Insurance,6889411488.0000,0.0128,-0.0000,0.0223,-0.0628,0.0366,0.0028,-0.0607,-0.0562,-0.0591,0.0071,0.0018,-0.0586,-0.0217
LNG,0.1939,0.2035,0.2834,0.2888,0.2952,0.2862,0.2583,0.2866,0.2921,0.2599,0.2606,0.2591,0.2995,0.3091,0.2632,Utilities,Oil/Gas Transmission,50470567408.0000,0.0054,0.0118,0.0028,-0.0251,0.0032,0.0087,-0.0235,-0.0228,-0.0243,0.0161,0.0257,-0.0202,0.0895
LNN,0.2551,0.2582,0.2394,0.2417,0.2468,0.2444,0.2938,0.2462,0.2419,0.2943,0.2946,0.3011,0.2501,0.2471,0.2959,Industrials,Industrial Machinery/Components,1135101569.0000,0.0023,0.0074,0.0050,0.0544,0.0068,0.0025,0.0549,0.0552,0.0617,0.0107,0.0077,0.0565,-0.0158
LNTH,0.1533,0.1656,0.1792,0.1808,0.1810,0.1818,0.1965,0.1828,0.1806,0.1970,0.1979,0.1980,0.1872,0.1894,0.1997,Health Care,Biotechnology: In Vitro & In Vivo Diagnostic Substances,6705926446.0000,0.0015,0.0018,0.0025,0.0173,0.0036,0.0013,0.0177,0.0187,0.0188,0.0080,0.0101,0.0205,0.0259
LNT,0.2938,0.3008,0.2213,0.2325,0.2247,0.2334,0.2638,0.2470,0.2230,0.2652,0.2657,0.2671,0.2420,0.2244,0.2650,Utilities,Power Generation,19099586886.0000,0.0112,0.0034,0.0121,0.0424,0.0256,0.0017,0.0439,0.0444,0.0458,0.0207,0.0030,0.0437,-0.0724
LOB,0.2251,0.2306,0.2591,0.2628,0.2641,0.2692,0.3391,0.2703,0.2616,0.3402,0.3405,0.3412,0.2656,0.2630,0.3432,Finance,Major Banks,1724661936.0000,0.0037,0.0050,0.0101,0.0800,0.0112,0.0025,0.0811,0.0813,0.0821,0.0064,0.0039,0.0840,0.0340
LOCO,0.1128,0.1151,0.1234,0.1253,0.1263,0.1256,0.1743,0.1265,0.1266,0.1750,0.1773,0.1821,0.1252,0.1308,0.1759,Consumer Discretionary,Restaurants,428506043.0000,0.0018,0.0029,0.0022,0.0509,0.0031,0.0032,0.0516,0.0539,0.0587,0.0018,0.0074,0.0525,0.0106
LODE,0.0320,0.0339,0.0388,0.0748,0.0438,0.0400,0.0645,0.0400,0.0424,0.0671,0.0657,0.0659,0.0482,0.0727,0.0665,Industrials,Major Chemicals,289987981.0000,0.0360,0.0050,0.0013,0.0257,0.0013,0.0037,0.0284,0.0270,0.0271,0.0094,0.0340,0.0277,0.0067
LOGI,0.2731,0.2778,0.2848,0.2914,0.2869,0.2904,0.3013,0.2884,0.2893,0.3058,0.3050,0.3032,0.3066,0.2877,0.3043,Technology,Computer peripheral equipment,16510312988.0000,0.0066,0.0021,0.0056,0.0165,0.0036,0.0045,0.0210,0.0202,0.0184,0.0218,0.0029,0.0195,0.0118
LOPE,0.1460,0.1542,0.1615,0.1642,0.1655,0.1634,0.1723,0.1633,0.1633,0.1733,0.1742,0.1714,0.1681,0.1643,0.1738,Real Estate,Other Consumer Services,4154790183.0000,0.0026,0.0039,0.0019,0.0108,0.0017,0.0018,0.0118,0.0127,0.0099,0.0065,0.0027,0.0122,0.0155
LOW,0.3708,0.3684,0.3889,0.3905,0.3875,0.3909,0.4274,0.3927,0.3902,0.4276,0.4282,0.4294,0.3897,0.3888,0.4289,Consumer Discretionary,RETAIL: Building Materials,120430439138.0000,0.0016,-0.0013,0.0020,0.0385,0.0038,0.0014,0.0387,0.0394,0.0405,0.0008,-0.0001,0.0401,0.0181
LPG,0.1314,0.1425,0.1858,0.1894,0.1901,0.1921,0.1942,0.1913,0.1916,0.1948,0.1968,0.1982,0.1957,0.2101,0.1971,Consumer Discretionary,Marine Transportation,1985891025.0000,0.0036,0.0043,0.0063,0.0084,0.0055,0.0059,0.0090,0.0110,0.0124,0.0100,0.0243,0.0114,0.0544
LPLA,0.3124,0.3245,0.3690,0.3774,0.3737,0.3831,0.4239,0.3907,0.3706,0.4241,0.4329,0.4230,0.3822,0.3782,0.4260,Finance,Investment Bankers/Brokers/Service,22857502017.0000,0.0083,0.0047,0.0141,0.0549,0.0217,0.0015,0.0550,0.0638,0.0540,0.0132,0.0091,0.0570,0.0566
LQDA,0.0564,0.0603,0.0623,0.0648,0.0635,0.0653,0.0658,0.0656,0.0689,0.0657,0.0652,0.0677,0.0739,0.0731,0.0679,Health Care,Biotechnology: Pharmaceutical Preparations,5422835477.0000,0.0025,0.0012,0.0031,0.0035,0.0034,0.0066,0.0034,0.0030,0.0054,0.0116,0.0108,0.0056,0.0059
LPTH,0.0320,0.0365,0.0532,0.0533,0.0559,0.0530,0.0879,0.0533,0.0561,0.0888,0.0891,0.0888,0.0615,0.0606,0.0925,Technology,Semiconductors,1064280449.0000,0.0001,0.0027,-0.0002,0.0347,0.0001,0.0029,0.0356,0.0359,0.0356,0.0083,0.0074,0.0393,0.0212
LPX,0.3255,0.3306,0.3134,0.3156,0.3189,0.3180,0.4101,0.3154,0.3151,0.4117,0.4105,0.4149,0.3215,0.3246,0.4129,Basic Materials,Forest Products,4926172689.0000,0.0022,0.0055,0.0046,0.0968,0.0020,0.0017,0.0984,0.0972,0.1015,0.0081,0.0113,0.0995,-0.0121
LQDT,0.1235,0.1282,0.1067,0.1065,0.1057,0.1093,0.1340,0.1075,0.1095,0.1357,0.1365,0.1378,0.1062,0.1093,0.1351,Consumer Discretionary,Business Services,1073569783.0000,-0.0002,-0.0010,0.0026,0.0273,0.0009,0.0029,0.0290,0.0298,0.0311,-0.0005,0.0026,0.0285,-0.0168
LRCX,0.4058,0.4075,0.4330,0.4351,0.4382,0.4378,0.5054,0.4361,0.4341,0.5063,0.5059,0.5065,0.4617,0.4395,0.5082,Technology,Industrial Machinery/Components,381861854850.0000,0.0021,0.0052,0.0049,0.0724,0.0031,0.0011,0.0734,0.0730,0.0735,0.0287,0.0065,0.0753,0.0271
LRMR,0.0335,0.0423,0.0406,0.0413,0.0430,0.0412,0.0419,0.0432,0.0425,0.0439,0.0422,0.0453,0.0428,0.0430,0.0455,Health Care,Biotechnology: Pharmaceutical Preparations,358396133.0000,0.0007,0.0024,0.0006,0.0013,0.0026,0.0019,0.0034,0.0016,0.0047,0.0023,0.0024,0.0049,0.0071
LRN,0.1062,0.1128,0.0825,0.0849,0.0849,0.0839,0.0719,0.0853,0.0874,0.0744,0.0722,0.0754,0.0831,0.0896,0.0716,Real Estate,Other Consumer Services,3768976569.0000,0.0024,0.0024,0.0014,-0.0107,0.0027,0.0049,-0.0082,-0.0103,-0.0071,0.0006,0.0070,-0.0109,-0.0237
LSCC,0.2843,0.2830,0.2957,0.2976,0.3048,0.3012,0.4787,0.2964,0.2979,0.4797,0.4791,0.4802,0.3284,0.3096,0.4838,Technology,Semiconductors,19622265280.0000,0.0019,0.0091,0.0056,0.1830,0.0007,0.0023,0.1841,0.1834,0.1845,0.0327,0.0140,0.1881,0.0113
LSTR,0.3250,0.3294,0.3031,0.3056,0.3058,0.3099,0.3318,0.3104,0.3068,0.3319,0.3334,0.3330,0.3094,0.3055,0.3324,Industrials,Trucking Freight/Courier Services,6582412022.0000,0.0025,0.0027,0.0069,0.0288,0.0074,0.0037,0.0288,0.0303,0.0299,0.0064,0.0024,0.0293,-0.0219
LTBR,0.0357,0.0387,0.0598,0.0629,0.0632,0.0612,0.1050,0.0621,0.0620,0.1079,0.1065,0.1121,0.0739,0.1064,0.1052,Consumer Discretionary,Professional Services,394350024.0000,0.0031,0.0034,0.0014,0.0452,0.0022,0.0022,0.0481,0.0467,0.0523,0.0141,0.0466,0.0453,0.0241
LTC,0.2911,0.2936,0.2251,0.2343,0.2230,0.2304,0.2628,0.2431,0.2310,0.2637,0.2637,0.2654,0.2261,0.2247,0.2667,Real Estate,Real Estate Investment Trusts,1969462427.0000,0.0092,-0.0021,0.0054,0.0377,0.0180,0.0059,0.0387,0.0386,0.0403,0.0010,-0.0004,0.0416,-0.0660
LTRX,0.0530,0.0547,0.1007,0.1018,0.1058,0.1011,0.1764,0.1019,0.1030,0.1777,0.1818,0.1775,0.1067,0.1096,0.1781,Telecommunications,Computer Communications Equipment,281903864.0000,0.0011,0.0052,0.0004,0.0757,0.0012,0.0024,0.0770,0.0811,0.0769,0.0060,0.0089,0.0775,0.0477
LUMN,0.2189,0.2216,0.1925,0.1965,0.1963,0.1966,0.2011,0.1965,0.1939,0.2012,0.2017,0.2045,0.1986,0.1965,0.2027,Telecommunications,Telecommunications Equipment,9695227169.0000,0.0041,0.0038,0.0041,0.0086,0.0040,0.0015,0.0087,0.0092,0.0120,0.0062,0.0040,0.0103,-0.0264
LUV,0.2827,0.2899,0.3000,0.3041,0.2998,0.3101,0.3138,0.3058,0.3026,0.3179,0.3163,0.3225,0.3043,0.2987,0.3235,Consumer Discretionary,Air Freight/Delivery Services,19971293913.0000,0.0041,-0.0002,0.0101,0.0138,0.0058,0.0026,0.0180,0.0163,0.0225,0.0043,-0.0013,0.0235,0.0173
LW,0.1992,0.2063,0.2152,0.2207,0.2186,0.2199,0.2776,0.2200,0.2178,0.2787,0.2796,0.2811,0.2226,0.2213,0.2862,Consumer Staples,Packaged Foods,6042065859.0000,0.0055,0.0034,0.0047,0.0624,0.0047,0.0026,0.0635,0.0644,0.0659,0.0074,0.0061,0.0710,0.0160
LVS,0.2912,0.2940,0.2959,0.3009,0.3049,0.3047,0.2744,0.3004,0.2993,0.2765,0.2769,0.2838,0.3312,0.3083,0.2812,Consumer Discretionary,Hotels/Resorts,32754162975.0000,0.0050,0.0090,0.0089,-0.0214,0.0046,0.0034,-0.0194,-0.0190,-0.0120,0.0353,0.0124,-0.0147,0.0047
LWAY,0.1017,0.1053,0.0513,0.0532,0.0510,0.0536,0.0592,0.0528,0.0522,0.0607,0.0605,0.0631,0.0526,0.0561,0.0596,Consumer Staples,Packaged Foods,384645121.0000,0.0019,-0.0003,0.0023,0.0080,0.0015,0.0009,0.0094,0.0092,0.0118,0.0013,0.0048,0.0083,-0.0505
LWLG,0.0478,0.0527,0.0878,0.0904,0.0929,0.0902,0.1558,0.0903,0.0900,0.1561,0.1602,0.1563,0.0989,0.0949,0.1580,Industrials,Containers/Packaging,1979923271.0000,0.0025,0.0050,0.0024,0.0679,0.0024,0.0021,0.0682,0.0724,0.0684,0.0111,0.0071,0.0701,0.0400
LYFT,0.2172,0.2215,0.2305,0.2327,0.2323,0.2428,0.2215,0.2386,0.2384,0.2221,0.2233,0.2293,0.2464,0.2458,0.2272,Consumer Discretionary,Business Services,5277587195.0000,0.0022,0.0018,0.0123,-0.0090,0.0081,0.0079,-0.0083,-0.0072,-0.0012,0.0159,0.0153,-0.0033,0.0132
LXP,0.3502,0.3539,0.3131,0.3204,0.3105,0.3158,0.3662,0.3251,0.3152,0.3666,0.3668,0.3673,0.3138,0.3117,0.3671,Real Estate,Real Estate Investment Trusts,3079679227.0000,0.0073,-0.0026,0.0027,0.0532,0.0121,0.0021,0.0535,0.0538,0.0543,0.0007,-0.0014,0.0540,-0.0372
LXRX,0.1175,0.1209,0.0859,0.0876,0.0873,0.0869,0.1078,0.0877,0.0879,0.1089,0.1088,0.1106,0.0891,0.0890,0.1128,Health Care,Biotechnology: Pharmaceutical Preparations,959464202.0000,0.0017,0.0014,0.0010,0.0219,0.0018,0.0020,0.0230,0.0229,0.0247,0.0032,0.0031,0.0269,-0.0316
LXU,0.2095,0.2124,0.1415,0.1448,0.1433,0.1489,0.1357,0.1473,0.1438,0.1359,0.1379,0.1546,0.1593,0.1572,0.1368,Basic Materials,Major Chemicals,938082539.0000,0.0032,0.0017,0.0074,-0.0058,0.0058,0.0022,-0.0056,-0.0036,0.0131,0.0177,0.0156,-0.0047,-0.0679
LYTS,0.1805,0.1837,0.1322,0.1347,0.1317,0.1368,0.1459,0.1348,0.1352,0.1471,0.1475,0.1464,0.1336,0.1341,0.1459,Consumer Discretionary,Building Products,853930517.0000,0.0024,-0.0005,0.0046,0.0137,0.0025,0.0030,0.0149,0.0153,0.0142,0.0014,0.0019,0.0137,-0.0483
LYV,0.3118,0.3141,0.3261,0.3324,0.3293,0.3332,0.3236,0.3328,0.3295,0.3254,0.3262,0.3337,0.3387,0.3311,0.3310,Consumer Discretionary,Services-Misc. Amusement & Recreation,38994816611.0000,0.0062,0.0032,0.0071,-0.0025,0.0066,0.0034,-0.0008,0.0000,0.0076,0.0126,0.0050,0.0049,0.0143
LZB,0.2545,0.2557,0.2470,0.2481,0.2528,0.2524,0.3222,0.2524,0.2488,0.3245,0.3231,0.3234,0.2554,0.2519,0.3252,Consumer Discretionary,Home Furnishings,1499853972.0000,0.0011,0.0058,0.0054,0.0752,0.0054,0.0018,0.0775,0.0761,0.0763,0.0084,0.0049,0.0782,-0.0075
M,0.2605,0.2628,0.2051,0.2121,0.2013,0.2127,0.2439,0.2135,0.2086,0.2446,0.2468,0.2456,0.2051,0.2100,0.2494,Consumer Discretionary,Department/Specialty Retail Stores,5449312569.0000,0.0070,-0.0038,0.0076,0.0388,0.0084,0.0035,0.0395,0.0417,0.0405,0.0000,0.0049,0.0443,-0.0554
MA,0.4615,0.4704,0.5476,0.5505,0.5590,0.5494,0.5630,0.5489,0.5499,0.5639,0.5648,0.5635,0.5603,0.5586,0.5641,Consumer Discretionary,Business Services,440501895072.0000,0.0029,0.0114,0.0018,0.0153,0.0013,0.0023,0.0163,0.0172,0.0158,0.0127,0.0110,0.0164,0.0862
MAA,0.3170,0.3204,0.2940,0.2993,0.2902,0.3012,0.3745,0.3096,0.2963,0.3758,0.3759,0.3764,0.2951,0.2885,0.3754,Real Estate,Real Estate Investment Trusts,15262702934.0000,0.0052,-0.0039,0.0071,0.0804,0.0155,0.0023,0.0818,0.0819,0.0823,0.0011,-0.0055,0.0813,-0.0230
MAC,0.3184,0.3226,0.2528,0.2554,0.2506,0.2587,0.3121,0.2567,0.2607,0.3141,0.3141,0.3174,0.2514,0.2532,0.3202,Real Estate,Real Estate Investment Trusts,5794820916.0000,0.0026,-0.0023,0.0058,0.0592,0.0039,0.0078,0.0613,0.0613,0.0645,-0.0015,0.0003,0.0674,-0.0656
MARA,0.0909,0.0936,0.1271,0.1320,0.1295,0.1296,0.2232,0.1283,0.1287,0.2254,0.2233,0.2239,0.1490,0.1392,0.2241,Technology,EDP Services,5265345646.0000,0.0049,0.0024,0.0024,0.0961,0.0012,0.0015,0.0983,0.0961,0.0968,0.0218,0.0121,0.0970,0.0362
MAGN,0.2860,0.2887,0.2165,0.2197,0.2162,0.2211,0.2509,0.2237,0.2184,0.2532,0.2516,0.2523,0.2167,0.2135,0.2524,Basic Materials,Paper,374468000.0000,0.0032,-0.0003,0.0046,0.0344,0.0073,0.0020,0.0367,0.0352,0.0358,0.0002,-0.0030,0.0359,-0.0696
MANH,0.3135,0.3173,0.3396,0.3405,0.3468,0.3415,0.4192,0.3455,0.3421,0.4195,0.4204,0.4205,0.3464,0.3457,0.4212,Technology,Computer Software: Prepackaged Software,8202580421.0000,0.0009,0.0073,0.0019,0.0796,0.0059,0.0025,0.0799,0.0808,0.0809,0.0068,0.0061,0.0816,0.0260
MAR,0.4373,0.4451,0.3996,0.4074,0.4040,0.4054,0.4038,0.4082,0.4031,0.4062,0.4063,0.4081,0.4107,0.4006,0.4100,Consumer Discretionary,Hotels/Resorts,97340655180.0000,0.0079,0.0045,0.0059,0.0043,0.0086,0.0035,0.0066,0.0068,0.0085,0.0111,0.0010,0.0104,-0.0377
MAN,0.4090,0.4127,0.3746,0.3812,0.3837,0.3817,0.3751,0.3841,0.3777,0.3779,0.3771,0.3771,0.3838,0.3803,0.3794,Consumer Discretionary,Professional Services,1365920635.0000,0.0066,0.0091,0.0071,0.0006,0.0095,0.0031,0.0033,0.0025,0.0025,0.0092,0.0057,0.0048,-0.0344
MAIN,0.2587,0.2787,0.3396,0.3407,0.3424,0.3500,0.3873,0.3434,0.3461,0.3889,0.3913,0.3875,0.3502,0.3461,0.3917,Finance,Finance/Investors Services,4615085660.0000,0.0012,0.0028,0.0104,0.0477,0.0038,0.0065,0.0493,0.0517,0.0479,0.0106,0.0065,0.0521,0.0809
MAS,0.3998,0.4048,0.4011,0.4044,0.4002,0.4064,0.4492,0.4043,0.4025,0.4496,0.4513,0.4508,0.4047,0.4010,0.4504,Industrials,Industrial Specialties,13568658233.0000,0.0033,-0.0008,0.0054,0.0481,0.0033,0.0014,0.0486,0.0502,0.0497,0.0037,-0.0001,0.0493,0.0013
MATV,0.2097,0.2146,0.1931,0.1942,0.1960,0.1989,0.2198,0.2000,0.1952,0.2202,0.2180,0.2200,0.1953,0.1955,0.2231,Basic Materials,Paper,481726321.0000,0.0011,0.0029,0.0057,0.0266,0.0068,0.0021,0.0270,0.0248,0.0269,0.0021,0.0024,0.0299,-0.0166
MATW,0.3362,0.3414,0.2875,0.2902,0.2866,0.2917,0.2922,0.2937,0.2918,0.2928,0.2939,0.2948,0.2846,0.2869,0.2930,Telecommunications,Metal Fabrications,834977241.0000,0.0027,-0.0009,0.0042,0.0047,0.0062,0.0043,0.0053,0.0064,0.0073,-0.0030,-0.0006,0.0054,-0.0487
MASI,0.2417,0.2431,0.2252,0.2277,0.2296,0.2278,0.2140,0.2294,0.2265,0.2150,0.2160,0.2200,0.2342,0.2298,0.2149,Health Care,Biotechnology: Electromedical & Electrotherapeutic Apparatus,9363530128.0000,0.0025,0.0045,0.0027,-0.0112,0.0043,0.0014,-0.0101,-0.0092,-0.0052,0.0090,0.0046,-0.0102,-0.0166
MATX,0.2927,0.2958,0.2515,0.2549,0.2478,0.2556,0.2668,0.2591,0.2534,0.2675,0.2674,0.2673,0.2576,0.2550,0.2687,Consumer Discretionary,Marine Transportation,5503075017.0000,0.0034,-0.0037,0.0042,0.0153,0.0077,0.0019,0.0161,0.0159,0.0158,0.0062,0.0036,0.0172,-0.0412
MAT,0.2593,0.2588,0.2059,0.2097,0.2069,0.2129,0.2869,0.2085,0.2087,0.2877,0.2902,0.2904,0.2141,0.2065,0.2877,Consumer Discretionary,Recreational Games/Products/Toys,4385154000.0000,0.0038,0.0010,0.0070,0.0810,0.0026,0.0028,0.0818,0.0843,0.0845,0.0082,0.0006,0.0818,-0.0534
MAX,0.1447,0.1432,0.1489,0.1501,0.1539,0.1514,0.1493,0.1499,0.1493,0.1492,0.1511,0.1513,0.1565,0.1555,0.1499,Consumer Discretionary,Business Services,529355083.0000,0.0011,0.0050,0.0025,0.0004,0.0010,0.0004,0.0003,0.0022,0.0024,0.0076,0.0066,0.0010,0.0042
MBIN,0.2303,0.2329,0.2404,0.2427,0.2449,0.2466,0.2844,0.2521,0.2427,0.2856,0.2876,0.2871,0.2414,0.2491,0.2875,Finance,Major Banks,2112569414.0000,0.0023,0.0045,0.0062,0.0440,0.0117,0.0023,0.0452,0.0472,0.0467,0.0011,0.0087,0.0472,0.0101
MBUU,0.1769,0.1810,0.2006,0.2065,0.2035,0.2073,0.2840,0.2038,0.2038,0.2855,0.2854,0.2864,0.2124,0.2040,0.2863,Industrials,Marine Transportation,541393551.0000,0.0060,0.0029,0.0067,0.0835,0.0032,0.0032,0.0850,0.0848,0.0858,0.0118,0.0034,0.0857,0.0237
MC,0.3031,0.3126,0.3213,0.3251,0.3254,0.3290,0.3987,0.3281,0.3249,0.3996,0.4014,0.4012,0.3268,0.3270,0.4000,Finance,Investment Managers,5166401060.0000,0.0038,0.0041,0.0077,0.0774,0.0068,0.0036,0.0783,0.0801,0.0799,0.0054,0.0057,0.0787,0.0182
MBI,0.2112,0.2152,0.1907,0.1946,0.1894,0.1938,0.2248,0.1931,0.1937,0.2262,0.2275,0.2279,0.1939,0.1942,0.2254,Finance,Property-Casualty Insurers,311716319.0000,0.0039,-0.0013,0.0031,0.0341,0.0024,0.0030,0.0355,0.0367,0.0372,0.0032,0.0035,0.0346,-0.0205
MBWM,0.1618,0.1744,0.2684,0.2756,0.2792,0.2791,0.3009,0.2871,0.2705,0.3017,0.3043,0.3028,0.2794,0.2805,0.3050,Finance,Major Banks,901722375.0000,0.0073,0.0108,0.0108,0.0325,0.0187,0.0021,0.0334,0.0360,0.0344,0.0110,0.0122,0.0366,0.1066
MCB,0.2314,0.2367,0.2435,0.2489,0.2451,0.2533,0.2672,0.2533,0.2451,0.2715,0.2691,0.2694,0.2481,0.2529,0.2675,Finance,Major Banks,1130529434.0000,0.0053,0.0015,0.0098,0.0237,0.0097,0.0016,0.0280,0.0256,0.0258,0.0045,0.0094,0.0239,0.0121
MCBS,0.2748,0.2773,0.2831,0.2916,0.2884,0.2904,0.2834,0.2928,0.2865,0.2843,0.2858,0.2851,0.2833,0.2885,0.2839,Finance,Major Banks,935033870.0000,0.0084,0.0053,0.0073,0.0003,0.0097,0.0034,0.0012,0.0026,0.0020,0.0002,0.0053,0.0008,0.0084
MCFT,0.1889,0.1996,0.2115,0.2156,0.2136,0.2257,0.2615,0.2159,0.2138,0.2628,0.2628,0.2636,0.2177,0.2126,0.2660,Industrials,Marine Transportation,381600622.0000,0.0040,0.0021,0.0142,0.0500,0.0043,0.0022,0.0512,0.0513,0.0521,0.0062,0.0010,0.0545,0.0226
MCD,0.3032,0.3074,0.3168,0.3199,0.3220,0.3177,0.3828,0.3206,0.3206,0.3834,0.3853,0.3869,0.3270,0.3277,0.3842,Consumer Discretionary,Restaurants,200554488820.0000,0.0031,0.0051,0.0008,0.0660,0.0038,0.0037,0.0666,0.0685,0.0700,0.0102,0.0109,0.0674,0.0136
MCHB,0.1775,0.1804,0.2183,0.2218,0.2188,0.2283,0.2539,0.2346,0.2204,0.2550,0.2549,0.2564,0.2233,0.2217,0.2550,Finance,Major Banks,3132825282.0000,0.0036,0.0005,0.0100,0.0357,0.0163,0.0022,0.0367,0.0366,0.0381,0.0050,0.0034,0.0368,0.0408
MCHP,0.4405,0.4429,0.4615,0.4634,0.4708,0.4692,0.5611,0.4636,0.4632,0.5626,0.5617,0.5653,0.4955,0.4711,0.5641,Technology,Semiconductors,50558285841.0000,0.0019,0.0093,0.0076,0.0996,0.0021,0.0017,0.1010,0.1001,0.1038,0.0340,0.0096,0.1026,0.0210
MCI,0.0424,0.0494,0.0581,0.0569,0.0637,0.0574,0.0874,0.0581,0.0601,0.0826,0.0812,0.0805,0.0663,0.0647,0.0902,Finance,Trusts Except Educational Religious and Charitable,351946059.0000,-0.0012,0.0056,-0.0006,0.0294,0.0001,0.0020,0.0246,0.0232,0.0224,0.0082,0.0066,0.0321,0.0156
MCK,0.2599,0.2655,0.2447,0.2464,0.2489,0.2470,0.2589,0.2507,0.2469,0.2593,0.2596,0.2602,0.2520,0.2526,0.2588,Health Care,Other Pharmaceuticals,92085919390.0000,0.0017,0.0042,0.0023,0.0142,0.0060,0.0022,0.0146,0.0149,0.0155,0.0073,0.0079,0.0141,-0.0152
MCO,0.4693,0.4752,0.5314,0.5343,0.5367,0.5364,0.5514,0.5363,0.5334,0.5519,0.5528,0.5547,0.5370,0.5364,0.5526,Finance,Finance: Consumer Services,78461264000.0000,0.0029,0.0053,0.0050,0.0199,0.0048,0.0020,0.0204,0.0213,0.0233,0.0056,0.0050,0.0211,0.0621
MCRI,0.2708,0.2766,0.2937,0.2958,0.2993,0.2984,0.3216,0.2987,0.2961,0.3230,0.3229,0.3297,0.3037,0.3027,0.3248,Consumer Discretionary,Hotels/Resorts,2073320964.0000,0.0021,0.0056,0.0047,0.0279,0.0050,0.0024,0.0292,0.0291,0.0360,0.0099,0.0089,0.0311,0.0230
MCS,0.2702,0.2756,0.2124,0.2179,0.2074,0.2167,0.2175,0.2195,0.2155,0.2199,0.2223,0.2237,0.2097,0.2172,0.2231,Consumer Discretionary,Movies/Entertainment,555568261.0000,0.0056,-0.0050,0.0043,0.0051,0.0071,0.0032,0.0075,0.0099,0.0113,-0.0027,0.0048,0.0107,-0.0578
MCY,0.2735,0.2783,0.2078,0.2084,0.2042,0.2098,0.2015,0.2111,0.2125,0.2022,0.2018,0.2016,0.2042,0.2022,0.2025,Finance,Property-Casualty Insurers,5595912986.0000,0.0006,-0.0036,0.0020,-0.0064,0.0033,0.0047,-0.0056,-0.0060,-0.0062,-0.0036,-0.0057,-0.0054,-0.0657
MDB,0.2420,0.2448,0.2504,0.2552,0.2531,0.2525,0.2623,0.2641,0.2537,0.2640,0.2661,0.2652,0.2701,0.2655,0.2656,Technology,Computer Software: Prepackaged Software,26253443475.0000,0.0049,0.0027,0.0021,0.0119,0.0137,0.0034,0.0136,0.0157,0.0149,0.0197,0.0152,0.0153,0.0084
MD,0.2057,0.2082,0.1737,0.1790,0.1803,0.1800,0.1959,0.1805,0.1766,0.1971,0.1965,0.1997,0.1794,0.1807,0.2015,Health Care,Hospital/Nursing Management,1745911828.0000,0.0052,0.0066,0.0063,0.0221,0.0068,0.0029,0.0233,0.0227,0.0260,0.0057,0.0069,0.0277,-0.0320
MDGL,0.1036,0.1047,0.1015,0.1017,0.1039,0.1036,0.1132,0.1022,0.1068,0.1141,0.1148,0.1137,0.1059,0.1085,0.1131,Health Care,Biotechnology: Pharmaceutical Preparations,11925770174.0000,0.0002,0.0024,0.0021,0.0118,0.0007,0.0054,0.0126,0.0133,0.0122,0.0044,0.0070,0.0116,-0.0021
MDLZ,0.3182,0.3184,0.3345,0.3400,0.3371,0.3349,0.3719,0.3368,0.3367,0.3733,0.3740,0.3746,0.3463,0.3394,0.3733,Consumer Staples,Packaged Foods,79278209548.0000,0.0055,0.0025,0.0004,0.0374,0.0023,0.0022,0.0388,0.0395,0.0400,0.0117,0.0049,0.0387,0.0163
MDT,0.3604,0.3635,0.3707,0.3739,0.3758,0.3723,0.3700,0.3739,0.3729,0.3699,0.3711,0.3717,0.3764,0.3767,0.3714,Health Care,Biotechnology: Electromedical & Electrotherapeutic Apparatus,100913358170.0000,0.0032,0.0051,0.0016,-0.0007,0.0032,0.0022,-0.0008,0.0004,0.0010,0.0057,0.0060,0.0007,0.0103
MDU,0.3608,0.3669,0.2927,0.2972,0.2930,0.2961,0.3559,0.3055,0.2948,0.3568,0.3579,0.3595,0.2991,0.3002,0.3614,Industrials,Mining & Quarrying of Nonmetallic Minerals (No Fuels),4631573492.0000,0.0045,0.0003,0.0034,0.0632,0.0128,0.0021,0.0641,0.0652,0.0668,0.0064,0.0075,0.0687,-0.0681
MEC,0.1208,0.1288,0.1311,0.1376,0.1315,0.1274,0.1296,0.1310,0.1334,0.1297,0.1306,0.1229,0.1369,0.1240,0.1290,Industrials,Industrial Specialties,521572453.0000,0.0064,0.0003,-0.0037,-0.0016,-0.0002,0.0023,-0.0014,-0.0005,-0.0083,0.0058,-0.0071,-0.0022,0.0104
MDXG,0.0684,0.0709,0.1008,0.1012,0.1035,0.1029,0.1455,0.1047,0.1030,0.1471,0.1463,0.1463,0.1074,0.1035,0.1463,Health Care,Biotechnology: Pharmaceutical Preparations,539183546.0000,0.0003,0.0026,0.0020,0.0446,0.0039,0.0022,0.0462,0.0455,0.0454,0.0066,0.0026,0.0455,0.0324
MEDP,0.2264,0.2289,0.2365,0.2374,0.2420,0.2380,0.2843,0.2422,0.2394,0.2852,0.2849,0.2854,0.2429,0.2412,0.2857,Health Care,Biotechnology: Commercial Physical & Biological Resarch,12360633399.0000,0.0009,0.0055,0.0015,0.0478,0.0056,0.0028,0.0486,0.0483,0.0489,0.0064,0.0047,0.0492,0.0101
MEI,0.2795,0.2840,0.2892,0.2904,0.2955,0.2974,0.3489,0.2981,0.2923,0.3499,0.3511,0.3498,0.3019,0.2952,0.3510,Technology,Electrical Products,398237932.0000,0.0012,0.0063,0.0082,0.0597,0.0089,0.0031,0.0606,0.0619,0.0606,0.0127,0.0059,0.0617,0.0097
MET,0.5139,0.5136,0.4979,0.5079,0.4967,0.5190,0.4948,0.5314,0.5005,0.4972,0.5006,0.5007,0.5017,0.4973,0.4973,Finance,Life Insurance,54087295643.0000,0.0100,-0.0012,0.0211,-0.0032,0.0335,0.0025,-0.0008,0.0027,0.0028,0.0037,-0.0007,-0.0006,-0.0159
META,0.2903,0.3042,0.3579,0.3594,0.3589,0.3591,0.3885,0.3600,0.3597,0.3899,0.3898,0.3923,0.3617,0.3601,0.3888,Technology,Computer Software: Programming Data Processing,1549098205499.0000,0.0014,0.0010,0.0012,0.0306,0.0021,0.0017,0.0319,0.0319,0.0343,0.0038,0.0022,0.0309,0.0676
METC,0.1107,0.1167,0.1415,0.1508,0.1650,0.1428,0.1523,0.1436,0.1465,0.1522,0.1527,0.1622,0.1529,0.1673,0.1574,Energy,Coal Mining,907234093.0000,0.0092,0.0235,0.0013,0.0108,0.0021,0.0049,0.0107,0.0112,0.0207,0.0114,0.0257,0.0159,0.0308
MFA,0.2223,0.2326,0.2113,0.2207,0.2128,0.2159,0.2478,0.2192,0.2144,0.2500,0.2491,0.2500,0.2158,0.2176,0.2519,Real Estate,Real Estate Investment Trusts,960084392.0000,0.0094,0.0015,0.0046,0.0365,0.0079,0.0031,0.0387,0.0378,0.0387,0.0045,0.0063,0.0406,-0.0110
MFIC,0.3169,0.3237,0.2646,0.2676,0.2590,0.2911,0.3359,0.2682,0.2711,0.3388,0.3377,0.3388,0.2724,0.2667,0.3432,Finance,Finance/Investors Services,873149857.0000,0.0030,-0.0056,0.0265,0.0713,0.0036,0.0065,0.0742,0.0731,0.0742,0.0078,0.0021,0.0787,-0.0523
MG,0.1310,0.1395,0.1567,0.1582,0.1549,0.1598,0.1952,0.1602,0.1586,0.1962,0.1965,0.1959,0.1569,0.1581,0.1971,Consumer Discretionary,Military/Government/Technical,549792248.0000,0.0015,-0.0018,0.0031,0.0385,0.0035,0.0019,0.0395,0.0398,0.0392,0.0002,0.0014,0.0404,0.0257
MGEE,0.2882,0.2945,0.2131,0.2197,0.2123,0.2180,0.2595,0.2248,0.2156,0.2596,0.2614,0.2659,0.2265,0.2110,0.2604,Energy,Electric Utilities: Central,2795693457.0000,0.0066,-0.0009,0.0049,0.0464,0.0117,0.0025,0.0465,0.0483,0.0528,0.0134,-0.0021,0.0473,-0.0751
MGM,0.3363,0.3394,0.3581,0.3613,0.3673,0.3673,0.3876,0.3629,0.3607,0.3896,0.3899,0.3949,0.3799,0.3753,0.3946,Consumer Discretionary,Hotels/Resorts,9824687424.0000,0.0032,0.0092,0.0092,0.0296,0.0049,0.0026,0.0315,0.0319,0.0368,0.0218,0.0173,0.0365,0.0218
MGNI,0.1611,0.1640,0.1805,0.1823,0.1820,0.1853,0.2691,0.1835,0.1819,0.2709,0.2720,0.2717,0.1979,0.1877,0.2729,Technology,Computer Software: Programming Data Processing,1890438040.0000,0.0018,0.0015,0.0048,0.0886,0.0030,0.0014,0.0904,0.0915,0.0912,0.0174,0.0072,0.0924,0.0194
MGNX,0.1110,0.1193,0.1155,0.1168,0.1178,0.1185,0.1026,0.1170,0.1190,0.1043,0.1038,0.1055,0.1192,0.1223,0.1045,Health Care,Biotechnology: Pharmaceutical Preparations,287940947.0000,0.0013,0.0023,0.0030,-0.0129,0.0016,0.0035,-0.0112,-0.0117,-0.0100,0.0037,0.0068,-0.0110,0.0045
MGRB,0.2137,0.2330,0.2372,0.2401,0.2374,0.2400,0.2384,0.2731,0.2389,0.2388,0.2418,0.2381,0.2453,0.2425,0.2396,Finance,Investment Managers,473344970.0000,0.0029,0.0002,0.0029,0.0012,0.0359,0.0017,0.0016,0.0046,0.0009,0.0081,0.0053,0.0024,0.0235
MGPI,0.1081,0.1129,0.1016,0.1029,0.1014,0.1025,0.1420,0.1068,0.1031,0.1430,0.1426,0.1426,0.1033,0.1076,0.1432,Consumer Staples,Beverages (Production/Distribution),385750828.0000,0.0013,-0.0002,0.0009,0.0404,0.0051,0.0015,0.0414,0.0410,0.0409,0.0016,0.0060,0.0415,-0.0064
MGR,0.2360,0.2597,0.2616,0.2638,0.2659,0.2648,0.2500,0.2951,0.2676,0.2501,0.2518,0.2532,0.2685,0.2833,0.2535,Finance,Investment Managers,575628396.0000,0.0022,0.0043,0.0032,-0.0116,0.0335,0.0059,-0.0115,-0.0099,-0.0084,0.0069,0.0217,-0.0082,0.0257
MGRC,0.2961,0.3002,0.2601,0.2628,0.2610,0.2630,0.3337,0.2655,0.2620,0.3353,0.3355,0.3344,0.2632,0.2617,0.3348,Consumer Discretionary,Diversified Commercial Services,2703759642.0000,0.0027,0.0009,0.0029,0.0736,0.0053,0.0019,0.0752,0.0754,0.0742,0.0031,0.0016,0.0747,-0.0360
MGTX,0.1683,0.1748,0.1797,0.1813,0.1805,0.1826,0.1952,0.1812,0.1821,0.1953,0.1964,0.1997,0.1867,0.1898,0.1969,Health Care,Biotechnology: Biological Products (No Diagnostic Substances),855711928.0000,0.0016,0.0008,0.0029,0.0154,0.0015,0.0024,0.0155,0.0167,0.0199,0.0070,0.0101,0.0172,0.0114
MGY,0.2263,0.2312,0.3836,0.3917,0.3887,0.3876,0.4151,0.3879,0.3915,0.4155,0.4169,0.4241,0.3914,0.4062,0.4207,Energy,Oil & Gas Production,5407876859.0000,0.0080,0.0051,0.0040,0.0314,0.0043,0.0078,0.0319,0.0332,0.0405,0.0077,0.0226,0.0370,0.1573
MHD,0.0850,0.0939,0.1204,0.1232,0.1246,0.1267,0.1933,0.1538,0.1254,0.1930,0.1945,0.1943,0.1245,0.1290,0.1969,Finance,Investment Bankers/Brokers/Service,1694404545.0000,0.0028,0.0042,0.0063,0.0729,0.0334,0.0050,0.0726,0.0741,0.0739,0.0041,0.0086,0.0765,0.0353
MHK,0.3509,0.3585,0.3132,0.3143,0.3153,0.3200,0.3437,0.3169,0.3172,0.3484,0.3441,0.3498,0.3209,0.3151,0.3500,Consumer Discretionary,Home Furnishings,6241602048.0000,0.0011,0.0021,0.0069,0.0305,0.0038,0.0040,0.0352,0.0310,0.0366,0.0077,0.0020,0.0368,-0.0377
MHO,0.2816,0.2920,0.2868,0.2899,0.2934,0.2910,0.3883,0.2976,0.2919,0.3893,0.3893,0.3910,0.2973,0.2953,0.3926,Consumer Discretionary,Homebuilding,3322107950.0000,0.0030,0.0065,0.0042,0.1014,0.0108,0.0051,0.1025,0.1024,0.1041,0.0104,0.0085,0.1058,0.0053
MIDD,0.3296,0.3339,0.3227,0.3260,0.3297,0.3292,0.4108,0.3266,0.3258,0.4135,0.4116,0.4138,0.3370,0.3277,0.4166,Industrials,Industrial Machinery/Components,6695814713.0000,0.0032,0.0069,0.0065,0.0881,0.0038,0.0031,0.0907,0.0889,0.0910,0.0142,0.0050,0.0939,-0.0069
MIN,0.0696,0.0809,0.0936,0.0992,0.0955,0.0943,0.1215,0.1096,0.0960,0.1220,0.1216,0.1250,0.0965,0.0981,0.1209,Finance,Trusts Except Educational Religious and Charitable,281499539.0000,0.0056,0.0019,0.0007,0.0278,0.0160,0.0024,0.0284,0.0279,0.0313,0.0029,0.0045,0.0273,0.0240
MIR,0.2479,0.2492,0.2496,0.2505,0.2523,0.2542,0.2499,0.2514,0.2514,0.2502,0.2505,0.2522,0.2564,0.2614,0.2503,Industrials,Industrial Machinery/Components,4595212010.0000,0.0008,0.0027,0.0046,0.0003,0.0018,0.0018,0.0005,0.0009,0.0026,0.0067,0.0118,0.0007,0.0017
MIRM,0.0783,0.0813,0.0846,0.0854,0.0871,0.0861,0.0847,0.0864,0.0872,0.0852,0.0848,0.0860,0.0943,0.0987,0.0856,Health Care,Biotechnology: Pharmaceutical Preparations,6013968607.0000,0.0007,0.0024,0.0014,0.0000,0.0018,0.0025,0.0005,0.0001,0.0013,0.0097,0.0140,0.0009,0.0063
MITK,0.0898,0.0958,0.1400,0.1454,0.1437,0.1431,0.2392,0.1428,0.1411,0.2401,0.2448,0.2403,0.1519,0.1528,0.2410,Technology,Computer peripheral equipment,723896382.0000,0.0054,0.0036,0.0031,0.0991,0.0028,0.0010,0.1001,0.1048,0.1002,0.0118,0.0128,0.1010,0.0503
MIY,0.0893,0.0997,0.1304,0.1333,0.1383,0.1359,0.1997,0.1737,0.1330,0.1995,0.2075,0.1996,0.1393,0.1431,0.2036,Finance,Investment Bankers/Brokers/Service,1786637277.0000,0.0030,0.0079,0.0056,0.0693,0.0433,0.0026,0.0691,0.0771,0.0692,0.0089,0.0128,0.0733,0.0410
MKC,0.2687,0.2745,0.2213,0.2301,0.2225,0.2254,0.2088,0.2270,0.2239,0.2091,0.2113,0.2104,0.2282,0.2253,0.2108,Consumer Staples,Packaged Foods,12845053566.0000,0.0088,0.0012,0.0041,-0.0125,0.0058,0.0026,-0.0122,-0.0100,-0.0108,0.0069,0.0040,-0.0105,-0.0474
MKL,0.3431,0.3514,0.3635,0.3663,0.3659,0.3660,0.4210,0.3672,0.3660,0.4214,0.4216,0.4236,0.3672,0.3669,0.4219,Finance,Property-Casualty Insurers,23249096672.0000,0.0028,0.0024,0.0025,0.0575,0.0037,0.0026,0.0580,0.0582,0.0601,0.0037,0.0034,0.0584,0.0203
MKSI,0.4029,0.4072,0.4178,0.4196,0.4213,0.4223,0.4982,0.4197,0.4197,0.4989,0.5000,0.5002,0.4471,0.4268,0.5023,Industrials,Industrial Machinery/Components,21655998640.0000,0.0018,0.0035,0.0046,0.0804,0.0019,0.0019,0.0811,0.0822,0.0824,0.0293,0.0090,0.0845,0.0149
MKTW,0.0918,0.0908,0.0916,0.0955,0.0927,0.0936,0.0916,0.0945,0.0959,0.0922,0.0918,0.0931,0.1006,0.0945,0.1023,Technology,Computer Software: Prepackaged Software,281103716.0000,0.0040,0.0011,0.0020,0.0000,0.0029,0.0043,0.0007,0.0003,0.0015,0.0091,0.0029,0.0107,-0.0002
MKTX,0.2209,0.2234,0.1882,0.1938,0.1867,0.1904,0.2294,0.1959,0.1921,0.2307,0.2320,0.2384,0.1872,0.1874,0.2307,Finance,Investment Bankers/Brokers/Service,4873525190.0000,0.0057,-0.0015,0.0023,0.0412,0.0078,0.0039,0.0425,0.0439,0.0502,-0.0009,-0.0007,0.0425,-0.0327
MLAB,0.0930,0.1002,0.1385,0.1415,0.1470,0.1397,0.2070,0.1409,0.1413,0.2077,0.2096,0.2127,0.1442,0.1435,0.2083,Industrials,Industrial Machinery/Components,600215684.0000,0.0030,0.0085,0.0012,0.0686,0.0024,0.0028,0.0692,0.0711,0.0742,0.0057,0.0051,0.0698,0.0454
MLI,0.4003,0.4022,0.3559,0.3581,0.3668,0.3630,0.3886,0.3630,0.3587,0.3899,0.3889,0.3932,0.3699,0.3662,0.3901,Industrials,Metal Fabrications,14749014068.0000,0.0022,0.0109,0.0070,0.0327,0.0071,0.0028,0.0340,0.0330,0.0373,0.0140,0.0102,0.0341,-0.0444
MLKN,0.3350,0.3373,0.2750,0.2778,0.2747,0.2801,0.2767,0.2807,0.2793,0.2771,0.2781,0.2833,0.2811,0.2770,0.2820,Consumer Discretionary,Office Equipment/Supplies/Services,1056389609.0000,0.0029,-0.0003,0.0052,0.0017,0.0057,0.0043,0.0022,0.0031,0.0083,0.0062,0.0020,0.0070,-0.0601
MLM,0.3445,0.3466,0.3262,0.3289,0.3290,0.3323,0.4212,0.3320,0.3290,0.4214,0.4219,0.4219,0.3334,0.3281,0.4252,Industrials,Mining & Quarrying of Nonmetallic Minerals (No Fuels),32213424432.0000,0.0027,0.0027,0.0061,0.0949,0.0058,0.0027,0.0951,0.0956,0.0957,0.0071,0.0019,0.0990,-0.0182
MLP,0.0933,0.0981,0.1183,0.1183,0.1161,0.1192,0.1513,0.1182,0.1196,0.1514,0.1515,0.1502,0.1171,0.1231,0.1524,Finance,Real Estate,343657684.0000,-0.0000,-0.0021,0.0009,0.0330,-0.0001,0.0014,0.0331,0.0333,0.0319,-0.0012,0.0048,0.0341,0.0250
MLTX,0.0143,0.0160,0.0177,0.0174,0.0200,0.0179,0.0177,0.0185,0.0189,0.0180,0.0172,0.0238,0.0253,0.0202,0.0175,Health Care,Biotechnology: Pharmaceutical Preparations,1339064053.0000,-0.0003,0.0023,0.0002,0.0000,0.0008,0.0011,0.0002,-0.0005,0.0061,0.0076,0.0025,-0.0002,0.0034
MLR,0.2058,0.2131,0.1944,0.1971,0.2003,0.1968,0.2470,0.2012,0.1959,0.2484,0.2488,0.2490,0.2015,0.2016,0.2484,Consumer Discretionary,Construction/Ag Equipment/Trucks,530584537.0000,0.0027,0.0059,0.0024,0.0526,0.0068,0.0016,0.0541,0.0544,0.0546,0.0071,0.0072,0.0540,-0.0114
MMI,0.2637,0.2702,0.2882,0.2908,0.2932,0.2919,0.3930,0.2910,0.2902,0.3938,0.3944,0.3944,0.2929,0.2890,0.3972,Finance,Real Estate,1090402725.0000,0.0026,0.0050,0.0037,0.1048,0.0028,0.0020,0.1056,0.1062,0.1061,0.0047,0.0008,0.1090,0.0245
MMS,0.2907,0.2953,0.3105,0.3142,0.3135,0.3139,0.3579,0.3159,0.3140,0.3584,0.3587,0.3593,0.3147,0.3127,0.3582,Consumer Discretionary,Business Services,3213894005.0000,0.0037,0.0029,0.0034,0.0473,0.0053,0.0035,0.0479,0.0481,0.0488,0.0041,0.0021,0.0476,0.0198
MMM,0.4688,0.4720,0.3989,0.4008,0.3995,0.4007,0.3341,0.4050,0.4018,0.3347,0.3350,0.3359,0.4028,0.3972,0.3359,Health Care,Medical/Dental Instruments,79507713267.0000,0.0020,0.0006,0.0018,-0.0648,0.0061,0.0030,-0.0641,-0.0638,-0.0629,0.0040,-0.0016,-0.0629,-0.0699
MMSI,0.2105,0.2136,0.2074,0.2095,0.2110,0.2092,0.3018,0.2091,0.2094,0.3021,0.3043,0.3031,0.2124,0.2169,0.3033,Health Care,Medical/Dental Instruments,3828052045.0000,0.0021,0.0036,0.0018,0.0944,0.0017,0.0020,0.0947,0.0969,0.0957,0.0050,0.0095,0.0959,-0.0030
MNKD,0.0855,0.0873,0.0996,0.1028,0.1017,0.1025,0.1567,0.1006,0.1009,0.1581,0.1573,0.1585,0.1049,0.1106,0.1621,Health Care,Biotechnology: Pharmaceutical Preparations,1044251561.0000,0.0032,0.0022,0.0030,0.0571,0.0010,0.0013,0.0586,0.0577,0.0590,0.0054,0.0110,0.0625,0.0140
MNPR,0.0084,0.0168,0.0192,0.0200,0.0211,0.0204,0.0192,0.0224,0.0233,0.0196,0.0228,0.0208,0.0264,0.0262,0.0194,Health Care,Biotechnology: Pharmaceutical Preparations,422844793.0000,0.0008,0.0019,0.0012,0.0000,0.0032,0.0041,0.0004,0.0036,0.0016,0.0072,0.0070,0.0002,0.0108
MNRO,0.2067,0.2130,0.2225,0.2263,0.2239,0.2265,0.2411,0.2275,0.2272,0.2418,0.2433,0.2428,0.2218,0.2209,0.2442,Consumer Discretionary,Automotive Aftermarket,502829305.0000,0.0038,0.0015,0.0041,0.0187,0.0050,0.0048,0.0193,0.0208,0.0203,-0.0007,-0.0015,0.0218,0.0158
MO,0.2173,0.2239,0.1987,0.2046,0.2090,0.2018,0.2009,0.2030,0.2004,0.2018,0.2038,0.2029,0.2082,0.2075,0.2030,Health Care, Medicinal Chemicals and Botanical Products ,123404962267.0000,0.0059,0.0103,0.0031,0.0022,0.0043,0.0017,0.0031,0.0051,0.0042,0.0095,0.0088,0.0043,-0.0186
MNST,0.2326,0.2397,0.3025,0.3048,0.3092,0.3040,0.4359,0.3046,0.3036,0.4366,0.4358,0.4368,0.3096,0.3085,0.4365,Consumer Staples,Beverages (Production/Distribution),84881323867.0000,0.0023,0.0067,0.0015,0.1334,0.0021,0.0011,0.1341,0.1333,0.1343,0.0071,0.0060,0.1340,0.0699
MOD,0.2718,0.2737,0.2190,0.2225,0.2244,0.2286,0.2314,0.2254,0.2205,0.2340,0.2333,0.2325,0.2308,0.2188,0.2361,Consumer Discretionary,Auto Parts:O.E.M.,13737531442.0000,0.0035,0.0054,0.0096,0.0124,0.0064,0.0015,0.0150,0.0143,0.0135,0.0118,-0.0002,0.0171,-0.0528
MOH,0.1819,0.1835,0.1829,0.1851,0.1917,0.1856,0.2139,0.1845,0.1857,0.2142,0.2156,0.2210,0.1928,0.1908,0.2144,Health Care,Medical Specialities,9593694000.0000,0.0022,0.0088,0.0027,0.0310,0.0016,0.0028,0.0313,0.0327,0.0381,0.0099,0.0079,0.0315,0.0010
MORN,0.3062,0.3088,0.3274,0.3294,0.3303,0.3293,0.3973,0.3300,0.3293,0.3980,0.3984,0.4006,0.3336,0.3320,0.3983,Finance,Investment Managers,6831353154.0000,0.0020,0.0029,0.0019,0.0698,0.0026,0.0018,0.0705,0.0709,0.0731,0.0061,0.0045,0.0708,0.0212
MP,0.2549,0.2575,0.2640,0.2699,0.2860,0.2703,0.2641,0.2653,0.2659,0.2659,0.2651,0.2673,0.3429,0.3182,0.2716,Basic Materials,Metal Mining,11475310883.0000,0.0059,0.0220,0.0062,0.0000,0.0013,0.0019,0.0018,0.0011,0.0033,0.0789,0.0542,0.0076,0.0091
MOS,0.2684,0.2738,0.2818,0.2865,0.2983,0.2870,0.2780,0.2924,0.2885,0.2788,0.2792,0.2983,0.3200,0.3136,0.2853,Industrials,Agricultural Chemicals,7154727956.0000,0.0047,0.0165,0.0052,-0.0038,0.0106,0.0067,-0.0030,-0.0026,0.0165,0.0382,0.0318,0.0035,0.0134
MOV,0.2176,0.2198,0.1754,0.1814,0.1728,0.1949,0.2447,0.1792,0.1777,0.2470,0.2464,0.2467,0.1769,0.1755,0.2499,Consumer Discretionary,Consumer Specialties,632364779.0000,0.0060,-0.0026,0.0195,0.0693,0.0038,0.0023,0.0716,0.0710,0.0713,0.0015,0.0001,0.0745,-0.0422
MPB,0.0728,0.0755,0.1454,0.1511,0.1521,0.1494,0.2470,0.1497,0.1489,0.2486,0.2492,0.2480,0.1557,0.1523,0.2478,Finance,Major Banks,819908874.0000,0.0057,0.0067,0.0040,0.1016,0.0043,0.0035,0.1032,0.1038,0.1026,0.0103,0.0069,0.1024,0.0726
MPC,0.2648,0.2771,0.3653,0.3691,0.3703,0.3736,0.3995,0.3712,0.3687,0.3999,0.4013,0.4018,0.3752,0.3801,0.4063,Energy,Integrated oil Companies,74341664103.0000,0.0038,0.0050,0.0083,0.0342,0.0059,0.0034,0.0346,0.0360,0.0365,0.0099,0.0148,0.0410,0.1005
MPLX,0.1606,0.1667,0.2528,0.2575,0.2568,0.2594,0.2924,0.2558,0.2572,0.2927,0.2935,0.2952,0.2606,0.2751,0.2951,Energy,Natural Gas Distribution,57302013112.0000,0.0047,0.0040,0.0066,0.0396,0.0030,0.0044,0.0399,0.0407,0.0425,0.0078,0.0224,0.0423,0.0922
MPT,0.3132,0.3147,0.2502,0.2563,0.2509,0.2539,0.3190,0.2653,0.2528,0.3206,0.3200,0.3226,0.2549,0.2506,0.3208,Real Estate,Real Estate Investment Trusts,3038348000.0000,0.0062,0.0007,0.0037,0.0688,0.0151,0.0026,0.0704,0.0699,0.0725,0.0047,0.0005,0.0706,-0.0630
MPWR,0.3653,0.3745,0.4430,0.4458,0.4550,0.4481,0.4950,0.4474,0.4442,0.4965,0.4967,0.4974,0.4821,0.4575,0.4977,Technology,Semiconductors,78107365300.0000,0.0028,0.0120,0.0052,0.0521,0.0045,0.0012,0.0536,0.0538,0.0544,0.0391,0.0146,0.0548,0.0777
MQY,0.0949,0.1047,0.1323,0.1358,0.1369,0.1434,0.1976,0.1686,0.1366,0.1986,0.2009,0.1991,0.1404,0.1424,0.2014,Finance,Investment Bankers/Brokers/Service,1660189176.0000,0.0034,0.0045,0.0110,0.0653,0.0362,0.0043,0.0663,0.0686,0.0668,0.0080,0.0100,0.0691,0.0374
MRAM,0.1091,0.1121,0.1184,0.1246,0.1213,0.1241,0.1531,0.1196,0.1192,0.1542,0.1540,0.1530,0.1346,0.1295,0.1615,Technology,Semiconductors,789714393.0000,0.0062,0.0028,0.0057,0.0347,0.0011,0.0008,0.0358,0.0355,0.0346,0.0161,0.0110,0.0431,0.0093
MRCY,0.2107,0.2135,0.2090,0.2097,0.2136,0.2099,0.2388,0.2107,0.2128,0.2393,0.2398,0.2433,0.2137,0.2143,0.2404,Technology,Electrical Products,5917265540.0000,0.0007,0.0046,0.0009,0.0298,0.0017,0.0038,0.0303,0.0308,0.0343,0.0047,0.0053,0.0314,-0.0017
MRK,0.2746,0.2773,0.2433,0.2444,0.2481,0.2439,0.1789,0.2453,0.2445,0.1799,0.1787,0.1792,0.2575,0.2487,0.1792,Health Care,Biotechnology: Pharmaceutical Preparations,302331206640.0000,0.0011,0.0049,0.0006,-0.0643,0.0020,0.0013,-0.0634,-0.0646,-0.0641,0.0142,0.0055,-0.0640,-0.0314
MRNA,0.0888,0.0940,0.1074,0.1101,0.1091,0.1087,0.1193,0.1083,0.1111,0.1200,0.1200,0.1195,0.1148,0.1092,0.1217,Health Care,Biotechnology: Biological Products (No Diagnostic Substances),18601339822.0000,0.0027,0.0017,0.0013,0.0119,0.0008,0.0037,0.0126,0.0125,0.0121,0.0074,0.0018,0.0142,0.0186
MRSH,0.4782,0.4803,0.4843,0.4857,0.4886,0.4868,0.4977,0.4867,0.4867,0.4978,0.4983,0.4986,0.4908,0.4879,0.4985,Finance,Specialty Insurers,79067295559.0000,0.0014,0.0043,0.0024,0.0133,0.0024,0.0023,0.0135,0.0140,0.0143,0.0065,0.0036,0.0142,0.0061
MRVI,0.1032,0.1078,0.1313,0.1329,0.1326,0.1312,0.1314,0.1306,0.1348,0.1318,0.1371,0.1305,0.1479,0.1327,0.1308,Health Care,Biotechnology: Pharmaceutical Preparations,1136037074.0000,0.0016,0.0013,-0.0001,0.0001,-0.0007,0.0035,0.0006,0.0058,-0.0008,0.0166,0.0014,-0.0005,0.0281
MRTN,0.2371,0.2374,0.2142,0.2178,0.2167,0.2172,0.2320,0.2210,0.2165,0.2321,0.2323,0.2342,0.2213,0.2166,0.2335,Industrials,Trucking Freight/Courier Services,1361722663.0000,0.0035,0.0025,0.0030,0.0177,0.0068,0.0022,0.0178,0.0181,0.0200,0.0071,0.0024,0.0193,-0.0229
MRVL,0.3041,0.3142,0.3569,0.3588,0.3677,0.3605,0.4528,0.3608,0.3585,0.4539,0.4538,0.4534,0.3839,0.3716,0.4543,Technology,Semiconductors,171897354455.0000,0.0019,0.0107,0.0036,0.0958,0.0038,0.0015,0.0970,0.0969,0.0965,0.0270,0.0147,0.0974,0.0528
MS,0.5162,0.5193,0.5384,0.5484,0.5433,0.5540,0.5204,0.5579,0.5406,0.5222,0.5221,0.5241,0.5471,0.5449,0.5248,Finance,Investment Bankers/Brokers/Service,317081566762.0000,0.0101,0.0049,0.0156,-0.0180,0.0195,0.0023,-0.0162,-0.0163,-0.0143,0.0087,0.0065,-0.0136,0.0222
MSA,0.3750,0.3806,0.3236,0.3265,0.3276,0.3293,0.3585,0.3304,0.3248,0.3601,0.3596,0.3594,0.3305,0.3283,0.3601,Health Care,Industrial Specialties,6599369015.0000,0.0029,0.0040,0.0057,0.0349,0.0068,0.0012,0.0365,0.0360,0.0358,0.0069,0.0047,0.0365,-0.0514
MSBI,0.2251,0.2306,0.2503,0.2579,0.2577,0.2602,0.2613,0.2730,0.2537,0.2622,0.2661,0.2638,0.2558,0.2587,0.2658,Finance,Major Banks,572764346.0000,0.0077,0.0075,0.0100,0.0110,0.0228,0.0034,0.0119,0.0159,0.0135,0.0055,0.0085,0.0155,0.0251
MSB,0.1658,0.1715,0.1420,0.1468,0.1541,0.1444,0.1599,0.1449,0.1469,0.1603,0.1595,0.1641,0.1541,0.1545,0.1614,Industrials,Precious Metals,334035455.0000,0.0048,0.0121,0.0024,0.0178,0.0028,0.0049,0.0183,0.0175,0.0220,0.0120,0.0125,0.0194,-0.0238
MSCI,0.4020,0.4075,0.4620,0.4654,0.4653,0.4651,0.4978,0.4680,0.4630,0.4986,0.4984,0.5015,0.4677,0.4639,0.4987,Consumer Discretionary,Business Services,42846440000.0000,0.0034,0.0033,0.0031,0.0358,0.0060,0.0010,0.0366,0.0364,0.0395,0.0057,0.0019,0.0367,0.0600
MSFT,0.4844,0.4854,0.5655,0.5674,0.5730,0.5663,0.6301,0.5704,0.5668,0.6303,0.6311,0.6310,0.5727,0.5727,0.6312,Technology,Computer Software: Prepackaged Software,3109319914053.0000,0.0019,0.0075,0.0008,0.0646,0.0049,0.0013,0.0648,0.0656,0.0654,0.0072,0.0072,0.0657,0.0811
MSEX,0.2315,0.2389,0.1773,0.1836,0.1817,0.1786,0.2228,0.1838,0.1803,0.2239,0.2233,0.2240,0.1825,0.1794,0.2245,Utilities,Water Supply,970513784.0000,0.0063,0.0044,0.0014,0.0455,0.0065,0.0031,0.0466,0.0460,0.0467,0.0053,0.0021,0.0472,-0.0542
MSGS,0.2020,0.2064,0.2253,0.2311,0.2297,0.2288,0.2515,0.2289,0.2296,0.2518,0.2549,0.2532,0.2290,0.2311,0.2560,Consumer Discretionary,Services-Misc. Amusement & Recreation,8519811984.0000,0.0057,0.0044,0.0035,0.0262,0.0036,0.0043,0.0265,0.0296,0.0279,0.0037,0.0058,0.0307,0.0234
MSI,0.3315,0.3388,0.3530,0.3550,0.3600,0.3562,0.4484,0.3560,0.3542,0.4487,0.4505,0.4497,0.3591,0.3585,0.4498,Technology,Radio And Television Broadcasting And Communications Equipment,67075494775.0000,0.0019,0.0070,0.0031,0.0953,0.0030,0.0012,0.0956,0.0974,0.0966,0.0061,0.0055,0.0967,0.0216
MSM,0.3446,0.3457,0.3132,0.3155,0.3204,0.3192,0.3515,0.3193,0.3152,0.3524,0.3520,0.3550,0.3273,0.3176,0.3527,Industrials,Industrial Machinery/Components,5946354122.0000,0.0023,0.0072,0.0060,0.0382,0.0061,0.0020,0.0391,0.0388,0.0418,0.0141,0.0044,0.0394,-0.0313
MSTR,0.2317,0.2348,0.2243,0.2262,0.2284,0.2287,0.2538,0.2280,0.2260,0.2548,0.2546,0.2561,0.2409,0.2382,0.2561,Technology,Computer Software: Prepackaged Software,56033110254.0000,0.0018,0.0041,0.0044,0.0294,0.0037,0.0016,0.0304,0.0302,0.0318,0.0166,0.0139,0.0318,-0.0074
MTB,0.4068,0.4068,0.3834,0.3969,0.3830,0.3999,0.3410,0.4174,0.3853,0.3413,0.3461,0.3430,0.3874,0.3835,0.3439,Finance,Major Banks,31219157891.0000,0.0136,-0.0004,0.0165,-0.0423,0.0340,0.0019,-0.0420,-0.0372,-0.0404,0.0041,0.0001,-0.0395,-0.0234
MTCH,0.2312,0.2353,0.2295,0.2330,0.2259,0.2336,0.2911,0.2309,0.2359,0.2910,0.2929,0.2924,0.2428,0.2296,0.2937,Technology,Computer Software: Programming Data Processing,8350941631.0000,0.0035,-0.0036,0.0041,0.0616,0.0013,0.0064,0.0615,0.0634,0.0628,0.0132,0.0000,0.0642,-0.0017
MTDR,0.2083,0.2139,0.4381,0.4407,0.4424,0.4439,0.4583,0.4404,0.4446,0.4587,0.4620,0.4635,0.4509,0.4604,0.4612,Energy,Oil & Gas Production,7033454777.0000,0.0025,0.0043,0.0058,0.0202,0.0023,0.0065,0.0206,0.0239,0.0254,0.0128,0.0223,0.0231,0.2299
MTG,0.2845,0.2915,0.3234,0.3276,0.3280,0.3321,0.4017,0.3313,0.3249,0.4028,0.4055,0.4032,0.3267,0.3258,0.4080,Finance,Property-Casualty Insurers,5498746968.0000,0.0043,0.0047,0.0087,0.0783,0.0079,0.0015,0.0795,0.0821,0.0798,0.0033,0.0024,0.0847,0.0388
MTH,0.3004,0.3063,0.2956,0.2987,0.2992,0.2984,0.3807,0.3033,0.2989,0.3815,0.3819,0.3856,0.3047,0.3001,0.3832,Consumer Discretionary,Homebuilding,4284297272.0000,0.0031,0.0035,0.0028,0.0850,0.0077,0.0033,0.0859,0.0863,0.0900,0.0090,0.0045,0.0875,-0.0048
MTN,0.3083,0.3129,0.2745,0.2846,0.2756,0.2826,0.3180,0.2794,0.2803,0.3210,0.3202,0.3217,0.2786,0.2761,0.3207,Consumer Discretionary,Services-Misc. Amusement & Recreation,4547489969.0000,0.0101,0.0011,0.0081,0.0435,0.0049,0.0058,0.0465,0.0457,0.0472,0.0041,0.0016,0.0462,-0.0338
MTRN,0.3090,0.3092,0.2714,0.2785,0.2828,0.2754,0.3195,0.2776,0.2739,0.3206,0.3204,0.3225,0.2909,0.2864,0.3236,Industrials,Industrial Specialties,4473151334.0000,0.0070,0.0113,0.0040,0.0480,0.0062,0.0025,0.0492,0.0489,0.0511,0.0194,0.0149,0.0521,-0.0375
MTRX,0.2390,0.2430,0.1833,0.1863,0.1854,0.1845,0.1792,0.1853,0.1851,0.1809,0.1793,0.1785,0.1836,0.1883,0.1858,Consumer Discretionary,Engineering & Construction,358143911.0000,0.0030,0.0021,0.0012,-0.0041,0.0020,0.0018,-0.0023,-0.0039,-0.0048,0.0003,0.0050,0.0025,-0.0557
MTSI,0.2492,0.2529,0.3044,0.3065,0.3076,0.3090,0.4426,0.3048,0.3081,0.4434,0.4439,0.4461,0.3331,0.3175,0.4458,Technology,Semiconductors,29448642849.0000,0.0022,0.0032,0.0047,0.1382,0.0005,0.0038,0.1390,0.1395,0.1417,0.0287,0.0132,0.1415,0.0552
MTUS,0.1889,0.1917,0.2208,0.2250,0.2425,0.2251,0.2442,0.2294,0.2238,0.2453,0.2449,0.2531,0.2455,0.2471,0.2494,Industrials,Steel/Iron Ore,795507373.0000,0.0043,0.0218,0.0043,0.0235,0.0086,0.0031,0.0245,0.0241,0.0323,0.0247,0.0263,0.0286,0.0319
MTW,0.3549,0.3551,0.3125,0.3207,0.3188,0.3234,0.3128,0.3276,0.3147,0.3148,0.3148,0.3181,0.3349,0.3206,0.3205,Industrials,Construction/Ag Equipment/Trucks,415473887.0000,0.0082,0.0062,0.0109,0.0002,0.0151,0.0022,0.0023,0.0023,0.0055,0.0224,0.0081,0.0080,-0.0424
MTX,0.4495,0.4561,0.4061,0.4095,0.4191,0.4131,0.4164,0.4137,0.4078,0.4187,0.4180,0.4210,0.4285,0.4149,0.4272,Basic Materials,Major Chemicals,2381160684.0000,0.0034,0.0130,0.0070,0.0103,0.0076,0.0017,0.0126,0.0119,0.0149,0.0225,0.0088,0.0211,-0.0435
MTZ,0.2703,0.2740,0.2809,0.2843,0.2878,0.2889,0.3250,0.2882,0.2821,0.3261,0.3265,0.3302,0.2994,0.2969,0.3270,Industrials,Water Sewer Pipeline Comm & Power Line Construction,30193780433.0000,0.0034,0.0069,0.0080,0.0441,0.0073,0.0012,0.0452,0.0456,0.0493,0.0186,0.0160,0.0461,0.0106
MU,0.3332,0.3351,0.3583,0.3596,0.3640,0.3639,0.4376,0.3609,0.3591,0.4386,0.4385,0.4394,0.3842,0.3674,0.4411,Technology,Semiconductors,846928272301.0000,0.0013,0.0057,0.0056,0.0793,0.0026,0.0008,0.0803,0.0802,0.0811,0.0259,0.0091,0.0828,0.0251
MUA,0.0782,0.0856,0.1052,0.1093,0.1090,0.1111,0.1622,0.1392,0.1091,0.1638,0.1637,0.1681,0.1163,0.1246,0.1668,Finance,Investment Bankers/Brokers/Service,1567956444.0000,0.0041,0.0038,0.0059,0.0571,0.0340,0.0039,0.0586,0.0586,0.0629,0.0111,0.0194,0.0616,0.0269
MUC,0.0961,0.1068,0.1403,0.1440,0.1524,0.1459,0.2180,0.1871,0.1418,0.2186,0.2205,0.2218,0.1476,0.1524,0.2235,Finance,Investment Bankers/Brokers/Service,1579857442.0000,0.0036,0.0120,0.0055,0.0776,0.0468,0.0015,0.0783,0.0802,0.0815,0.0073,0.0120,0.0832,0.0443
MUJ,0.0884,0.0981,0.1298,0.1331,0.1390,0.1365,0.2018,0.1789,0.1337,0.2016,0.2059,0.2019,0.1460,0.1433,0.2077,Finance,Investment Bankers/Brokers/Service,1805976398.0000,0.0033,0.0092,0.0067,0.0720,0.0492,0.0040,0.0719,0.0761,0.0722,0.0163,0.0136,0.0780,0.0413
MUR,0.3335,0.3327,0.4256,0.4327,0.4328,0.4323,0.4401,0.4296,0.4336,0.4404,0.4423,0.4469,0.4356,0.4529,0.4453,Energy,Oil & Gas Production,5447283888.0000,0.0072,0.0072,0.0068,0.0145,0.0040,0.0080,0.0148,0.0167,0.0213,0.0100,0.0274,0.0198,0.0921
MVST,0.0598,0.0600,0.0620,0.0636,0.0657,0.0648,0.0638,0.0633,0.0644,0.0658,0.0690,0.0642,0.0922,0.0882,0.0656,Miscellaneous,Industrial Machinery/Components,486409781.0000,0.0016,0.0037,0.0028,0.0017,0.0013,0.0024,0.0038,0.0070,0.0022,0.0302,0.0261,0.0036,0.0022
MUSA,0.1473,0.1528,0.1713,0.1718,0.1745,0.1724,0.1768,0.1725,0.1762,0.1772,0.1800,0.1808,0.1759,0.1762,0.1788,Consumer Discretionary,Retail-Auto Dealers and Gas Stations,10024779577.0000,0.0004,0.0032,0.0011,0.0055,0.0012,0.0049,0.0059,0.0087,0.0095,0.0046,0.0049,0.0075,0.0240
MVBF,0.0770,0.0856,0.1152,0.1214,0.1263,0.1203,0.1981,0.1207,0.1160,0.1975,0.1986,0.2007,0.1154,0.1153,0.2010,Finance,Major Banks,331270448.0000,0.0061,0.0111,0.0050,0.0829,0.0055,0.0007,0.0823,0.0833,0.0855,0.0002,0.0001,0.0857,0.0383
MWA,0.3162,0.3217,0.3475,0.3494,0.3535,0.3540,0.4126,0.3515,0.3493,0.4130,0.4149,0.4149,0.3646,0.3590,0.4141,Industrials,Metal Fabrications,3960283009.0000,0.0019,0.0060,0.0065,0.0651,0.0040,0.0017,0.0655,0.0674,0.0674,0.0171,0.0115,0.0666,0.0313
MXL,0.2244,0.2286,0.2679,0.2702,0.2743,0.2708,0.3903,0.2718,0.2698,0.3925,0.3911,0.3918,0.2955,0.2781,0.3942,Technology,Semiconductors,8879377294.0000,0.0023,0.0064,0.0028,0.1224,0.0039,0.0019,0.1246,0.1232,0.1238,0.0276,0.0102,0.1263,0.0435
MYE,0.2428,0.2470,0.1852,0.1873,0.1853,0.1836,0.2358,0.1932,0.1863,0.2338,0.2340,0.2370,0.1869,0.1875,0.2383,Industrials,Plastic Products,836777134.0000,0.0021,0.0001,-0.0016,0.0506,0.0080,0.0011,0.0486,0.0488,0.0518,0.0017,0.0023,0.0531,-0.0576
MYFW,0.1200,0.1344,0.1401,0.1445,0.1411,0.1445,0.1621,0.1464,0.1412,0.1628,0.1662,0.1627,0.1399,0.1431,0.1636,Finance,Major Banks,276399981.0000,0.0043,0.0010,0.0044,0.0219,0.0062,0.0010,0.0226,0.0261,0.0225,-0.0003,0.0030,0.0234,0.0201
MYGN,0.1485,0.1519,0.1568,0.1591,0.1582,0.1588,0.2421,0.1575,0.1591,0.2428,0.2452,0.2455,0.1617,0.1610,0.2443,Health Care,Biotechnology: In Vitro & In Vivo Diagnostic Substances,360792162.0000,0.0022,0.0013,0.0020,0.0852,0.0007,0.0023,0.0860,0.0884,0.0887,0.0049,0.0042,0.0875,0.0083
MYI,0.0994,0.1128,0.1524,0.1601,0.1649,0.1623,0.2087,0.2004,0.1551,0.2103,0.2125,0.2100,0.1623,0.1629,0.2120,Finance,Investment Bankers/Brokers/Service,1588783190.0000,0.0077,0.0124,0.0098,0.0562,0.0479,0.0027,0.0579,0.0601,0.0576,0.0099,0.0105,0.0596,0.0531
MYRG,0.2141,0.2181,0.2251,0.2271,0.2279,0.2290,0.3000,0.2295,0.2276,0.3008,0.3009,0.3042,0.2294,0.2397,0.3003,Industrials,Water Sewer Pipeline Comm & Power Line Construction,6958695988.0000,0.0020,0.0027,0.0039,0.0749,0.0044,0.0024,0.0757,0.0758,0.0791,0.0043,0.0146,0.0752,0.0110
MZTI,0.2337,0.2362,0.1891,0.1928,0.1858,0.1905,0.1990,0.1932,0.1919,0.1990,0.1992,0.2001,0.1868,0.1845,0.1991,Consumer Staples,Packaged Foods,3153530000.0000,0.0037,-0.0034,0.0014,0.0099,0.0041,0.0027,0.0098,0.0101,0.0110,-0.0024,-0.0046,0.0100,-0.0445
NAGE,0.0458,0.0538,0.0880,0.0889,0.0921,0.0916,0.1371,0.0908,0.0921,0.1385,0.1394,0.1439,0.0975,0.1069,0.1381,Health Care, Medicinal Chemicals and Botanical Products ,291498237.0000,0.0009,0.0041,0.0037,0.0491,0.0028,0.0042,0.0505,0.0514,0.0559,0.0095,0.0190,0.0501,0.0422
NAN,0.0887,0.0975,0.1308,0.1373,0.1373,0.1407,0.1974,0.1703,0.1337,0.1980,0.2004,0.2003,0.1378,0.1432,0.2049,Finance,Investment Managers,3405194476.0000,0.0065,0.0065,0.0098,0.0665,0.0395,0.0029,0.0672,0.0695,0.0695,0.0070,0.0124,0.0741,0.0422
NATH,0.0742,0.0805,0.1175,0.1206,0.1226,0.1197,0.1671,0.1204,0.1196,0.1682,0.1680,0.1716,0.1218,0.1250,0.1685,Consumer Discretionary,Restaurants,413821513.0000,0.0030,0.0051,0.0022,0.0496,0.0029,0.0020,0.0507,0.0504,0.0541,0.0042,0.0075,0.0509,0.0433
NATR,0.1236,0.1284,0.1356,0.1363,0.1382,0.1375,0.1736,0.1386,0.1374,0.1743,0.1747,0.1759,0.1436,0.1422,0.1761,Health Care,Biotechnology: Pharmaceutical Preparations,384229431.0000,0.0007,0.0027,0.0020,0.0381,0.0031,0.0018,0.0388,0.0391,0.0403,0.0081,0.0067,0.0405,0.0120
NAUT,0.1380,0.1391,0.1396,0.1468,0.1418,0.1447,0.1404,0.1432,0.1443,0.1414,0.1411,0.1426,0.1519,0.1606,0.1424,Industrials,Biotechnology: Laboratory Analytical Instruments,322780292.0000,0.0072,0.0022,0.0051,0.0008,0.0036,0.0046,0.0018,0.0015,0.0030,0.0122,0.0209,0.0028,0.0016
NAVI,0.2600,0.2644,0.2748,0.2786,0.2777,0.2829,0.3284,0.2817,0.2766,0.3294,0.3305,0.3301,0.2813,0.2803,0.3345,Finance,Investment Bankers/Brokers/Service,793191065.0000,0.0038,0.0028,0.0081,0.0536,0.0069,0.0018,0.0546,0.0557,0.0553,0.0065,0.0055,0.0597,0.0149
NBHC,0.2336,0.2436,0.2696,0.2807,0.2742,0.2838,0.2949,0.2945,0.2718,0.2958,0.2991,0.2979,0.2720,0.2722,0.2991,Finance,Major Banks,1916529501.0000,0.0111,0.0046,0.0142,0.0253,0.0249,0.0022,0.0262,0.0295,0.0283,0.0024,0.0026,0.0296,0.0360
NBIX,0.1650,0.1697,0.1567,0.1582,0.1618,0.1580,0.1459,0.1580,0.1642,0.1466,0.1496,0.1467,0.1626,0.1647,0.1461,Health Care,Biotechnology: Biological Products (No Diagnostic Substances),15756182336.0000,0.0015,0.0051,0.0012,-0.0109,0.0013,0.0075,-0.0102,-0.0071,-0.0100,0.0058,0.0080,-0.0106,-0.0083
NBN,0.0520,0.0570,0.1043,0.1059,0.1056,0.1052,0.1631,0.1108,0.1066,0.1630,0.1675,0.1620,0.1044,0.1102,0.1663,Finance,Major Banks,1004055000.0000,0.0016,0.0013,0.0010,0.0589,0.0065,0.0024,0.0588,0.0633,0.0577,0.0001,0.0059,0.0620,0.0523
NBTB,0.3747,0.3801,0.3193,0.3256,0.3185,0.3311,0.2863,0.3475,0.3223,0.2874,0.2896,0.2888,0.3184,0.3199,0.2878,Finance,Major Banks,2388829956.0000,0.0063,-0.0008,0.0118,-0.0330,0.0283,0.0030,-0.0319,-0.0297,-0.0305,-0.0009,0.0006,-0.0315,-0.0554
NC,0.2279,0.2288,0.1542,0.1550,0.1536,0.1576,0.1782,0.1578,0.1574,0.1784,0.1797,0.1818,0.1552,0.1522,0.1837,Energy,Coal Mining,369414484.0000,0.0008,-0.0007,0.0033,0.0240,0.0035,0.0031,0.0242,0.0255,0.0276,0.0010,-0.0021,0.0294,-0.0736
NCLH,0.2505,0.2583,0.3053,0.3107,0.3108,0.3149,0.2998,0.3119,0.3092,0.3007,0.3020,0.3123,0.3241,0.3188,0.3112,Consumer Discretionary,Marine Transportation,7483495282.0000,0.0054,0.0055,0.0097,-0.0055,0.0067,0.0039,-0.0046,-0.0032,0.0071,0.0188,0.0135,0.0059,0.0548
NCNO,0.2219,0.2269,0.2286,0.2328,0.2332,0.2320,0.2287,0.2362,0.2322,0.2299,0.2296,0.2333,0.2563,0.2499,0.2300,Technology,Computer Software: Prepackaged Software,1748329190.0000,0.0042,0.0046,0.0034,0.0002,0.0076,0.0036,0.0013,0.0010,0.0047,0.0277,0.0214,0.0015,0.0067
NCMI,0.1789,0.1855,0.1321,0.1327,0.1359,0.1368,0.1356,0.1413,0.1326,0.1359,0.1392,0.1436,0.1330,0.1369,0.1422,Consumer Discretionary,Advertising,280403064.0000,0.0006,0.0038,0.0047,0.0035,0.0092,0.0005,0.0038,0.0071,0.0115,0.0008,0.0048,0.0101,-0.0468
NCV,0.3094,0.3212,0.3333,0.3349,0.3374,0.3419,0.4430,0.3439,0.3351,0.4440,0.4434,0.4442,0.3526,0.3521,0.4537,Finance,Finance Companies,1554425387.0000,0.0016,0.0041,0.0086,0.1097,0.0106,0.0018,0.1107,0.1101,0.1109,0.0193,0.0188,0.1204,0.0239
NCZ,0.3169,0.3320,0.3499,0.3514,0.3540,0.3587,0.4942,0.3606,0.3514,0.4948,0.4945,0.4951,0.3667,0.3656,0.5006,Finance,Finance Companies,1178271795.0000,0.0015,0.0041,0.0088,0.1443,0.0107,0.0014,0.1449,0.1446,0.1451,0.0168,0.0157,0.1506,0.0330
NDAQ,0.4073,0.4078,0.4157,0.4186,0.4198,0.4166,0.4783,0.4180,0.4183,0.4795,0.4797,0.4827,0.4185,0.4179,0.4786,Finance,Investment Bankers/Brokers/Service,51469868026.0000,0.0029,0.0041,0.0009,0.0626,0.0023,0.0026,0.0638,0.0640,0.0670,0.0028,0.0023,0.0629,0.0084
NDSN,0.4395,0.4459,0.4340,0.4357,0.4403,0.4376,0.4843,0.4359,0.4369,0.4851,0.4849,0.4849,0.4493,0.4430,0.4850,Industrials,Industrial Machinery/Components,16171665060.0000,0.0017,0.0062,0.0035,0.0503,0.0019,0.0028,0.0510,0.0508,0.0508,0.0153,0.0090,0.0510,-0.0055
NECB,0.0359,0.0444,0.0582,0.0603,0.0641,0.0597,0.0890,0.0581,0.0590,0.0908,0.0882,0.0892,0.0562,0.0628,0.0939,Finance,Banks,331431614.0000,0.0021,0.0059,0.0015,0.0308,-0.0001,0.0008,0.0325,0.0300,0.0310,-0.0020,0.0045,0.0357,0.0223
NEE,0.2867,0.2919,0.2619,0.2750,0.2693,0.2678,0.3476,0.2858,0.2644,0.3478,0.3508,0.3483,0.2706,0.2655,0.3484,Technology,EDP Services,184656985929.0000,0.0131,0.0075,0.0059,0.0857,0.0240,0.0026,0.0860,0.0890,0.0864,0.0088,0.0037,0.0866,-0.0248
NEM,0.1418,0.1473,0.1496,0.4178,0.1643,0.1529,0.1667,0.1614,0.1531,0.1734,0.1825,0.1716,0.1518,0.1742,0.1767,Basic Materials,Precious Metals,114911379517.0000,0.2682,0.0147,0.0033,0.0171,0.0118,0.0035,0.0238,0.0329,0.0219,0.0021,0.0245,0.0271,0.0078
NEO,0.0983,0.1003,0.1622,0.1640,0.1700,0.1628,0.2411,0.1633,0.1639,0.2434,0.2424,0.2433,0.1859,0.1735,0.2450,Health Care,Precision Instruments,1201854729.0000,0.0017,0.0078,0.0006,0.0789,0.0011,0.0017,0.0811,0.0802,0.0811,0.0237,0.0113,0.0828,0.0639
NEOG,0.2544,0.2629,0.2569,0.2582,0.2648,0.2591,0.3246,0.2597,0.2596,0.3259,0.3267,0.3249,0.2653,0.2645,0.3265,Health Care,Biotechnology: In Vitro & In Vivo Diagnostic Substances,1937290065.0000,0.0013,0.0079,0.0022,0.0677,0.0027,0.0026,0.0690,0.0698,0.0680,0.0084,0.0075,0.0696,0.0025
NET,0.2511,0.2521,0.2542,0.2572,0.2575,0.2579,0.2542,0.2681,0.2558,0.2552,0.2570,0.2551,0.2857,0.2723,0.2547,Technology,Computer Software: Prepackaged Software,76408798614.0000,0.0030,0.0033,0.0037,0.0000,0.0139,0.0015,0.0010,0.0028,0.0008,0.0315,0.0181,0.0005,0.0031
NEU,0.2957,0.3004,0.2369,0.2407,0.2398,0.2404,0.2167,0.2444,0.2407,0.2173,0.2186,0.2227,0.2464,0.2409,0.2175,Industrials,Major Chemicals,6785562577.0000,0.0039,0.0030,0.0035,-0.0201,0.0075,0.0038,-0.0196,-0.0183,-0.0142,0.0095,0.0040,-0.0194,-0.0589
NEWT,0.0815,0.0861,0.1512,0.1537,0.1566,0.1619,0.1990,0.1535,0.1535,0.2001,0.2011,0.2011,0.1593,0.1602,0.2031,Finance,Major Banks,386132363.0000,0.0025,0.0054,0.0106,0.0478,0.0023,0.0023,0.0488,0.0499,0.0499,0.0081,0.0090,0.0519,0.0697
NEXT,0.0746,0.0790,0.1035,0.1067,0.1073,0.1046,0.1344,0.1046,0.1105,0.1347,0.1347,0.1428,0.1105,0.1180,0.1352,Utilities,Oil & Gas Production,2241840670.0000,0.0032,0.0039,0.0011,0.0310,0.0011,0.0070,0.0312,0.0313,0.0393,0.0070,0.0145,0.0317,0.0289
NFBK,0.2789,0.2867,0.2530,0.2566,0.2574,0.2633,0.2491,0.2702,0.2569,0.2503,0.2516,0.2500,0.2554,0.2587,0.2494,Finance,Savings Institutions,591793783.0000,0.0036,0.0044,0.0103,-0.0039,0.0172,0.0039,-0.0026,-0.0014,-0.0030,0.0024,0.0057,-0.0035,-0.0260
NFG,0.3172,0.3245,0.2636,0.2665,0.2670,0.2650,0.2837,0.2722,0.2864,0.2842,0.2846,0.2898,0.2683,0.2788,0.2841,Utilities,Oil/Gas Transmission,7690261493.0000,0.0028,0.0034,0.0013,0.0201,0.0086,0.0228,0.0205,0.0209,0.0261,0.0047,0.0151,0.0204,-0.0536
NFLX,0.1766,0.1837,0.2526,0.2593,0.2583,0.2558,0.2486,0.2559,0.2566,0.2491,0.2513,0.2494,0.2618,0.2576,0.2505,Consumer Discretionary,Consumer Electronics/Video Chains,373076749581.0000,0.0067,0.0057,0.0032,-0.0040,0.0033,0.0040,-0.0036,-0.0013,-0.0032,0.0091,0.0050,-0.0021,0.0760
NGL,0.0753,0.0846,0.1527,0.1604,0.1576,0.1582,0.1306,0.1549,0.1587,0.1290,0.1422,0.1279,0.1602,0.1681,0.1417,Utilities,Natural Gas Distribution,2242276774.0000,0.0077,0.0049,0.0055,-0.0220,0.0022,0.0060,-0.0236,-0.0104,-0.0248,0.0075,0.0154,-0.0110,0.0773
NGS,0.2266,0.2307,0.1798,0.1834,0.1817,0.1843,0.1689,0.1824,0.1908,0.1694,0.1713,0.1696,0.1886,0.1998,0.1762,Energy,Oilfield Services/Equipment,535556496.0000,0.0036,0.0020,0.0045,-0.0109,0.0026,0.0110,-0.0103,-0.0085,-0.0102,0.0088,0.0200,-0.0036,-0.0468
NGVC,0.0510,0.0546,0.0535,0.0593,0.0563,0.0533,0.0748,0.0547,0.0612,0.0749,0.0760,0.0758,0.0553,0.0563,0.0751,Consumer Staples,Food Chains,662653005.0000,0.0057,0.0027,-0.0002,0.0212,0.0012,0.0077,0.0214,0.0225,0.0222,0.0017,0.0027,0.0216,0.0026
NGVT,0.2940,0.2968,0.3317,0.3380,0.3400,0.3387,0.3470,0.3394,0.3334,0.3485,0.3514,0.3499,0.3517,0.3396,0.3547,Industrials,Major Chemicals,2318228572.0000,0.0063,0.0082,0.0070,0.0153,0.0076,0.0017,0.0167,0.0197,0.0182,0.0199,0.0079,0.0230,0.0377
NHC,0.2327,0.2389,0.1870,0.1871,0.1878,0.1891,0.1858,0.1923,0.1890,0.1863,0.1872,0.1905,0.1891,0.1847,0.1862,Health Care,Hospital/Nursing Management,3061449636.0000,0.0001,0.0007,0.0021,-0.0012,0.0053,0.0019,-0.0007,0.0001,0.0034,0.0020,-0.0024,-0.0008,-0.0457
NHI,0.2845,0.2921,0.2233,0.2327,0.2236,0.2300,0.2544,0.2405,0.2268,0.2560,0.2554,0.2600,0.2288,0.2222,0.2572,Real Estate,Real Estate Investment Trusts,3704159857.0000,0.0093,0.0003,0.0067,0.0311,0.0172,0.0035,0.0326,0.0320,0.0367,0.0055,-0.0012,0.0338,-0.0612
NHPAP,0.0269,0.0333,0.0353,0.0391,0.0406,0.0406,0.0355,0.0388,0.0385,0.0342,0.0356,0.0366,0.0399,0.0380,0.0352,Real Estate,Real Estate Investment Trusts,1633076513.0000,0.0037,0.0053,0.0053,0.0002,0.0035,0.0032,-0.0011,0.0003,0.0013,0.0046,0.0027,-0.0002,0.0084
NI,0.2998,0.3056,0.2290,0.2359,0.2283,0.2352,0.2745,0.2471,0.2313,0.2755,0.2750,0.2754,0.2374,0.2263,0.2752,Utilities,Power Generation,22833806063.0000,0.0069,-0.0006,0.0063,0.0455,0.0182,0.0023,0.0465,0.0461,0.0464,0.0084,-0.0027,0.0462,-0.0708
NIC,0.1578,0.1692,0.2026,0.2054,0.2028,0.2071,0.3054,0.2151,0.2063,0.3065,0.3077,0.3073,0.2051,0.2072,0.3068,Finance,Major Banks,3011182419.0000,0.0028,0.0002,0.0045,0.1028,0.0125,0.0038,0.1040,0.1051,0.1047,0.0025,0.0046,0.1042,0.0448
NIE,0.5602,0.5723,0.6091,0.6103,0.6167,0.6128,0.6267,0.6145,0.6109,0.6275,0.6282,0.6274,0.6324,0.6222,0.6312,Finance,Investment Managers,733733393.0000,0.0011,0.0075,0.0037,0.0176,0.0054,0.0018,0.0184,0.0190,0.0183,0.0232,0.0130,0.0220,0.0489
NIO,0.1520,0.1509,0.1529,0.1548,0.1691,0.1595,0.1683,0.1546,0.1566,0.1709,0.1688,0.1717,0.2963,0.1685,0.1789,Industrials,Auto Manufacturing,13029468514.0000,0.0019,0.0162,0.0066,0.0154,0.0017,0.0037,0.0180,0.0159,0.0188,0.1434,0.0157,0.0261,0.0009
NJR,0.2772,0.2827,0.2092,0.2141,0.2082,0.2120,0.2491,0.2201,0.2129,0.2493,0.2498,0.2490,0.2118,0.2127,0.2513,Utilities,Oil/Gas Transmission,5779778486.0000,0.0050,-0.0010,0.0028,0.0400,0.0110,0.0037,0.0401,0.0406,0.0398,0.0026,0.0036,0.0421,-0.0681
NKE,0.3606,0.3671,0.3903,0.3931,0.3923,0.3935,0.4214,0.3928,0.3921,0.4219,0.4218,0.4229,0.3948,0.3926,0.4238,Consumer Discretionary,Shoe Manufacturing,66151223764.0000,0.0028,0.0020,0.0032,0.0311,0.0025,0.0018,0.0316,0.0315,0.0325,0.0045,0.0022,0.0335,0.0297
NKTR,0.1664,0.1705,0.1200,0.1208,0.1201,0.1221,0.1177,0.1208,0.1223,0.1187,0.1185,0.1194,0.1309,0.1301,0.1204,Health Care,Biotechnology: Pharmaceutical Preparations,2250487592.0000,0.0008,0.0002,0.0022,-0.0023,0.0009,0.0023,-0.0013,-0.0015,-0.0005,0.0109,0.0101,0.0005,-0.0464
NL,0.1996,0.2022,0.1588,0.1626,0.1560,0.1624,0.2018,0.1644,0.1603,0.2023,0.2047,0.2053,0.1610,0.1594,0.2034,Basic Materials,Major Chemicals,344482275.0000,0.0038,-0.0028,0.0037,0.0430,0.0056,0.0015,0.0436,0.0459,0.0466,0.0022,0.0006,0.0446,-0.0408
NLY,0.2060,0.2159,0.2305,0.2357,0.2325,0.2375,0.3359,0.2456,0.2358,0.3369,0.3373,0.3397,0.2347,0.2354,0.3411,Real Estate,Real Estate Investment Trusts,15711711144.0000,0.0051,0.0019,0.0069,0.1054,0.0151,0.0053,0.1064,0.1067,0.1092,0.0041,0.0049,0.1106,0.0245
NMFC,0.1808,0.1945,0.2250,0.2302,0.2300,0.2432,0.2709,0.2269,0.2270,0.2741,0.2733,0.2764,0.2345,0.2332,0.2795,Finance,Finance/Investors Services,749951977.0000,0.0052,0.0051,0.0182,0.0460,0.0019,0.0020,0.0492,0.0483,0.0514,0.0095,0.0083,0.0545,0.0442
NMIH,0.2185,0.2253,0.2489,0.2521,0.2515,0.2595,0.3392,0.2573,0.2513,0.3404,0.3426,0.3409,0.2505,0.2592,0.3469,Finance,Property-Casualty Insurers,2841348723.0000,0.0032,0.0026,0.0107,0.0903,0.0085,0.0024,0.0915,0.0938,0.0920,0.0017,0.0104,0.0981,0.0303
NMRK,0.2882,0.2964,0.3039,0.3106,0.3092,0.3033,0.3231,0.3197,0.3077,0.3254,0.3250,0.3237,0.3053,0.3037,0.3288,Finance,Real Estate,2591904668.0000,0.0067,0.0053,-0.0006,0.0191,0.0158,0.0038,0.0215,0.0211,0.0198,0.0014,-0.0002,0.0249,0.0157
NN,0.0435,0.0491,0.0497,0.0493,0.0560,0.0500,0.0497,0.0495,0.0522,0.0501,0.0521,0.0469,0.0506,0.0567,0.0502,Industrials,Industrial Machinery/Components,2966139054.0000,-0.0004,0.0064,0.0003,0.0000,-0.0002,0.0025,0.0005,0.0024,-0.0028,0.0010,0.0071,0.0005,0.0062
NNI,0.2810,0.2846,0.2633,0.2654,0.2614,0.2721,0.3364,0.2670,0.2665,0.3368,0.3401,0.3383,0.2631,0.2655,0.3375,Finance,Finance: Consumer Services,4633692266.0000,0.0021,-0.0019,0.0087,0.0731,0.0037,0.0032,0.0734,0.0767,0.0750,-0.0002,0.0022,0.0742,-0.0177
NNN,0.3052,0.3088,0.2548,0.2678,0.2507,0.2645,0.3269,0.2844,0.2589,0.3295,0.3282,0.3299,0.2522,0.2501,0.3321,Real Estate,Real Estate Investment Trusts,8561167965.0000,0.0129,-0.0041,0.0096,0.0721,0.0296,0.0040,0.0747,0.0733,0.0751,-0.0026,-0.0047,0.0773,-0.0504
NOC,0.3223,0.3265,0.2577,0.2609,0.2665,0.2595,0.1788,0.2611,0.2598,0.1809,0.1806,0.1836,0.2679,0.2636,0.1859,Industrials,Industrial Machinery/Components,78910958596.0000,0.0032,0.0088,0.0018,-0.0789,0.0034,0.0021,-0.0768,-0.0771,-0.0741,0.0102,0.0059,-0.0718,-0.0646
NODK,0.1258,0.1362,0.1452,0.1479,0.1522,0.1495,0.1531,0.1484,0.1521,0.1558,0.1536,0.1554,0.1459,0.1486,0.1566,Finance,Property-Casualty Insurers,285306417.0000,0.0028,0.0070,0.0043,0.0079,0.0033,0.0070,0.0107,0.0085,0.0103,0.0007,0.0035,0.0115,0.0193
NOG,0.2266,0.2295,0.3367,0.3394,0.3520,0.3376,0.3786,0.3375,0.3470,0.3798,0.3802,0.3801,0.3524,0.3665,0.3826,Energy,Oil & Gas Production,2512539171.0000,0.0026,0.0153,0.0009,0.0419,0.0008,0.0103,0.0430,0.0435,0.0433,0.0157,0.0297,0.0459,0.1101
NOV,0.3251,0.3305,0.3595,0.3639,0.3614,0.3653,0.3813,0.3669,0.3639,0.3824,0.3857,0.3887,0.3743,0.3771,0.3871,Consumer Discretionary,Oil and Gas Field Machinery,7468469269.0000,0.0044,0.0020,0.0058,0.0219,0.0074,0.0044,0.0230,0.0262,0.0293,0.0148,0.0177,0.0276,0.0344
NOVT,0.2463,0.2517,0.3474,0.3486,0.3577,0.3519,0.4571,0.3487,0.3488,0.4579,0.4583,0.4597,0.3665,0.3598,0.4584,Miscellaneous,Industrial Machinery/Components,5687213723.0000,0.0012,0.0103,0.0045,0.1097,0.0013,0.0014,0.1105,0.1109,0.1122,0.0191,0.0123,0.1109,0.1011
NOW,0.3080,0.3179,0.3665,0.3689,0.3696,0.3696,0.4352,0.3756,0.3698,0.4356,0.4366,0.4365,0.3730,0.3695,0.4359,Technology,Computer Software: Prepackaged Software,105296030000.0000,0.0023,0.0031,0.0031,0.0686,0.0091,0.0032,0.0691,0.0701,0.0699,0.0064,0.0029,0.0694,0.0586
NPK,0.2477,0.2535,0.1855,0.1878,0.1894,0.1869,0.2159,0.1899,0.1875,0.2163,0.2168,0.2168,0.1885,0.1850,0.2161,Industrials,Ordnance And Accessories,942864740.0000,0.0023,0.0040,0.0014,0.0305,0.0044,0.0020,0.0308,0.0313,0.0314,0.0031,-0.0005,0.0306,-0.0622
NPKI,0.2137,0.2175,0.2380,0.2470,0.2420,0.2499,0.2501,0.2433,0.2460,0.2510,0.2514,0.2527,0.2548,0.2692,0.2630,Consumer Discretionary,Oil and Gas Field Machinery,1310617999.0000,0.0090,0.0040,0.0119,0.0121,0.0053,0.0080,0.0129,0.0134,0.0146,0.0167,0.0311,0.0250,0.0244
NPO,0.3267,0.3253,0.3315,0.3333,0.3362,0.3409,0.3791,0.3386,0.3353,0.3806,0.3801,0.3825,0.3446,0.3426,0.3822,Industrials,Metal Fabrications,6512294178.0000,0.0017,0.0046,0.0094,0.0475,0.0071,0.0037,0.0491,0.0486,0.0510,0.0131,0.0111,0.0506,0.0048
NRC,0.1505,0.1542,0.1683,0.1716,0.1710,0.1702,0.2144,0.1714,0.1757,0.2159,0.2154,0.2223,0.1703,0.1737,0.2171,Health Care,Biotechnology: Commercial Physical & Biological Resarch,430000160.0000,0.0032,0.0026,0.0018,0.0461,0.0031,0.0073,0.0475,0.0471,0.0540,0.0020,0.0053,0.0487,0.0178
NREF,0.1278,0.1303,0.1332,0.1366,0.1392,0.1386,0.1333,0.1382,0.1408,0.1357,0.1341,0.1356,0.1376,0.1355,0.1346,Real Estate,Real Estate Investment Trusts,284789621.0000,0.0034,0.0060,0.0054,0.0001,0.0050,0.0076,0.0025,0.0009,0.0024,0.0044,0.0023,0.0015,0.0054
NRG,0.2609,0.2667,0.2395,0.2424,0.2423,0.2424,0.2893,0.2437,0.2499,0.2905,0.2895,0.2892,0.2447,0.2441,0.2904,Utilities,Electric Utilities: Central,29042287596.0000,0.0028,0.0028,0.0028,0.0498,0.0042,0.0104,0.0510,0.0500,0.0497,0.0052,0.0045,0.0508,-0.0214
NRIX,0.1224,0.1339,0.1351,0.1375,0.1394,0.1361,0.1354,0.1351,0.1379,0.1353,0.1359,0.1356,0.1472,0.1515,0.1365,Health Care,Biotechnology: Pharmaceutical Preparations,1809601728.0000,0.0024,0.0043,0.0010,0.0003,0.0000,0.0027,0.0001,0.0007,0.0005,0.0121,0.0164,0.0014,0.0128
NRIM,0.1331,0.1409,0.1897,0.1949,0.1972,0.1951,0.2391,0.1989,0.1946,0.2391,0.2432,0.2396,0.1987,0.2030,0.2404,Finance,Savings Institutions,548111034.0000,0.0052,0.0076,0.0054,0.0494,0.0093,0.0049,0.0495,0.0535,0.0499,0.0090,0.0134,0.0507,0.0566
NRP,0.1306,0.1330,0.1042,0.1080,0.1057,0.1064,0.1289,0.1080,0.1074,0.1302,0.1280,0.1302,0.1096,0.1092,0.1321,Energy,Coal Mining,1349289454.0000,0.0038,0.0015,0.0022,0.0248,0.0038,0.0033,0.0260,0.0238,0.0261,0.0054,0.0050,0.0279,-0.0264
NSA,0.1985,0.1993,0.2238,0.2304,0.2271,0.2263,0.3172,0.2370,0.2288,0.3178,0.3193,0.3201,0.2300,0.2260,0.3181,Real Estate,Real Estate Investment Trusts,3297747284.0000,0.0066,0.0033,0.0025,0.0934,0.0131,0.0050,0.0940,0.0954,0.0962,0.0061,0.0022,0.0942,0.0253
NSC,0.4293,0.4338,0.4094,0.4117,0.4120,0.4150,0.4390,0.4164,0.4126,0.4393,0.4406,0.4404,0.4150,0.4143,0.4404,Industrials,Railroads,70641551135.0000,0.0022,0.0026,0.0056,0.0296,0.0069,0.0032,0.0299,0.0312,0.0310,0.0055,0.0049,0.0310,-0.0198
NSIT,0.2767,0.2789,0.2966,0.2986,0.3013,0.2997,0.3732,0.3005,0.2983,0.3740,0.3737,0.3758,0.3046,0.3032,0.3752,Consumer Discretionary,Catalog/Specialty Distribution,2951828808.0000,0.0020,0.0047,0.0032,0.0766,0.0040,0.0017,0.0774,0.0771,0.0792,0.0081,0.0067,0.0786,0.0199
NSP,0.2619,0.2629,0.2436,0.2456,0.2450,0.2461,0.3164,0.2503,0.2484,0.3168,0.3182,0.3213,0.2445,0.2453,0.3194,Consumer Discretionary,Professional Services,1224849050.0000,0.0020,0.0015,0.0025,0.0728,0.0067,0.0048,0.0733,0.0747,0.0777,0.0009,0.0017,0.0758,-0.0183
NSSC,0.0673,0.0737,0.1212,0.1231,0.1289,0.1228,0.1920,0.1226,0.1221,0.1929,0.1929,0.1968,0.1279,0.1256,0.1944,Telecommunications,Telecommunications Equipment,1336559677.0000,0.0019,0.0077,0.0016,0.0709,0.0014,0.0009,0.0717,0.0718,0.0756,0.0067,0.0044,0.0732,0.0539
NTAP,0.3182,0.3193,0.3342,0.3361,0.3388,0.3420,0.3868,0.3380,0.3412,0.3871,0.3880,0.3884,0.3422,0.3433,0.3912,Technology,Electronic Components,27499964544.0000,0.0018,0.0046,0.0078,0.0526,0.0038,0.0070,0.0529,0.0538,0.0542,0.0080,0.0091,0.0570,0.0160
NTCT,0.2506,0.2546,0.2633,0.2662,0.2728,0.2654,0.3183,0.2655,0.2694,0.3195,0.3189,0.3224,0.2763,0.2742,0.3195,Technology,EDP Services,2932018767.0000,0.0029,0.0095,0.0021,0.0550,0.0022,0.0061,0.0562,0.0556,0.0591,0.0130,0.0109,0.0562,0.0127
NTGR,0.2264,0.2279,0.1777,0.1842,0.1813,0.1793,0.2221,0.1810,0.1820,0.2243,0.2264,0.2224,0.1782,0.1826,0.2249,Utilities,Telecommunications Equipment,692201098.0000,0.0065,0.0036,0.0016,0.0444,0.0032,0.0043,0.0465,0.0486,0.0447,0.0005,0.0049,0.0472,-0.0487
NTLA,0.2090,0.2168,0.2330,0.2363,0.2367,0.2369,0.2541,0.2347,0.2353,0.2557,0.2542,0.2634,0.2598,0.2424,0.2562,Health Care,Biotechnology: In Vitro & In Vivo Diagnostic Substances,1760500690.0000,0.0033,0.0038,0.0039,0.0211,0.0018,0.0024,0.0228,0.0212,0.0305,0.0268,0.0094,0.0233,0.0239
NTNX,0.2204,0.2319,0.2391,0.2423,0.2417,0.2420,0.2681,0.2413,0.2402,0.2695,0.2701,0.2707,0.2459,0.2482,0.2712,Technology,Computer Software: Prepackaged Software,12496794011.0000,0.0032,0.0026,0.0029,0.0290,0.0022,0.0011,0.0304,0.0310,0.0316,0.0068,0.0091,0.0321,0.0187
NTRA,0.1492,0.1634,0.1842,0.1864,0.1867,0.1856,0.2282,0.1931,0.1849,0.2283,0.2292,0.2295,0.2011,0.1973,0.2299,Health Care,Medical Specialities,29099933469.0000,0.0023,0.0025,0.0014,0.0441,0.0089,0.0007,0.0441,0.0450,0.0454,0.0169,0.0131,0.0457,0.0350
NTRSO,0.2430,0.2613,0.2645,0.2660,0.2685,0.2705,0.2653,0.3015,0.2708,0.2656,0.2674,0.2653,0.2725,0.2721,0.2699,Finance,Major Banks,3460383725.0000,0.0015,0.0040,0.0060,0.0007,0.0370,0.0062,0.0011,0.0028,0.0008,0.0080,0.0076,0.0054,0.0215
NTRS,0.4979,0.4984,0.4900,0.4975,0.4895,0.5031,0.4665,0.5156,0.4911,0.4683,0.4709,0.4676,0.4930,0.4889,0.4683,Finance,Major Banks,31045378475.0000,0.0074,-0.0006,0.0131,-0.0236,0.0256,0.0010,-0.0218,-0.0191,-0.0224,0.0030,-0.0012,-0.0218,-0.0079
NTST,0.2317,0.2365,0.2388,0.2408,0.2400,0.2402,0.2389,0.2435,0.2427,0.2415,0.2397,0.2403,0.2412,0.2441,0.2392,Real Estate,Real Estate Investment Trusts,1987034201.0000,0.0020,0.0012,0.0014,0.0001,0.0048,0.0040,0.0027,0.0010,0.0015,0.0024,0.0053,0.0005,0.0071
NUVB,0.1231,0.1308,0.1342,0.1371,0.1356,0.1360,0.1343,0.1365,0.1399,0.1359,0.1384,0.1368,0.1471,0.1454,0.1356,Health Care,Biotechnology: Pharmaceutical Preparations,1643513303.0000,0.0029,0.0014,0.0018,0.0001,0.0023,0.0057,0.0017,0.0042,0.0026,0.0129,0.0112,0.0014,0.0112
NUE,0.4219,0.4246,0.3752,0.3800,0.3986,0.3814,0.3476,0.3859,0.3787,0.3480,0.3480,0.3576,0.3909,0.3973,0.3515,Industrials,Steel/Iron Ore,52835900400.0000,0.0048,0.0234,0.0062,-0.0276,0.0107,0.0035,-0.0272,-0.0272,-0.0176,0.0157,0.0221,-0.0237,-0.0467
NUS,0.1988,0.2009,0.1526,0.1556,0.1567,0.1555,0.1732,0.1578,0.1550,0.1739,0.1743,0.1770,0.1577,0.1539,0.1765,Health Care,Other Pharmaceuticals,287904720.0000,0.0029,0.0041,0.0029,0.0206,0.0052,0.0024,0.0212,0.0216,0.0244,0.0051,0.0013,0.0238,-0.0461
NVAX,0.1237,0.1292,0.0965,0.1004,0.1011,0.0978,0.0998,0.0981,0.1017,0.1008,0.1026,0.0988,0.1068,0.1033,0.1015,Health Care,Biotechnology: Biological Products (No Diagnostic Substances),1514475076.0000,0.0038,0.0045,0.0013,0.0033,0.0015,0.0051,0.0042,0.0061,0.0023,0.0103,0.0068,0.0049,-0.0272
NVDA,0.3488,0.3533,0.4130,0.4173,0.4205,0.4164,0.5089,0.4194,0.4156,0.5093,0.5095,0.5107,0.4403,0.4228,0.5094,Technology,Semiconductors,5210986000000.0000,0.0043,0.0075,0.0035,0.0960,0.0065,0.0027,0.0963,0.0965,0.0977,0.0273,0.0098,0.0965,0.0642
NVEC,0.1874,0.1898,0.1578,0.1613,0.1631,0.1600,0.2184,0.1598,0.1590,0.2198,0.2192,0.2194,0.1713,0.1638,0.2193,Technology,Semiconductors,441391398.0000,0.0035,0.0053,0.0022,0.0606,0.0020,0.0012,0.0620,0.0614,0.0616,0.0136,0.0060,0.0615,-0.0296
NVST,0.3094,0.3121,0.3156,0.3180,0.3172,0.3222,0.3157,0.3202,0.3190,0.3198,0.3187,0.3169,0.3186,0.3190,0.3232,Health Care,Medical/Dental Instruments,3812715236.0000,0.0024,0.0016,0.0066,0.0001,0.0046,0.0034,0.0042,0.0031,0.0012,0.0030,0.0034,0.0076,0.0062
NVR,0.2657,0.2694,0.2819,0.2850,0.2829,0.2823,0.3970,0.2861,0.2854,0.3973,0.3973,0.4023,0.2857,0.2823,0.3979,Consumer Discretionary,Homebuilding,16295598811.0000,0.0032,0.0011,0.0005,0.1151,0.0042,0.0035,0.1155,0.1154,0.1205,0.0039,0.0005,0.1160,0.0162
NVRI,0.3503,0.3543,0.2712,0.2770,0.2730,0.2775,0.2419,0.2786,0.2743,0.2432,0.2427,0.2528,0.2768,0.2773,0.2561,Miscellaneous,Diversified Commercial Services,1621029799.0000,0.0058,0.0018,0.0063,-0.0293,0.0074,0.0031,-0.0280,-0.0285,-0.0183,0.0056,0.0061,-0.0151,-0.0791
NWBI,0.3409,0.3501,0.3025,0.3074,0.2994,0.3131,0.2889,0.3223,0.3055,0.2894,0.2931,0.2908,0.2992,0.2989,0.2898,Finance,Major Banks,2044015674.0000,0.0049,-0.0032,0.0106,-0.0137,0.0197,0.0029,-0.0132,-0.0095,-0.0117,-0.0034,-0.0036,-0.0127,-0.0383
NWE,0.2775,0.2847,0.2095,0.2170,0.2111,0.2160,0.2492,0.2250,0.2125,0.2503,0.2516,0.2506,0.2201,0.2111,0.2506,Utilities,Power Generation,4424271591.0000,0.0075,0.0016,0.0065,0.0397,0.0155,0.0030,0.0408,0.0421,0.0411,0.0106,0.0016,0.0411,-0.0680
NWFL,0.0532,0.0593,0.1018,0.1092,0.1072,0.1016,0.1343,0.1051,0.1036,0.1336,0.1364,0.1346,0.1058,0.1019,0.1366,Finance,Major Banks,326503156.0000,0.0074,0.0054,-0.0002,0.0325,0.0033,0.0017,0.0317,0.0345,0.0328,0.0040,0.0001,0.0348,0.0486
NWL,0.3223,0.3263,0.2648,0.2668,0.2642,0.2711,0.2782,0.2679,0.2663,0.2785,0.2793,0.2843,0.2722,0.2675,0.2834,Industrials,Plastic Products,1546737090.0000,0.0020,-0.0006,0.0063,0.0134,0.0031,0.0015,0.0137,0.0144,0.0195,0.0074,0.0027,0.0186,-0.0575
NWN,0.2500,0.2553,0.1849,0.1938,0.1859,0.1899,0.2103,0.2004,0.1870,0.2117,0.2109,0.2097,0.1944,0.1833,0.2113,Utilities,Oil/Gas Transmission,2101071975.0000,0.0089,0.0010,0.0050,0.0255,0.0155,0.0021,0.0269,0.0261,0.0249,0.0096,-0.0015,0.0265,-0.0652
NWPX,0.2187,0.2211,0.1862,0.1880,0.1873,0.1909,0.2329,0.1912,0.1878,0.2337,0.2339,0.2352,0.1939,0.1930,0.2355,Industrials,Steel/Iron Ore,1081850518.0000,0.0018,0.0012,0.0047,0.0467,0.0050,0.0017,0.0475,0.0477,0.0490,0.0077,0.0068,0.0493,-0.0325
NWS,0.3219,0.3307,0.3579,0.3602,0.3662,0.3631,0.3764,0.3620,0.3615,0.3798,0.3769,0.3791,0.3681,0.3665,0.3835,Consumer Discretionary,Newspapers/Magazines,16248219837.0000,0.0022,0.0082,0.0052,0.0185,0.0041,0.0036,0.0219,0.0190,0.0212,0.0102,0.0086,0.0256,0.0360
NWSA,0.3286,0.3402,0.3644,0.3671,0.3709,0.3705,0.3816,0.3693,0.3681,0.3845,0.3821,0.3838,0.3739,0.3724,0.3880,Consumer Discretionary,Newspapers/Magazines,14173396616.0000,0.0027,0.0065,0.0061,0.0172,0.0049,0.0037,0.0201,0.0177,0.0194,0.0095,0.0080,0.0235,0.0359
NX,0.2810,0.2849,0.2576,0.2595,0.2680,0.2646,0.3502,0.2614,0.2600,0.3513,0.3512,0.3538,0.2780,0.2744,0.3551,Industrials,Metal Fabrications,813487846.0000,0.0019,0.0105,0.0071,0.0926,0.0039,0.0024,0.0938,0.0937,0.0962,0.0204,0.0169,0.0975,-0.0235
NXRT,0.1849,0.1913,0.2117,0.2183,0.2126,0.2161,0.2910,0.2229,0.2143,0.2915,0.2919,0.2944,0.2145,0.2144,0.2925,Real Estate,Real Estate Investment Trusts,758115396.0000,0.0066,0.0009,0.0044,0.0794,0.0113,0.0027,0.0798,0.0802,0.0828,0.0028,0.0027,0.0808,0.0267
NXP,0.0731,0.0845,0.1115,0.1181,0.1195,0.1177,0.1491,0.1419,0.1125,0.1497,0.1493,0.1530,0.1156,0.1232,0.1517,Finance,Trusts Except Educational Religious and Charitable,660335484.0000,0.0067,0.0080,0.0062,0.0377,0.0304,0.0011,0.0382,0.0378,0.0415,0.0042,0.0118,0.0403,0.0384
NXST,0.2162,0.2217,0.2845,0.2883,0.2919,0.2893,0.3348,0.2904,0.2881,0.3357,0.3358,0.3377,0.2967,0.2951,0.3389,Industrials,Broadcasting,5761786527.0000,0.0037,0.0074,0.0048,0.0502,0.0059,0.0036,0.0512,0.0513,0.0532,0.0121,0.0105,0.0544,0.0684
NYT,0.2508,0.2542,0.2176,0.2192,0.2228,0.2199,0.2305,0.2222,0.2206,0.2309,0.2313,0.2321,0.2259,0.2224,0.2331,Consumer Discretionary,Newspapers/Magazines,12133227917.0000,0.0016,0.0052,0.0024,0.0129,0.0046,0.0031,0.0133,0.0137,0.0146,0.0083,0.0048,0.0155,-0.0332
O,0.3039,0.3093,0.2617,0.2742,0.2608,0.2698,0.3396,0.2931,0.2658,0.3411,0.3415,0.3416,0.2649,0.2594,0.3438,Real Estate,Real Estate Investment Trusts,57833186711.0000,0.0125,-0.0008,0.0081,0.0780,0.0314,0.0042,0.0795,0.0798,0.0800,0.0033,-0.0023,0.0822,-0.0422
OBDC,0.2923,0.3157,0.3196,0.3251,0.3254,0.3266,0.3197,0.3223,0.3220,0.3209,0.3212,0.3210,0.3226,0.3345,0.3233,Finance,Diversified Financial Services,5474248827.0000,0.0055,0.0058,0.0070,0.0001,0.0027,0.0024,0.0013,0.0016,0.0014,0.0030,0.0149,0.0037,0.0273
OBK,0.2413,0.2456,0.2555,0.2627,0.2578,0.2651,0.2612,0.2763,0.2575,0.2626,0.2681,0.2631,0.2574,0.2573,0.2632,Finance,Major Banks,1462381681.0000,0.0072,0.0022,0.0096,0.0057,0.0207,0.0020,0.0070,0.0126,0.0076,0.0019,0.0018,0.0077,0.0143
OBT,0.0082,0.0142,0.0240,0.0233,0.0275,0.0246,0.0403,0.0236,0.0270,0.0410,0.0405,0.0471,0.0280,0.0268,0.0407,Finance,Major Banks,456539131.0000,-0.0007,0.0035,0.0006,0.0162,-0.0004,0.0029,0.0170,0.0165,0.0231,0.0040,0.0028,0.0167,0.0159
OC,0.3303,0.3322,0.3288,0.3315,0.3321,0.3353,0.4650,0.3313,0.3313,0.4658,0.4657,0.4662,0.3406,0.3358,0.4683,Industrials,Industrial Machinery/Components,9455635217.0000,0.0027,0.0033,0.0064,0.1362,0.0025,0.0024,0.1369,0.1369,0.1373,0.0118,0.0070,0.1395,-0.0015
OCFC,0.2572,0.2623,0.2631,0.2699,0.2688,0.2747,0.2978,0.2828,0.2672,0.2982,0.2998,0.2990,0.2690,0.2723,0.3007,Finance,Major Banks,1078273292.0000,0.0067,0.0056,0.0116,0.0347,0.0197,0.0040,0.0351,0.0367,0.0359,0.0058,0.0091,0.0375,0.0060
OCGN,0.0682,0.0717,0.0860,0.0869,0.0911,0.0882,0.1339,0.0874,0.0884,0.1344,0.1350,0.1355,0.0931,0.1013,0.1358,Health Care,Biotechnology: Biological Products (No Diagnostic Substances),453619287.0000,0.0009,0.0051,0.0022,0.0479,0.0014,0.0024,0.0484,0.0490,0.0495,0.0072,0.0153,0.0498,0.0178
OCSL,0.2494,0.2604,0.2218,0.2247,0.2260,0.2317,0.3159,0.2239,0.2256,0.3186,0.3196,0.3208,0.2249,0.2315,0.3196,Finance,Finance: Consumer Services,1036766606.0000,0.0028,0.0042,0.0099,0.0941,0.0021,0.0038,0.0968,0.0978,0.0990,0.0031,0.0097,0.0978,-0.0276
OCUL,0.0773,0.0819,0.0891,0.0934,0.0903,0.0900,0.1364,0.0894,0.0889,0.1366,0.1377,0.1347,0.0931,0.0952,0.1386,Health Care,Biotechnology: Pharmaceutical Preparations,1802043746.0000,0.0043,0.0011,0.0009,0.0472,0.0002,-0.0003,0.0474,0.0486,0.0456,0.0040,0.0061,0.0494,0.0118
ODC,0.1326,0.1355,0.1200,0.1212,0.1266,0.1227,0.1151,0.1231,0.1217,0.1147,0.1211,0.1156,0.1315,0.1289,0.1163,Consumer Discretionary,Miscellaneous manufacturing industries,1083828524.0000,0.0011,0.0066,0.0027,-0.0049,0.0031,0.0017,-0.0053,0.0011,-0.0044,0.0115,0.0089,-0.0037,-0.0126
ODFL,0.3499,0.3510,0.3705,0.3732,0.3720,0.3733,0.4026,0.3730,0.3720,0.4029,0.4040,0.4071,0.3782,0.3710,0.4034,Industrials,Trucking Freight/Courier Services,43771084523.0000,0.0027,0.0015,0.0028,0.0321,0.0025,0.0015,0.0324,0.0336,0.0366,0.0078,0.0005,0.0330,0.0206
OFLX,0.1493,0.1537,0.1473,0.1492,0.1503,0.1509,0.2018,0.1486,0.1480,0.2023,0.2041,0.2042,0.1566,0.1563,0.2025,Industrials,Industrial Specialties,298892874.0000,0.0019,0.0029,0.0036,0.0545,0.0013,0.0007,0.0550,0.0568,0.0569,0.0092,0.0090,0.0552,-0.0019
OGE,0.3209,0.3300,0.2625,0.2670,0.2642,0.2699,0.3211,0.2759,0.2639,0.3219,0.3221,0.3228,0.2731,0.2650,0.3238,Utilities,Electric Utilities: Central,10017409541.0000,0.0045,0.0017,0.0075,0.0586,0.0134,0.0014,0.0594,0.0596,0.0604,0.0106,0.0026,0.0614,-0.0584
OGS,0.1882,0.1993,0.2116,0.2192,0.2150,0.2163,0.2328,0.2254,0.2142,0.2348,0.2340,0.2352,0.2264,0.2151,0.2347,Utilities,Oil/Gas Transmission,5177908973.0000,0.0076,0.0034,0.0046,0.0212,0.0138,0.0026,0.0232,0.0223,0.0236,0.0147,0.0034,0.0231,0.0234
OHI,0.2642,0.2702,0.1912,0.2008,0.1883,0.1955,0.2275,0.2130,0.1967,0.2280,0.2288,0.2331,0.1884,0.1892,0.2316,Real Estate,Real Estate Investment Trusts,14264715800.0000,0.0096,-0.0029,0.0043,0.0363,0.0218,0.0055,0.0368,0.0376,0.0420,-0.0027,-0.0020,0.0404,-0.0730
OI,0.3377,0.3427,0.2934,0.2983,0.3023,0.3012,0.2862,0.3012,0.2961,0.2884,0.2903,0.2901,0.3128,0.3043,0.2942,Consumer Discretionary,Containers/Packaging,1353635141.0000,0.0050,0.0089,0.0078,-0.0072,0.0078,0.0027,-0.0050,-0.0031,-0.0033,0.0195,0.0109,0.0008,-0.0443
OIA,0.0711,0.0785,0.1032,0.1083,0.1127,0.1085,0.1619,0.1256,0.1035,0.1626,0.1660,0.1634,0.1123,0.1181,0.1673,Finance,Finance Companies,286109590.0000,0.0051,0.0095,0.0053,0.0587,0.0224,0.0002,0.0594,0.0628,0.0602,0.0091,0.0149,0.0641,0.0322
OIS,0.3040,0.3072,0.3412,0.3456,0.3481,0.3483,0.3296,0.3475,0.3495,0.3306,0.3308,0.3343,0.3591,0.3758,0.3362,Consumer Discretionary,Oil and Gas Field Machinery,532711723.0000,0.0044,0.0069,0.0071,-0.0116,0.0063,0.0083,-0.0106,-0.0104,-0.0069,0.0179,0.0345,-0.0050,0.0372
OII,0.3015,0.3068,0.3353,0.3393,0.3396,0.3412,0.3663,0.3399,0.3388,0.3671,0.3685,0.3755,0.3500,0.3636,0.3722,Energy,Oilfield Services/Equipment,3867123304.0000,0.0040,0.0044,0.0059,0.0310,0.0047,0.0035,0.0319,0.0332,0.0402,0.0147,0.0284,0.0370,0.0338
OKE,0.3679,0.3715,0.4279,0.4312,0.4372,0.4349,0.4588,0.4335,0.4351,0.4594,0.4602,0.4619,0.4420,0.4587,0.4635,Utilities,Oil & Gas Production,59241989074.0000,0.0034,0.0093,0.0070,0.0309,0.0056,0.0072,0.0316,0.0324,0.0340,0.0141,0.0308,0.0357,0.0600
OKTA,0.2261,0.2336,0.2384,0.2450,0.2438,0.2421,0.2323,0.2584,0.2425,0.2345,0.2372,0.2338,0.2447,0.2447,0.2341,Technology,Computer Software: Prepackaged Software,16215893095.0000,0.0066,0.0054,0.0037,-0.0061,0.0199,0.0041,-0.0039,-0.0012,-0.0046,0.0063,0.0063,-0.0043,0.0123
OLED,0.2692,0.2703,0.2994,0.3001,0.3007,0.3036,0.4141,0.3018,0.3010,0.4162,0.4144,0.4186,0.3184,0.3062,0.4181,Technology,Electrical Products,4409076530.0000,0.0007,0.0013,0.0042,0.1148,0.0025,0.0017,0.1169,0.1150,0.1193,0.0191,0.0068,0.1188,0.0301
OLLI,0.1473,0.1531,0.1613,0.1623,0.1648,0.1648,0.1758,0.1661,0.1649,0.1764,0.1777,0.1781,0.1662,0.1694,0.1766,Consumer Discretionary,Department/Specialty Retail Stores,4964520301.0000,0.0010,0.0036,0.0036,0.0145,0.0048,0.0036,0.0151,0.0164,0.0169,0.0050,0.0081,0.0154,0.0140
OLMA,0.0963,0.1016,0.1028,0.1074,0.1065,0.1042,0.1031,0.1066,0.1073,0.1036,0.1045,0.1032,0.1060,0.1240,0.1038,Health Care,Biotechnology: Pharmaceutical Preparations,1194913403.0000,0.0047,0.0037,0.0014,0.0004,0.0039,0.0045,0.0008,0.0018,0.0004,0.0032,0.0212,0.0011,0.0065
OLN,0.3511,0.3574,0.2930,0.2968,0.3021,0.2996,0.3265,0.2994,0.2954,0.3310,0.3277,0.3329,0.3234,0.3063,0.3332,Industrials,Major Chemicals,2964758927.0000,0.0038,0.0091,0.0067,0.0335,0.0064,0.0024,0.0380,0.0347,0.0400,0.0305,0.0133,0.0403,-0.0581
OLP,0.2530,0.2618,0.2384,0.2440,0.2471,0.2423,0.3142,0.2453,0.2406,0.3150,0.3158,0.3148,0.2456,0.2508,0.3197,Real Estate,Real Estate Investment Trusts,510575083.0000,0.0055,0.0087,0.0039,0.0758,0.0068,0.0022,0.0766,0.0773,0.0764,0.0071,0.0123,0.0812,-0.0146
OMC,0.4184,0.4200,0.3452,0.3508,0.3439,0.3509,0.3449,0.3529,0.3479,0.3464,0.3455,0.3477,0.3442,0.3455,0.3479,Consumer Discretionary,Advertising,21355514266.0000,0.0056,-0.0013,0.0057,-0.0004,0.0077,0.0027,0.0012,0.0003,0.0025,-0.0010,0.0003,0.0027,-0.0732
OMCL,0.2201,0.2244,0.2180,0.2197,0.2254,0.2203,0.2445,0.2201,0.2222,0.2450,0.2466,0.2513,0.2291,0.2276,0.2461,Technology,Computer Manufacturing,2019718349.0000,0.0016,0.0074,0.0023,0.0265,0.0021,0.0042,0.0269,0.0286,0.0333,0.0111,0.0095,0.0281,-0.0020
OMER,0.0689,0.0701,0.0714,0.0744,0.0747,0.0718,0.0790,0.0711,0.0752,0.0786,0.0804,0.0797,0.0733,0.0761,0.0795,Health Care,Biotechnology: Pharmaceutical Preparations,829421568.0000,0.0030,0.0033,0.0004,0.0076,-0.0003,0.0038,0.0072,0.0090,0.0083,0.0019,0.0047,0.0080,0.0025
OMF,0.2503,0.2527,0.2891,0.2925,0.2967,0.2995,0.3664,0.2989,0.2932,0.3684,0.3686,0.3691,0.2989,0.2918,0.3768,Finance,Finance: Consumer Services,6178595313.0000,0.0034,0.0075,0.0103,0.0773,0.0098,0.0040,0.0792,0.0794,0.0800,0.0098,0.0026,0.0877,0.0389
ONBPO,0.0282,0.0420,0.0472,0.0479,0.0477,0.0471,0.0473,0.0495,0.0500,0.0478,0.0481,0.0528,0.0473,0.0466,0.0481,Finance,Major Banks,9585914130.0000,0.0007,0.0005,-0.0001,0.0001,0.0023,0.0028,0.0006,0.0009,0.0056,0.0001,-0.0006,0.0009,0.0190
ON,0.3594,0.3611,0.3877,0.3888,0.3987,0.3958,0.4598,0.3939,0.3900,0.4605,0.4605,0.4627,0.4221,0.4017,0.4642,Technology,Semiconductors,45539150794.0000,0.0011,0.0111,0.0081,0.0721,0.0062,0.0023,0.0729,0.0728,0.0750,0.0344,0.0140,0.0765,0.0282
ONB,0.3732,0.3757,0.3401,0.3513,0.3414,0.3553,0.3233,0.3695,0.3425,0.3234,0.3281,0.3253,0.3423,0.3419,0.3262,Finance,Major Banks,9249769620.0000,0.0112,0.0013,0.0152,-0.0168,0.0294,0.0024,-0.0166,-0.0120,-0.0148,0.0022,0.0018,-0.0139,-0.0331
ONBPP,0.0423,0.0542,0.0636,0.0653,0.0662,0.0658,0.0638,0.0668,0.0664,0.0648,0.0661,0.0685,0.0650,0.0631,0.0645,Finance,Major Banks,9543413100.0000,0.0017,0.0026,0.0023,0.0002,0.0032,0.0028,0.0012,0.0025,0.0049,0.0014,-0.0004,0.0009,0.0213
ONT,0.2243,0.2220,0.2224,0.2290,0.2290,0.2254,0.2224,0.2228,0.2240,0.2233,0.2263,0.2238,0.2430,0.2369,0.2254,Consumer Discretionary,Professional Services,600995345.0000,0.0066,0.0066,0.0030,0.0000,0.0004,0.0016,0.0009,0.0039,0.0014,0.0206,0.0145,0.0030,-0.0019
ONIT,0.1355,0.1391,0.1123,0.1157,0.1159,0.1225,0.1480,0.1184,0.1149,0.1495,0.1516,0.1593,0.1133,0.1144,0.1528,Finance,Finance: Consumer Services,289812549.0000,0.0034,0.0035,0.0101,0.0357,0.0061,0.0026,0.0371,0.0393,0.0470,0.0010,0.0021,0.0404,-0.0232
ONTO,0.4056,0.4035,0.4055,0.4068,0.4082,0.4111,0.4056,0.4087,0.4065,0.4076,0.4059,0.4088,0.4473,0.4237,0.4085,Industrials,Industrial Machinery/Components,13045250446.0000,0.0012,0.0027,0.0056,0.0001,0.0032,0.0009,0.0020,0.0003,0.0033,0.0418,0.0181,0.0030,-0.0001
OOMA,0.1088,0.1105,0.1244,0.1255,0.1285,0.1243,0.1508,0.1300,0.1268,0.1516,0.1508,0.1505,0.1268,0.1357,0.1542,Technology,EDP Services,525987529.0000,0.0011,0.0041,-0.0001,0.0264,0.0056,0.0024,0.0272,0.0263,0.0261,0.0024,0.0113,0.0298,0.0157
OPCH,0.1157,0.1188,0.1316,0.1332,0.1405,0.1361,0.2233,0.1357,0.1331,0.2237,0.2242,0.2258,0.1371,0.1358,0.2257,Health Care,Medical/Nursing Services,3286585659.0000,0.0015,0.0089,0.0045,0.0917,0.0040,0.0014,0.0921,0.0925,0.0942,0.0055,0.0041,0.0941,0.0159
OPEN,0.2260,0.2340,0.2390,0.2435,0.2455,0.2442,0.2392,0.2418,0.2404,0.2430,0.2402,0.2434,0.2799,0.2517,0.2433,Finance,Real Estate,4370256943.0000,0.0045,0.0065,0.0052,0.0001,0.0027,0.0014,0.0040,0.0012,0.0044,0.0408,0.0126,0.0042,0.0130
OPFI,0.1042,0.1127,0.1146,0.1121,0.1166,0.1150,0.1147,0.1161,0.1170,0.1214,0.1129,0.1178,0.1185,0.1210,0.1175,Finance,Finance: Consumer Services,695954971.0000,-0.0024,0.0020,0.0004,0.0002,0.0015,0.0024,0.0068,-0.0017,0.0033,0.0040,0.0065,0.0030,0.0103
OPK,0.1415,0.1452,0.1359,0.1399,0.1397,0.1382,0.1516,0.1397,0.1383,0.1544,0.1578,0.1557,0.1381,0.1380,0.1520,Health Care,Biotechnology: Pharmaceutical Preparations,958967165.0000,0.0040,0.0037,0.0023,0.0157,0.0038,0.0024,0.0184,0.0219,0.0198,0.0022,0.0021,0.0161,-0.0056
OPLN,0.2515,0.2531,0.2823,0.2896,0.2847,0.2891,0.2691,0.2860,0.2852,0.2699,0.2698,0.2685,0.2941,0.2862,0.2751,Consumer Discretionary,Retail-Auto Dealers and Gas Stations,3750492152.0000,0.0073,0.0023,0.0068,-0.0132,0.0037,0.0029,-0.0124,-0.0126,-0.0138,0.0117,0.0039,-0.0072,0.0309
OPTU,0.2368,0.2372,0.2409,0.2443,0.2440,0.2432,0.2522,0.2429,0.2465,0.2527,0.2539,0.2547,0.2466,0.2476,0.2538,Telecommunications,Cable & Other Pay Television Services,314993425.0000,0.0034,0.0031,0.0023,0.0113,0.0020,0.0056,0.0118,0.0130,0.0138,0.0057,0.0067,0.0129,0.0041
OPY,0.2710,0.2760,0.2493,0.2526,0.2550,0.2554,0.2757,0.2602,0.2538,0.2766,0.2774,0.2774,0.2533,0.2548,0.2765,Finance,Investment Bankers/Brokers/Service,1005053349.0000,0.0033,0.0057,0.0061,0.0264,0.0109,0.0045,0.0273,0.0280,0.0281,0.0040,0.0055,0.0271,-0.0217
ORA,0.2673,0.2723,0.2179,0.2228,0.2165,0.2192,0.2405,0.2213,0.2208,0.2419,0.2433,0.2413,0.2225,0.2270,0.2449,Utilities,Electric Utilities: Central,8201350822.0000,0.0049,-0.0014,0.0013,0.0226,0.0034,0.0029,0.0240,0.0254,0.0233,0.0046,0.0091,0.0270,-0.0494
ORC,0.1186,0.1269,0.1532,0.1532,0.1535,0.1561,0.2208,0.1671,0.1542,0.2220,0.2211,0.2251,0.1554,0.1602,0.2277,Real Estate,Real Estate Investment Trusts,1349973528.0000,-0.0000,0.0002,0.0029,0.0676,0.0139,0.0010,0.0688,0.0679,0.0719,0.0022,0.0070,0.0744,0.0347
ORCL,0.4050,0.4035,0.3862,0.3892,0.3864,0.3877,0.3640,0.3880,0.3888,0.3644,0.3642,0.3657,0.3886,0.3882,0.3650,Technology,Computer Software: Prepackaged Software,552430915680.0000,0.0030,0.0001,0.0015,-0.0223,0.0018,0.0025,-0.0219,-0.0220,-0.0206,0.0024,0.0020,-0.0212,-0.0187
ORGO,0.0823,0.0859,0.0874,0.0883,0.0940,0.0903,0.1314,0.0876,0.0894,0.1313,0.1311,0.1318,0.0964,0.0916,0.1323,Health Care,Biotechnology: Pharmaceutical Preparations,342274298.0000,0.0009,0.0066,0.0029,0.0440,0.0002,0.0020,0.0439,0.0437,0.0444,0.0091,0.0042,0.0449,0.0050
ORI,0.3571,0.3616,0.3574,0.3637,0.3576,0.3623,0.3648,0.3672,0.3597,0.3652,0.3656,0.3671,0.3570,0.3582,0.3686,Finance,Property-Casualty Insurers,9555235170.0000,0.0063,0.0002,0.0049,0.0073,0.0098,0.0023,0.0078,0.0082,0.0097,-0.0004,0.0008,0.0112,0.0003
ORIC,0.0341,0.0356,0.0363,0.0381,0.0394,0.0361,0.0364,0.0380,0.0403,0.0361,0.0362,0.0357,0.0390,0.0404,0.0365,Health Care,Biotechnology: Pharmaceutical Preparations,861266116.0000,0.0019,0.0032,-0.0001,0.0001,0.0017,0.0041,-0.0001,-0.0001,-0.0005,0.0028,0.0042,0.0003,0.0021
ORKA,0.0227,0.0271,0.0311,0.0326,0.0330,0.0324,0.0410,0.0341,0.0353,0.0419,0.0420,0.0419,0.0498,0.0407,0.0447,Health Care,Biotechnology: In Vitro & In Vivo Diagnostic Substances,3655516442.0000,0.0016,0.0019,0.0013,0.0099,0.0030,0.0043,0.0108,0.0109,0.0109,0.0187,0.0096,0.0136,0.0083
ORLY,0.2497,0.2565,0.2765,0.2792,0.2724,0.2775,0.2784,0.2779,0.2797,0.2793,0.2824,0.2803,0.2754,0.2747,0.2802,Consumer Discretionary,Auto & Home Supply Stores,76026321347.0000,0.0027,-0.0042,0.0010,0.0018,0.0014,0.0032,0.0027,0.0058,0.0038,-0.0011,-0.0018,0.0037,0.0268
ORN,0.1736,0.1789,0.1090,0.1101,0.1132,0.1115,0.1069,0.1115,0.1132,0.1078,0.1066,0.1139,0.1167,0.1198,0.1153,Industrials,Military/Government/Technical,568733856.0000,0.0010,0.0041,0.0025,-0.0021,0.0025,0.0042,-0.0012,-0.0024,0.0049,0.0077,0.0108,0.0062,-0.0646
ORRF,0.1053,0.1089,0.1390,0.1443,0.1453,0.1447,0.2062,0.1445,0.1393,0.2078,0.2093,0.2069,0.1456,0.1470,0.2091,Finance,Major Banks,719306397.0000,0.0053,0.0063,0.0057,0.0672,0.0055,0.0003,0.0688,0.0703,0.0679,0.0066,0.0080,0.0701,0.0337
OSBC,0.1705,0.1770,0.2300,0.2353,0.2299,0.2363,0.2651,0.2400,0.2321,0.2659,0.2681,0.2692,0.2277,0.2301,0.2681,Finance,Major Banks,1084194402.0000,0.0053,-0.0001,0.0063,0.0351,0.0100,0.0021,0.0359,0.0381,0.0392,-0.0023,0.0001,0.0381,0.0595
OSIS,0.2066,0.2108,0.2328,0.2349,0.2351,0.2363,0.3016,0.2350,0.2348,0.3027,0.3054,0.3070,0.2409,0.2372,0.3018,Technology,Semiconductors,3660849869.0000,0.0020,0.0023,0.0035,0.0687,0.0021,0.0020,0.0699,0.0725,0.0742,0.0080,0.0043,0.0690,0.0262
OSK,0.3398,0.3412,0.3470,0.3519,0.3613,0.3573,0.4173,0.3581,0.3489,0.4191,0.4182,0.4198,0.3740,0.3603,0.4213,Industrials,Auto Manufacturing,8012766720.0000,0.0050,0.0143,0.0103,0.0704,0.0111,0.0019,0.0722,0.0712,0.0729,0.0271,0.0133,0.0743,0.0071
OSPN,0.1719,0.1767,0.1585,0.1618,0.1634,0.1601,0.1554,0.1609,0.1604,0.1566,0.1576,0.1572,0.1679,0.1634,0.1582,Technology,EDP Services,486395792.0000,0.0033,0.0049,0.0016,-0.0032,0.0023,0.0019,-0.0020,-0.0010,-0.0014,0.0094,0.0049,-0.0003,-0.0133
OSS,0.0685,0.0750,0.0757,0.0762,0.0752,0.0766,0.0832,0.0758,0.0758,0.0860,0.0840,0.0927,0.0885,0.0794,0.0855,Technology,Computer Manufacturing,441631573.0000,0.0006,-0.0005,0.0009,0.0075,0.0001,0.0001,0.0103,0.0083,0.0171,0.0128,0.0037,0.0099,0.0072
OTIS,0.3871,0.3851,0.3869,0.3881,0.3949,0.3890,0.3871,0.3893,0.3878,0.3881,0.3875,0.3879,0.3929,0.3871,0.3883,Technology,Consumer Electronics/Appliances,27923018851.0000,0.0011,0.0079,0.0021,0.0001,0.0024,0.0008,0.0011,0.0006,0.0010,0.0059,0.0002,0.0013,-0.0002
OUST,0.1641,0.1733,0.1739,0.1766,0.1781,0.1821,0.1740,0.1744,0.1783,0.1742,0.1759,0.1766,0.2049,0.1895,0.1756,Industrials,Industrial Machinery/Components,2349964200.0000,0.0027,0.0042,0.0082,0.0001,0.0005,0.0044,0.0004,0.0020,0.0027,0.0311,0.0156,0.0017,0.0098
OTTR,0.2970,0.3043,0.2335,0.2407,0.2365,0.2362,0.2772,0.2409,0.2352,0.2772,0.2779,0.2781,0.2409,0.2367,0.2781,Utilities,Electric Utilities: Central,3667315503.0000,0.0072,0.0030,0.0027,0.0436,0.0074,0.0017,0.0437,0.0444,0.0446,0.0074,0.0032,0.0446,-0.0635
OVID,0.0617,0.0669,0.0680,0.0679,0.0695,0.0680,0.0694,0.0709,0.0727,0.0699,0.0691,0.0696,0.0754,0.0792,0.0706,Health Care,Biotechnology: Pharmaceutical Preparations,461001052.0000,-0.0002,0.0015,-0.0000,0.0013,0.0029,0.0047,0.0019,0.0011,0.0016,0.0074,0.0111,0.0025,0.0064
OUT,0.2633,0.2668,0.2941,0.2977,0.3010,0.3011,0.3900,0.2978,0.2958,0.3912,0.3940,0.3958,0.3011,0.3033,0.3947,Real Estate,Real Estate Investment Trusts,5915733936.0000,0.0035,0.0068,0.0070,0.0959,0.0036,0.0017,0.0970,0.0998,0.1017,0.0069,0.0091,0.1005,0.0309
OXLCP,0.0310,0.0301,0.0339,0.0383,0.0387,0.0363,0.0336,0.0369,0.0381,0.0344,0.0367,0.0366,0.0349,0.0375,0.0341,Finance,Investment Managers,4334792000.0000,0.0044,0.0048,0.0023,-0.0003,0.0030,0.0041,0.0004,0.0027,0.0027,0.0010,0.0036,0.0002,0.0029
OXLC,0.1078,0.1142,0.1538,0.1554,0.1591,0.1606,0.1889,0.1601,0.1555,0.1892,0.1913,0.1895,0.1602,0.1588,0.2014,Finance,Investment Managers,1671768000.0000,0.0016,0.0053,0.0068,0.0351,0.0063,0.0018,0.0354,0.0375,0.0357,0.0064,0.0050,0.0476,0.0460
OVLY,0.0400,0.0440,0.0829,0.0842,0.0853,0.0861,0.1233,0.0858,0.0845,0.1216,0.1241,0.1214,0.0855,0.0900,0.1253,Finance,Major Banks,284038342.0000,0.0013,0.0025,0.0032,0.0405,0.0029,0.0017,0.0387,0.0413,0.0385,0.0026,0.0071,0.0424,0.0429
OXM,0.2329,0.2356,0.2336,0.2376,0.2369,0.2394,0.2698,0.2388,0.2368,0.2706,0.2722,0.2728,0.2428,0.2359,0.2757,Industrials,Garments and Clothing,621811177.0000,0.0040,0.0033,0.0058,0.0362,0.0052,0.0032,0.0370,0.0386,0.0392,0.0091,0.0023,0.0421,0.0007
OXY,0.3613,0.3644,0.4315,0.4387,0.4301,0.4367,0.4086,0.4337,0.4361,0.4090,0.4107,0.4139,0.4388,0.4485,0.4127,Energy,Oil & Gas Production,58494466766.0000,0.0072,-0.0014,0.0052,-0.0229,0.0022,0.0046,-0.0224,-0.0207,-0.0176,0.0073,0.0170,-0.0188,0.0702
PACK,0.1376,0.1383,0.1400,0.1419,0.1471,0.1424,0.1783,0.1433,0.1424,0.1792,0.1805,0.1821,0.1483,0.1519,0.1801,Consumer Discretionary,Containers/Packaging,537221815.0000,0.0019,0.0071,0.0024,0.0383,0.0033,0.0024,0.0392,0.0405,0.0421,0.0083,0.0119,0.0401,0.0024
P,0.2670,0.2679,0.3024,0.3042,0.3064,0.3042,0.3448,0.3056,0.3052,0.3453,0.3449,0.3502,0.3188,0.3113,0.3468,Technology,Electronic Components,28963707069.0000,0.0018,0.0040,0.0017,0.0423,0.0032,0.0028,0.0429,0.0424,0.0478,0.0164,0.0088,0.0443,0.0355
PACB,0.1345,0.1375,0.1612,0.1620,0.1625,0.1634,0.2831,0.1639,0.1625,0.2839,0.2862,0.2844,0.1872,0.1705,0.2860,Industrials,Biotechnology: Laboratory Analytical Instruments,378934059.0000,0.0008,0.0013,0.0022,0.1220,0.0027,0.0013,0.1227,0.1250,0.1232,0.0260,0.0093,0.1248,0.0267
PAG,0.3389,0.3431,0.3175,0.3224,0.3241,0.3270,0.3450,0.3257,0.3204,0.3465,0.3480,0.3488,0.3279,0.3217,0.3496,Consumer Discretionary,Retail-Auto Dealers and Gas Stations,10830874776.0000,0.0049,0.0066,0.0095,0.0275,0.0082,0.0029,0.0290,0.0305,0.0313,0.0104,0.0042,0.0321,-0.0214
PAA,0.2185,0.2259,0.3106,0.3161,0.3181,0.3167,0.3494,0.3179,0.3148,0.3500,0.3525,0.3567,0.3256,0.3483,0.3559,Energy,Natural Gas Distribution,17038590144.0000,0.0054,0.0075,0.0060,0.0387,0.0072,0.0041,0.0393,0.0418,0.0461,0.0150,0.0377,0.0453,0.0922
OZK,0.3198,0.3227,0.3258,0.3392,0.3322,0.3415,0.3646,0.3546,0.3275,0.3661,0.3715,0.3678,0.3357,0.3341,0.3668,Finance,Major Banks,5446373394.0000,0.0134,0.0064,0.0158,0.0388,0.0288,0.0017,0.0403,0.0458,0.0420,0.0100,0.0084,0.0411,0.0059
PAGP,0.1835,0.1938,0.3064,0.3118,0.3110,0.3125,0.3669,0.3132,0.3088,0.3674,0.3691,0.3740,0.3184,0.3398,0.3741,Energy,Natural Gas Distribution,5135612018.0000,0.0053,0.0046,0.0061,0.0605,0.0068,0.0023,0.0610,0.0627,0.0676,0.0120,0.0334,0.0677,0.1230
PAHC,0.1286,0.1382,0.1480,0.1493,0.1507,0.1534,0.1843,0.1500,0.1511,0.1851,0.1874,0.1854,0.1498,0.1523,0.1863,Health Care,Biotechnology: Pharmaceutical Preparations,1349182454.0000,0.0013,0.0026,0.0053,0.0362,0.0020,0.0031,0.0371,0.0394,0.0374,0.0018,0.0043,0.0383,0.0194
PANL,0.0558,0.0619,0.0776,0.0785,0.0820,0.0794,0.1256,0.0785,0.0797,0.1266,0.1269,0.1341,0.0893,0.0944,0.1345,Consumer Discretionary,Marine Transportation,524627682.0000,0.0009,0.0045,0.0018,0.0480,0.0009,0.0021,0.0490,0.0493,0.0565,0.0117,0.0168,0.0569,0.0218
PANW,0.2110,0.2201,0.2573,0.2609,0.2591,0.2604,0.3036,0.2628,0.2590,0.3048,0.3051,0.3045,0.2647,0.2612,0.3043,Technology,Computer peripheral equipment,212633280000.0000,0.0036,0.0018,0.0031,0.0463,0.0055,0.0017,0.0475,0.0478,0.0472,0.0074,0.0039,0.0470,0.0463
PALI,0.0400,0.0410,0.0294,0.0301,0.0345,0.0319,0.0394,0.0305,0.0332,0.0398,0.0390,0.0447,0.0383,0.0400,0.0399,Health Care,Biotechnology: Biological Products (No Diagnostic Substances),338480357.0000,0.0006,0.0051,0.0025,0.0099,0.0010,0.0037,0.0103,0.0095,0.0153,0.0089,0.0106,0.0104,-0.0106
PAR,0.1319,0.1369,0.1947,0.1964,0.2003,0.1967,0.3320,0.1969,0.1974,0.3329,0.3348,0.3348,0.2043,0.2063,0.3325,Miscellaneous,Office Equipment/Supplies/Services,612093593.0000,0.0017,0.0056,0.0019,0.1373,0.0022,0.0026,0.1382,0.1401,0.1401,0.0096,0.0116,0.1378,0.0628
PAYO,0.1629,0.1704,0.1761,0.1829,0.1796,0.1819,0.1761,0.1786,0.1788,0.1764,0.1770,0.1771,0.2117,0.1936,0.1814,Consumer Discretionary,Business Services,1653806600.0000,0.0068,0.0035,0.0058,0.0001,0.0025,0.0027,0.0003,0.0009,0.0010,0.0356,0.0175,0.0053,0.0132
PARR,0.1347,0.1422,0.2208,0.2290,0.2244,0.2246,0.2961,0.2253,0.2244,0.2975,0.2973,0.2995,0.2266,0.2357,0.3006,Energy,Oil & Gas Production,2949987816.0000,0.0082,0.0036,0.0038,0.0753,0.0045,0.0036,0.0767,0.0765,0.0787,0.0058,0.0149,0.0798,0.0861
PATK,0.1546,0.1592,0.2322,0.2357,0.2446,0.2379,0.3244,0.2372,0.2333,0.3257,0.3256,0.3292,0.2514,0.2459,0.3291,Consumer Discretionary,Auto Parts:O.E.M.,2989007174.0000,0.0036,0.0124,0.0057,0.0922,0.0050,0.0011,0.0935,0.0934,0.0970,0.0192,0.0137,0.0969,0.0776
PAYC,0.3079,0.3186,0.3432,0.3462,0.3448,0.3471,0.4446,0.3483,0.3460,0.4452,0.4448,0.4476,0.3533,0.3486,0.4466,Technology,Computer Software: Prepackaged Software,6563613810.0000,0.0030,0.0016,0.0039,0.1014,0.0051,0.0027,0.1020,0.1015,0.1043,0.0101,0.0054,0.1033,0.0353
PAYS,0.0459,0.0503,0.0888,0.0907,0.0915,0.0902,0.1628,0.0910,0.0916,0.1636,0.1644,0.1673,0.0971,0.0961,0.1666,Technology,EDP Services,375686795.0000,0.0019,0.0027,0.0014,0.0740,0.0022,0.0028,0.0748,0.0756,0.0785,0.0083,0.0073,0.0778,0.0429
PAYX,0.4817,0.4824,0.5109,0.5139,0.5131,0.5128,0.5471,0.5152,0.5133,0.5478,0.5487,0.5490,0.5138,0.5127,0.5478,Industrials,Diversified Commercial Services,34754215457.0000,0.0030,0.0021,0.0018,0.0361,0.0042,0.0023,0.0369,0.0378,0.0381,0.0028,0.0018,0.0369,0.0292
PBFS,0.1415,0.1477,0.1507,0.1555,0.1543,0.1574,0.1509,0.1576,0.1527,0.1531,0.1536,0.1531,0.1520,0.1514,0.1565,Finance,Banks,372139727.0000,0.0048,0.0036,0.0067,0.0002,0.0069,0.0019,0.0023,0.0028,0.0024,0.0013,0.0007,0.0058,0.0093
PB,0.3837,0.3861,0.3799,0.3926,0.3797,0.3962,0.3729,0.4111,0.3824,0.3750,0.3786,0.3755,0.3830,0.3821,0.3755,Finance,Major Banks,6968050463.0000,0.0127,-0.0003,0.0163,-0.0071,0.0311,0.0024,-0.0050,-0.0013,-0.0045,0.0031,0.0022,-0.0045,-0.0038
PBF,0.1712,0.1838,0.2534,0.2643,0.2620,0.2591,0.2805,0.2585,0.2568,0.2818,0.2842,0.2848,0.2550,0.2684,0.2861,Energy,Integrated oil Companies,4757183579.0000,0.0110,0.0086,0.0058,0.0272,0.0051,0.0034,0.0284,0.0308,0.0315,0.0017,0.0151,0.0328,0.0821
PBH,0.2082,0.2102,0.1806,0.1825,0.1821,0.1826,0.1861,0.1830,0.1855,0.1864,0.1859,0.1858,0.1858,0.1910,0.1866,Health Care,Biotechnology: Pharmaceutical Preparations,2273863968.0000,0.0020,0.0016,0.0021,0.0056,0.0024,0.0050,0.0059,0.0054,0.0052,0.0053,0.0104,0.0060,-0.0277
PBI,0.2708,0.2735,0.2190,0.2257,0.2295,0.2228,0.1888,0.2219,0.2224,0.1897,0.1932,0.1930,0.2276,0.2231,0.1908,Miscellaneous,Office Equipment/Supplies/Services,2065481731.0000,0.0067,0.0106,0.0038,-0.0301,0.0030,0.0035,-0.0292,-0.0258,-0.0259,0.0086,0.0041,-0.0281,-0.0518
PBT,0.1474,0.1537,0.2092,0.2122,0.2134,0.2161,0.2216,0.2130,0.2192,0.2233,0.2229,0.2225,0.2133,0.2183,0.2227,Energy,Oil & Gas Production,1445338764.0000,0.0030,0.0041,0.0068,0.0124,0.0038,0.0100,0.0140,0.0137,0.0133,0.0041,0.0091,0.0135,0.0618
PCB,0.2450,0.2513,0.2567,0.2625,0.2619,0.2639,0.2498,0.2664,0.2589,0.2511,0.2511,0.2503,0.2636,0.2601,0.2531,Finance,Major Banks,349320102.0000,0.0058,0.0053,0.0072,-0.0069,0.0097,0.0023,-0.0055,-0.0056,-0.0064,0.0069,0.0034,-0.0036,0.0117
PBYI,0.0737,0.0803,0.0939,0.0955,0.0977,0.0948,0.1037,0.0946,0.0957,0.1041,0.1034,0.1075,0.1013,0.1000,0.1054,Health Care,Biotechnology: Pharmaceutical Preparations,360368148.0000,0.0016,0.0039,0.0010,0.0098,0.0007,0.0018,0.0102,0.0095,0.0137,0.0075,0.0061,0.0116,0.0201
PCAR,0.4687,0.4684,0.4066,0.4094,0.4076,0.4143,0.3926,0.4124,0.4099,0.3948,0.3938,0.3938,0.4112,0.4080,0.3963,Consumer Discretionary,Motor Vehicles,57549399141.0000,0.0028,0.0010,0.0077,-0.0140,0.0058,0.0033,-0.0118,-0.0128,-0.0128,0.0046,0.0014,-0.0103,-0.0621
PCT,0.1043,0.1097,0.1110,0.1134,0.1122,0.1163,0.1111,0.1136,0.1118,0.1113,0.1130,0.1120,0.1435,0.1375,0.1126,Industrials,Major Chemicals,2047375386.0000,0.0024,0.0012,0.0053,0.0001,0.0026,0.0008,0.0003,0.0020,0.0010,0.0325,0.0265,0.0016,0.0067
PCG,0.1974,0.2007,0.1619,0.1638,0.1592,0.1669,0.2266,0.1701,0.1641,0.2279,0.2272,0.2278,0.1580,0.1587,0.2286,Utilities,Power Generation,44192677564.0000,0.0019,-0.0027,0.0049,0.0646,0.0082,0.0022,0.0660,0.0653,0.0659,-0.0039,-0.0032,0.0667,-0.0355
PCRX,0.1335,0.1390,0.1597,0.1614,0.1618,0.1624,0.2159,0.1618,0.1626,0.2162,0.2163,0.2182,0.1603,0.1613,0.2173,Health Care,Biotechnology: Pharmaceutical Preparations,918774025.0000,0.0017,0.0022,0.0028,0.0562,0.0021,0.0030,0.0566,0.0566,0.0585,0.0006,0.0016,0.0576,0.0262
PCVX,0.0630,0.0642,0.0683,0.0686,0.0713,0.0706,0.0682,0.0735,0.0683,0.0682,0.0686,0.0755,0.0709,0.0841,0.0679,Health Care,Biotechnology: Pharmaceutical Preparations,6830010359.0000,0.0002,0.0030,0.0022,-0.0001,0.0051,-0.0000,-0.0001,0.0003,0.0071,0.0026,0.0158,-0.0004,0.0053
PCTY,0.2804,0.2871,0.3098,0.3129,0.3116,0.3147,0.3907,0.3130,0.3118,0.3913,0.3915,0.3919,0.3252,0.3180,0.3935,Technology,Computer Software: Prepackaged Software,6051549435.0000,0.0031,0.0018,0.0049,0.0809,0.0032,0.0020,0.0815,0.0816,0.0821,0.0154,0.0082,0.0837,0.0294
PD,0.2743,0.2754,0.2769,0.2774,0.2799,0.2836,0.2786,0.2808,0.2794,0.2809,0.2793,0.2810,0.3024,0.2912,0.2797,Technology,Computer Software: Prepackaged Software,611898444.0000,0.0005,0.0030,0.0067,0.0017,0.0039,0.0025,0.0040,0.0024,0.0041,0.0255,0.0143,0.0028,0.0026
PDFS,0.2036,0.2046,0.2277,0.2321,0.2361,0.2309,0.3008,0.2300,0.2307,0.3025,0.3018,0.3016,0.2472,0.2376,0.3017,Technology,Computer Software: Prepackaged Software,1839963038.0000,0.0044,0.0084,0.0032,0.0730,0.0023,0.0030,0.0748,0.0741,0.0739,0.0195,0.0099,0.0740,0.0242
PDLB,0.1191,0.1355,0.1369,0.1388,0.1389,0.1475,0.1384,0.1417,0.1383,0.1380,0.1395,0.1389,0.1400,0.1391,0.1397,Finance,Savings Institutions,449169322.0000,0.0018,0.0020,0.0106,0.0015,0.0048,0.0013,0.0010,0.0026,0.0019,0.0030,0.0021,0.0028,0.0178
PDI,0.1941,0.2102,0.2396,0.2430,0.2435,0.2474,0.3010,0.2444,0.2410,0.3019,0.3022,0.3072,0.2457,0.2488,0.3072,Finance,Trusts Except Educational Religious and Charitable,4037724900.0000,0.0034,0.0039,0.0078,0.0614,0.0048,0.0014,0.0623,0.0626,0.0676,0.0061,0.0092,0.0676,0.0456
PDM,0.2884,0.2938,0.2968,0.3019,0.2992,0.3014,0.3610,0.3073,0.2995,0.3620,0.3628,0.3634,0.3016,0.3031,0.3633,Real Estate,Building operators,1025155825.0000,0.0051,0.0023,0.0045,0.0642,0.0105,0.0027,0.0652,0.0659,0.0665,0.0048,0.0063,0.0665,0.0085
PEB,0.3288,0.3353,0.3160,0.3208,0.3211,0.3215,0.3659,0.3264,0.3185,0.3669,0.3708,0.3708,0.3251,0.3265,0.3715,Real Estate,Real Estate Investment Trusts,1675597293.0000,0.0048,0.0051,0.0055,0.0499,0.0104,0.0025,0.0509,0.0548,0.0548,0.0091,0.0105,0.0556,-0.0128
PEBO,0.2955,0.3021,0.2794,0.2844,0.2805,0.2907,0.3096,0.3014,0.2811,0.3098,0.3129,0.3113,0.2793,0.2813,0.3125,Finance,Major Banks,1240796688.0000,0.0051,0.0012,0.0114,0.0302,0.0221,0.0017,0.0304,0.0335,0.0319,-0.0001,0.0020,0.0331,-0.0161
PEN,0.1991,0.1990,0.2168,0.2209,0.2187,0.2186,0.2431,0.2175,0.2193,0.2442,0.2442,0.2501,0.2263,0.2237,0.2451,Health Care,Medical/Dental Instruments,12927846083.0000,0.0040,0.0019,0.0018,0.0262,0.0006,0.0025,0.0274,0.0274,0.0332,0.0095,0.0069,0.0283,0.0177
PEG,0.2784,0.2803,0.2372,0.2448,0.2372,0.2418,0.3082,0.2556,0.2396,0.3089,0.3096,0.3089,0.2488,0.2395,0.3087,Utilities,Power Generation,39621534673.0000,0.0077,0.0001,0.0046,0.0710,0.0184,0.0024,0.0718,0.0724,0.0717,0.0116,0.0024,0.0715,-0.0412
PEGA,0.2652,0.2685,0.3304,0.3324,0.3340,0.3339,0.3500,0.3338,0.3325,0.3505,0.3509,0.3574,0.3432,0.3338,0.3514,Technology,EDP Services,5740436352.0000,0.0020,0.0036,0.0035,0.0196,0.0034,0.0021,0.0201,0.0205,0.0270,0.0128,0.0034,0.0210,0.0652
PENG,0.2675,0.2733,0.2793,0.2882,0.2846,0.2818,0.3472,0.2800,0.2832,0.3500,0.3498,0.3492,0.3069,0.2916,0.3519,Technology,Semiconductors,2700274901.0000,0.0089,0.0053,0.0025,0.0679,0.0007,0.0038,0.0707,0.0705,0.0699,0.0276,0.0123,0.0725,0.0118
PENN,0.2479,0.2541,0.2521,0.2537,0.2604,0.2571,0.2993,0.2592,0.2538,0.3005,0.3007,0.3080,0.2677,0.2664,0.3041,Consumer Discretionary,Hotels/Resorts,2259276102.0000,0.0016,0.0083,0.0050,0.0473,0.0071,0.0018,0.0484,0.0486,0.0559,0.0156,0.0144,0.0520,0.0041
PEP,0.3115,0.3177,0.3302,0.3364,0.3342,0.3311,0.3654,0.3372,0.3330,0.3654,0.3666,0.3692,0.3472,0.3394,0.3679,Consumer Staples,Beverages (Production/Distribution),205794305190.0000,0.0062,0.0040,0.0009,0.0352,0.0070,0.0029,0.0352,0.0364,0.0390,0.0170,0.0092,0.0377,0.0187
PFBC,0.1854,0.1936,0.2783,0.2873,0.2848,0.2912,0.3278,0.3039,0.2809,0.3285,0.3324,0.3307,0.2869,0.2872,0.3288,Finance,Major Banks,1360585407.0000,0.0090,0.0065,0.0129,0.0495,0.0256,0.0026,0.0502,0.0542,0.0524,0.0087,0.0089,0.0505,0.0929
PFE,0.3343,0.3398,0.2891,0.2912,0.2809,0.2899,0.2007,0.2907,0.2933,0.2013,0.2028,0.2031,0.2851,0.2815,0.2009,Health Care,Biotechnology: Pharmaceutical Preparations,147615603977.0000,0.0021,-0.0082,0.0008,-0.0884,0.0016,0.0042,-0.0878,-0.0864,-0.0860,-0.0040,-0.0076,-0.0882,-0.0451
PFG,0.5311,0.5315,0.4962,0.5012,0.4970,0.5116,0.4902,0.5130,0.4984,0.4911,0.4928,0.4962,0.5020,0.4965,0.4951,Finance,Accident &Health Insurance,22432886078.0000,0.0051,0.0008,0.0154,-0.0060,0.0168,0.0022,-0.0051,-0.0033,0.0000,0.0058,0.0003,-0.0011,-0.0349
PFGC,0.2277,0.2374,0.2667,0.2688,0.2700,0.2716,0.3442,0.2728,0.2699,0.3453,0.3480,0.3540,0.2694,0.2696,0.3484,Consumer Discretionary,Food Distributors,14708322749.0000,0.0020,0.0033,0.0049,0.0775,0.0061,0.0032,0.0786,0.0812,0.0873,0.0026,0.0029,0.0817,0.0390
PFH,0.2520,0.2710,0.2716,0.2733,0.2732,0.2729,0.2725,0.3114,0.2743,0.2742,0.2764,0.2727,0.2773,0.2782,0.2734,Finance,Life Insurance,5795895000.0000,0.0016,0.0016,0.0013,0.0009,0.0398,0.0027,0.0025,0.0047,0.0011,0.0057,0.0066,0.0018,0.0197
PFIS,0.1094,0.1185,0.2089,0.2126,0.2184,0.2135,0.2568,0.2114,0.2113,0.2572,0.2573,0.2574,0.2179,0.2205,0.2590,Finance,Major Banks,593144699.0000,0.0037,0.0095,0.0046,0.0478,0.0025,0.0024,0.0483,0.0484,0.0485,0.0090,0.0116,0.0501,0.0995
PFLT,0.1370,0.1471,0.1886,0.1906,0.1945,0.1967,0.2630,0.1963,0.1927,0.2645,0.2670,0.2639,0.1950,0.2016,0.2699,Finance,Finance: Consumer Services,804657137.0000,0.0020,0.0059,0.0081,0.0744,0.0077,0.0040,0.0759,0.0783,0.0753,0.0063,0.0130,0.0813,0.0517
PFS,0.3488,0.3544,0.2953,0.2991,0.2966,0.3047,0.2981,0.3175,0.2987,0.2998,0.3005,0.2995,0.2956,0.2992,0.3012,Finance,Savings Institutions,2873416798.0000,0.0038,0.0012,0.0094,0.0027,0.0222,0.0033,0.0045,0.0052,0.0042,0.0003,0.0038,0.0058,-0.0535
PFSI,0.1754,0.1804,0.2138,0.2170,0.2161,0.2189,0.3148,0.2223,0.2162,0.3162,0.3178,0.3174,0.2161,0.2125,0.3175,Finance,Finance: Consumer Services,4459308265.0000,0.0032,0.0022,0.0050,0.1010,0.0085,0.0024,0.1023,0.1040,0.1036,0.0022,-0.0014,0.1037,0.0385
PG,0.2958,0.2964,0.2780,0.2826,0.2799,0.2789,0.2899,0.2823,0.2808,0.2904,0.2917,0.2978,0.2928,0.2819,0.2925,Consumer Discretionary,Package Goods/Cosmetics,336342836382.0000,0.0045,0.0018,0.0009,0.0119,0.0042,0.0028,0.0124,0.0137,0.0198,0.0148,0.0039,0.0144,-0.0178
PGC,0.2307,0.2414,0.2706,0.2769,0.2797,0.2853,0.3287,0.2872,0.2744,0.3312,0.3323,0.3301,0.2834,0.2815,0.3339,Finance,Commercial Banks,758878130.0000,0.0063,0.0091,0.0148,0.0582,0.0166,0.0038,0.0606,0.0617,0.0596,0.0128,0.0109,0.0633,0.0399
PGEN,0.1089,0.1151,0.1190,0.1220,0.1262,0.1216,0.1400,0.1174,0.1238,0.1430,0.1458,0.1404,0.1321,0.1324,0.1468,Health Care,Biotechnology: Pharmaceutical Preparations,1511606555.0000,0.0030,0.0072,0.0026,0.0210,-0.0016,0.0048,0.0240,0.0268,0.0214,0.0131,0.0134,0.0278,0.0101
PGNY,0.2090,0.2114,0.2133,0.2175,0.2152,0.2200,0.2134,0.2175,0.2146,0.2137,0.2147,0.2149,0.2326,0.2320,0.2174,Health Care,Misc Health and Biotechnology Services,1948909366.0000,0.0042,0.0019,0.0067,0.0001,0.0042,0.0013,0.0004,0.0014,0.0016,0.0193,0.0187,0.0041,0.0043
PH,0.5172,0.5223,0.5054,0.5078,0.5162,0.5154,0.5336,0.5126,0.5079,0.5347,0.5351,0.5388,0.5305,0.5164,0.5382,Industrials,Metal Fabrications,109311855807.0000,0.0024,0.0108,0.0100,0.0282,0.0072,0.0026,0.0293,0.0298,0.0334,0.0251,0.0111,0.0329,-0.0118
PGR,0.3565,0.3602,0.3102,0.3146,0.3117,0.3112,0.2319,0.3120,0.3153,0.2330,0.2342,0.2346,0.3210,0.3095,0.2327,Finance,Property-Casualty Insurers,116580967933.0000,0.0044,0.0015,0.0010,-0.0783,0.0018,0.0051,-0.0771,-0.0760,-0.0756,0.0108,-0.0007,-0.0775,-0.0463
PHAT,0.1249,0.1259,0.1256,0.1273,0.1277,0.1293,0.1257,0.1274,0.1326,0.1269,0.1301,0.1282,0.1338,0.1338,0.1276,Health Care,Biotechnology: Pharmaceutical Preparations,903634947.0000,0.0017,0.0021,0.0037,0.0001,0.0018,0.0070,0.0013,0.0045,0.0026,0.0082,0.0082,0.0020,0.0007
PHM,0.3280,0.3332,0.3292,0.3328,0.3292,0.3327,0.4185,0.3369,0.3334,0.4194,0.4206,0.4199,0.3304,0.3296,0.4218,Consumer Discretionary,Homebuilding,22178326080.0000,0.0036,0.0001,0.0035,0.0894,0.0077,0.0042,0.0903,0.0914,0.0907,0.0012,0.0004,0.0927,0.0012
PHR,0.2178,0.2234,0.2271,0.2284,0.2280,0.2367,0.2272,0.2334,0.2297,0.2275,0.2278,0.2284,0.2630,0.2508,0.2301,Consumer Discretionary,Business Services,551023750.0000,0.0013,0.0009,0.0096,0.0001,0.0063,0.0027,0.0004,0.0007,0.0013,0.0359,0.0238,0.0030,0.0093
PI,0.1863,0.1945,0.2019,0.2030,0.2029,0.2045,0.2510,0.2031,0.2038,0.2523,0.2518,0.2542,0.2234,0.2098,0.2543,Technology,Industrial Machinery/Components,4561567546.0000,0.0011,0.0010,0.0026,0.0490,0.0012,0.0019,0.0503,0.0498,0.0523,0.0214,0.0079,0.0524,0.0157
PINE,0.1452,0.1474,0.1539,0.1597,0.1553,0.1583,0.1543,0.1600,0.1555,0.1545,0.1560,0.1575,0.1566,0.1611,0.1558,Real Estate,Real Estate Investment Trusts,318761637.0000,0.0058,0.0014,0.0044,0.0004,0.0062,0.0016,0.0007,0.0022,0.0036,0.0027,0.0073,0.0019,0.0087
PII,0.3392,0.3420,0.3185,0.3225,0.3221,0.3236,0.3871,0.3252,0.3208,0.3883,0.3878,0.3905,0.3328,0.3175,0.3900,Consumer Discretionary,Industrial Specialties,3858588708.0000,0.0040,0.0036,0.0051,0.0686,0.0067,0.0023,0.0698,0.0693,0.0720,0.0143,-0.0010,0.0715,-0.0207
PINS,0.2571,0.2583,0.2626,0.2661,0.2671,0.2681,0.2569,0.2681,0.2642,0.2577,0.2592,0.2602,0.2694,0.2672,0.2574,Technology,Computer Software: Programming Data Processing,10805434838.0000,0.0035,0.0046,0.0055,-0.0056,0.0056,0.0017,-0.0049,-0.0034,-0.0024,0.0068,0.0047,-0.0051,0.0055
PJT,0.2575,0.2702,0.2878,0.2912,0.2905,0.2927,0.2946,0.2931,0.2930,0.2947,0.2956,0.2969,0.2977,0.2999,0.2954,Finance,Investment Managers,6266991279.0000,0.0034,0.0027,0.0048,0.0068,0.0052,0.0052,0.0069,0.0078,0.0090,0.0099,0.0121,0.0076,0.0303
PK,0.3213,0.3248,0.3357,0.3433,0.3391,0.3443,0.3828,0.3448,0.3405,0.3844,0.3868,0.3885,0.3513,0.3440,0.3904,Consumer Discretionary,Hotels/Resorts,2317674721.0000,0.0075,0.0034,0.0085,0.0470,0.0090,0.0048,0.0486,0.0510,0.0528,0.0155,0.0082,0.0547,0.0144
PIPR,0.3913,0.3939,0.3787,0.3821,0.3758,0.3872,0.4270,0.3894,0.3816,0.4276,0.4276,0.4286,0.3788,0.3784,0.4294,Finance,Investment Bankers/Brokers/Service,5731825483.0000,0.0034,-0.0029,0.0085,0.0483,0.0107,0.0030,0.0489,0.0489,0.0499,0.0001,-0.0003,0.0507,-0.0126
PKBK,0.0689,0.0758,0.1342,0.1358,0.1454,0.1438,0.2006,0.1417,0.1359,0.2027,0.2045,0.2012,0.1377,0.1379,0.2068,Finance,Major Banks,369407616.0000,0.0015,0.0112,0.0095,0.0663,0.0074,0.0016,0.0685,0.0702,0.0669,0.0034,0.0036,0.0726,0.0654
PKE,0.2701,0.2732,0.1655,0.1692,0.1613,0.1684,0.2156,0.1710,0.1690,0.2170,0.2169,0.2161,0.1616,0.1619,0.2164,Industrials,Military/Government/Technical,689432611.0000,0.0036,-0.0042,0.0029,0.0501,0.0055,0.0035,0.0515,0.0514,0.0506,-0.0039,-0.0037,0.0509,-0.1045
PKG,0.3505,0.3534,0.3135,0.3172,0.3161,0.3184,0.3053,0.3202,0.3155,0.3068,0.3060,0.3074,0.3252,0.3166,0.3091,Consumer Discretionary,Containers/Packaging,19237288874.0000,0.0037,0.0026,0.0049,-0.0082,0.0067,0.0020,-0.0067,-0.0075,-0.0062,0.0117,0.0031,-0.0044,-0.0370
PLAY,0.1734,0.1773,0.1901,0.1926,0.1937,0.1961,0.2460,0.1959,0.1934,0.2468,0.2473,0.2582,0.1979,0.1950,0.2532,Consumer Discretionary,Restaurants,408188009.0000,0.0024,0.0035,0.0060,0.0559,0.0058,0.0033,0.0567,0.0572,0.0681,0.0078,0.0049,0.0631,0.0167
PKOH,0.2140,0.2165,0.1774,0.1799,0.1826,0.1824,0.1728,0.1836,0.1803,0.1737,0.1760,0.1751,0.1812,0.1814,0.1768,Industrials,Industrial Specialties,448502964.0000,0.0026,0.0053,0.0051,-0.0045,0.0062,0.0030,-0.0037,-0.0013,-0.0022,0.0038,0.0040,-0.0005,-0.0366
PLAB,0.2378,0.2413,0.2501,0.2528,0.2582,0.2558,0.3441,0.2539,0.2527,0.3450,0.3442,0.3449,0.2674,0.2619,0.3483,Technology,Semiconductors,3034410635.0000,0.0027,0.0080,0.0057,0.0939,0.0037,0.0026,0.0948,0.0941,0.0948,0.0173,0.0118,0.0982,0.0124
PLBC,0.0312,0.0345,0.0656,0.0680,0.0766,0.0684,0.1063,0.0686,0.0677,0.1057,0.1065,0.1131,0.0675,0.0711,0.1126,Finance,Finance Companies,366942042.0000,0.0024,0.0110,0.0028,0.0407,0.0030,0.0021,0.0401,0.0410,0.0475,0.0020,0.0055,0.0470,0.0344
PLMR,0.2073,0.2083,0.2128,0.2156,0.2140,0.2144,0.2080,0.2146,0.2151,0.2089,0.2089,0.2097,0.2230,0.2140,0.2090,Finance,Property-Casualty Insurers,3017995791.0000,0.0029,0.0012,0.0017,-0.0047,0.0019,0.0024,-0.0038,-0.0038,-0.0031,0.0103,0.0013,-0.0038,0.0054
PLD,0.4202,0.4200,0.3804,0.3877,0.3785,0.3845,0.4563,0.3912,0.3844,0.4565,0.4583,0.4571,0.3812,0.3778,0.4566,Real Estate,Real Estate Investment Trusts,136028114200.0000,0.0073,-0.0019,0.0041,0.0759,0.0108,0.0040,0.0761,0.0779,0.0767,0.0008,-0.0026,0.0762,-0.0397
PLNT,0.2373,0.2451,0.2795,0.2832,0.2847,0.2832,0.3261,0.2874,0.2832,0.3267,0.3290,0.3301,0.2857,0.2832,0.3291,Consumer Discretionary,Hotels/Resorts,4134996543.0000,0.0037,0.0053,0.0038,0.0466,0.0079,0.0037,0.0472,0.0495,0.0506,0.0062,0.0037,0.0496,0.0422
PLOW,0.2162,0.2248,0.2430,0.2448,0.2516,0.2528,0.3096,0.2505,0.2474,0.3100,0.3106,0.3112,0.2498,0.2515,0.3136,Industrials,Construction/Ag Equipment/Trucks,1022133486.0000,0.0018,0.0086,0.0098,0.0666,0.0076,0.0045,0.0671,0.0676,0.0682,0.0068,0.0085,0.0706,0.0267
PLPC,0.1867,0.1874,0.1590,0.1624,0.1635,0.1616,0.1725,0.1657,0.1629,0.1739,0.1742,0.1749,0.1675,0.1609,0.1769,Industrials,Water Sewer Pipeline Comm & Power Line Construction,1749028454.0000,0.0034,0.0045,0.0026,0.0135,0.0067,0.0039,0.0149,0.0153,0.0160,0.0085,0.0019,0.0180,-0.0277
PLTR,0.2663,0.2637,0.2649,0.2651,0.2654,0.2688,0.2650,0.2656,0.2663,0.2654,0.2651,0.2668,0.3136,0.2825,0.2663,Technology,Computer Software: Prepackaged Software,328144063412.0000,0.0001,0.0005,0.0039,0.0000,0.0007,0.0014,0.0005,0.0002,0.0019,0.0487,0.0176,0.0014,-0.0014
PLSE,0.0650,0.0685,0.0746,0.0757,0.0746,0.0753,0.0732,0.0738,0.0781,0.0750,0.0744,0.0748,0.0832,0.0774,0.0737,Health Care,Medical/Dental Instruments,1791839444.0000,0.0010,-0.0000,0.0006,-0.0014,-0.0008,0.0035,0.0004,-0.0002,0.0002,0.0086,0.0028,-0.0009,0.0096
PLUG,0.1396,0.1483,0.1958,0.1990,0.2021,0.2006,0.2575,0.1959,0.1968,0.2576,0.2575,0.2601,0.2322,0.2135,0.2581,Energy,Industrial Machinery/Components,5273361130.0000,0.0032,0.0063,0.0049,0.0617,0.0001,0.0011,0.0618,0.0618,0.0643,0.0365,0.0177,0.0623,0.0562
PLUS,0.1881,0.1933,0.2430,0.2444,0.2549,0.2468,0.3648,0.2486,0.2447,0.3650,0.3663,0.3666,0.2556,0.2549,0.3657,Technology,Retail: Computer Software & Peripheral Equipment,2253132933.0000,0.0014,0.0118,0.0038,0.1218,0.0055,0.0017,0.1220,0.1232,0.1236,0.0126,0.0118,0.1227,0.0549
PLXS,0.3184,0.3246,0.2952,0.2966,0.3051,0.2996,0.3444,0.3037,0.2976,0.3447,0.3448,0.3460,0.3180,0.3089,0.3459,Technology,Electrical Products,7109716188.0000,0.0014,0.0098,0.0044,0.0491,0.0085,0.0024,0.0495,0.0496,0.0508,0.0228,0.0137,0.0506,-0.0232
PM,0.2777,0.2849,0.2481,0.2510,0.2510,0.2488,0.2724,0.2522,0.2500,0.2756,0.2753,0.2735,0.2530,0.2508,0.2808,Health Care, Medicinal Chemicals and Botanical Products ,294552036306.0000,0.0029,0.0029,0.0008,0.0243,0.0041,0.0020,0.0275,0.0272,0.0254,0.0049,0.0027,0.0327,-0.0296
PMM,0.0713,0.0800,0.1114,0.1153,0.1206,0.1160,0.1728,0.1379,0.1162,0.1736,0.1737,0.1735,0.1176,0.1274,0.1750,Finance,Investment Managers,300231063.0000,0.0039,0.0092,0.0045,0.0614,0.0265,0.0048,0.0622,0.0623,0.0621,0.0062,0.0160,0.0636,0.0401
PMO,0.0850,0.0938,0.1255,0.1315,0.1315,0.1335,0.1768,0.1616,0.1288,0.1785,0.1785,0.1787,0.1330,0.1346,0.1809,Finance,Finance Companies,348311062.0000,0.0059,0.0060,0.0079,0.0513,0.0360,0.0033,0.0529,0.0530,0.0532,0.0075,0.0091,0.0554,0.0406
PMT,0.1881,0.1969,0.1859,0.1903,0.1906,0.1920,0.2711,0.1909,0.1950,0.2740,0.2722,0.2726,0.1898,0.1923,0.2776,Real Estate,Real Estate Investment Trusts,915624801.0000,0.0044,0.0048,0.0061,0.0852,0.0050,0.0092,0.0882,0.0863,0.0868,0.0039,0.0064,0.0918,-0.0022
PNC,0.4700,0.4717,0.4762,0.4892,0.4778,0.4935,0.4642,0.5092,0.4787,0.4657,0.4705,0.4662,0.4798,0.4792,0.4677,Finance,Major Banks,88035014273.0000,0.0130,0.0015,0.0173,-0.0120,0.0330,0.0025,-0.0105,-0.0057,-0.0100,0.0036,0.0030,-0.0085,0.0063
PNFP,0.3656,0.3698,0.3716,0.3797,0.3737,0.3901,0.3943,0.4006,0.3736,0.3955,0.3979,0.3966,0.3791,0.3780,0.3993,Finance,Major Banks,14680026786.0000,0.0081,0.0021,0.0185,0.0227,0.0290,0.0021,0.0239,0.0263,0.0250,0.0075,0.0064,0.0277,0.0060
PNTG,0.1625,0.1684,0.1726,0.1739,0.1763,0.1769,0.1727,0.1781,0.1763,0.1729,0.1752,0.1744,0.1848,0.1793,0.1764,Health Care,Medical/Nursing Services,1179315533.0000,0.0013,0.0036,0.0043,0.0001,0.0054,0.0037,0.0003,0.0025,0.0017,0.0121,0.0067,0.0037,0.0102
PNRG,0.0609,0.0644,0.0807,0.0885,0.0872,0.0811,0.1381,0.0819,0.0839,0.1379,0.1384,0.1393,0.0857,0.0898,0.1396,Energy,Oil & Gas Production,419450320.0000,0.0078,0.0064,0.0004,0.0573,0.0011,0.0031,0.0572,0.0577,0.0585,0.0049,0.0091,0.0589,0.0199
PNW,0.2845,0.2893,0.2106,0.2214,0.2114,0.2197,0.2568,0.2377,0.2128,0.2569,0.2585,0.2581,0.2246,0.2126,0.2583,Utilities,Electric Utilities: Central,12475006868.0000,0.0109,0.0008,0.0092,0.0462,0.0271,0.0022,0.0464,0.0479,0.0475,0.0140,0.0020,0.0477,-0.0739
PODD,0.2082,0.2127,0.2009,0.2054,0.2100,0.2044,0.2560,0.2068,0.2037,0.2576,0.2576,0.2623,0.2117,0.2117,0.2575,Health Care,Medical/Dental Instruments,10727020062.0000,0.0045,0.0091,0.0035,0.0551,0.0059,0.0028,0.0567,0.0567,0.0614,0.0108,0.0108,0.0566,-0.0073
POOL,0.3266,0.3273,0.3142,0.3178,0.3186,0.3165,0.3461,0.3190,0.3155,0.3466,0.3500,0.3487,0.3226,0.3215,0.3523,Consumer Discretionary,Industrial Specialties,6728836074.0000,0.0036,0.0044,0.0023,0.0319,0.0048,0.0013,0.0324,0.0358,0.0346,0.0084,0.0073,0.0382,-0.0124
POST,0.1836,0.1933,0.2124,0.2156,0.2160,0.2153,0.2628,0.2163,0.2154,0.2633,0.2677,0.2639,0.2182,0.2136,0.2643,Consumer Staples,Packaged Foods,4403995682.0000,0.0032,0.0035,0.0028,0.0504,0.0038,0.0030,0.0509,0.0553,0.0515,0.0057,0.0012,0.0519,0.0289
POR,0.2785,0.2826,0.2158,0.2293,0.2223,0.2234,0.2549,0.2378,0.2177,0.2553,0.2565,0.2568,0.2335,0.2175,0.2560,Utilities,Electric Utilities: Central,5765669148.0000,0.0135,0.0065,0.0076,0.0391,0.0220,0.0018,0.0395,0.0406,0.0410,0.0177,0.0017,0.0402,-0.0627
POWI,0.3167,0.3197,0.3675,0.3687,0.3807,0.3719,0.4562,0.3690,0.3695,0.4572,0.4565,0.4582,0.4022,0.3846,0.4588,Technology,Semiconductors,3947760866.0000,0.0012,0.0132,0.0044,0.0887,0.0015,0.0020,0.0897,0.0889,0.0906,0.0346,0.0170,0.0913,0.0508
POWL,0.2197,0.2255,0.1792,0.1809,0.1840,0.1846,0.1988,0.1863,0.1820,0.1995,0.1992,0.1993,0.1834,0.1869,0.2021,Energy,Electrical Products,10172445034.0000,0.0016,0.0048,0.0054,0.0196,0.0071,0.0028,0.0202,0.0199,0.0201,0.0041,0.0076,0.0228,-0.0404
PPC,0.1418,0.1444,0.1586,0.1599,0.1619,0.1601,0.2085,0.1607,0.1609,0.2097,0.2096,0.2104,0.1625,0.1639,0.2125,Consumer Staples,Meat/Poultry/Fish,6771258441.0000,0.0014,0.0034,0.0015,0.0499,0.0021,0.0023,0.0511,0.0510,0.0518,0.0040,0.0054,0.0539,0.0168
PPG,0.4783,0.4814,0.4285,0.4302,0.4327,0.4332,0.4398,0.4329,0.4307,0.4432,0.4404,0.4419,0.4471,0.4311,0.4483,Consumer Discretionary,Paints/Coatings,24024162000.0000,0.0016,0.0041,0.0046,0.0113,0.0044,0.0022,0.0146,0.0119,0.0134,0.0185,0.0025,0.0197,-0.0498
PR,0.1340,0.1396,0.3289,0.3330,0.3298,0.3340,0.3381,0.3326,0.3315,0.3390,0.3402,0.3420,0.3394,0.3522,0.3416,Energy,Oil & Gas Production,17114169255.0000,0.0041,0.0009,0.0051,0.0092,0.0037,0.0026,0.0101,0.0113,0.0131,0.0104,0.0233,0.0127,0.1949
PPL,0.2519,0.2600,0.2535,0.2573,0.2533,0.2613,0.3279,0.2709,0.2573,0.3292,0.3298,0.3287,0.2581,0.2525,0.3299,Utilities,Electric Utilities: Central,27325365148.0000,0.0038,-0.0002,0.0078,0.0744,0.0174,0.0038,0.0757,0.0763,0.0752,0.0046,-0.0010,0.0764,0.0016
PPT,0.1243,0.1348,0.1535,0.1550,0.1608,0.1582,0.2237,0.1599,0.1556,0.2241,0.2241,0.2275,0.1618,0.1644,0.2292,Finance,Finance Companies,341381942.0000,0.0015,0.0073,0.0047,0.0702,0.0064,0.0021,0.0706,0.0706,0.0740,0.0083,0.0109,0.0757,0.0292
PRA,0.2823,0.2827,0.1820,0.1860,0.1759,0.1862,0.1508,0.1877,0.1859,0.1514,0.1546,0.1527,0.1743,0.1767,0.1526,Finance,Property-Casualty Insurers,1270582214.0000,0.0040,-0.0061,0.0043,-0.0311,0.0058,0.0040,-0.0306,-0.0274,-0.0293,-0.0076,-0.0053,-0.0294,-0.1004
PRAA,0.2157,0.2178,0.1640,0.1676,0.1649,0.1691,0.1768,0.1660,0.1659,0.1779,0.1776,0.1795,0.1689,0.1690,0.1812,Finance,Finance: Consumer Services,558382600.0000,0.0036,0.0008,0.0050,0.0127,0.0020,0.0019,0.0139,0.0136,0.0155,0.0049,0.0049,0.0172,-0.0517
PRAX,0.0455,0.0492,0.0501,0.0507,0.0510,0.0518,0.0501,0.0511,0.0675,0.0503,0.0497,0.0488,0.0500,0.0562,0.0509,Health Care,Biotechnology: Pharmaceutical Preparations,9578031595.0000,0.0006,0.0009,0.0017,0.0001,0.0011,0.0174,0.0002,-0.0004,-0.0013,-0.0001,0.0062,0.0008,0.0046
PRCH,0.1278,0.1295,0.1319,0.1324,0.1337,0.1341,0.1319,0.1328,0.1360,0.1325,0.1327,0.1327,0.1594,0.1425,0.1330,Technology,Computer Software: Prepackaged Software,1220959970.0000,0.0006,0.0018,0.0022,0.0000,0.0010,0.0042,0.0006,0.0009,0.0008,0.0275,0.0106,0.0012,0.0041
PRDO,0.1353,0.1393,0.1464,0.1488,0.1469,0.1470,0.1790,0.1499,0.1490,0.1794,0.1798,0.1799,0.1476,0.1464,0.1838,Real Estate,Other Consumer Services,2130652459.0000,0.0024,0.0005,0.0006,0.0326,0.0035,0.0026,0.0330,0.0334,0.0335,0.0012,0.0000,0.0374,0.0111
PRG,0.1730,0.1766,0.1865,0.1873,0.1933,0.1914,0.2358,0.1888,0.1884,0.2384,0.2369,0.2412,0.1939,0.1919,0.2412,Consumer Discretionary,Diversified Commercial Services,1340593771.0000,0.0009,0.0068,0.0049,0.0493,0.0023,0.0019,0.0519,0.0504,0.0547,0.0074,0.0054,0.0547,0.0135
PRGO,0.1791,0.1821,0.1673,0.1697,0.1724,0.1692,0.1822,0.1683,0.1713,0.1822,0.1834,0.1836,0.1747,0.1792,0.1850,Health Care,Biotechnology: Pharmaceutical Preparations,1552486379.0000,0.0025,0.0051,0.0019,0.0149,0.0011,0.0040,0.0150,0.0162,0.0164,0.0074,0.0119,0.0177,-0.0118
PRGS,0.3261,0.3298,0.2977,0.2995,0.2954,0.3005,0.3946,0.2986,0.3021,0.3953,0.3968,0.3955,0.2991,0.2989,0.3960,Technology,Computer Software: Prepackaged Software,1253101006.0000,0.0018,-0.0023,0.0028,0.0969,0.0009,0.0044,0.0975,0.0990,0.0978,0.0014,0.0012,0.0983,-0.0284
PRI,0.3894,0.3939,0.4133,0.4168,0.4157,0.4257,0.4361,0.4257,0.4158,0.4370,0.4388,0.4370,0.4193,0.4165,0.4381,Finance,Life Insurance,8723726238.0000,0.0036,0.0024,0.0124,0.0229,0.0125,0.0025,0.0238,0.0255,0.0238,0.0060,0.0032,0.0248,0.0238
PRIM,0.2427,0.2472,0.2608,0.2639,0.2639,0.2686,0.3172,0.2714,0.2646,0.3178,0.3185,0.3196,0.2716,0.2806,0.3187,Industrials,Water Sewer Pipeline Comm & Power Line Construction,6377667609.0000,0.0031,0.0031,0.0078,0.0564,0.0106,0.0037,0.0570,0.0577,0.0588,0.0108,0.0198,0.0579,0.0181
PRKS,0.1622,0.1693,0.2011,0.2040,0.2047,0.2084,0.3008,0.2056,0.2022,0.3013,0.3021,0.3109,0.2090,0.2140,0.3070,Health Care,Biotechnology: Electromedical & Electrotherapeutic Apparatus,1758302069.0000,0.0030,0.0036,0.0073,0.0998,0.0045,0.0012,0.1002,0.1010,0.1099,0.0079,0.0130,0.1060,0.0388
PRK,0.3511,0.3578,0.2946,0.3019,0.2958,0.3048,0.2836,0.3134,0.2981,0.2845,0.2876,0.2855,0.2913,0.2934,0.2847,Finance,Major Banks,3068734773.0000,0.0073,0.0012,0.0101,-0.0110,0.0188,0.0035,-0.0102,-0.0070,-0.0092,-0.0034,-0.0012,-0.0099,-0.0565
PRLD,0.0800,0.0893,0.0900,0.0875,0.0884,0.0927,0.0902,0.0905,0.0928,0.0910,0.0900,0.0914,0.0885,0.0895,0.0893,Health Care,Biotechnology: Pharmaceutical Preparations,340085461.0000,-0.0025,-0.0017,0.0026,0.0001,0.0005,0.0027,0.0010,-0.0000,0.0013,-0.0016,-0.0005,-0.0007,0.0101
PRLB,0.1897,0.1950,0.2175,0.2198,0.2257,0.2203,0.2126,0.2207,0.2198,0.2143,0.2133,0.2136,0.2372,0.2265,0.2148,Industrials,Metal Fabrications,1697943051.0000,0.0023,0.0083,0.0028,-0.0048,0.0032,0.0023,-0.0032,-0.0041,-0.0038,0.0198,0.0091,-0.0027,0.0277
PRS,0.1909,0.2152,0.2213,0.2215,0.2334,0.2247,0.2389,0.2588,0.2260,0.2401,0.2428,0.2417,0.2311,0.2477,0.2459,Finance,Life Insurance,7927040000.0000,0.0002,0.0121,0.0033,0.0176,0.0375,0.0046,0.0188,0.0215,0.0204,0.0098,0.0264,0.0246,0.0305
PRMB,0.1647,0.1701,0.2037,0.2052,0.2130,0.2049,0.3174,0.2094,0.2063,0.3201,0.3167,0.3222,0.2123,0.2079,0.3255,Consumer Staples,Beverages (Production/Distribution),8523782521.0000,0.0016,0.0094,0.0012,0.1137,0.0057,0.0026,0.1164,0.1130,0.1185,0.0086,0.0043,0.1218,0.0389
PRTA,0.1306,0.1425,0.1486,0.1511,0.1505,0.1493,0.1606,0.1488,0.1511,0.1613,0.1638,0.1612,0.1495,0.1499,0.1625,Health Care,Biotechnology: Pharmaceutical Preparations,514632320.0000,0.0025,0.0019,0.0007,0.0120,0.0002,0.0025,0.0127,0.0152,0.0126,0.0009,0.0013,0.0139,0.0180
PRSU,0.2653,0.2656,0.2341,0.2389,0.2395,0.2432,0.2701,0.2404,0.2375,0.2718,0.2738,0.2738,0.2460,0.2393,0.2782,Consumer Discretionary,Business Services,1210755477.0000,0.0048,0.0054,0.0092,0.0360,0.0063,0.0034,0.0378,0.0398,0.0398,0.0120,0.0053,0.0442,-0.0312
PRTH,0.0695,0.0722,0.0752,0.0765,0.0798,0.0755,0.1033,0.0750,0.0809,0.1050,0.1060,0.1036,0.0864,0.0779,0.1068,Consumer Discretionary,Business Services,471895124.0000,0.0012,0.0046,0.0003,0.0281,-0.0002,0.0057,0.0298,0.0307,0.0284,0.0112,0.0027,0.0315,0.0057
PRU,0.5361,0.5345,0.5206,0.5304,0.5219,0.5401,0.5159,0.5536,0.5224,0.5179,0.5204,0.5198,0.5283,0.5252,0.5194,Finance,Life Insurance,36129640000.0000,0.0098,0.0013,0.0195,-0.0048,0.0330,0.0017,-0.0027,-0.0002,-0.0008,0.0076,0.0046,-0.0012,-0.0155
PSA,0.3155,0.3179,0.2329,0.2402,0.2262,0.2381,0.2650,0.2459,0.2354,0.2657,0.2702,0.2684,0.2345,0.2250,0.2662,Real Estate,Real Estate Investment Trusts,53585339577.0000,0.0073,-0.0067,0.0052,0.0321,0.0130,0.0025,0.0328,0.0373,0.0355,0.0016,-0.0079,0.0333,-0.0826
PSEC,0.2562,0.2653,0.2377,0.2431,0.2411,0.2478,0.3125,0.2394,0.2434,0.3140,0.3140,0.3144,0.2456,0.2529,0.3181,Finance,Finance: Consumer Services,1142297449.0000,0.0054,0.0034,0.0101,0.0747,0.0016,0.0057,0.0763,0.0763,0.0767,0.0079,0.0152,0.0804,-0.0185
PSIX,0.0343,0.0371,0.0357,0.0377,0.0380,0.0391,0.0090,0.0357,0.0370,0.0089,0.0092,0.0097,0.0379,0.0412,0.0093,Industrials,Industrial Machinery/Components,895970992.0000,0.0020,0.0023,0.0034,-0.0267,-0.0000,0.0013,-0.0267,-0.0265,-0.0260,0.0022,0.0055,-0.0263,0.0014
PSKY,0.3451,0.3463,0.2473,0.2497,0.2452,0.2507,0.2018,0.2524,0.2492,0.2033,0.2025,0.2124,0.2478,0.2520,0.2070,Industrials,Broadcasting,11706550187.0000,0.0023,-0.0021,0.0034,-0.0456,0.0050,0.0018,-0.0441,-0.0448,-0.0349,0.0005,0.0046,-0.0404,-0.0977
PSN,0.2660,0.2645,0.2745,0.2778,0.2765,0.2756,0.2697,0.2792,0.2766,0.2703,0.2718,0.2749,0.2801,0.2841,0.2720,Technology,EDP Services,5745816363.0000,0.0032,0.0020,0.0010,-0.0048,0.0046,0.0021,-0.0042,-0.0027,0.0004,0.0056,0.0096,-0.0026,0.0085
PSMT,0.2298,0.2332,0.2126,0.2151,0.2114,0.2143,0.2685,0.2149,0.2168,0.2699,0.2696,0.2704,0.2113,0.2089,0.2724,Consumer Discretionary,Department/Specialty Retail Stores,5087006477.0000,0.0025,-0.0013,0.0016,0.0559,0.0022,0.0042,0.0573,0.0570,0.0578,-0.0013,-0.0037,0.0598,-0.0172
PSNL,0.1926,0.2105,0.2131,0.2209,0.2148,0.2173,0.2132,0.2186,0.2154,0.2143,0.2139,0.2161,0.2356,0.2345,0.2162,Health Care,Medical Specialities,886987700.0000,0.0078,0.0017,0.0042,0.0001,0.0055,0.0022,0.0012,0.0008,0.0030,0.0224,0.0214,0.0031,0.0205
PSTL,0.1391,0.1399,0.1409,0.1480,0.1406,0.1451,0.1425,0.1437,0.1414,0.1480,0.1474,0.1438,0.1417,0.1522,0.1443,Real Estate,Real Estate Investment Trusts,654409196.0000,0.0072,-0.0003,0.0042,0.0017,0.0029,0.0005,0.0071,0.0065,0.0030,0.0009,0.0114,0.0034,0.0018
PTA,0.1991,0.2117,0.2132,0.2159,0.2178,0.2166,0.2136,0.2291,0.2153,0.2145,0.2158,0.2152,0.2228,0.2211,0.2210,Finance,Trusts Except Educational Religious and Charitable,1067883189.0000,0.0027,0.0046,0.0034,0.0004,0.0159,0.0021,0.0013,0.0026,0.0020,0.0096,0.0080,0.0078,0.0141
PSX,0.2964,0.3071,0.4004,0.4058,0.4041,0.4056,0.3822,0.4064,0.4035,0.3825,0.3846,0.3838,0.4081,0.4150,0.3894,Energy,Integrated oil Companies,71242143704.0000,0.0054,0.0037,0.0052,-0.0182,0.0059,0.0031,-0.0180,-0.0159,-0.0166,0.0077,0.0145,-0.0111,0.1041
PTCT,0.1268,0.1359,0.1571,0.1583,0.1572,0.1584,0.1907,0.1586,0.1605,0.1909,0.1907,0.1935,0.1637,0.1607,0.1909,Health Care,Biotechnology: Pharmaceutical Preparations,5707743948.0000,0.0012,0.0001,0.0012,0.0336,0.0014,0.0033,0.0337,0.0336,0.0364,0.0066,0.0036,0.0338,0.0303
PTC,0.3878,0.3943,0.3783,0.3800,0.3816,0.3810,0.4320,0.3796,0.3811,0.4324,0.4328,0.4333,0.3948,0.3858,0.4349,Technology,Computer Software: Prepackaged Software,17121423400.0000,0.0017,0.0034,0.0027,0.0537,0.0014,0.0028,0.0541,0.0545,0.0551,0.0165,0.0075,0.0566,-0.0096
PTEN,0.2928,0.2951,0.3751,0.3811,0.3799,0.3808,0.3475,0.3793,0.3814,0.3484,0.3496,0.3565,0.3899,0.3986,0.3553,Energy,Oil & Gas Production,4673093308.0000,0.0060,0.0049,0.0057,-0.0276,0.0043,0.0063,-0.0267,-0.0255,-0.0186,0.0149,0.0235,-0.0198,0.0822
PTGX,0.0624,0.0683,0.0720,0.0727,0.0740,0.0729,0.1075,0.0723,0.0751,0.1077,0.1074,0.1081,0.0747,0.0771,0.1081,Health Care,Biotechnology: Pharmaceutical Preparations,6379045088.0000,0.0007,0.0020,0.0009,0.0355,0.0003,0.0031,0.0358,0.0354,0.0361,0.0028,0.0052,0.0361,0.0096
PTON,0.1193,0.1248,0.1357,0.1427,0.1376,0.1398,0.1357,0.1442,0.1421,0.1359,0.1365,0.1369,0.1562,0.1428,0.1369,Consumer Discretionary,Recreational Games/Products/Toys,2472383892.0000,0.0070,0.0019,0.0041,0.0001,0.0085,0.0065,0.0003,0.0009,0.0012,0.0205,0.0071,0.0012,0.0164
PUMP,0.1770,0.1824,0.3126,0.3177,0.3186,0.3161,0.3578,0.3194,0.3149,0.3585,0.3591,0.3635,0.3221,0.3356,0.3617,Energy,Oilfield Services/Equipment,2078357743.0000,0.0051,0.0060,0.0035,0.0453,0.0069,0.0023,0.0459,0.0466,0.0509,0.0095,0.0230,0.0491,0.1356
PVLA,0.0829,0.0865,0.0989,0.1008,0.1001,0.1004,0.1211,0.1009,0.1016,0.1224,0.1237,0.1227,0.1038,0.1071,0.1227,Health Care,Biotechnology: Pharmaceutical Preparations,1634940788.0000,0.0020,0.0012,0.0015,0.0222,0.0020,0.0028,0.0236,0.0249,0.0238,0.0049,0.0082,0.0238,0.0160
PVH,0.3029,0.3064,0.3014,0.3087,0.3095,0.3095,0.3617,0.3080,0.3067,0.3666,0.3644,0.3669,0.3092,0.3021,0.3721,Industrials,Garments and Clothing,4096904259.0000,0.0073,0.0081,0.0081,0.0603,0.0065,0.0053,0.0652,0.0630,0.0655,0.0078,0.0007,0.0707,-0.0015
PYPL,0.3561,0.3661,0.3985,0.4021,0.4009,0.4016,0.3950,0.4044,0.4031,0.3955,0.3965,0.3971,0.4152,0.4036,0.3965,Industrials,Diversified Commercial Services,39015525955.0000,0.0036,0.0024,0.0031,-0.0035,0.0059,0.0046,-0.0030,-0.0020,-0.0015,0.0167,0.0051,-0.0020,0.0424
PWR,0.3694,0.3758,0.3658,0.3687,0.3716,0.3737,0.3947,0.3717,0.3672,0.3956,0.3952,0.3958,0.3784,0.3794,0.3965,Industrials,Engineering & Construction,108559514193.0000,0.0029,0.0058,0.0079,0.0289,0.0059,0.0014,0.0298,0.0295,0.0300,0.0126,0.0136,0.0307,-0.0036
PZZA,0.1905,0.1943,0.1587,0.1598,0.1527,0.1619,0.2150,0.1654,0.1598,0.2103,0.2131,0.2186,0.1588,0.1580,0.2165,Consumer Discretionary,Restaurants,1098927268.0000,0.0010,-0.0060,0.0031,0.0563,0.0067,0.0011,0.0516,0.0544,0.0599,0.0001,-0.0007,0.0577,-0.0317
QCOM,0.3583,0.3616,0.3553,0.3582,0.3595,0.3578,0.4816,0.3572,0.3578,0.4839,0.4831,0.4836,0.3728,0.3594,0.4840,Technology,Radio And Television Broadcasting And Communications Equipment,251020640000.0000,0.0029,0.0042,0.0025,0.1263,0.0019,0.0025,0.1286,0.1278,0.1283,0.0175,0.0041,0.1287,-0.0030
QCRH,0.1405,0.1494,0.2494,0.2568,0.2610,0.2588,0.3338,0.2652,0.2509,0.3347,0.3367,0.3352,0.2643,0.2599,0.3373,Finance,Major Banks,1500409624.0000,0.0075,0.0117,0.0095,0.0844,0.0159,0.0015,0.0853,0.0874,0.0858,0.0149,0.0105,0.0879,0.1088
QDEL,0.1537,0.1548,0.1227,0.1324,0.1230,0.1244,0.0946,0.1283,0.1271,0.0977,0.0965,0.0974,0.1234,0.1280,0.0943,Health Care,Biotechnology: In Vitro & In Vivo Diagnostic Substances,808745130.0000,0.0097,0.0003,0.0017,-0.0280,0.0057,0.0044,-0.0249,-0.0261,-0.0253,0.0008,0.0054,-0.0284,-0.0311
QLYS,0.1964,0.2058,0.2400,0.2425,0.2424,0.2412,0.2645,0.2431,0.2431,0.2658,0.2648,0.2659,0.2452,0.2421,0.2659,Technology,Computer Software: Prepackaged Software,3612632079.0000,0.0025,0.0024,0.0012,0.0245,0.0031,0.0031,0.0258,0.0248,0.0259,0.0052,0.0021,0.0259,0.0436
QNST,0.1322,0.1393,0.1485,0.1495,0.1504,0.1524,0.1931,0.1539,0.1506,0.1951,0.1940,0.1981,0.1531,0.1526,0.1943,Consumer Discretionary,Business Services,706003597.0000,0.0010,0.0019,0.0039,0.0446,0.0054,0.0021,0.0466,0.0455,0.0496,0.0046,0.0041,0.0458,0.0163
QRVO,0.3547,0.3581,0.3842,0.3860,0.3882,0.3897,0.4738,0.3870,0.3878,0.4756,0.4743,0.4759,0.4052,0.3895,0.4772,Technology,Semiconductors,9367295217.0000,0.0018,0.0041,0.0055,0.0896,0.0028,0.0037,0.0914,0.0901,0.0917,0.0210,0.0053,0.0930,0.0295
QS,0.2392,0.2403,0.2431,0.2463,0.2449,0.2520,0.2431,0.2443,0.2448,0.2439,0.2436,0.2446,0.3009,0.2774,0.2449,Miscellaneous,Industrial Machinery/Components,5044189623.0000,0.0032,0.0018,0.0089,0.0000,0.0012,0.0017,0.0008,0.0005,0.0015,0.0578,0.0343,0.0018,0.0039
QTWO,0.2372,0.2512,0.2717,0.2742,0.2726,0.2754,0.3575,0.2751,0.2758,0.3578,0.3584,0.3587,0.2862,0.2796,0.3591,Technology,Computer Software: Prepackaged Software,2887131509.0000,0.0025,0.0009,0.0037,0.0858,0.0034,0.0041,0.0861,0.0868,0.0870,0.0146,0.0079,0.0874,0.0344
QUAD,0.1276,0.1358,0.1203,0.1230,0.1225,0.1243,0.1391,0.1254,0.1232,0.1399,0.1397,0.1404,0.1274,0.1265,0.1439,Consumer Discretionary,Publishing,371744161.0000,0.0027,0.0022,0.0040,0.0188,0.0051,0.0029,0.0196,0.0194,0.0201,0.0071,0.0062,0.0236,-0.0073
QUBT,0.0307,0.0371,0.0409,0.0418,0.0429,0.0420,0.0781,0.0416,0.0432,0.0785,0.0775,0.0785,0.0488,0.0462,0.0813,Technology,Computer Software: Prepackaged Software,2776335690.0000,0.0009,0.0021,0.0011,0.0372,0.0008,0.0023,0.0377,0.0366,0.0377,0.0079,0.0053,0.0404,0.0101
QUIK,0.0929,0.0967,0.0800,0.0800,0.0825,0.0834,0.1272,0.0803,0.0809,0.1294,0.1288,0.1376,0.0928,0.0915,0.1342,Technology,Semiconductors,366500849.0000,-0.0000,0.0025,0.0034,0.0472,0.0003,0.0009,0.0494,0.0488,0.0576,0.0128,0.0115,0.0542,-0.0128
QXO,0.0141,0.0180,0.0271,0.0335,0.0308,0.0278,0.0501,0.0267,0.0341,0.0500,0.0512,0.0530,0.0318,0.0401,0.0500,Consumer Discretionary,RETAIL: Building Materials,12088551060.0000,0.0063,0.0037,0.0007,0.0230,-0.0004,0.0070,0.0228,0.0241,0.0258,0.0047,0.0129,0.0229,0.0131
R,0.3842,0.3876,0.3515,0.3578,0.3561,0.3636,0.3431,0.3623,0.3530,0.3441,0.3434,0.3441,0.3646,0.3584,0.3454,Consumer Discretionary,Rental/Leasing Companies,9440608392.0000,0.0063,0.0046,0.0121,-0.0083,0.0108,0.0015,-0.0073,-0.0081,-0.0073,0.0131,0.0069,-0.0061,-0.0327
RARE,0.1855,0.1952,0.2023,0.2041,0.2051,0.2038,0.2055,0.2040,0.2045,0.2079,0.2069,0.2094,0.2106,0.2173,0.2069,Health Care,Biotechnology: Pharmaceutical Preparations,2303662949.0000,0.0018,0.0028,0.0014,0.0032,0.0016,0.0022,0.0056,0.0046,0.0070,0.0083,0.0150,0.0046,0.0168
RAMP,0.2761,0.2789,0.2504,0.2526,0.2539,0.2540,0.2648,0.2535,0.2528,0.2655,0.2650,0.2653,0.2585,0.2586,0.2671,Technology,EDP Services,2379808504.0000,0.0021,0.0035,0.0036,0.0144,0.0031,0.0024,0.0151,0.0145,0.0149,0.0081,0.0082,0.0167,-0.0257
RBB,0.2468,0.2548,0.2608,0.2649,0.2639,0.2708,0.2950,0.2722,0.2633,0.2957,0.2974,0.2961,0.2659,0.2639,0.2969,Finance,Major Banks,402396699.0000,0.0041,0.0030,0.0100,0.0342,0.0113,0.0025,0.0349,0.0365,0.0352,0.0050,0.0030,0.0360,0.0141
RBBN,0.1929,0.1941,0.1627,0.1653,0.1635,0.1658,0.2220,0.1648,0.1659,0.2233,0.2234,0.2284,0.1681,0.1687,0.2245,Technology,EDP Services,491427997.0000,0.0025,0.0007,0.0031,0.0593,0.0020,0.0032,0.0605,0.0606,0.0656,0.0054,0.0060,0.0617,-0.0302
RBC,0.3613,0.3633,0.3269,0.3299,0.3348,0.3327,0.3523,0.3333,0.3292,0.3534,0.3578,0.3545,0.3360,0.3351,0.3548,Industrials,Metal Fabrications,17714219272.0000,0.0029,0.0079,0.0057,0.0254,0.0064,0.0023,0.0264,0.0308,0.0276,0.0090,0.0082,0.0279,-0.0344
RBCAA,0.2609,0.2676,0.2623,0.2672,0.2612,0.2727,0.2753,0.2795,0.2639,0.2754,0.2772,0.2769,0.2609,0.2645,0.2770,Finance,Major Banks,1557843939.0000,0.0049,-0.0011,0.0104,0.0131,0.0172,0.0016,0.0131,0.0149,0.0146,-0.0014,0.0022,0.0147,0.0014
RC,0.1493,0.1538,0.1868,0.1954,0.1871,0.2000,0.2851,0.1898,0.1882,0.2876,0.2884,0.2854,0.1916,0.1984,0.2932,Real Estate,Real Estate Investment Trusts,299046519.0000,0.0086,0.0003,0.0132,0.0984,0.0031,0.0014,0.1008,0.1016,0.0987,0.0048,0.0116,0.1064,0.0375
RCAT,0.0151,0.0167,0.0246,0.0266,0.0271,0.0249,0.0441,0.0275,0.0305,0.0444,0.0451,0.0446,0.0274,0.0266,0.0459,Technology,Computer Software: Prepackaged Software,1155005617.0000,0.0020,0.0025,0.0002,0.0195,0.0029,0.0059,0.0198,0.0205,0.0200,0.0028,0.0020,0.0213,0.0096
RCKT,0.1440,0.1500,0.1723,0.1730,0.1738,0.1765,0.2090,0.1755,0.1775,0.2098,0.2096,0.2130,0.1823,0.1827,0.2136,Health Care,Biotechnology: Pharmaceutical Preparations,323212905.0000,0.0007,0.0015,0.0042,0.0367,0.0032,0.0052,0.0375,0.0373,0.0407,0.0101,0.0104,0.0413,0.0283
RCKY,0.1024,0.1050,0.1347,0.1391,0.1399,0.1385,0.2124,0.1365,0.1381,0.2132,0.2133,0.2129,0.1435,0.1420,0.2153,Consumer Discretionary,Shoe Manufacturing,269603727.0000,0.0044,0.0052,0.0038,0.0777,0.0018,0.0034,0.0785,0.0786,0.0782,0.0089,0.0073,0.0806,0.0323
RCUS,0.1271,0.1281,0.1321,0.1355,0.1397,0.1334,0.1411,0.1388,0.1397,0.1409,0.1395,0.1421,0.1381,0.1383,0.1425,Health Care,Biotechnology: Pharmaceutical Preparations,2946865186.0000,0.0034,0.0076,0.0013,0.0090,0.0067,0.0077,0.0089,0.0075,0.0101,0.0060,0.0063,0.0104,0.0050
RCL,0.3649,0.3715,0.3376,0.3426,0.3370,0.3493,0.3242,0.3446,0.3413,0.3250,0.3270,0.3374,0.3497,0.3424,0.3334,Consumer Discretionary,Marine Transportation,68684733866.0000,0.0051,-0.0006,0.0117,-0.0134,0.0070,0.0037,-0.0125,-0.0106,-0.0002,0.0122,0.0049,-0.0042,-0.0273
RDNW,0.0787,0.0786,0.0791,0.0863,0.0803,0.0798,0.1086,0.0794,0.0811,0.1093,0.1128,0.1086,0.0922,0.0966,0.1081,Technology,EDP Services,301365845.0000,0.0072,0.0012,0.0007,0.0295,0.0003,0.0020,0.0302,0.0337,0.0294,0.0131,0.0175,0.0290,0.0004
RDN,0.2711,0.2738,0.2771,0.2820,0.2817,0.2828,0.3359,0.2830,0.2787,0.3363,0.3388,0.3365,0.2806,0.2810,0.3411,Finance,Property-Casualty Insurers,4830988871.0000,0.0049,0.0046,0.0057,0.0588,0.0060,0.0016,0.0592,0.0617,0.0595,0.0035,0.0039,0.0640,0.0060
RDNT,0.1669,0.1689,0.1928,0.1945,0.1942,0.1978,0.2732,0.1995,0.1950,0.2725,0.2733,0.2768,0.1930,0.1941,0.2755,Health Care,Medical Specialities,4277702438.0000,0.0017,0.0013,0.0049,0.0803,0.0066,0.0021,0.0797,0.0805,0.0839,0.0001,0.0012,0.0827,0.0260
RDVT,0.1477,0.1556,0.1581,0.1622,0.1653,0.1626,0.1833,0.1605,0.1603,0.1833,0.1848,0.1844,0.1668,0.1624,0.1835,Technology,Computer Software: Prepackaged Software,714475759.0000,0.0041,0.0072,0.0045,0.0251,0.0023,0.0022,0.0252,0.0267,0.0263,0.0086,0.0043,0.0254,0.0105
REAL,0.2706,0.2730,0.2743,0.2780,0.2760,0.2776,0.2744,0.2776,0.2826,0.2757,0.2762,0.2750,0.3037,0.2869,0.2779,Consumer Discretionary,Other Specialty Stores,1108487098.0000,0.0037,0.0017,0.0032,0.0000,0.0032,0.0082,0.0014,0.0018,0.0007,0.0293,0.0126,0.0036,0.0037
REG,0.3595,0.3642,0.3176,0.3253,0.3127,0.3259,0.3902,0.3312,0.3214,0.3919,0.3942,0.3934,0.3158,0.3141,0.3966,Real Estate,Real Estate Investment Trusts,14435350924.0000,0.0077,-0.0049,0.0083,0.0727,0.0136,0.0038,0.0743,0.0767,0.0758,-0.0017,-0.0034,0.0790,-0.0419
REPL,0.1409,0.1465,0.1535,0.1551,0.1586,0.1587,0.1607,0.1539,0.1563,0.1620,0.1624,0.1636,0.1656,0.1636,0.1615,Health Care,Biotechnology: Biological Products (No Diagnostic Substances),405431559.0000,0.0015,0.0050,0.0052,0.0071,0.0004,0.0027,0.0084,0.0089,0.0101,0.0121,0.0101,0.0080,0.0127
REGN,0.2016,0.2076,0.2076,0.2097,0.2108,0.2090,0.1694,0.2094,0.2099,0.1707,0.1699,0.1711,0.2109,0.2104,0.1720,Health Care,Biotechnology: Pharmaceutical Preparations,66979560764.0000,0.0021,0.0032,0.0014,-0.0382,0.0018,0.0024,-0.0368,-0.0376,-0.0364,0.0033,0.0029,-0.0355,0.0060
REI,0.0964,0.1015,0.2632,0.2662,0.2749,0.2707,0.3318,0.2674,0.2715,0.3327,0.3332,0.3362,0.2839,0.3018,0.3352,Energy,Oil & Gas Production,288984668.0000,0.0031,0.0117,0.0075,0.0686,0.0042,0.0083,0.0695,0.0700,0.0731,0.0207,0.0386,0.0720,0.1668
REPX,0.0565,0.0597,0.0775,0.0818,0.0795,0.0784,0.1290,0.0778,0.0809,0.1293,0.1295,0.1303,0.0777,0.0813,0.1296,Energy,Oil & Gas Production,837463554.0000,0.0043,0.0020,0.0009,0.0515,0.0003,0.0034,0.0518,0.0520,0.0528,0.0002,0.0038,0.0521,0.0210
RES,0.2196,0.2252,0.2895,0.2927,0.2954,0.2959,0.2850,0.2952,0.2953,0.2853,0.2867,0.2929,0.3132,0.3205,0.2930,Energy,Oilfield Services/Equipment,1564763821.0000,0.0031,0.0059,0.0064,-0.0045,0.0057,0.0058,-0.0042,-0.0028,0.0034,0.0237,0.0310,0.0034,0.0699
REX,0.2193,0.2223,0.2283,0.2285,0.2337,0.2298,0.2193,0.2369,0.2317,0.2183,0.2206,0.2168,0.2381,0.2439,0.2243,Industrials,Major Chemicals,1606372507.0000,0.0002,0.0054,0.0015,-0.0090,0.0086,0.0034,-0.0100,-0.0077,-0.0114,0.0099,0.0156,-0.0040,0.0090
REYN,0.0820,0.0874,0.0986,0.1051,0.1049,0.1001,0.0986,0.0983,0.1021,0.0992,0.0982,0.0981,0.1037,0.0994,0.1017,Consumer Discretionary,Containers/Packaging,4592621145.0000,0.0066,0.0064,0.0016,0.0000,-0.0003,0.0036,0.0007,-0.0004,-0.0004,0.0052,0.0009,0.0032,0.0166
REZI,0.2588,0.2661,0.2688,0.2720,0.2713,0.2776,0.2956,0.2708,0.2702,0.2982,0.2962,0.3023,0.2821,0.2784,0.3034,Industrials,Wholesale Distributors,4355019238.0000,0.0032,0.0024,0.0088,0.0267,0.0019,0.0014,0.0294,0.0274,0.0335,0.0133,0.0096,0.0346,0.0101
REXR,0.2869,0.2895,0.3253,0.3319,0.3292,0.3311,0.4113,0.3324,0.3288,0.4125,0.4128,0.4138,0.3284,0.3285,0.4118,Real Estate,Real Estate Investment Trusts,8166481545.0000,0.0065,0.0038,0.0058,0.0860,0.0071,0.0034,0.0871,0.0875,0.0884,0.0030,0.0031,0.0864,0.0384
RF,0.4155,0.4190,0.4256,0.4415,0.4287,0.4465,0.4294,0.4619,0.4278,0.4299,0.4366,0.4327,0.4357,0.4323,0.4339,Finance,Major Banks,23749552543.0000,0.0159,0.0031,0.0208,0.0038,0.0363,0.0022,0.0043,0.0110,0.0071,0.0101,0.0067,0.0083,0.0101
RFI,0.3040,0.3121,0.2922,0.2978,0.2961,0.2960,0.3594,0.3132,0.2955,0.3604,0.3603,0.3608,0.2944,0.2956,0.3630,Finance,Investment Managers,553792338.0000,0.0056,0.0039,0.0038,0.0672,0.0210,0.0033,0.0682,0.0681,0.0686,0.0022,0.0034,0.0708,-0.0118
RGA,0.4145,0.4199,0.3890,0.3935,0.3903,0.3999,0.3414,0.4013,0.3915,0.3421,0.3523,0.3431,0.3923,0.3911,0.3437,Finance,Life Insurance,14022437409.0000,0.0045,0.0013,0.0109,-0.0476,0.0123,0.0025,-0.0469,-0.0367,-0.0459,0.0033,0.0020,-0.0453,-0.0255
RGEN,0.1626,0.1725,0.2251,0.2304,0.2323,0.2265,0.2578,0.2279,0.2280,0.2594,0.2618,0.2604,0.2415,0.2331,0.2594,Health Care,Biotechnology: Biological Products (No Diagnostic Substances),6490274564.0000,0.0053,0.0072,0.0014,0.0327,0.0028,0.0029,0.0343,0.0367,0.0353,0.0164,0.0080,0.0343,0.0625
RGNX,0.1588,0.1676,0.1840,0.1857,0.1867,0.1858,0.2112,0.1893,0.1882,0.2121,0.2128,0.2137,0.1940,0.2037,0.2163,Health Care,Biotechnology: Biological Products (No Diagnostic Substances),328279893.0000,0.0017,0.0027,0.0018,0.0271,0.0052,0.0042,0.0280,0.0288,0.0297,0.0100,0.0197,0.0323,0.0252
RGLD,0.1330,0.1392,0.1564,0.4030,0.1803,0.1611,0.1987,0.1752,0.1586,0.2092,0.2103,0.2058,0.1608,0.1886,0.2087,Industrials,Precious Metals,18695263755.0000,0.2465,0.0239,0.0047,0.0422,0.0188,0.0022,0.0528,0.0538,0.0494,0.0044,0.0321,0.0523,0.0235
RH,0.1876,0.1941,0.2425,0.2444,0.2443,0.2472,0.3732,0.2443,0.2462,0.3736,0.3740,0.3733,0.2540,0.2450,0.3753,Consumer Discretionary,Other Specialty Stores,2578442907.0000,0.0019,0.0018,0.0047,0.1307,0.0018,0.0037,0.1311,0.1316,0.1309,0.0115,0.0026,0.1328,0.0549
RGR,0.1154,0.1205,0.1003,0.1039,0.1033,0.1018,0.1227,0.1031,0.1052,0.1235,0.1239,0.1277,0.1039,0.1020,0.1232,Industrials,Ordnance And Accessories,638407890.0000,0.0036,0.0030,0.0014,0.0224,0.0028,0.0048,0.0231,0.0236,0.0274,0.0036,0.0017,0.0229,-0.0150
RHI,0.4108,0.4092,0.3834,0.3897,0.3896,0.3931,0.3824,0.3933,0.3854,0.3847,0.3880,0.3850,0.3919,0.3888,0.3846,Consumer Discretionary,Professional Services,2793637916.0000,0.0062,0.0062,0.0097,-0.0010,0.0099,0.0020,0.0012,0.0046,0.0015,0.0085,0.0054,0.0012,-0.0274
RHP,0.3484,0.3545,0.3341,0.3388,0.3372,0.3404,0.3762,0.3436,0.3374,0.3766,0.3821,0.3823,0.3387,0.3417,0.3825,Real Estate,Real Estate Investment Trusts,7065714093.0000,0.0047,0.0032,0.0063,0.0422,0.0095,0.0033,0.0426,0.0480,0.0482,0.0046,0.0076,0.0484,-0.0144
RIGL,0.1471,0.1473,0.1080,0.1083,0.1128,0.1098,0.0937,0.1105,0.1120,0.0935,0.0926,0.0934,0.1171,0.1116,0.0939,Health Care,Biotechnology: Pharmaceutical Preparations,536745341.0000,0.0003,0.0048,0.0018,-0.0143,0.0025,0.0041,-0.0144,-0.0154,-0.0145,0.0091,0.0036,-0.0141,-0.0392
RILY,0.1026,0.1080,0.1947,0.1975,0.1989,0.1988,0.3145,0.1952,0.1979,0.3161,0.3153,0.3145,0.2009,0.2016,0.3154,Finance,Investment Managers,396554723.0000,0.0028,0.0043,0.0041,0.1199,0.0005,0.0032,0.1215,0.1206,0.1198,0.0062,0.0070,0.1207,0.0920
RILYL,0.0280,0.0378,0.0419,0.0396,0.0433,0.0424,0.0419,0.0417,0.0460,0.0417,0.0475,0.0440,0.0411,0.0413,0.0431,Finance,Investment Managers,648671442.0000,-0.0022,0.0014,0.0005,0.0001,-0.0002,0.0041,-0.0001,0.0056,0.0021,-0.0008,-0.0006,0.0012,0.0139
RILYN,0.0875,0.1079,0.1130,0.1198,0.1213,0.1204,0.1133,0.1245,0.1147,0.1145,0.1153,0.1136,0.1148,0.1248,0.1174,Finance,Investment Managers,758157061.0000,0.0068,0.0083,0.0074,0.0003,0.0115,0.0017,0.0015,0.0023,0.0006,0.0018,0.0118,0.0044,0.0255
RILYP,0.0719,0.0834,0.0875,0.0927,0.0921,0.0933,0.0877,0.0985,0.0917,0.0877,0.0888,0.0889,0.0899,0.1002,0.0904,Finance,Investment Managers,631220064.0000,0.0052,0.0046,0.0058,0.0002,0.0110,0.0042,0.0002,0.0013,0.0015,0.0025,0.0127,0.0029,0.0156
RIOT,0.1420,0.1484,0.1663,0.1776,0.1698,0.1696,0.2456,0.1671,0.1688,0.2467,0.2462,0.2463,0.2003,0.1916,0.2484,Finance,Finance: Consumer Services,9252669929.0000,0.0113,0.0035,0.0033,0.0793,0.0008,0.0025,0.0804,0.0799,0.0800,0.0340,0.0253,0.0821,0.0243
RJET,0.1731,0.1740,0.1791,0.1832,0.1825,0.1916,0.1867,0.1842,0.1824,0.1904,0.1888,0.1897,0.1876,0.1859,0.1986,Consumer Discretionary,Air Freight/Delivery Services,1103770749.0000,0.0041,0.0034,0.0125,0.0076,0.0051,0.0033,0.0113,0.0097,0.0106,0.0085,0.0068,0.0195,0.0060
RITM,0.2176,0.2331,0.2666,0.2738,0.2623,0.2789,0.3427,0.2741,0.2741,0.3443,0.3483,0.3441,0.2640,0.2644,0.3533,Real Estate,Real Estate Investment Trusts,5169919088.0000,0.0073,-0.0043,0.0123,0.0761,0.0075,0.0075,0.0777,0.0818,0.0776,-0.0025,-0.0022,0.0868,0.0489
RKT,0.2941,0.2910,0.2943,0.2945,0.2985,0.2961,0.2949,0.3063,0.2953,0.2956,0.2985,0.2972,0.3148,0.2969,0.2983,Finance,Finance: Consumer Services,39017835866.0000,0.0002,0.0043,0.0018,0.0007,0.0121,0.0011,0.0013,0.0042,0.0029,0.0205,0.0026,0.0040,0.0002
RJF,0.5127,0.5198,0.5171,0.5305,0.5201,0.5324,0.5075,0.5405,0.5179,0.5065,0.5147,0.5069,0.5240,0.5207,0.5086,Finance,Investment Bankers/Brokers/Service,29516984330.0000,0.0134,0.0030,0.0153,-0.0096,0.0234,0.0008,-0.0106,-0.0025,-0.0102,0.0069,0.0036,-0.0085,0.0044
RL,0.3032,0.3047,0.2756,0.2845,0.2787,0.2832,0.3434,0.2839,0.2786,0.3455,0.3462,0.3475,0.2856,0.2780,0.3478,Industrials,Garments and Clothing,22869446103.0000,0.0089,0.0031,0.0076,0.0677,0.0082,0.0029,0.0699,0.0706,0.0718,0.0100,0.0024,0.0722,-0.0275
RLAY,0.1445,0.1511,0.1566,0.1567,0.1571,0.1649,0.1568,0.1578,0.1636,0.1595,0.1573,0.1574,0.1689,0.1830,0.1586,Health Care,Biotechnology: Biological Products (No Diagnostic Substances),2592160812.0000,0.0001,0.0005,0.0083,0.0002,0.0012,0.0069,0.0029,0.0007,0.0008,0.0123,0.0264,0.0020,0.0121
RLGT,0.1002,0.1015,0.1646,0.1730,0.1716,0.1701,0.2571,0.1692,0.1671,0.2575,0.2601,0.2590,0.1742,0.1714,0.2594,Industrials,Integrated Freight & Logistics,390576094.0000,0.0083,0.0070,0.0055,0.0925,0.0045,0.0025,0.0929,0.0955,0.0943,0.0096,0.0068,0.0948,0.0644
RLJ,0.3136,0.3220,0.3419,0.3472,0.3489,0.3499,0.3782,0.3490,0.3441,0.3800,0.3806,0.3821,0.3532,0.3480,0.3853,Real Estate,Real Estate Investment Trusts,1455486775.0000,0.0052,0.0070,0.0080,0.0363,0.0071,0.0022,0.0381,0.0387,0.0402,0.0113,0.0061,0.0434,0.0283
RLI,0.3019,0.3073,0.2691,0.2722,0.2683,0.2711,0.2626,0.2731,0.2727,0.2626,0.2636,0.2636,0.2706,0.2714,0.2645,Finance,Property-Casualty Insurers,4832278677.0000,0.0030,-0.0008,0.0019,-0.0065,0.0039,0.0036,-0.0066,-0.0055,-0.0055,0.0014,0.0023,-0.0046,-0.0327
RLMD,0.0358,0.0388,0.0436,0.0460,0.0489,0.0451,0.0704,0.0440,0.0441,0.0710,0.0718,0.0731,0.0479,0.0499,0.0727,Health Care,Biotechnology: Pharmaceutical Preparations,738427170.0000,0.0023,0.0053,0.0015,0.0267,0.0004,0.0005,0.0273,0.0281,0.0295,0.0043,0.0063,0.0290,0.0079
RM,0.1571,0.1704,0.1992,0.2001,0.2051,0.2077,0.2661,0.2083,0.2009,0.2686,0.2683,0.2679,0.2036,0.2085,0.2781,Finance,Finance: Consumer Services,325600007.0000,0.0010,0.0059,0.0086,0.0670,0.0091,0.0017,0.0694,0.0691,0.0687,0.0044,0.0093,0.0789,0.0420
RMBS,0.2327,0.2375,0.2965,0.2988,0.3026,0.3010,0.4040,0.2992,0.2995,0.4050,0.4048,0.4058,0.3278,0.3056,0.4055,Technology,Semiconductors,15461423542.0000,0.0024,0.0062,0.0045,0.1075,0.0027,0.0030,0.1085,0.1084,0.1093,0.0313,0.0091,0.1090,0.0638
RMNI,0.1078,0.1230,0.1370,0.1380,0.1385,0.1406,0.1657,0.1383,0.1437,0.1657,0.1673,0.1664,0.1396,0.1443,0.1663,Consumer Discretionary,Business Services,335992800.0000,0.0010,0.0015,0.0037,0.0287,0.0013,0.0067,0.0287,0.0303,0.0294,0.0026,0.0073,0.0293,0.0292
RMR,0.2239,0.2318,0.2599,0.2639,0.2613,0.2663,0.2735,0.2650,0.2623,0.2746,0.2770,0.2762,0.2668,0.2640,0.2758,Consumer Discretionary,Professional Services,628397230.0000,0.0040,0.0014,0.0063,0.0136,0.0051,0.0024,0.0146,0.0171,0.0162,0.0069,0.0041,0.0159,0.0360
RMD,0.2603,0.2661,0.2566,0.2613,0.2621,0.2574,0.3169,0.2595,0.2593,0.3176,0.3185,0.3202,0.2612,0.2612,0.3188,Health Care,Medical/Dental Instruments,30178980691.0000,0.0047,0.0055,0.0008,0.0603,0.0030,0.0027,0.0610,0.0619,0.0636,0.0046,0.0046,0.0622,-0.0037
RMT,0.5330,0.5467,0.5145,0.5152,0.5150,0.5225,0.6137,0.5193,0.5152,0.6153,0.6144,0.6167,0.5373,0.5291,0.6230,Finance,Investment Managers,624632945.0000,0.0007,0.0004,0.0079,0.0992,0.0047,0.0007,0.1007,0.0998,0.1021,0.0227,0.0146,0.1084,-0.0184
RNG,0.2069,0.2130,0.2263,0.2341,0.2315,0.2288,0.2184,0.2313,0.2308,0.2198,0.2200,0.2193,0.2395,0.2298,0.2193,Technology,EDP Services,3651203618.0000,0.0078,0.0052,0.0025,-0.0079,0.0050,0.0045,-0.0065,-0.0063,-0.0070,0.0132,0.0035,-0.0070,0.0194
RNGR,0.0230,0.0258,0.0532,0.0536,0.0549,0.0537,0.0597,0.0549,0.0571,0.0603,0.0598,0.0629,0.0574,0.0600,0.0596,Energy,Oilfield Services/Equipment,385175909.0000,0.0004,0.0017,0.0005,0.0064,0.0017,0.0039,0.0071,0.0066,0.0097,0.0042,0.0068,0.0064,0.0302
ROAD,0.2039,0.2087,0.2127,0.2159,0.2143,0.2158,0.2440,0.2220,0.2157,0.2444,0.2463,0.2452,0.2202,0.2254,0.2448,Industrials,Military/Government/Technical,6380510982.0000,0.0032,0.0016,0.0031,0.0312,0.0093,0.0030,0.0317,0.0335,0.0325,0.0075,0.0127,0.0320,0.0088
RNP,0.3666,0.3747,0.3379,0.3438,0.3412,0.3405,0.3902,0.3611,0.3405,0.3907,0.3914,0.3914,0.3408,0.3420,0.3945,Finance,Investment Managers,1021100690.0000,0.0059,0.0033,0.0026,0.0523,0.0232,0.0027,0.0528,0.0535,0.0535,0.0029,0.0041,0.0566,-0.0287
RNST,0.3542,0.3571,0.3391,0.3477,0.3410,0.3511,0.3145,0.3629,0.3417,0.3156,0.3191,0.3179,0.3403,0.3427,0.3168,Finance,Major Banks,3783156920.0000,0.0087,0.0019,0.0120,-0.0246,0.0238,0.0026,-0.0234,-0.0200,-0.0212,0.0013,0.0036,-0.0223,-0.0151
ROCK,0.2771,0.2792,0.2302,0.2332,0.2353,0.2343,0.2955,0.2365,0.2345,0.2960,0.2967,0.2962,0.2394,0.2325,0.2969,Industrials,Steel/Iron Ore,1102830148.0000,0.0030,0.0051,0.0041,0.0654,0.0063,0.0043,0.0658,0.0665,0.0661,0.0093,0.0024,0.0667,-0.0469
ROG,0.2659,0.2664,0.2080,0.2091,0.2079,0.2155,0.1849,0.2157,0.2103,0.1854,0.1850,0.1885,0.2306,0.2105,0.1877,Industrials,Major Chemicals,2411872535.0000,0.0011,-0.0001,0.0075,-0.0231,0.0077,0.0023,-0.0226,-0.0230,-0.0195,0.0225,0.0025,-0.0204,-0.0579
ROK,0.4701,0.4726,0.4354,0.4381,0.4424,0.4418,0.4340,0.4387,0.4368,0.4340,0.4364,0.4346,0.4553,0.4420,0.4364,Industrials,Industrial Machinery/Components,50328096202.0000,0.0027,0.0070,0.0064,-0.0014,0.0033,0.0014,-0.0013,0.0010,-0.0007,0.0200,0.0066,0.0010,-0.0348
ROKU,0.1845,0.1893,0.1929,0.1971,0.1955,0.1989,0.2163,0.1981,0.1946,0.2175,0.2182,0.2192,0.2114,0.1969,0.2179,Telecommunications,Cable & Other Pay Television Services,18529119097.0000,0.0042,0.0026,0.0060,0.0234,0.0052,0.0017,0.0246,0.0253,0.0263,0.0185,0.0040,0.0249,0.0084
ROOT,0.1563,0.1605,0.1632,0.1652,0.1660,0.1658,0.1632,0.1642,0.1700,0.1634,0.1638,0.1680,0.1976,0.1851,0.1635,Finance,Property-Casualty Insurers,908112864.0000,0.0020,0.0028,0.0026,0.0000,0.0010,0.0068,0.0002,0.0006,0.0048,0.0344,0.0219,0.0003,0.0069
ROL,0.3257,0.3294,0.2685,0.2723,0.2714,0.2704,0.2571,0.2715,0.2716,0.2578,0.2592,0.2599,0.2698,0.2716,0.2578,Consumer Discretionary,Diversified Commercial Services,25739047424.0000,0.0038,0.0029,0.0019,-0.0114,0.0030,0.0031,-0.0107,-0.0093,-0.0086,0.0013,0.0031,-0.0107,-0.0572
ROP,0.4989,0.5054,0.4753,0.4767,0.4782,0.4775,0.4549,0.4779,0.4771,0.4552,0.4553,0.4565,0.4827,0.4835,0.4563,Technology,Computer Software: Programming Data Processing,32993921351.0000,0.0014,0.0029,0.0022,-0.0204,0.0026,0.0018,-0.0201,-0.0200,-0.0187,0.0074,0.0082,-0.0189,-0.0236
ROST,0.2898,0.2936,0.3249,0.3281,0.3267,0.3305,0.3591,0.3285,0.3275,0.3597,0.3608,0.3607,0.3299,0.3287,0.3610,Consumer Discretionary,Clothing/Shoe/Accessory Stores,75643606632.0000,0.0031,0.0018,0.0056,0.0342,0.0036,0.0026,0.0348,0.0359,0.0358,0.0049,0.0038,0.0361,0.0351
RPAY,0.2385,0.2443,0.2472,0.2503,0.2484,0.2509,0.2698,0.2514,0.2489,0.2703,0.2719,0.2731,0.2587,0.2583,0.2712,Consumer Discretionary,Business Services,312959042.0000,0.0032,0.0013,0.0038,0.0226,0.0042,0.0017,0.0231,0.0247,0.0259,0.0116,0.0111,0.0241,0.0086
RPD,0.2417,0.2442,0.2694,0.2751,0.2732,0.2704,0.2939,0.2763,0.2725,0.2949,0.2947,0.2953,0.2792,0.2769,0.2951,Technology,Computer Software: Prepackaged Software,485858593.0000,0.0058,0.0038,0.0011,0.0245,0.0069,0.0032,0.0256,0.0254,0.0260,0.0098,0.0075,0.0257,0.0276
RPM,0.4461,0.4490,0.3952,0.3971,0.4037,0.3995,0.4356,0.3972,0.3992,0.4362,0.4360,0.4368,0.4111,0.4036,0.4388,Consumer Discretionary,Paints/Coatings,12877516574.0000,0.0019,0.0085,0.0043,0.0404,0.0020,0.0040,0.0410,0.0408,0.0416,0.0159,0.0084,0.0436,-0.0509
RPRX,0.1914,0.2000,0.2019,0.2028,0.2036,0.2024,0.2020,0.2033,0.2039,0.2027,0.2028,0.2046,0.2044,0.2040,0.2028,Health Care,Biotechnology: Pharmaceutical Preparations,31382855118.0000,0.0009,0.0017,0.0006,0.0001,0.0014,0.0021,0.0009,0.0009,0.0027,0.0026,0.0021,0.0010,0.0105
RQI,0.3840,0.3899,0.3771,0.3821,0.3805,0.3814,0.5047,0.3984,0.3815,0.5058,0.5055,0.5058,0.3827,0.3852,0.5094,Finance,Trusts Except Educational Religious and Charitable,1788881435.0000,0.0050,0.0034,0.0043,0.1276,0.0213,0.0045,0.1287,0.1284,0.1287,0.0056,0.0081,0.1323,-0.0069
RRBI,0.1943,0.1970,0.2025,0.2050,0.2030,0.2115,0.1989,0.2109,0.2066,0.2001,0.2027,0.2009,0.2050,0.2079,0.2022,Consumer Discretionary,Hotels/Resorts,597231927.0000,0.0025,0.0005,0.0091,-0.0036,0.0084,0.0041,-0.0024,0.0002,-0.0016,0.0026,0.0054,-0.0003,0.0081
RRC,0.2109,0.2124,0.2165,0.2214,0.2179,0.2201,0.1984,0.2199,0.3349,0.1991,0.2016,0.2052,0.2273,0.2384,0.1997,Energy,Oil & Gas Production,9672293363.0000,0.0049,0.0013,0.0036,-0.0182,0.0034,0.1184,-0.0175,-0.0149,-0.0113,0.0107,0.0219,-0.0168,0.0056
RRR,0.2866,0.3003,0.3181,0.3187,0.3230,0.3256,0.3474,0.3304,0.3220,0.3482,0.3509,0.3513,0.3348,0.3288,0.3518,Consumer Discretionary,Hotels/Resorts,5778982636.0000,0.0007,0.0050,0.0076,0.0294,0.0123,0.0040,0.0301,0.0329,0.0333,0.0168,0.0108,0.0337,0.0315
RRX,0.4120,0.4160,0.4143,0.4170,0.4216,0.4224,0.4227,0.4201,0.4170,0.4238,0.4243,0.4260,0.4371,0.4339,0.4253,Consumer Discretionary,Metal Fabrications,13365838867.0000,0.0027,0.0073,0.0081,0.0084,0.0058,0.0027,0.0095,0.0100,0.0117,0.0228,0.0196,0.0109,0.0023
RS,0.4150,0.4208,0.3642,0.3687,0.3854,0.3689,0.3693,0.3740,0.3679,0.3700,0.3704,0.3814,0.3800,0.3848,0.3717,Industrials,Metal Fabrications,18734807574.0000,0.0045,0.0213,0.0048,0.0052,0.0099,0.0038,0.0058,0.0062,0.0172,0.0158,0.0207,0.0075,-0.0509
RSI,0.2226,0.2251,0.2260,0.2301,0.2286,0.2354,0.2260,0.2303,0.2278,0.2267,0.2265,0.2287,0.2551,0.2505,0.2280,Consumer Discretionary,Services-Misc. Amusement & Recreation,6297622332.0000,0.0042,0.0026,0.0094,0.0001,0.0044,0.0019,0.0008,0.0005,0.0028,0.0291,0.0245,0.0021,0.0034
RSG,0.3451,0.3494,0.3427,0.3463,0.3481,0.3478,0.3698,0.3453,0.3458,0.3710,0.3730,0.3727,0.3557,0.3511,0.3735,Utilities,Environmental Services,64280257697.0000,0.0036,0.0054,0.0051,0.0271,0.0026,0.0031,0.0283,0.0303,0.0300,0.0130,0.0084,0.0308,-0.0024
RTO,0.1287,0.1327,0.1665,0.1712,0.1722,0.1683,0.2436,0.1702,0.1727,0.2490,0.2468,0.2481,0.1728,0.1730,0.2474,Consumer Discretionary,Other Consumer Services,7903948000.0000,0.0047,0.0057,0.0018,0.0771,0.0037,0.0062,0.0825,0.0803,0.0816,0.0063,0.0065,0.0809,0.0378
RTX,0.4829,0.4862,0.4180,0.4219,0.4156,0.4235,0.3809,0.4234,0.4199,0.3813,0.3824,0.3841,0.4224,0.4171,0.3856,Industrials,Aerospace,238376433590.0000,0.0039,-0.0024,0.0054,-0.0372,0.0053,0.0019,-0.0368,-0.0356,-0.0339,0.0044,-0.0010,-0.0325,-0.0648
RUN,0.1871,0.1950,0.2233,0.2292,0.2260,0.2245,0.2570,0.2263,0.2249,0.2581,0.2573,0.2605,0.2681,0.2408,0.2587,Miscellaneous,Industrial Machinery/Components,3487590576.0000,0.0059,0.0027,0.0012,0.0337,0.0030,0.0017,0.0348,0.0340,0.0373,0.0448,0.0175,0.0354,0.0362
RUSHA,0.3260,0.3288,0.2799,0.2827,0.2814,0.2888,0.3329,0.2878,0.2811,0.3336,0.3349,0.3340,0.2850,0.2852,0.3355,Consumer Discretionary,Retail-Auto Dealers and Gas Stations,5353599727.0000,0.0029,0.0015,0.0090,0.0531,0.0079,0.0012,0.0538,0.0550,0.0541,0.0051,0.0053,0.0556,-0.0462
RVLV,0.2436,0.2476,0.2530,0.2597,0.2552,0.2574,0.2531,0.2537,0.2563,0.2535,0.2543,0.2535,0.2621,0.2600,0.2548,Consumer Discretionary,Catalog/Specialty Distribution,1376013092.0000,0.0067,0.0022,0.0044,0.0000,0.0006,0.0033,0.0005,0.0013,0.0005,0.0091,0.0070,0.0017,0.0094
RUSHB,0.2552,0.2597,0.2476,0.2495,0.2507,0.2536,0.3011,0.2537,0.2486,0.3015,0.3034,0.3032,0.2572,0.2553,0.3034,Consumer Discretionary,Retail-Auto Dealers and Gas Stations,5003117295.0000,0.0019,0.0031,0.0060,0.0535,0.0061,0.0010,0.0539,0.0558,0.0555,0.0096,0.0077,0.0558,-0.0076
RVMD,0.1456,0.1529,0.1577,0.1579,0.1592,0.1612,0.1578,0.1574,0.1628,0.1589,0.1593,0.1591,0.1672,0.1727,0.1606,Health Care,Biotechnology: Biological Products (No Diagnostic Substances),32221119781.0000,0.0002,0.0015,0.0035,0.0001,-0.0003,0.0051,0.0012,0.0015,0.0013,0.0095,0.0149,0.0028,0.0121
RVT,0.6050,0.6177,0.5952,0.5960,0.5956,0.6042,0.6425,0.5994,0.5958,0.6433,0.6430,0.6442,0.6142,0.6101,0.6489,Finance,Trusts Except Educational Religious and Charitable,1976687452.0000,0.0008,0.0004,0.0090,0.0473,0.0042,0.0006,0.0481,0.0478,0.0490,0.0190,0.0149,0.0537,-0.0098
RVTY,0.3885,0.3924,0.4090,0.4126,0.4202,0.4113,0.3649,0.4105,0.4112,0.3686,0.3698,0.3667,0.4280,0.4193,0.3676,Industrials,Biotechnology: Laboratory Analytical Instruments,10815719992.0000,0.0035,0.0111,0.0023,-0.0441,0.0014,0.0022,-0.0404,-0.0392,-0.0424,0.0190,0.0102,-0.0414,0.0206
RWT,0.2321,0.2393,0.1841,0.1910,0.1818,0.1929,0.2400,0.1875,0.1868,0.2426,0.2421,0.2429,0.1877,0.1911,0.2462,Real Estate,Real Estate Investment Trusts,661139091.0000,0.0069,-0.0023,0.0088,0.0559,0.0035,0.0027,0.0585,0.0580,0.0588,0.0036,0.0070,0.0621,-0.0480
RXT,0.2087,0.2088,0.2107,0.2119,0.2126,0.2177,0.2108,0.2115,0.2119,0.2116,0.2126,0.2147,0.2226,0.2148,0.2119,Technology,Computer Software: Programming Data Processing,1034273371.0000,0.0012,0.0019,0.0069,0.0000,0.0008,0.0012,0.0008,0.0019,0.0039,0.0119,0.0041,0.0011,0.0020
RYAM,0.1009,0.1070,0.1208,0.1225,0.1262,0.1217,0.1571,0.1232,0.1262,0.1582,0.1604,0.1611,0.1293,0.1246,0.1629,Basic Materials,Paper,588738533.0000,0.0017,0.0054,0.0010,0.0363,0.0024,0.0055,0.0375,0.0397,0.0404,0.0085,0.0038,0.0421,0.0198
RYN,0.3627,0.3666,0.3147,0.3201,0.3080,0.3155,0.4131,0.3198,0.3168,0.4141,0.4150,0.4133,0.3112,0.3138,0.4158,Real Estate,Real Estate Investment Trusts,6123213460.0000,0.0054,-0.0067,0.0008,0.0984,0.0051,0.0021,0.0994,0.1003,0.0986,-0.0035,-0.0009,0.1011,-0.0480
RYTM,0.1204,0.1249,0.1294,0.1296,0.1325,0.1319,0.1158,0.1307,0.1319,0.1179,0.1179,0.1143,0.1376,0.1362,0.1219,Health Care,Biotechnology: Pharmaceutical Preparations,6019904199.0000,0.0003,0.0032,0.0025,-0.0135,0.0013,0.0026,-0.0115,-0.0114,-0.0150,0.0082,0.0068,-0.0075,0.0089
RYZ,0.1721,0.1734,0.1969,0.2020,0.2139,0.2036,0.2291,0.2038,0.1997,0.2300,0.2299,0.2364,0.2184,0.2168,0.2374,Industrials,Metal Fabrications,1384910044.0000,0.0051,0.0170,0.0067,0.0322,0.0069,0.0028,0.0331,0.0330,0.0395,0.0215,0.0199,0.0405,0.0248
RZB,0.1688,0.1938,0.2077,0.2102,0.2117,0.2093,0.2718,0.2286,0.2147,0.2723,0.2721,0.2753,0.2085,0.2188,0.2770,Finance,Life Insurance,1656172761.0000,0.0025,0.0040,0.0016,0.0640,0.0209,0.0069,0.0645,0.0644,0.0675,0.0008,0.0111,0.0692,0.0389
RZLT,0.0077,0.0130,0.0200,0.0222,0.0219,0.0213,0.0231,0.0207,0.0223,0.0232,0.0234,0.0267,0.0236,0.0233,0.0232,Health Care,Biotechnology: Pharmaceutical Preparations,312950076.0000,0.0022,0.0019,0.0013,0.0031,0.0007,0.0024,0.0032,0.0035,0.0067,0.0036,0.0034,0.0032,0.0123
SABR,0.2483,0.2529,0.2774,0.2805,0.2810,0.2929,0.2900,0.2804,0.2820,0.2910,0.2913,0.2921,0.2920,0.2827,0.3019,Technology,Computer Software: Programming Data Processing,604829308.0000,0.0032,0.0037,0.0155,0.0126,0.0030,0.0046,0.0136,0.0139,0.0148,0.0147,0.0053,0.0245,0.0291
SAFE,0.2687,0.2749,0.2549,0.2580,0.2566,0.2611,0.2978,0.2614,0.2569,0.2992,0.3004,0.2993,0.2601,0.2575,0.3026,Real Estate,Real Estate Investment Trusts,1049802629.0000,0.0032,0.0017,0.0062,0.0430,0.0066,0.0020,0.0443,0.0456,0.0445,0.0053,0.0027,0.0477,-0.0138
SAFT,0.2752,0.2784,0.2078,0.2109,0.2087,0.2123,0.1997,0.2130,0.2101,0.1999,0.1999,0.2024,0.2112,0.2108,0.1996,Finance,Property-Casualty Insurers,1067779320.0000,0.0031,0.0009,0.0046,-0.0081,0.0053,0.0023,-0.0078,-0.0078,-0.0054,0.0034,0.0030,-0.0081,-0.0674
SAH,0.2548,0.2566,0.2243,0.2288,0.2252,0.2325,0.2450,0.2295,0.2261,0.2471,0.2466,0.2459,0.2270,0.2239,0.2507,Consumer Discretionary,Retail-Auto Dealers and Gas Stations,2470176690.0000,0.0045,0.0009,0.0082,0.0206,0.0052,0.0017,0.0227,0.0223,0.0216,0.0026,-0.0004,0.0264,-0.0304
SAIA,0.2756,0.2752,0.2696,0.2712,0.2701,0.2769,0.3686,0.2767,0.2726,0.3691,0.3693,0.3692,0.2778,0.2729,0.3691,Industrials,Trucking Freight/Courier Services,12168207963.0000,0.0016,0.0004,0.0073,0.0990,0.0071,0.0029,0.0994,0.0997,0.0996,0.0081,0.0032,0.0994,-0.0060
SAIC,0.2528,0.2567,0.2793,0.2814,0.2867,0.2813,0.2813,0.2817,0.2819,0.2829,0.2827,0.2851,0.2841,0.2826,0.2870,Technology,EDP Services,4310669724.0000,0.0020,0.0073,0.0020,0.0019,0.0024,0.0026,0.0035,0.0033,0.0058,0.0047,0.0033,0.0076,0.0265
SAM,0.1552,0.1577,0.1425,0.1469,0.1451,0.1444,0.1895,0.1446,0.1464,0.1897,0.1905,0.1908,0.1461,0.1478,0.1899,Consumer Staples,Beverages (Production/Distribution),1979595324.0000,0.0043,0.0025,0.0018,0.0470,0.0021,0.0038,0.0471,0.0480,0.0482,0.0035,0.0053,0.0474,-0.0127
SANM,0.2822,0.2865,0.2955,0.2970,0.3027,0.2991,0.4080,0.3000,0.2980,0.4085,0.4095,0.4131,0.3111,0.3067,0.4087,Technology,Electrical Products,13208625813.0000,0.0015,0.0072,0.0036,0.1125,0.0045,0.0026,0.1130,0.1140,0.1177,0.0156,0.0112,0.1133,0.0133
SAR,0.0845,0.0889,0.1499,0.1522,0.1550,0.1510,0.2281,0.1538,0.1535,0.2286,0.2318,0.2317,0.1556,0.1539,0.2311,Finance,Investment Managers,361632038.0000,0.0023,0.0051,0.0012,0.0782,0.0039,0.0036,0.0788,0.0819,0.0819,0.0057,0.0040,0.0812,0.0653
SATS,0.2468,0.2501,0.2496,0.2512,0.2549,0.2559,0.2260,0.2556,0.2531,0.2269,0.2280,0.2282,0.2568,0.2585,0.2267,Consumer Discretionary,Telecommunications Equipment,35994835210.0000,0.0016,0.0053,0.0063,-0.0236,0.0060,0.0034,-0.0227,-0.0216,-0.0214,0.0072,0.0089,-0.0229,0.0028
SBAC,0.3023,0.3035,0.2641,0.2737,0.2630,0.2681,0.3088,0.2771,0.2653,0.3093,0.3129,0.3101,0.2631,0.2676,0.3097,Real Estate,Real Estate Investment Trusts,21803374405.0000,0.0096,-0.0012,0.0040,0.0447,0.0130,0.0012,0.0452,0.0488,0.0460,-0.0010,0.0035,0.0456,-0.0382
SBCF,0.2553,0.2659,0.3168,0.3245,0.3270,0.3298,0.3313,0.3377,0.3205,0.3323,0.3339,0.3330,0.3255,0.3266,0.3348,Finance,Major Banks,2965054078.0000,0.0078,0.0102,0.0131,0.0145,0.0210,0.0038,0.0155,0.0171,0.0162,0.0088,0.0098,0.0180,0.0614
SBET,0.0217,0.0236,0.0356,0.0361,0.0402,0.0365,0.0589,0.0365,0.0367,0.0594,0.0594,0.0582,0.0486,0.0382,0.0601,Technology,Computer Software: Prepackaged Software,1228627097.0000,0.0005,0.0047,0.0009,0.0234,0.0010,0.0011,0.0239,0.0238,0.0226,0.0131,0.0026,0.0246,0.0138
SBGI,0.2131,0.2158,0.1871,0.1897,0.1925,0.1934,0.2023,0.1938,0.1887,0.2030,0.2031,0.2155,0.1952,0.1909,0.2050,Industrials,Broadcasting,1000214953.0000,0.0026,0.0054,0.0063,0.0152,0.0067,0.0017,0.0160,0.0161,0.0284,0.0081,0.0038,0.0179,-0.0260
SBH,0.2020,0.2047,0.1733,0.1804,0.1737,0.1805,0.2506,0.1806,0.1778,0.2512,0.2533,0.2548,0.1753,0.1733,0.2554,Consumer Discretionary,Other Specialty Stores,1203101008.0000,0.0071,0.0004,0.0072,0.0774,0.0073,0.0046,0.0779,0.0800,0.0815,0.0020,0.0000,0.0821,-0.0287
SBR,0.1382,0.1428,0.2431,0.2479,0.2506,0.2493,0.2899,0.2463,0.2531,0.2902,0.2924,0.2936,0.2485,0.2658,0.2954,Energy,Oil & Gas Production,1123192739.0000,0.0048,0.0075,0.0062,0.0468,0.0032,0.0101,0.0471,0.0493,0.0506,0.0054,0.0227,0.0523,0.1049
SBRA,0.1947,0.2007,0.2019,0.2064,0.2059,0.2051,0.2638,0.2162,0.2051,0.2645,0.2646,0.2690,0.2061,0.2078,0.2666,Real Estate,Real Estate Investment Trusts,5225378768.0000,0.0046,0.0041,0.0033,0.0620,0.0144,0.0032,0.0626,0.0627,0.0672,0.0042,0.0059,0.0648,0.0071
SBSI,0.2949,0.2990,0.2801,0.2845,0.2803,0.2906,0.2699,0.3043,0.2834,0.2707,0.2729,0.2714,0.2799,0.2835,0.2715,Finance,Major Banks,974071018.0000,0.0044,0.0003,0.0105,-0.0102,0.0243,0.0033,-0.0094,-0.0072,-0.0087,-0.0002,0.0034,-0.0086,-0.0148
SBUX,0.3669,0.3710,0.3880,0.3927,0.3927,0.3895,0.4675,0.3901,0.3892,0.4688,0.4682,0.4743,0.3922,0.3893,0.4694,Consumer Discretionary,Restaurants,117514467000.0000,0.0048,0.0047,0.0015,0.0795,0.0021,0.0013,0.0809,0.0802,0.0863,0.0042,0.0013,0.0814,0.0211
SCCO,0.3661,0.3714,0.3550,0.3850,0.4883,0.3585,0.3806,0.3590,0.3595,0.3932,0.3834,0.3977,0.4099,0.3994,0.4055,Basic Materials,Metal Mining,148419105916.0000,0.0300,0.1333,0.0035,0.0256,0.0040,0.0045,0.0382,0.0284,0.0427,0.0549,0.0444,0.0504,-0.0111
SCHL,0.2327,0.2359,0.1810,0.1854,0.1780,0.1842,0.1625,0.1890,0.1859,0.1639,0.1649,0.1617,0.1788,0.1827,0.1668,Consumer Discretionary,Books,885132127.0000,0.0044,-0.0029,0.0033,-0.0184,0.0080,0.0050,-0.0170,-0.0161,-0.0192,-0.0021,0.0017,-0.0142,-0.0517
SCHW,0.4673,0.4691,0.4358,0.4579,0.4343,0.4549,0.3809,0.4689,0.4376,0.3815,0.3895,0.3810,0.4399,0.4366,0.3807,Finance,Investment Bankers/Brokers/Service,156783065956.0000,0.0221,-0.0015,0.0192,-0.0548,0.0332,0.0019,-0.0542,-0.0462,-0.0548,0.0042,0.0008,-0.0550,-0.0316
SCI,0.3263,0.3316,0.3001,0.3022,0.3059,0.3034,0.2689,0.3030,0.3032,0.2703,0.2703,0.2708,0.3065,0.3059,0.2703,Consumer Discretionary,Other Consumer Services,10677575535.0000,0.0020,0.0057,0.0033,-0.0313,0.0028,0.0031,-0.0299,-0.0298,-0.0293,0.0063,0.0057,-0.0298,-0.0261
SCL,0.3003,0.3038,0.2877,0.2896,0.2942,0.2929,0.3271,0.2962,0.2895,0.3278,0.3278,0.3298,0.2994,0.2936,0.3293,Consumer Discretionary,Package Goods/Cosmetics,1182682729.0000,0.0019,0.0066,0.0053,0.0394,0.0085,0.0018,0.0401,0.0401,0.0421,0.0117,0.0059,0.0416,-0.0126
SCSC,0.2974,0.2994,0.2647,0.2674,0.2723,0.2689,0.2895,0.2693,0.2680,0.2900,0.2902,0.2933,0.2760,0.2743,0.2902,Technology,Retail: Computer Software & Peripheral Equipment,896108484.0000,0.0027,0.0076,0.0042,0.0248,0.0046,0.0033,0.0253,0.0255,0.0286,0.0114,0.0096,0.0255,-0.0327
SD,0.1382,0.1444,0.2381,0.2429,0.2458,0.2405,0.2392,0.2436,0.2675,0.2402,0.2405,0.2462,0.2634,0.2768,0.2426,Energy,Oil & Gas Production,564849363.0000,0.0048,0.0076,0.0023,0.0011,0.0054,0.0294,0.0020,0.0024,0.0081,0.0252,0.0387,0.0045,0.0999
SCVL,0.1959,0.1979,0.1927,0.1947,0.1896,0.1982,0.2761,0.1988,0.1971,0.2767,0.2779,0.2797,0.1884,0.1886,0.2813,Consumer Discretionary,Clothing/Shoe/Accessory Stores,457886455.0000,0.0020,-0.0031,0.0055,0.0834,0.0061,0.0043,0.0840,0.0852,0.0870,-0.0043,-0.0042,0.0885,-0.0031
SDGR,0.2170,0.2273,0.2325,0.2347,0.2373,0.2361,0.2328,0.2359,0.2356,0.2369,0.2348,0.2383,0.2805,0.2627,0.2374,Health Care,Biotechnology: Pharmaceutical Preparations,993785629.0000,0.0022,0.0047,0.0036,0.0002,0.0034,0.0030,0.0044,0.0022,0.0058,0.0479,0.0302,0.0048,0.0155
SE,0.2308,0.2406,0.2456,0.2489,0.2494,0.2489,0.2789,0.2477,0.2480,0.2815,0.2812,0.2806,0.2813,0.2555,0.2821,Consumer Discretionary,Other Consumer Services,53451524235.0000,0.0033,0.0038,0.0033,0.0333,0.0021,0.0025,0.0359,0.0357,0.0351,0.0357,0.0100,0.0365,0.0148
SEB,0.1601,0.1656,0.0750,0.0757,0.0743,0.0804,0.0564,0.0749,0.0794,0.0561,0.0573,0.0597,0.0773,0.0793,0.0574,Industrials,Farming/Seeds/Milling,4713744859.0000,0.0007,-0.0007,0.0054,-0.0186,-0.0002,0.0044,-0.0189,-0.0178,-0.0153,0.0022,0.0043,-0.0177,-0.0851
SEI,0.1877,0.1980,0.2738,0.2774,0.2804,0.2772,0.2746,0.2810,0.2797,0.2752,0.2762,0.2754,0.2860,0.2998,0.2786,Consumer Discretionary,Oil and Gas Field Machinery,5461963523.0000,0.0035,0.0066,0.0034,0.0008,0.0072,0.0058,0.0014,0.0023,0.0016,0.0122,0.0260,0.0047,0.0861
SEM,0.2126,0.2206,0.2459,0.2471,0.2528,0.2519,0.3383,0.2507,0.2505,0.3389,0.3409,0.3417,0.2544,0.2547,0.3409,Health Care,Hospital/Nursing Management,2048757536.0000,0.0012,0.0069,0.0060,0.0924,0.0048,0.0046,0.0930,0.0950,0.0958,0.0085,0.0088,0.0950,0.0333
SEIC,0.5011,0.5027,0.4789,0.4824,0.4776,0.4841,0.5117,0.4859,0.4818,0.5121,0.5135,0.5128,0.4827,0.4778,0.5131,Finance,Investment Bankers/Brokers/Service,10888312517.0000,0.0036,-0.0013,0.0052,0.0328,0.0071,0.0029,0.0333,0.0346,0.0340,0.0038,-0.0010,0.0343,-0.0223
SENEA,0.1304,0.1395,0.1302,0.1301,0.1368,0.1327,0.1388,0.1323,0.1320,0.1392,0.1393,0.1401,0.1376,0.1382,0.1390,Consumer Staples,Packaged Foods,940859209.0000,-0.0001,0.0067,0.0025,0.0087,0.0022,0.0019,0.0091,0.0091,0.0100,0.0075,0.0081,0.0088,-0.0002
SENEB,0.0197,0.0230,0.0175,0.0222,0.0190,0.0180,0.0253,0.0200,0.0216,0.0252,0.0245,0.0297,0.0216,0.0233,0.0248,Consumer Staples,Packaged Foods,964204752.0000,0.0047,0.0015,0.0005,0.0078,0.0025,0.0041,0.0076,0.0070,0.0122,0.0041,0.0058,0.0073,-0.0022
SF,0.4598,0.4625,0.4870,0.4965,0.4927,0.5034,0.5153,0.5099,0.4886,0.5153,0.5203,0.5162,0.4975,0.4928,0.5187,Finance,Investment Bankers/Brokers/Service,11135434412.0000,0.0095,0.0057,0.0164,0.0283,0.0229,0.0016,0.0283,0.0333,0.0292,0.0105,0.0059,0.0317,0.0272
SFBS,0.3028,0.3122,0.3119,0.3208,0.3157,0.3239,0.3144,0.3357,0.3140,0.3154,0.3176,0.3151,0.3144,0.3171,0.3164,Finance,Major Banks,4231449128.0000,0.0089,0.0038,0.0120,0.0025,0.0238,0.0021,0.0035,0.0057,0.0032,0.0026,0.0052,0.0045,0.0091
SFIX,0.1493,0.1466,0.1485,0.1467,0.1472,0.1481,0.1667,0.1458,0.1501,0.1659,0.1658,0.1649,0.1578,0.1497,0.1673,Consumer Discretionary,Catalog/Specialty Distribution,454619992.0000,-0.0018,-0.0013,-0.0004,0.0182,-0.0027,0.0017,0.0174,0.0173,0.0164,0.0093,0.0012,0.0188,-0.0008
SFM,0.0649,0.0683,0.0717,0.0711,0.0728,0.0732,0.0808,0.0720,0.0734,0.0802,0.0813,0.0815,0.0787,0.0767,0.0806,Consumer Staples,Food Chains,8154581340.0000,-0.0006,0.0010,0.0015,0.0091,0.0003,0.0017,0.0084,0.0096,0.0098,0.0070,0.0050,0.0089,0.0068
SFNC,0.3431,0.3485,0.3171,0.3242,0.3156,0.3300,0.3371,0.3472,0.3197,0.3383,0.3406,0.3383,0.3190,0.3174,0.3399,Finance,Major Banks,3095670220.0000,0.0070,-0.0016,0.0128,0.0200,0.0301,0.0026,0.0211,0.0235,0.0212,0.0019,0.0003,0.0228,-0.0260
SFST,0.0870,0.0941,0.1705,0.1747,0.1829,0.1748,0.2546,0.1749,0.1723,0.2548,0.2562,0.2545,0.1751,0.1803,0.2572,Finance,Major Banks,541970058.0000,0.0042,0.0124,0.0043,0.0841,0.0044,0.0018,0.0843,0.0857,0.0840,0.0046,0.0098,0.0867,0.0835
SGI,0.2548,0.2571,0.2771,0.2791,0.2864,0.2801,0.3493,0.2847,0.2802,0.3504,0.3511,0.3568,0.2932,0.2821,0.3524,Consumer Discretionary,Home Furnishings,14069684339.0000,0.0020,0.0093,0.0030,0.0721,0.0075,0.0031,0.0733,0.0739,0.0797,0.0161,0.0050,0.0753,0.0223
SGRY,0.2065,0.2066,0.2378,0.2398,0.2404,0.2438,0.3102,0.2432,0.2417,0.3117,0.3117,0.3194,0.2456,0.2562,0.3149,Health Care,Hospital/Nursing Management,1752694567.0000,0.0020,0.0026,0.0060,0.0724,0.0054,0.0039,0.0739,0.0739,0.0816,0.0078,0.0184,0.0771,0.0313
SGU,0.0600,0.0662,0.0839,0.0842,0.0887,0.0868,0.1339,0.0850,0.0873,0.1352,0.1352,0.1333,0.0904,0.0948,0.1348,Consumer Discretionary,Other Specialty Stores,413379216.0000,0.0003,0.0048,0.0029,0.0500,0.0011,0.0034,0.0513,0.0513,0.0494,0.0065,0.0109,0.0509,0.0238
SHAK,0.1901,0.1937,0.2136,0.2191,0.2197,0.2162,0.2769,0.2167,0.2157,0.2772,0.2778,0.2837,0.2208,0.2182,0.2808,Consumer Discretionary,Restaurants,2683256997.0000,0.0055,0.0062,0.0026,0.0633,0.0031,0.0021,0.0636,0.0642,0.0701,0.0072,0.0046,0.0672,0.0235
SHC,0.1411,0.1401,0.1411,0.1432,0.1420,0.1420,0.1412,0.1431,0.1434,0.1442,0.1427,0.1441,0.1464,0.1487,0.1442,Health Care,Misc Health and Biotechnology Services,4465715126.0000,0.0021,0.0009,0.0009,0.0001,0.0020,0.0023,0.0031,0.0016,0.0031,0.0053,0.0076,0.0031,-0.0001
SHBI,0.1445,0.1514,0.1719,0.1761,0.1803,0.1765,0.2331,0.1795,0.1748,0.2332,0.2345,0.2348,0.1802,0.1870,0.2362,Finance,Major Banks,676478925.0000,0.0042,0.0084,0.0046,0.0612,0.0075,0.0029,0.0613,0.0625,0.0629,0.0083,0.0151,0.0643,0.0274
SHEN,0.2327,0.2356,0.1763,0.1786,0.1725,0.1788,0.1786,0.1777,0.1799,0.1795,0.1798,0.1810,0.1712,0.1717,0.1801,Telecommunications,Telecommunications Equipment,878513376.0000,0.0023,-0.0038,0.0025,0.0023,0.0014,0.0036,0.0032,0.0035,0.0047,-0.0051,-0.0046,0.0038,-0.0563
SHO,0.3920,0.3977,0.3581,0.3642,0.3565,0.3637,0.3939,0.3635,0.3609,0.3955,0.3966,0.3956,0.3615,0.3598,0.3991,Consumer Discretionary,Hotels/Resorts,1978413287.0000,0.0061,-0.0016,0.0056,0.0357,0.0054,0.0028,0.0374,0.0385,0.0374,0.0033,0.0016,0.0409,-0.0339
SIBN,0.1964,0.2008,0.2060,0.2058,0.2072,0.2127,0.2155,0.2114,0.2089,0.2174,0.2167,0.2166,0.2139,0.2120,0.2186,Health Care,Medical/Dental Instruments,651047474.0000,-0.0002,0.0012,0.0067,0.0095,0.0054,0.0028,0.0114,0.0107,0.0106,0.0078,0.0060,0.0125,0.0096
SHOO,0.2590,0.2568,0.2646,0.2701,0.2742,0.2690,0.3174,0.2716,0.2685,0.3181,0.3190,0.3205,0.2720,0.2676,0.3206,Consumer Discretionary,Shoe Manufacturing,3064472331.0000,0.0055,0.0096,0.0044,0.0529,0.0070,0.0039,0.0535,0.0545,0.0559,0.0074,0.0030,0.0560,0.0056
SHW,0.3342,0.3385,0.3661,0.3678,0.3674,0.3674,0.3907,0.3693,0.3692,0.3909,0.3919,0.3939,0.3688,0.3677,0.3921,Consumer Discretionary,RETAIL: Building Materials,76230137739.0000,0.0017,0.0014,0.0013,0.0246,0.0032,0.0031,0.0248,0.0258,0.0278,0.0027,0.0016,0.0260,0.0319
SIGA,0.0876,0.0918,0.0778,0.0784,0.0819,0.0783,0.1014,0.0799,0.0809,0.1015,0.1009,0.1056,0.0816,0.0850,0.1023,Health Care,Biotechnology: Pharmaceutical Preparations,335668774.0000,0.0006,0.0042,0.0005,0.0236,0.0022,0.0031,0.0238,0.0231,0.0279,0.0038,0.0073,0.0245,-0.0098
SIGI,0.3559,0.3589,0.3091,0.3146,0.3086,0.3120,0.3263,0.3146,0.3138,0.3266,0.3278,0.3269,0.3103,0.3091,0.3276,Finance,Property-Casualty Insurers,5430165464.0000,0.0055,-0.0005,0.0029,0.0172,0.0055,0.0047,0.0175,0.0186,0.0177,0.0012,-0.0001,0.0185,-0.0468
SITM,0.2954,0.2987,0.3044,0.3096,0.3072,0.3087,0.3045,0.3076,0.3096,0.3054,0.3048,0.3089,0.3392,0.3196,0.3060,Technology,Semiconductors,19231673008.0000,0.0052,0.0028,0.0042,0.0000,0.0031,0.0052,0.0009,0.0004,0.0045,0.0348,0.0151,0.0015,0.0091
SITE,0.3117,0.3179,0.3339,0.3375,0.3377,0.3389,0.4206,0.3356,0.3373,0.4214,0.4222,0.4227,0.3485,0.3359,0.4221,Consumer Discretionary,Professional and commerical equipment,5022780839.0000,0.0035,0.0038,0.0050,0.0866,0.0017,0.0034,0.0875,0.0883,0.0887,0.0146,0.0020,0.0882,0.0222
SKT,0.3037,0.3064,0.2267,0.2313,0.2240,0.2332,0.2722,0.2352,0.2285,0.2743,0.2742,0.2758,0.2250,0.2258,0.2811,Real Estate,Real Estate Investment Trusts,4078092711.0000,0.0046,-0.0028,0.0065,0.0455,0.0085,0.0017,0.0476,0.0475,0.0490,-0.0017,-0.0010,0.0544,-0.0769
SITC,0.3409,0.3419,0.2872,0.2959,0.2807,0.2926,0.3604,0.2980,0.2896,0.3624,0.3628,0.3659,0.2822,0.2826,0.3694,Real Estate,Real Estate Investment Trusts,280740576.0000,0.0086,-0.0066,0.0053,0.0731,0.0108,0.0024,0.0752,0.0755,0.0786,-0.0050,-0.0047,0.0821,-0.0536
SIRI,0.2360,0.2413,0.3039,0.3059,0.3122,0.3066,0.2903,0.3049,0.3068,0.2908,0.2910,0.2965,0.3155,0.3147,0.2909,Consumer Discretionary,Broadcasting,9724949951.0000,0.0020,0.0084,0.0028,-0.0136,0.0010,0.0029,-0.0131,-0.0128,-0.0074,0.0116,0.0108,-0.0130,0.0678
SJM,0.1771,0.1811,0.1261,0.1291,0.1297,0.1283,0.0932,0.1284,0.1281,0.0954,0.0946,0.0946,0.1431,0.1291,0.0966,Consumer Staples,Packaged Foods,11023170252.0000,0.0030,0.0036,0.0021,-0.0329,0.0023,0.0020,-0.0307,-0.0315,-0.0315,0.0170,0.0030,-0.0295,-0.0510
SKY,0.1947,0.1975,0.2130,0.2150,0.2128,0.2156,0.3431,0.2149,0.2159,0.3434,0.3432,0.3446,0.2178,0.2126,0.3451,Consumer Discretionary,Homebuilding,3926443491.0000,0.0020,-0.0002,0.0026,0.1301,0.0019,0.0029,0.1303,0.1302,0.1316,0.0048,-0.0004,0.1321,0.0183
SLDB,0.0438,0.0465,0.0475,0.0497,0.0494,0.0477,0.0565,0.0460,0.0466,0.0572,0.0579,0.0601,0.0530,0.0497,0.0584,Health Care,Biotechnology: Biological Products (No Diagnostic Substances),651736392.0000,0.0023,0.0019,0.0002,0.0090,-0.0015,-0.0008,0.0098,0.0104,0.0126,0.0055,0.0022,0.0110,0.0037
SKYW,0.2518,0.2552,0.2552,0.2600,0.2555,0.2635,0.2682,0.2670,0.2566,0.2686,0.2724,0.2717,0.2604,0.2608,0.2787,Consumer Discretionary,Air Freight/Delivery Services,3363985034.0000,0.0047,0.0003,0.0083,0.0130,0.0118,0.0014,0.0134,0.0172,0.0165,0.0052,0.0056,0.0235,0.0034
SLG,0.3722,0.3763,0.3102,0.3142,0.3037,0.3173,0.3222,0.3179,0.3150,0.3233,0.3260,0.3241,0.3094,0.3079,0.3291,Real Estate,Real Estate Investment Trusts,3077556379.0000,0.0040,-0.0065,0.0071,0.0119,0.0077,0.0048,0.0131,0.0158,0.0139,-0.0008,-0.0023,0.0189,-0.0620
SLAB,0.3266,0.3336,0.3791,0.3802,0.3886,0.3837,0.4495,0.3822,0.3818,0.4504,0.4498,0.4505,0.4051,0.3898,0.4530,Technology,Semiconductors,7173546503.0000,0.0011,0.0095,0.0046,0.0704,0.0031,0.0027,0.0713,0.0707,0.0714,0.0260,0.0107,0.0739,0.0524
SLGN,0.2909,0.2941,0.2697,0.2738,0.2676,0.2707,0.2424,0.2709,0.2715,0.2430,0.2432,0.2443,0.2705,0.2726,0.2439,Industrials,Containers/Packaging,4006319626.0000,0.0041,-0.0021,0.0010,-0.0273,0.0012,0.0018,-0.0267,-0.0265,-0.0254,0.0008,0.0030,-0.0258,-0.0212
SLM,0.2991,0.3050,0.2765,0.2811,0.2774,0.2856,0.3520,0.2848,0.2786,0.3539,0.3551,0.3551,0.2865,0.2845,0.3540,Finance,Finance: Consumer Services,4177334839.0000,0.0047,0.0009,0.0091,0.0755,0.0083,0.0021,0.0774,0.0786,0.0787,0.0101,0.0081,0.0775,-0.0226
SLMBP,0.0520,0.0623,0.0895,0.0925,0.0941,0.0932,0.1423,0.0921,0.0916,0.1413,0.1458,0.1430,0.0979,0.1037,0.1477,Finance,Finance: Consumer Services,14138816835.0000,0.0031,0.0046,0.0037,0.0528,0.0026,0.0022,0.0519,0.0564,0.0535,0.0085,0.0142,0.0582,0.0375
SLP,0.0807,0.0845,0.1380,0.1472,0.1440,0.1382,0.1960,0.1423,0.1407,0.1974,0.1966,0.1971,0.1473,0.1465,0.1978,Technology,EDP Services,310558258.0000,0.0092,0.0060,0.0002,0.0581,0.0043,0.0027,0.0594,0.0586,0.0592,0.0094,0.0085,0.0598,0.0572
SLRC,0.2015,0.2160,0.2040,0.2062,0.2132,0.2057,0.2666,0.2100,0.2073,0.2675,0.2690,0.2677,0.2123,0.2161,0.2704,Finance,Finance/Investors Services,707573603.0000,0.0022,0.0092,0.0018,0.0627,0.0061,0.0033,0.0636,0.0651,0.0637,0.0084,0.0122,0.0664,0.0024
SLS,0.0348,0.0367,0.0415,0.0431,0.0450,0.0437,0.0572,0.0417,0.0437,0.0585,0.0572,0.0597,0.0538,0.0471,0.0618,Health Care,Biotechnology: Pharmaceutical Preparations,1447333426.0000,0.0016,0.0035,0.0023,0.0157,0.0002,0.0022,0.0170,0.0157,0.0182,0.0123,0.0056,0.0203,0.0067
SM,0.2667,0.2693,0.3989,0.4023,0.4052,0.4065,0.4087,0.4009,0.4087,0.4091,0.4099,0.4148,0.4110,0.4253,0.4135,Energy,Oil & Gas Production,8096313633.0000,0.0034,0.0063,0.0076,0.0098,0.0020,0.0099,0.0103,0.0110,0.0159,0.0121,0.0264,0.0146,0.1321
SMBC,0.0758,0.0838,0.1423,0.1448,0.1520,0.1448,0.2035,0.1436,0.1434,0.2045,0.2037,0.2051,0.1485,0.1478,0.2044,Finance,Banks,759968452.0000,0.0025,0.0097,0.0025,0.0612,0.0013,0.0011,0.0622,0.0614,0.0628,0.0062,0.0055,0.0621,0.0665
SMBK,0.0823,0.0867,0.1633,0.1650,0.1734,0.1681,0.2420,0.1709,0.1648,0.2431,0.2446,0.2436,0.1699,0.1708,0.2424,Finance,Major Banks,711980416.0000,0.0017,0.0101,0.0048,0.0787,0.0076,0.0015,0.0798,0.0812,0.0803,0.0065,0.0075,0.0790,0.0810
SMC,0.0981,0.1018,0.1498,0.1505,0.1565,0.1585,0.1789,0.1519,0.1550,0.1801,0.1806,0.1786,0.1601,0.1601,0.1829,Utilities,Natural Gas Distribution,627653918.0000,0.0007,0.0067,0.0087,0.0291,0.0021,0.0052,0.0303,0.0308,0.0288,0.0103,0.0103,0.0331,0.0517
SMMT,0.0176,0.0209,0.0277,0.0317,0.0282,0.0289,0.0282,0.0305,0.0298,0.0278,0.0276,0.0374,0.0351,0.0340,0.0335,Health Care,Biotechnology: Pharmaceutical Preparations,12899823160.0000,0.0040,0.0005,0.0012,0.0005,0.0028,0.0020,0.0001,-0.0002,0.0097,0.0074,0.0062,0.0058,0.0101
SMCI,0.2014,0.2059,0.1934,0.1950,0.1997,0.1963,0.2639,0.1943,0.1978,0.2644,0.2668,0.2661,0.2018,0.2036,0.2678,Technology,Computer Manufacturing,21398469590.0000,0.0016,0.0063,0.0030,0.0705,0.0009,0.0044,0.0710,0.0734,0.0727,0.0084,0.0102,0.0744,-0.0080
SMG,0.2572,0.2623,0.2502,0.2546,0.2527,0.2527,0.2894,0.2535,0.2517,0.2903,0.2923,0.2940,0.2628,0.2582,0.2906,Industrials,Agricultural Chemicals,3442043393.0000,0.0044,0.0025,0.0025,0.0392,0.0034,0.0015,0.0401,0.0422,0.0438,0.0126,0.0080,0.0404,-0.0070
SMPL,0.2154,0.2168,0.2194,0.2219,0.2236,0.2195,0.2515,0.2231,0.2246,0.2515,0.2517,0.2539,0.2225,0.2226,0.2529,Consumer Staples,Packaged Foods,1073199825.0000,0.0025,0.0042,0.0001,0.0321,0.0036,0.0052,0.0321,0.0322,0.0344,0.0031,0.0032,0.0334,0.0040
SMP,0.2210,0.2240,0.2094,0.2112,0.2160,0.2133,0.2432,0.2131,0.2163,0.2447,0.2450,0.2472,0.2177,0.2138,0.2455,Consumer Discretionary,Auto Parts:O.E.M.,843778274.0000,0.0018,0.0066,0.0039,0.0338,0.0037,0.0069,0.0353,0.0356,0.0378,0.0083,0.0044,0.0361,-0.0116
SNAP,0.1568,0.1663,0.1676,0.1702,0.1715,0.1699,0.1972,0.1702,0.1696,0.1992,0.1990,0.1983,0.1762,0.1715,0.1978,Technology,Computer Software: Programming Data Processing,9478960542.0000,0.0026,0.0039,0.0023,0.0296,0.0026,0.0020,0.0316,0.0314,0.0307,0.0087,0.0040,0.0302,0.0108
SMTC,0.3402,0.3450,0.3496,0.3512,0.3563,0.3566,0.4308,0.3524,0.3508,0.4315,0.4325,0.4320,0.3773,0.3587,0.4338,Technology,Semiconductors,14598491467.0000,0.0015,0.0066,0.0070,0.0811,0.0027,0.0012,0.0818,0.0829,0.0824,0.0277,0.0090,0.0842,0.0094
SNA,0.4491,0.4532,0.3825,0.3856,0.3891,0.3910,0.3850,0.3890,0.3847,0.3864,0.3874,0.3872,0.3913,0.3877,0.3881,Consumer Discretionary,Industrial Machinery/Components,18993172501.0000,0.0031,0.0066,0.0085,0.0024,0.0065,0.0022,0.0039,0.0049,0.0047,0.0088,0.0052,0.0056,-0.0666
SNDA,0.2035,0.2056,0.1225,0.1251,0.1219,0.1267,0.0856,0.1266,0.1244,0.0867,0.0873,0.0886,0.1262,0.1225,0.0886,Health Care,Hospital/Nursing Management,1752284972.0000,0.0026,-0.0006,0.0042,-0.0368,0.0042,0.0019,-0.0357,-0.0351,-0.0338,0.0037,0.0000,-0.0338,-0.0810
SNDR,0.2638,0.2717,0.2767,0.2791,0.2806,0.2785,0.2702,0.2832,0.2784,0.2707,0.2721,0.2712,0.2852,0.2803,0.2714,Industrials,Trucking Freight/Courier Services,5849151887.0000,0.0024,0.0039,0.0018,-0.0065,0.0065,0.0017,-0.0060,-0.0046,-0.0055,0.0085,0.0036,-0.0053,0.0129
SNOW,0.2752,0.2737,0.2771,0.2785,0.2775,0.2816,0.2771,0.2827,0.2788,0.2776,0.2796,0.2794,0.3142,0.2925,0.2780,Technology,Computer Software: Prepackaged Software,59684740933.0000,0.0014,0.0005,0.0045,0.0001,0.0056,0.0017,0.0005,0.0026,0.0023,0.0371,0.0155,0.0009,0.0019
SNDX,0.0901,0.0910,0.1008,0.1030,0.1043,0.1036,0.1098,0.1011,0.1055,0.1103,0.1104,0.1140,0.1032,0.1047,0.1113,Health Care,Biotechnology: Pharmaceutical Preparations,1766603203.0000,0.0022,0.0034,0.0028,0.0090,0.0003,0.0047,0.0094,0.0096,0.0131,0.0023,0.0039,0.0105,0.0107
SNEX,0.2395,0.2453,0.2316,0.2343,0.2386,0.2356,0.2641,0.2404,0.2335,0.2643,0.2649,0.2690,0.2432,0.2430,0.2664,Finance,Investment Bankers/Brokers/Service,8885677732.0000,0.0027,0.0069,0.0039,0.0324,0.0088,0.0019,0.0327,0.0332,0.0374,0.0115,0.0114,0.0348,-0.0079
SNPS,0.4210,0.4244,0.4756,0.4787,0.4855,0.4774,0.5338,0.4828,0.4771,0.5342,0.5350,0.5351,0.4946,0.4862,0.5346,Technology,Computer Software: Prepackaged Software,100520258048.0000,0.0031,0.0099,0.0018,0.0582,0.0072,0.0015,0.0586,0.0595,0.0595,0.0191,0.0106,0.0590,0.0546
SNX,0.3245,0.3275,0.3611,0.3626,0.3689,0.3669,0.4395,0.3651,0.3638,0.4396,0.4398,0.4439,0.3760,0.3712,0.4412,Technology,Retail: Computer Software & Peripheral Equipment,19080022013.0000,0.0015,0.0078,0.0058,0.0784,0.0040,0.0027,0.0785,0.0787,0.0828,0.0149,0.0101,0.0801,0.0366
SOJD,0.2754,0.2814,0.2850,0.2875,0.2869,0.2862,0.2858,0.3231,0.2940,0.2870,0.2892,0.2869,0.2860,0.2907,0.2883,Utilities,Electric Utilities: Central,21428923488.0000,0.0025,0.0019,0.0012,0.0008,0.0381,0.0090,0.0020,0.0043,0.0019,0.0010,0.0057,0.0033,0.0096
SOJC,0.2157,0.2345,0.2364,0.2388,0.2417,0.2393,0.2831,0.2646,0.2388,0.2844,0.2856,0.2856,0.2463,0.2509,0.2883,Utilities,Electric Utilities: Central,23530014036.0000,0.0024,0.0052,0.0028,0.0467,0.0282,0.0024,0.0480,0.0492,0.0492,0.0098,0.0145,0.0519,0.0207
SO,0.2254,0.2312,0.2091,0.2198,0.2102,0.2184,0.2814,0.2263,0.2118,0.2816,0.2820,0.2832,0.2240,0.2087,0.2827,Utilities,Electric Utilities: Central,106682639454.0000,0.0107,0.0011,0.0093,0.0723,0.0172,0.0027,0.0725,0.0728,0.0741,0.0149,-0.0004,0.0736,-0.0163
SOJE,0.2781,0.2909,0.2926,0.2960,0.2932,0.2932,0.2934,0.3301,0.2957,0.2935,0.2968,0.2938,0.2985,0.3012,0.2938,Basic Materials,Metal Mining,18487215298.0000,0.0035,0.0007,0.0007,0.0008,0.0375,0.0031,0.0009,0.0043,0.0012,0.0059,0.0086,0.0013,0.0144
SONO,0.2023,0.2066,0.2093,0.2105,0.2137,0.2125,0.2153,0.2111,0.2112,0.2177,0.2164,0.2184,0.2259,0.2208,0.2186,Consumer Staples,Consumer Electronics/Appliances,1847685687.0000,0.0013,0.0044,0.0032,0.0060,0.0019,0.0020,0.0085,0.0072,0.0092,0.0167,0.0116,0.0094,0.0069
SON,0.3930,0.3970,0.3437,0.3456,0.3474,0.3466,0.3642,0.3475,0.3468,0.3654,0.3646,0.3655,0.3487,0.3499,0.3662,Consumer Discretionary,Containers/Packaging,4881147176.0000,0.0019,0.0037,0.0029,0.0205,0.0038,0.0031,0.0217,0.0209,0.0218,0.0050,0.0062,0.0225,-0.0493
SPFI,0.2115,0.2240,0.2282,0.2342,0.2315,0.2400,0.2276,0.2323,0.2304,0.2288,0.2280,0.2300,0.2352,0.2325,0.2325,Finance,Major Banks,775785952.0000,0.0060,0.0033,0.0118,-0.0006,0.0041,0.0022,0.0005,-0.0002,0.0017,0.0070,0.0042,0.0043,0.0168
SPCE,0.1407,0.1422,0.1437,0.1456,0.1448,0.1476,0.1884,0.1462,0.1448,0.1893,0.1885,0.1946,0.1706,0.1535,0.1916,Consumer Discretionary,Transportation Services,326214339.0000,0.0019,0.0011,0.0039,0.0446,0.0025,0.0010,0.0456,0.0448,0.0508,0.0269,0.0097,0.0478,0.0030
SOR,0.4312,0.4397,0.4103,0.4111,0.4171,0.4178,0.4598,0.4158,0.4115,0.4602,0.4599,0.4633,0.4270,0.4239,0.4670,Finance,Investment Managers,376753407.0000,0.0008,0.0068,0.0075,0.0495,0.0055,0.0012,0.0499,0.0496,0.0530,0.0167,0.0136,0.0567,-0.0209
SPB,0.1814,0.1840,0.2121,0.2135,0.2231,0.2168,0.2764,0.2187,0.2182,0.2780,0.2768,0.2782,0.2291,0.2245,0.2794,Miscellaneous,Industrial Machinery/Components,1817273248.0000,0.0014,0.0110,0.0047,0.0643,0.0066,0.0061,0.0659,0.0647,0.0661,0.0170,0.0124,0.0673,0.0307
SPG,0.3679,0.3700,0.3096,0.3159,0.3033,0.3168,0.3889,0.3230,0.3153,0.3911,0.3914,0.3948,0.3062,0.3069,0.3981,Real Estate,Real Estate Investment Trusts,66288100912.0000,0.0063,-0.0063,0.0072,0.0793,0.0133,0.0056,0.0815,0.0818,0.0851,-0.0034,-0.0028,0.0885,-0.0583
SPGI,0.4453,0.4524,0.5013,0.5031,0.5063,0.5046,0.5130,0.5087,0.5022,0.5133,0.5145,0.5184,0.5052,0.5050,0.5139,Finance,Finance: Consumer Services,123609600000.0000,0.0018,0.0050,0.0033,0.0117,0.0074,0.0009,0.0120,0.0132,0.0171,0.0039,0.0037,0.0126,0.0560
SPHR,0.1699,0.1787,0.1818,0.1888,0.1836,0.1852,0.1819,0.1832,0.1845,0.1813,0.1850,0.1813,0.1886,0.1981,0.1856,Consumer Discretionary,Services-Misc. Amusement & Recreation,4630437302.0000,0.0070,0.0018,0.0034,0.0001,0.0015,0.0027,-0.0004,0.0032,-0.0004,0.0068,0.0164,0.0038,0.0119
SPIR,0.1197,0.1229,0.1233,0.1250,0.1264,0.1326,0.1234,0.1232,0.1272,0.1236,0.1255,0.1240,0.1469,0.1266,0.1248,Consumer Discretionary,Telecommunications Equipment,851031374.0000,0.0017,0.0031,0.0093,0.0001,-0.0001,0.0039,0.0003,0.0022,0.0007,0.0236,0.0033,0.0015,0.0036
SPH,0.1488,0.1585,0.1395,0.1397,0.1380,0.1461,0.1815,0.1432,0.1452,0.1822,0.1864,0.1840,0.1402,0.1530,0.1842,Consumer Discretionary,Other Specialty Stores,1346100627.0000,0.0002,-0.0015,0.0066,0.0420,0.0037,0.0058,0.0427,0.0469,0.0446,0.0007,0.0136,0.0448,-0.0093
SPSC,0.2246,0.2297,0.2805,0.2819,0.2824,0.2844,0.3894,0.2895,0.2816,0.3900,0.3905,0.3920,0.2877,0.2859,0.3904,Technology,Computer Software: Prepackaged Software,1972206351.0000,0.0014,0.0019,0.0039,0.1089,0.0090,0.0011,0.1095,0.1100,0.1115,0.0072,0.0054,0.1099,0.0559
SPT,0.2595,0.2664,0.2743,0.2757,0.2754,0.2796,0.2743,0.2811,0.2767,0.2757,0.2757,0.2760,0.3107,0.2906,0.2762,Technology,Computer Software: Prepackaged Software,409919769.0000,0.0015,0.0011,0.0053,0.0001,0.0068,0.0024,0.0014,0.0015,0.0017,0.0364,0.0163,0.0019,0.0148
SPXC,0.3869,0.3904,0.3667,0.3695,0.3732,0.3718,0.4223,0.3700,0.3712,0.4235,0.4229,0.4233,0.3790,0.3717,0.4240,Industrials,Industrial Machinery/Components,10403473544.0000,0.0028,0.0065,0.0051,0.0556,0.0033,0.0044,0.0568,0.0562,0.0566,0.0122,0.0050,0.0573,-0.0202
SR,0.2613,0.2662,0.2176,0.2264,0.2206,0.2234,0.2521,0.2330,0.2211,0.2544,0.2541,0.2532,0.2289,0.2173,0.2536,Utilities,Oil/Gas Transmission,5142569736.0000,0.0088,0.0030,0.0058,0.0345,0.0155,0.0035,0.0368,0.0365,0.0356,0.0114,-0.0002,0.0360,-0.0437
SRCE,0.3409,0.3466,0.3097,0.3171,0.3090,0.3197,0.2974,0.3317,0.3118,0.2985,0.3011,0.2990,0.3100,0.3108,0.2995,Finance,Major Banks,1779894489.0000,0.0074,-0.0007,0.0101,-0.0123,0.0220,0.0021,-0.0112,-0.0086,-0.0107,0.0003,0.0011,-0.0102,-0.0312
SREA,0.2449,0.2527,0.2580,0.2603,0.2638,0.2593,0.2589,0.2883,0.2613,0.2587,0.2600,0.2608,0.2638,0.2793,0.2628,Utilities,Natural Gas Distribution,13425858279.0000,0.0023,0.0057,0.0013,0.0009,0.0303,0.0032,0.0007,0.0019,0.0028,0.0058,0.0213,0.0048,0.0131
SRE,0.3107,0.3165,0.2569,0.2624,0.2583,0.2618,0.3242,0.2710,0.2583,0.3246,0.3252,0.3269,0.2652,0.2556,0.3256,Utilities,Natural Gas Distribution,60664046813.0000,0.0055,0.0014,0.0049,0.0673,0.0141,0.0014,0.0677,0.0682,0.0700,0.0083,-0.0013,0.0687,-0.0538
SRPT,0.0999,0.1052,0.1302,0.1314,0.1342,0.1310,0.1429,0.1316,0.1337,0.1436,0.1431,0.1477,0.1331,0.1377,0.1446,Health Care,Biotechnology: Pharmaceutical Preparations,1773680530.0000,0.0013,0.0041,0.0008,0.0127,0.0015,0.0035,0.0134,0.0129,0.0175,0.0030,0.0076,0.0145,0.0303
SRRK,0.0597,0.0597,0.0611,0.0612,0.0669,0.0637,0.0548,0.0611,0.0630,0.0550,0.0532,0.0598,0.0682,0.0634,0.0562,Health Care,Biotechnology: Biological Products (No Diagnostic Substances),5767337908.0000,0.0001,0.0058,0.0026,-0.0063,0.0001,0.0019,-0.0061,-0.0079,-0.0013,0.0071,0.0023,-0.0049,0.0014
SRTA,0.1084,0.1198,0.1225,0.1286,0.1197,0.1266,0.1227,0.1198,0.1224,0.1223,0.1237,0.1202,0.1622,0.1348,0.1267,Consumer Discretionary,Transportation Services,530407874.0000,0.0061,-0.0028,0.0040,0.0001,-0.0027,-0.0001,-0.0003,0.0012,-0.0024,0.0397,0.0123,0.0041,0.0141
SSB,0.3191,0.3208,0.3253,0.3369,0.3275,0.3399,0.3361,0.3511,0.3284,0.3371,0.3418,0.3385,0.3294,0.3287,0.3388,Finance,Major Banks,9239396868.0000,0.0116,0.0022,0.0146,0.0108,0.0258,0.0031,0.0118,0.0165,0.0132,0.0040,0.0034,0.0135,0.0062
SSD,0.3584,0.3616,0.3273,0.3303,0.3271,0.3322,0.3953,0.3302,0.3300,0.3955,0.3974,0.3969,0.3319,0.3286,0.3970,Consumer Discretionary,Industrial Machinery/Components,7611001508.0000,0.0030,-0.0002,0.0049,0.0680,0.0029,0.0027,0.0682,0.0701,0.0696,0.0046,0.0013,0.0697,-0.0311
SSNC,0.3591,0.3646,0.4134,0.4150,0.4201,0.4168,0.5418,0.4159,0.4147,0.5422,0.5423,0.5435,0.4189,0.4139,0.5430,Technology,Computer Software: Prepackaged Software,16145513975.0000,0.0016,0.0067,0.0034,0.1284,0.0025,0.0013,0.1287,0.1289,0.1300,0.0055,0.0005,0.1296,0.0543
SSP,0.2357,0.2369,0.2174,0.2249,0.2263,0.2254,0.2719,0.2246,0.2196,0.2731,0.2734,0.2771,0.2287,0.2280,0.2760,Industrials,Broadcasting,313069618.0000,0.0074,0.0088,0.0080,0.0545,0.0072,0.0021,0.0556,0.0560,0.0597,0.0113,0.0106,0.0586,-0.0183
SSSS,0.1088,0.1128,0.1354,0.1384,0.1385,0.1402,0.1588,0.1388,0.1376,0.1599,0.1596,0.1605,0.1397,0.1431,0.1606,Finance,Finance: Consumer Services,364200806.0000,0.0030,0.0031,0.0047,0.0234,0.0034,0.0022,0.0244,0.0242,0.0251,0.0042,0.0077,0.0252,0.0266
SSTK,0.1656,0.1715,0.1916,0.1921,0.1961,0.1942,0.2476,0.1954,0.1949,0.2481,0.2486,0.2480,0.2010,0.1968,0.2486,Technology,EDP Services,595890587.0000,0.0006,0.0046,0.0027,0.0560,0.0038,0.0033,0.0565,0.0570,0.0565,0.0094,0.0052,0.0570,0.0259
SSYS,0.1997,0.2022,0.1850,0.1888,0.1948,0.1898,0.2204,0.1874,0.1865,0.2211,0.2214,0.2233,0.2171,0.2028,0.2227,Technology,Computer peripheral equipment,777276302.0000,0.0038,0.0098,0.0048,0.0354,0.0024,0.0015,0.0361,0.0364,0.0383,0.0322,0.0178,0.0377,-0.0147
STAA,0.1467,0.1483,0.1737,0.1768,0.1807,0.1764,0.2402,0.1766,0.1769,0.2424,0.2409,0.2455,0.1972,0.1839,0.2447,Health Care,Ophthalmic Goods,1616632433.0000,0.0031,0.0070,0.0028,0.0666,0.0030,0.0032,0.0687,0.0672,0.0718,0.0235,0.0102,0.0711,0.0269
STAG,0.2865,0.2934,0.3380,0.3424,0.3405,0.3416,0.4441,0.3505,0.3409,0.4444,0.4452,0.4459,0.3422,0.3407,0.4448,Real Estate,Real Estate Investment Trusts,7294472848.0000,0.0043,0.0025,0.0035,0.1060,0.0124,0.0028,0.1063,0.1072,0.1079,0.0041,0.0027,0.1068,0.0516
STBA,0.3263,0.3301,0.2966,0.3018,0.2954,0.3079,0.3013,0.3185,0.3016,0.3020,0.3052,0.3042,0.2956,0.2964,0.3036,Finance,Major Banks,1613923106.0000,0.0052,-0.0012,0.0113,0.0048,0.0219,0.0050,0.0055,0.0086,0.0076,-0.0009,-0.0002,0.0070,-0.0298
STC,0.2442,0.2475,0.2699,0.2733,0.2730,0.2718,0.3300,0.2743,0.2712,0.3338,0.3314,0.3333,0.2704,0.2719,0.3346,Finance,Specialty Insurers,2059609248.0000,0.0033,0.0030,0.0018,0.0600,0.0044,0.0013,0.0639,0.0615,0.0634,0.0005,0.0020,0.0647,0.0257
STE,0.3457,0.3471,0.3436,0.3460,0.3502,0.3456,0.3706,0.3469,0.3458,0.3710,0.3719,0.3724,0.3492,0.3494,0.3713,Health Care,Industrial Specialties,21240108164.0000,0.0024,0.0066,0.0020,0.0269,0.0033,0.0022,0.0273,0.0283,0.0287,0.0056,0.0058,0.0277,-0.0020
STEP,0.3540,0.3538,0.3577,0.3593,0.3579,0.3635,0.3577,0.3587,0.3595,0.3585,0.3585,0.3586,0.3741,0.3667,0.3599,Finance,Investment Managers,6403748576.0000,0.0016,0.0002,0.0057,0.0000,0.0009,0.0018,0.0008,0.0008,0.0009,0.0163,0.0090,0.0022,0.0037
STEL,0.1766,0.1908,0.1993,0.2017,0.2072,0.2073,0.1891,0.2173,0.2009,0.1904,0.1905,0.1920,0.2040,0.2114,0.1962,Finance,Major Banks,1907998554.0000,0.0024,0.0080,0.0081,-0.0101,0.0181,0.0017,-0.0088,-0.0087,-0.0073,0.0048,0.0121,-0.0031,0.0226
STLD,0.3570,0.3595,0.3214,0.3252,0.3476,0.3268,0.3367,0.3317,0.3238,0.3371,0.3378,0.3470,0.3368,0.3429,0.3400,Industrials,Steel/Iron Ore,34615393823.0000,0.0038,0.0262,0.0054,0.0154,0.0103,0.0025,0.0158,0.0165,0.0256,0.0155,0.0215,0.0187,-0.0357
STOK,0.1601,0.1680,0.1690,0.1702,0.1718,0.1719,0.1691,0.1693,0.1720,0.1697,0.1697,0.1706,0.1776,0.1755,0.1714,Health Care,Biotechnology: Pharmaceutical Preparations,1827343758.0000,0.0013,0.0028,0.0029,0.0001,0.0003,0.0030,0.0007,0.0007,0.0016,0.0086,0.0065,0.0025,0.0089
STRA,0.1294,0.1331,0.1559,0.1594,0.1586,0.1579,0.1685,0.1579,0.1603,0.1687,0.1691,0.1712,0.1548,0.1552,0.1700,Real Estate,Other Consumer Services,1775113357.0000,0.0034,0.0027,0.0020,0.0125,0.0020,0.0044,0.0127,0.0132,0.0153,-0.0011,-0.0008,0.0141,0.0266
STRO,0.1741,0.1777,0.1816,0.1831,0.1848,0.1839,0.1727,0.1827,0.1850,0.1725,0.1791,0.1761,0.1899,0.1964,0.1768,Health Care,Biotechnology: Biological Products (No Diagnostic Substances),423706125.0000,0.0015,0.0032,0.0023,-0.0089,0.0011,0.0034,-0.0091,-0.0025,-0.0055,0.0083,0.0148,-0.0048,0.0075
STRL,0.2012,0.2050,0.1998,0.2026,0.2025,0.2050,0.2698,0.2034,0.2031,0.2706,0.2719,0.2740,0.2048,0.2066,0.2725,Industrials,Military/Government/Technical,22490963125.0000,0.0029,0.0028,0.0053,0.0700,0.0036,0.0034,0.0708,0.0721,0.0742,0.0051,0.0069,0.0727,-0.0015
STRT,0.0504,0.0586,0.0763,0.0759,0.0845,0.0763,0.0624,0.0805,0.0772,0.0630,0.0649,0.0708,0.0839,0.0849,0.0755,Consumer Discretionary,Auto Parts:O.E.M.,302712200.0000,-0.0004,0.0082,0.0000,-0.0138,0.0043,0.0009,-0.0132,-0.0114,-0.0055,0.0076,0.0086,-0.0008,0.0259
STTK,0.0687,0.0738,0.0782,0.0815,0.0789,0.0803,0.0782,0.0795,0.0818,0.0780,0.0818,0.0806,0.0880,0.0956,0.0781,Health Care,Biotechnology: Pharmaceutical Preparations,467751154.0000,0.0033,0.0007,0.0021,0.0001,0.0013,0.0036,-0.0002,0.0036,0.0025,0.0099,0.0174,-0.0001,0.0095
STT,0.4644,0.4665,0.4586,0.4649,0.4624,0.4716,0.4699,0.4780,0.4598,0.4712,0.4754,0.4714,0.4681,0.4625,0.4738,Finance,Major Banks,42608284730.0000,0.0063,0.0038,0.0130,0.0113,0.0194,0.0011,0.0126,0.0167,0.0127,0.0094,0.0039,0.0151,-0.0058
STWD,0.2837,0.2900,0.2971,0.3035,0.2988,0.3103,0.4062,0.3051,0.3023,0.4093,0.4135,0.4075,0.3024,0.3038,0.4139,Real Estate,Real Estate Investment Trusts,6410242775.0000,0.0064,0.0017,0.0132,0.1091,0.0081,0.0052,0.1123,0.1165,0.1105,0.0053,0.0067,0.1168,0.0134
STZ,0.2763,0.2811,0.2785,0.2814,0.2811,0.2808,0.3155,0.2814,0.2822,0.3162,0.3209,0.3176,0.2831,0.2794,0.3194,Consumer Staples,Beverages (Production/Distribution),25743670817.0000,0.0030,0.0026,0.0024,0.0370,0.0029,0.0037,0.0377,0.0424,0.0391,0.0046,0.0009,0.0410,0.0021
SUI,0.2965,0.2995,0.2531,0.2599,0.2533,0.2584,0.3285,0.2727,0.2559,0.3292,0.3304,0.3308,0.2538,0.2517,0.3300,Real Estate,Real Estate Investment Trusts,15742729207.0000,0.0068,0.0002,0.0053,0.0754,0.0196,0.0028,0.0761,0.0773,0.0777,0.0007,-0.0014,0.0769,-0.0434
SUN,0.1482,0.1547,0.2166,0.2198,0.2201,0.2200,0.2794,0.2196,0.2194,0.2797,0.2807,0.2815,0.2208,0.2290,0.2823,Energy,Integrated oil Companies,14401086287.0000,0.0032,0.0036,0.0034,0.0628,0.0031,0.0028,0.0631,0.0641,0.0650,0.0043,0.0124,0.0658,0.0683
SUPN,0.1008,0.1116,0.1297,0.1313,0.1325,0.1308,0.1521,0.1300,0.1311,0.1524,0.1528,0.1523,0.1319,0.1339,0.1535,Health Care,Biotechnology: Pharmaceutical Preparations,2798094949.0000,0.0016,0.0028,0.0011,0.0223,0.0003,0.0014,0.0227,0.0231,0.0226,0.0022,0.0042,0.0238,0.0289
SVC,0.3546,0.3572,0.3123,0.3198,0.3117,0.3176,0.3122,0.3195,0.3160,0.3130,0.3150,0.3147,0.3137,0.3136,0.3214,Real Estate,Real Estate Investment Trusts,1106723903.0000,0.0076,-0.0005,0.0053,-0.0001,0.0072,0.0037,0.0007,0.0027,0.0024,0.0014,0.0014,0.0091,-0.0424
SVRA,0.0468,0.0493,0.0524,0.0529,0.0538,0.0534,0.0601,0.0530,0.0542,0.0603,0.0602,0.0602,0.0584,0.0553,0.0599,Health Care,Biotechnology: Pharmaceutical Preparations,1028734604.0000,0.0005,0.0014,0.0010,0.0077,0.0007,0.0018,0.0080,0.0078,0.0079,0.0060,0.0029,0.0075,0.0055
SWBI,0.1002,0.1065,0.0770,0.0807,0.0783,0.0781,0.1038,0.0791,0.0786,0.1046,0.1045,0.1108,0.0776,0.0800,0.1039,Industrials,Ordnance And Accessories,688318235.0000,0.0037,0.0013,0.0011,0.0268,0.0021,0.0016,0.0276,0.0275,0.0338,0.0006,0.0030,0.0269,-0.0232
SWK,0.4539,0.4534,0.4346,0.4393,0.4385,0.4408,0.4156,0.4375,0.4373,0.4176,0.4162,0.4177,0.4485,0.4369,0.4182,Consumer Discretionary,Industrial Machinery/Components,11886132423.0000,0.0046,0.0038,0.0062,-0.0191,0.0029,0.0026,-0.0171,-0.0185,-0.0170,0.0139,0.0023,-0.0164,-0.0192
SWKS,0.3530,0.3567,0.4273,0.4305,0.4367,0.4325,0.5201,0.4290,0.4292,0.5212,0.5205,0.5234,0.4573,0.4397,0.5220,Technology,Semiconductors,12396459470.0000,0.0033,0.0095,0.0053,0.0929,0.0017,0.0019,0.0939,0.0933,0.0961,0.0301,0.0125,0.0948,0.0742
SWX,0.3074,0.3124,0.1873,0.1911,0.1846,0.1902,0.2068,0.1962,0.1900,0.2087,0.2078,0.2099,0.1902,0.1840,0.2095,Utilities,Oil & Gas Production,6507224831.0000,0.0038,-0.0027,0.0029,0.0195,0.0089,0.0027,0.0214,0.0205,0.0226,0.0029,-0.0033,0.0222,-0.1201
SXC,0.1864,0.1876,0.2344,0.2402,0.2680,0.2376,0.2658,0.2417,0.2378,0.2677,0.2671,0.2760,0.2572,0.2626,0.2747,Industrials,Steel/Iron Ore,712766863.0000,0.0059,0.0336,0.0032,0.0314,0.0073,0.0035,0.0334,0.0328,0.0417,0.0229,0.0283,0.0404,0.0479
SXI,0.2961,0.2999,0.2926,0.2945,0.2959,0.2958,0.3750,0.3000,0.2958,0.3754,0.3779,0.3768,0.2980,0.2962,0.3773,Industrials,Industrial Machinery/Components,3099239346.0000,0.0019,0.0033,0.0032,0.0824,0.0074,0.0031,0.0827,0.0853,0.0842,0.0054,0.0035,0.0846,-0.0034
SXT,0.4247,0.4256,0.3791,0.3811,0.3821,0.3844,0.4351,0.3814,0.3816,0.4354,0.4370,0.4374,0.3877,0.3823,0.4376,Industrials,Major Chemicals,4871591782.0000,0.0020,0.0030,0.0053,0.0560,0.0024,0.0025,0.0563,0.0579,0.0583,0.0087,0.0032,0.0585,-0.0456
SYBT,0.3387,0.3453,0.2966,0.3021,0.2935,0.3092,0.2737,0.3184,0.2997,0.2745,0.2773,0.2741,0.2930,0.2981,0.2759,Finance,Major Banks,2102071689.0000,0.0055,-0.0031,0.0126,-0.0228,0.0218,0.0031,-0.0221,-0.0193,-0.0225,-0.0036,0.0015,-0.0207,-0.0421
SYF,0.3437,0.3486,0.3677,0.3733,0.3723,0.3813,0.4421,0.3773,0.3707,0.4454,0.4446,0.4441,0.3722,0.3726,0.4499,Finance,Finance: Consumer Services,24161474483.0000,0.0056,0.0046,0.0136,0.0744,0.0096,0.0030,0.0777,0.0769,0.0764,0.0045,0.0049,0.0822,0.0240
SYK,0.4268,0.4307,0.4432,0.4470,0.4473,0.4459,0.4883,0.4460,0.4457,0.4890,0.4890,0.4899,0.4468,0.4486,0.4897,Health Care,Medical/Dental Instruments,121326013958.0000,0.0037,0.0041,0.0026,0.0450,0.0027,0.0024,0.0457,0.0458,0.0466,0.0035,0.0053,0.0464,0.0165
SYNA,0.2345,0.2398,0.2844,0.2865,0.2918,0.2875,0.4407,0.2864,0.2873,0.4422,0.4419,0.4436,0.3091,0.2940,0.4422,Technology,Semiconductors,5551848958.0000,0.0021,0.0074,0.0031,0.1563,0.0021,0.0029,0.1578,0.1576,0.1592,0.0247,0.0096,0.1578,0.0499
SYRE,0.0883,0.0892,0.1021,0.1045,0.1074,0.1051,0.1154,0.1035,0.1065,0.1156,0.1155,0.1181,0.1074,0.1063,0.1170,Health Care,Biotechnology: Pharmaceutical Preparations,6430594785.0000,0.0024,0.0052,0.0030,0.0132,0.0014,0.0044,0.0135,0.0134,0.0160,0.0053,0.0041,0.0149,0.0138
TALK,0.0623,0.0634,0.0627,0.0669,0.0649,0.0647,0.0632,0.0689,0.0673,0.0660,0.0696,0.0637,0.0777,0.0800,0.0686,Health Care,Medical/Nursing Services,871065343.0000,0.0042,0.0022,0.0020,0.0005,0.0062,0.0046,0.0033,0.0069,0.0010,0.0150,0.0172,0.0059,0.0004
SYY,0.3020,0.3095,0.2901,0.2965,0.2922,0.2948,0.3738,0.2980,0.2946,0.3758,0.3774,0.3777,0.2871,0.2913,0.3770,Consumer Discretionary,Food Distributors,36480551164.0000,0.0064,0.0021,0.0047,0.0837,0.0079,0.0045,0.0857,0.0873,0.0875,-0.0030,0.0012,0.0869,-0.0119
T,0.3094,0.3119,0.2586,0.2615,0.2549,0.2622,0.2444,0.2635,0.2611,0.2456,0.2451,0.2484,0.2611,0.2596,0.2460,Telecommunications,Telecommunications Equipment,175515038972.0000,0.0028,-0.0037,0.0036,-0.0142,0.0049,0.0025,-0.0130,-0.0135,-0.0102,0.0024,0.0010,-0.0126,-0.0507
TALO,0.1830,0.1871,0.3386,0.3442,0.3386,0.3401,0.3312,0.3461,0.3525,0.3316,0.3322,0.3349,0.3460,0.3653,0.3335,Energy,Oil & Gas Production,2677490121.0000,0.0056,-0.0001,0.0015,-0.0074,0.0074,0.0139,-0.0070,-0.0064,-0.0037,0.0074,0.0267,-0.0051,0.1556
TARA,0.0423,0.0443,0.0493,0.0504,0.0493,0.0519,0.0742,0.0512,0.0522,0.0745,0.0738,0.0741,0.0593,0.0592,0.0817,Health Care,Biotechnology: Biological Products (No Diagnostic Substances),276524846.0000,0.0011,-0.0001,0.0026,0.0248,0.0019,0.0029,0.0252,0.0244,0.0247,0.0099,0.0099,0.0324,0.0070
TARS,0.0913,0.0974,0.1011,0.1000,0.1036,0.1013,0.1011,0.0999,0.1053,0.1009,0.1036,0.1003,0.1009,0.1232,0.1005,Health Care,Biotechnology: Biological Products (No Diagnostic Substances),2678671687.0000,-0.0011,0.0025,0.0002,0.0000,-0.0012,0.0043,-0.0002,0.0025,-0.0008,-0.0001,0.0221,-0.0006,0.0098
TBB,0.1979,0.2191,0.2269,0.2303,0.2292,0.2317,0.2629,0.2507,0.2313,0.2637,0.2650,0.2714,0.2317,0.2331,0.2672,Telecommunications,Telecommunications Equipment,150015087370.0000,0.0033,0.0022,0.0047,0.0360,0.0238,0.0043,0.0367,0.0381,0.0444,0.0047,0.0062,0.0403,0.0291
TBBK,0.2180,0.2243,0.2430,0.2478,0.2491,0.2549,0.3407,0.2554,0.2446,0.3429,0.3456,0.3436,0.2478,0.2451,0.3429,Finance,Major Banks,2303217165.0000,0.0048,0.0061,0.0119,0.0978,0.0124,0.0016,0.1000,0.1027,0.1006,0.0049,0.0022,0.1000,0.0250
TBRG,0.1445,0.1465,0.1386,0.1405,0.1388,0.1418,0.1728,0.1435,0.1431,0.1725,0.1733,0.1730,0.1402,0.1421,0.1732,Technology,EDP Services,389077588.0000,0.0019,0.0002,0.0032,0.0342,0.0049,0.0045,0.0339,0.0347,0.0344,0.0016,0.0035,0.0346,-0.0058
TCBI,0.3327,0.3380,0.3256,0.3383,0.3283,0.3447,0.3219,0.3534,0.3266,0.3228,0.3243,0.3234,0.3311,0.3300,0.3240,Finance,Major Banks,4340454627.0000,0.0127,0.0027,0.0191,-0.0037,0.0278,0.0010,-0.0028,-0.0013,-0.0022,0.0055,0.0044,-0.0016,-0.0071
TCBK,0.3187,0.3263,0.2993,0.3080,0.3026,0.3107,0.3043,0.3245,0.3014,0.3060,0.3096,0.3058,0.2998,0.3019,0.3064,Finance,Major Banks,1617228701.0000,0.0087,0.0033,0.0114,0.0051,0.0253,0.0022,0.0068,0.0104,0.0066,0.0005,0.0026,0.0071,-0.0195
TCI,0.0327,0.0416,0.0665,0.0708,0.0697,0.0718,0.0837,0.0715,0.0685,0.0841,0.0860,0.0872,0.0723,0.0740,0.0904,Real Estate,Real Estate Investment Trusts,311015376.0000,0.0042,0.0032,0.0053,0.0172,0.0050,0.0020,0.0175,0.0195,0.0207,0.0057,0.0075,0.0239,0.0338
TCMD,0.1376,0.1396,0.1516,0.1530,0.1528,0.1599,0.1766,0.1549,0.1565,0.1768,0.1777,0.1838,0.1600,0.1560,0.1804,Health Care,Medical/Dental Instruments,561650874.0000,0.0014,0.0012,0.0083,0.0250,0.0033,0.0049,0.0252,0.0261,0.0323,0.0084,0.0044,0.0288,0.0140
TCPC,0.1576,0.1735,0.2134,0.2153,0.2199,0.2127,0.2577,0.2208,0.2182,0.2543,0.2556,0.2542,0.2168,0.2216,0.2636,Finance,Finance/Investors Services,312957351.0000,0.0019,0.0065,-0.0006,0.0444,0.0075,0.0049,0.0410,0.0423,0.0409,0.0034,0.0082,0.0503,0.0558
TDAY,0.1250,0.1314,0.1382,0.1416,0.1437,0.1453,0.1551,0.1409,0.1398,0.1562,0.1559,0.1583,0.1498,0.1465,0.1659,Consumer Discretionary,Newspapers/Magazines,1109067959.0000,0.0033,0.0054,0.0071,0.0169,0.0027,0.0016,0.0180,0.0176,0.0200,0.0115,0.0083,0.0277,0.0132
TDC,0.2590,0.2607,0.2207,0.2226,0.2222,0.2233,0.2295,0.2235,0.2237,0.2297,0.2306,0.2369,0.2241,0.2264,0.2311,Technology,Computer Software: Prepackaged Software,3146704000.0000,0.0019,0.0014,0.0026,0.0087,0.0028,0.0030,0.0090,0.0099,0.0162,0.0034,0.0057,0.0103,-0.0383
TDG,0.3306,0.3412,0.3765,0.3805,0.3818,0.3830,0.4667,0.3819,0.3806,0.4680,0.4680,0.4698,0.3875,0.3856,0.4727,Industrials,Military/Government/Technical,67875962306.0000,0.0040,0.0053,0.0065,0.0902,0.0054,0.0041,0.0915,0.0915,0.0933,0.0110,0.0091,0.0962,0.0459
TDOC,0.1482,0.1580,0.1786,0.1877,0.1801,0.1848,0.1704,0.1847,0.1840,0.1711,0.1773,0.1727,0.2017,0.1851,0.1740,Health Care,Medical/Nursing Services,1185970982.0000,0.0091,0.0016,0.0062,-0.0082,0.0061,0.0054,-0.0075,-0.0013,-0.0058,0.0231,0.0065,-0.0046,0.0304
TDS,0.2579,0.2586,0.1815,0.1827,0.1817,0.1845,0.1704,0.1858,0.1848,0.1729,0.1722,0.1717,0.1935,0.1904,0.1706,Telecommunications,Telecommunications Equipment,4472340000.0000,0.0012,0.0002,0.0030,-0.0112,0.0043,0.0033,-0.0087,-0.0093,-0.0098,0.0120,0.0088,-0.0109,-0.0764
TDW,0.2500,0.2550,0.2435,0.2512,0.2466,0.2507,0.2561,0.2501,0.2472,0.2567,0.2573,0.2637,0.2526,0.2616,0.2612,Consumer Discretionary,Marine Transportation,3943143397.0000,0.0076,0.0030,0.0072,0.0126,0.0065,0.0036,0.0132,0.0138,0.0201,0.0091,0.0180,0.0177,-0.0065
TDY,0.4557,0.4605,0.4268,0.4293,0.4361,0.4287,0.4449,0.4318,0.4284,0.4453,0.4467,0.4492,0.4386,0.4377,0.4461,Industrials,Industrial Machinery/Components,28744913672.0000,0.0025,0.0093,0.0018,0.0181,0.0050,0.0016,0.0185,0.0199,0.0223,0.0118,0.0109,0.0193,-0.0289
TECH,0.2927,0.2991,0.3131,0.3147,0.3251,0.3156,0.3548,0.3147,0.3145,0.3560,0.3564,0.3581,0.3313,0.3236,0.3558,Health Care,Biotechnology: Biological Products (No Diagnostic Substances),7548179486.0000,0.0016,0.0120,0.0024,0.0417,0.0016,0.0013,0.0429,0.0433,0.0450,0.0181,0.0105,0.0427,0.0204
TECX,0.1071,0.1107,0.1120,0.1131,0.1137,0.1121,0.1164,0.1120,0.1147,0.1169,0.1154,0.1199,0.1114,0.1100,0.1178,Health Care,Biotechnology: Biological Products (No Diagnostic Substances),549470696.0000,0.0011,0.0017,0.0000,0.0044,0.0000,0.0027,0.0049,0.0034,0.0079,-0.0006,-0.0021,0.0057,0.0049
TENB,0.2723,0.2728,0.2746,0.2778,0.2755,0.2762,0.2716,0.2836,0.2760,0.2727,0.2720,0.2720,0.2913,0.2795,0.2730,Technology,Computer Software: Prepackaged Software,2806421713.0000,0.0032,0.0009,0.0017,-0.0030,0.0090,0.0015,-0.0018,-0.0025,-0.0026,0.0167,0.0049,-0.0016,0.0023
TENX,0.0211,0.0248,0.0385,0.0389,0.0408,0.0393,0.0455,0.0399,0.0404,0.0483,0.0500,0.0516,0.0428,0.0450,0.0461,Health Care,Biotechnology: Pharmaceutical Preparations,321750179.0000,0.0005,0.0023,0.0009,0.0071,0.0014,0.0019,0.0098,0.0115,0.0131,0.0044,0.0065,0.0076,0.0173
TER,0.4165,0.4220,0.4098,0.4113,0.4162,0.4138,0.4907,0.4129,0.4115,0.4927,0.4915,0.4912,0.4426,0.4150,0.4949,Industrials,Electrical Products,56110972547.0000,0.0016,0.0065,0.0040,0.0809,0.0031,0.0017,0.0829,0.0817,0.0814,0.0328,0.0052,0.0852,-0.0067
TEX,0.3774,0.3790,0.3297,0.3369,0.3344,0.3427,0.3837,0.3412,0.3309,0.3852,0.3851,0.3868,0.3436,0.3319,0.3925,Industrials,Construction/Ag Equipment/Trucks,6596192000.0000,0.0072,0.0047,0.0130,0.0540,0.0115,0.0012,0.0556,0.0554,0.0571,0.0139,0.0022,0.0628,-0.0477
TFC,0.4543,0.4575,0.4395,0.4544,0.4402,0.4558,0.4399,0.4739,0.4411,0.4407,0.4438,0.4431,0.4439,0.4406,0.4435,Finance,Major Banks,60275639325.0000,0.0149,0.0007,0.0163,0.0003,0.0344,0.0015,0.0012,0.0043,0.0036,0.0043,0.0011,0.0040,-0.0147
TFIN,0.2452,0.2460,0.2653,0.2714,0.2695,0.2762,0.3406,0.2802,0.2685,0.3417,0.3421,0.3422,0.2691,0.2719,0.3445,Finance,Major Banks,1589543513.0000,0.0061,0.0042,0.0109,0.0753,0.0149,0.0033,0.0765,0.0769,0.0769,0.0038,0.0066,0.0793,0.0200
TFSL,0.2714,0.2770,0.2815,0.2864,0.2916,0.2881,0.3149,0.2965,0.2849,0.3165,0.3161,0.3179,0.2882,0.2884,0.3182,Finance,Savings Institutions,4478501292.0000,0.0049,0.0101,0.0066,0.0334,0.0151,0.0034,0.0350,0.0346,0.0364,0.0067,0.0069,0.0367,0.0101
TFX,0.3370,0.3418,0.3242,0.3280,0.3257,0.3256,0.3448,0.3275,0.3278,0.3453,0.3466,0.3463,0.3260,0.3265,0.3450,Health Care,Medical/Dental Instruments,5876870510.0000,0.0038,0.0015,0.0014,0.0206,0.0033,0.0036,0.0211,0.0223,0.0221,0.0018,0.0023,0.0208,-0.0128
TGT,0.2559,0.2590,0.2402,0.2421,0.2350,0.2412,0.2857,0.2420,0.2445,0.2867,0.2870,0.2883,0.2392,0.2455,0.2881,Consumer Discretionary,Department/Specialty Retail Stores,57044536623.0000,0.0019,-0.0052,0.0010,0.0455,0.0018,0.0043,0.0466,0.0468,0.0481,-0.0010,0.0054,0.0479,-0.0157
TH,0.1028,0.1103,0.1135,0.1177,0.1162,0.1187,0.1162,0.1205,0.1182,0.1185,0.1180,0.1199,0.1251,0.1391,0.1224,Consumer Discretionary,Hotels/Resorts,1792932754.0000,0.0042,0.0027,0.0052,0.0026,0.0069,0.0046,0.0049,0.0045,0.0064,0.0116,0.0255,0.0089,0.0108
TG,0.2940,0.2943,0.2175,0.2222,0.2232,0.2218,0.2372,0.2224,0.2218,0.2371,0.2380,0.2393,0.2279,0.2300,0.2392,Industrials,Metal Fabrications,273831525.0000,0.0047,0.0057,0.0044,0.0197,0.0049,0.0043,0.0197,0.0205,0.0218,0.0104,0.0125,0.0217,-0.0765
TGTX,0.1065,0.1093,0.1637,0.1650,0.1664,0.1653,0.2094,0.1652,0.1650,0.2098,0.2127,0.2128,0.1710,0.1706,0.2090,Health Care,Biotechnology: Pharmaceutical Preparations,5950358755.0000,0.0013,0.0027,0.0016,0.0457,0.0015,0.0013,0.0461,0.0490,0.0491,0.0073,0.0069,0.0453,0.0572
THC,0.1903,0.1925,0.2106,0.2142,0.2171,0.2172,0.2680,0.2167,0.2136,0.2692,0.2699,0.2736,0.2175,0.2175,0.2726,Health Care,Hospital/Nursing Management,14968887860.0000,0.0037,0.0065,0.0066,0.0575,0.0061,0.0030,0.0587,0.0593,0.0630,0.0069,0.0069,0.0620,0.0203
THFF,0.3215,0.3294,0.2623,0.2672,0.2614,0.2726,0.2617,0.2778,0.2650,0.2629,0.2653,0.2624,0.2633,0.2672,0.2635,Finance,Major Banks,815546228.0000,0.0049,-0.0009,0.0103,-0.0006,0.0155,0.0028,0.0006,0.0030,0.0001,0.0010,0.0049,0.0012,-0.0592
THR,0.2141,0.2210,0.2613,0.2659,0.2665,0.2697,0.3090,0.2702,0.2644,0.3099,0.3108,0.3127,0.2719,0.2668,0.3117,Energy,Industrial Machinery/Components,2158466524.0000,0.0047,0.0052,0.0084,0.0477,0.0089,0.0032,0.0487,0.0495,0.0514,0.0107,0.0055,0.0504,0.0472
THG,0.3456,0.3481,0.3128,0.3191,0.3122,0.3157,0.3441,0.3237,0.3163,0.3447,0.3468,0.3461,0.3145,0.3129,0.3466,Finance,Property-Casualty Insurers,6826971747.0000,0.0063,-0.0006,0.0028,0.0313,0.0109,0.0035,0.0318,0.0340,0.0333,0.0016,0.0000,0.0337,-0.0327
THO,0.2834,0.2861,0.2793,0.2820,0.2837,0.2853,0.2926,0.2835,0.2807,0.2935,0.2934,0.2977,0.2926,0.2855,0.2940,Industrials,Homebuilding,4050412800.0000,0.0027,0.0044,0.0060,0.0133,0.0042,0.0014,0.0142,0.0141,0.0184,0.0132,0.0062,0.0147,-0.0041
THRM,0.2753,0.2806,0.3063,0.3075,0.3146,0.3139,0.3565,0.3110,0.3111,0.3594,0.3574,0.3593,0.3248,0.3188,0.3690,Consumer Discretionary,Auto Parts:O.E.M.,1004047075.0000,0.0012,0.0083,0.0076,0.0502,0.0046,0.0047,0.0531,0.0511,0.0529,0.0184,0.0125,0.0626,0.0310
TILE,0.2926,0.2943,0.2474,0.2506,0.2505,0.2544,0.3163,0.2569,0.2497,0.3170,0.3180,0.3206,0.2559,0.2576,0.3214,Consumer Discretionary,Home Furnishings,1672598892.0000,0.0032,0.0031,0.0070,0.0688,0.0094,0.0023,0.0695,0.0705,0.0732,0.0085,0.0102,0.0739,-0.0452
TIPT,0.1046,0.1158,0.1594,0.1614,0.1602,0.1619,0.1925,0.1597,0.1606,0.1939,0.1934,0.1945,0.1580,0.1641,0.1938,Finance,Property-Casualty Insurers,655973510.0000,0.0020,0.0008,0.0025,0.0331,0.0003,0.0012,0.0345,0.0339,0.0351,-0.0014,0.0047,0.0344,0.0548
TITN,0.2036,0.2054,0.1809,0.1837,0.1871,0.1831,0.2440,0.1880,0.1828,0.2460,0.2447,0.2551,0.1859,0.1905,0.2458,Consumer Discretionary,Other Specialty Stores,435415240.0000,0.0028,0.0062,0.0023,0.0632,0.0071,0.0019,0.0651,0.0638,0.0743,0.0050,0.0096,0.0649,-0.0227
TJX,0.3258,0.3281,0.3425,0.3473,0.3419,0.3481,0.3939,0.3476,0.3448,0.3949,0.3959,0.3982,0.3417,0.3440,0.3948,Consumer Discretionary,Clothing/Shoe/Accessory Stores,175017223405.0000,0.0048,-0.0005,0.0057,0.0514,0.0051,0.0024,0.0525,0.0534,0.0557,-0.0007,0.0015,0.0523,0.0167
TKO,0.1813,0.1875,0.1497,0.1507,0.1525,0.1518,0.1678,0.1499,0.1511,0.1672,0.1688,0.1692,0.1535,0.1569,0.1699,Consumer Discretionary,Services-Misc. Amusement & Recreation,36600684152.0000,0.0010,0.0028,0.0021,0.0181,0.0002,0.0014,0.0175,0.0191,0.0196,0.0039,0.0072,0.0202,-0.0316
TKR,0.4164,0.4166,0.4079,0.4116,0.4237,0.4186,0.4273,0.4197,0.4105,0.4284,0.4287,0.4289,0.4390,0.4298,0.4326,Industrials,Metal Fabrications,8335866475.0000,0.0036,0.0158,0.0107,0.0194,0.0118,0.0026,0.0205,0.0208,0.0210,0.0311,0.0218,0.0247,-0.0085
TLRY,0.1245,0.1260,0.1256,0.1212,0.1265,0.1209,0.1324,0.1291,0.1282,0.1319,0.1316,0.1329,0.1494,0.1398,0.1371,Health Care, Medicinal Chemicals and Botanical Products ,616404554.0000,-0.0044,0.0008,-0.0047,0.0068,0.0035,0.0026,0.0063,0.0060,0.0073,0.0238,0.0142,0.0114,0.0011
TLS,0.1017,0.0994,0.1002,0.1018,0.0997,0.1047,0.1003,0.1009,0.1049,0.1006,0.1023,0.1003,0.1186,0.1131,0.1014,Technology,EDP Services,347160972.0000,0.0017,-0.0005,0.0045,0.0001,0.0007,0.0047,0.0004,0.0021,0.0001,0.0184,0.0129,0.0012,-0.0015
TMDX,0.1927,0.1938,0.1947,0.1983,0.1979,0.1962,0.1938,0.1977,0.1951,0.1957,0.1961,0.2014,0.2084,0.2054,0.1954,Health Care,Biotechnology: Electromedical & Electrotherapeutic Apparatus,2382456400.0000,0.0036,0.0033,0.0015,-0.0009,0.0030,0.0004,0.0010,0.0014,0.0067,0.0137,0.0107,0.0007,0.0019
TME,0.1100,0.1148,0.1175,0.1203,0.1268,0.1217,0.1116,0.1193,0.1182,0.1159,0.1122,0.1115,0.1663,0.1237,0.1254,Consumer Discretionary,Broadcasting,13866098645.0000,0.0028,0.0093,0.0042,-0.0059,0.0018,0.0007,-0.0016,-0.0053,-0.0060,0.0487,0.0062,0.0078,0.0075
TMHC,0.2766,0.2901,0.3126,0.3162,0.3162,0.3179,0.4127,0.3171,0.3189,0.4143,0.4135,0.4172,0.3225,0.3170,0.4163,Consumer Discretionary,Homebuilding,5417869655.0000,0.0036,0.0036,0.0053,0.1001,0.0045,0.0063,0.1017,0.1009,0.1046,0.0099,0.0044,0.1037,0.0360
TMO,0.4150,0.4196,0.4194,0.4236,0.4237,0.4208,0.3621,0.4222,0.4201,0.3629,0.3628,0.3654,0.4251,0.4231,0.3630,Industrials,Industrial Machinery/Components,166590470330.0000,0.0042,0.0043,0.0014,-0.0573,0.0028,0.0007,-0.0565,-0.0566,-0.0540,0.0057,0.0037,-0.0564,0.0044
TMP,0.3105,0.3159,0.2938,0.3010,0.2939,0.3030,0.3221,0.3149,0.2971,0.3226,0.3254,0.3240,0.2943,0.2958,0.3225,Finance,Major Banks,1234056338.0000,0.0071,0.0001,0.0091,0.0283,0.0211,0.0033,0.0287,0.0316,0.0302,0.0005,0.0019,0.0287,-0.0167
TMUS,0.2218,0.2333,0.2713,0.2726,0.2760,0.2718,0.3179,0.2723,0.2739,0.3184,0.3217,0.3205,0.2801,0.2767,0.3196,Telecommunications,Telecommunications Equipment,207209737164.0000,0.0013,0.0047,0.0006,0.0466,0.0011,0.0027,0.0472,0.0504,0.0493,0.0089,0.0054,0.0483,0.0495
TNDM,0.1202,0.1273,0.1440,0.1460,0.1471,0.1474,0.2031,0.1507,0.1458,0.2028,0.2025,0.2035,0.1461,0.1537,0.2051,Health Care,Medical/Dental Instruments,1025537817.0000,0.0020,0.0032,0.0034,0.0592,0.0067,0.0018,0.0588,0.0585,0.0595,0.0021,0.0098,0.0611,0.0237
TNC,0.3233,0.3292,0.3090,0.3112,0.3134,0.3158,0.3719,0.3168,0.3133,0.3720,0.3732,0.3729,0.3175,0.3150,0.3738,Industrials,Industrial Machinery/Components,1429052795.0000,0.0022,0.0044,0.0068,0.0629,0.0077,0.0043,0.0629,0.0641,0.0639,0.0085,0.0060,0.0648,-0.0143
TNGX,0.0903,0.0971,0.0992,0.0980,0.1005,0.1076,0.0994,0.1024,0.1031,0.0994,0.0977,0.0979,0.0987,0.1097,0.1030,Health Care,Biotechnology: Pharmaceutical Preparations,2927675156.0000,-0.0012,0.0013,0.0085,0.0002,0.0032,0.0039,0.0002,-0.0015,-0.0013,-0.0004,0.0105,0.0038,0.0089
TNET,0.2269,0.2293,0.2450,0.2480,0.2487,0.2469,0.3279,0.2512,0.2485,0.3286,0.3305,0.3306,0.2482,0.2485,0.3329,Consumer Discretionary,Business Services,1965511828.0000,0.0030,0.0037,0.0019,0.0829,0.0062,0.0034,0.0835,0.0855,0.0855,0.0032,0.0034,0.0879,0.0182
TNL,0.4084,0.4183,0.3820,0.3870,0.3851,0.3907,0.4023,0.3895,0.3855,0.4050,0.4053,0.4032,0.3928,0.3863,0.4156,Consumer Discretionary,Hotels/Resorts,4064895634.0000,0.0050,0.0031,0.0087,0.0204,0.0075,0.0036,0.0231,0.0233,0.0212,0.0108,0.0043,0.0336,-0.0264
TOI,0.0285,0.0342,0.0358,0.0383,0.0372,0.0366,0.0354,0.0351,0.0388,0.0352,0.0351,0.0353,0.0390,0.0360,0.0369,Health Care,Medical/Nursing Services,458921662.0000,0.0026,0.0015,0.0008,-0.0003,-0.0007,0.0030,-0.0006,-0.0006,-0.0005,0.0032,0.0003,0.0011,0.0073
TPB,0.0916,0.0950,0.1016,0.1082,0.1074,0.1039,0.1192,0.1032,0.1080,0.1206,0.1193,0.1254,0.1033,0.1064,0.1202,Consumer Discretionary,Tobacco,1742884385.0000,0.0066,0.0058,0.0023,0.0176,0.0016,0.0064,0.0190,0.0177,0.0238,0.0017,0.0048,0.0186,0.0100
TOL,0.3201,0.3249,0.3118,0.3143,0.3103,0.3152,0.3986,0.3174,0.3157,0.3996,0.4003,0.4027,0.3150,0.3095,0.4009,Consumer Discretionary,Homebuilding,12721991310.0000,0.0025,-0.0015,0.0035,0.0868,0.0056,0.0039,0.0878,0.0885,0.0909,0.0032,-0.0023,0.0892,-0.0084
TOWN,0.3054,0.3097,0.3099,0.3153,0.3241,0.3229,0.3469,0.3304,0.3119,0.3473,0.3496,0.3495,0.3218,0.3251,0.3493,Finance,Major Banks,2583998138.0000,0.0053,0.0141,0.0129,0.0369,0.0204,0.0020,0.0373,0.0397,0.0396,0.0119,0.0151,0.0393,0.0045
TPC,0.2533,0.2607,0.1838,0.1872,0.1859,0.1921,0.1728,0.1955,0.1856,0.1737,0.1741,0.1751,0.1882,0.1914,0.1735,Consumer Discretionary,General Bldg Contractors - Nonresidential Bldgs,3828245790.0000,0.0034,0.0021,0.0082,-0.0110,0.0117,0.0018,-0.0102,-0.0097,-0.0087,0.0044,0.0075,-0.0103,-0.0694
TPL,0.1294,0.1371,0.2470,0.2487,0.2576,0.2510,0.3326,0.2503,0.2515,0.3339,0.3354,0.3348,0.2582,0.2688,0.3399,Energy,Oil & Gas Production,27729789691.0000,0.0017,0.0107,0.0041,0.0856,0.0033,0.0045,0.0869,0.0884,0.0878,0.0112,0.0218,0.0930,0.1176
TPR,0.3033,0.3041,0.2857,0.2897,0.2889,0.2931,0.3610,0.2920,0.2879,0.3621,0.3616,0.3658,0.3008,0.2893,0.3666,Consumer Discretionary,Apparel,27981172442.0000,0.0040,0.0032,0.0074,0.0753,0.0063,0.0022,0.0764,0.0759,0.0801,0.0151,0.0036,0.0809,-0.0176
TR,0.2608,0.2671,0.1493,0.1512,0.1499,0.1499,0.1105,0.1527,0.1518,0.1109,0.1101,0.1132,0.1534,0.1493,0.1125,Consumer Staples,Specialty Foods,3011357511.0000,0.0019,0.0006,0.0006,-0.0388,0.0034,0.0025,-0.0384,-0.0392,-0.0361,0.0041,-0.0000,-0.0368,-0.1116
TRC,0.2843,0.2903,0.2553,0.2574,0.2507,0.2603,0.3272,0.2611,0.2571,0.3275,0.3274,0.3289,0.2534,0.2583,0.3292,Finance,Real Estate,519831505.0000,0.0021,-0.0046,0.0050,0.0719,0.0059,0.0018,0.0722,0.0721,0.0736,-0.0019,0.0030,0.0739,-0.0290
TREE,0.1418,0.1481,0.2049,0.2076,0.2100,0.2072,0.2779,0.2079,0.2078,0.2782,0.2783,0.2803,0.2210,0.2122,0.2848,Finance,Finance: Consumer Services,508168916.0000,0.0026,0.0051,0.0022,0.0729,0.0030,0.0029,0.0732,0.0734,0.0754,0.0160,0.0073,0.0799,0.0631
TREX,0.2519,0.2549,0.2826,0.2859,0.2882,0.2864,0.3816,0.2862,0.2850,0.3823,0.3833,0.3839,0.3005,0.2921,0.3827,Basic Materials,Forest Products,4070752202.0000,0.0033,0.0056,0.0038,0.0990,0.0036,0.0024,0.0997,0.1007,0.1013,0.0179,0.0095,0.1001,0.0307
TRGP,0.2428,0.2496,0.3879,0.3901,0.3929,0.3965,0.4149,0.3932,0.3943,0.4152,0.4173,0.4254,0.4006,0.4240,0.4204,Utilities,Natural Gas Distribution,59402700155.0000,0.0022,0.0050,0.0086,0.0270,0.0053,0.0064,0.0273,0.0294,0.0375,0.0127,0.0361,0.0325,0.1451
TRI,0.3662,0.3694,0.3382,0.3403,0.3415,0.3401,0.4094,0.3401,0.3414,0.4099,0.4106,0.4095,0.3440,0.3453,0.4100,Consumer Discretionary,Publishing,37452600881.0000,0.0021,0.0032,0.0018,0.0711,0.0019,0.0032,0.0717,0.0723,0.0713,0.0057,0.0071,0.0717,-0.0280
TRIP,0.1761,0.1818,0.2093,0.2141,0.2161,0.2165,0.2390,0.2124,0.2110,0.2397,0.2423,0.2426,0.2222,0.2171,0.2450,Technology,Computer Software: Programming Data Processing,1172920584.0000,0.0048,0.0068,0.0072,0.0297,0.0031,0.0018,0.0304,0.0330,0.0333,0.0129,0.0078,0.0357,0.0332
TRMB,0.3816,0.3893,0.4155,0.4169,0.4241,0.4192,0.5343,0.4199,0.4169,0.5353,0.5349,0.5402,0.4438,0.4267,0.5356,Industrials,Industrial Machinery/Components,13133502980.0000,0.0014,0.0086,0.0037,0.1188,0.0044,0.0014,0.1198,0.1194,0.1246,0.0283,0.0111,0.1201,0.0339
TRMK,0.3967,0.4020,0.3474,0.3558,0.3476,0.3609,0.3085,0.3812,0.3510,0.3091,0.3122,0.3104,0.3465,0.3477,0.3105,Finance,Major Banks,2602086287.0000,0.0085,0.0002,0.0136,-0.0389,0.0339,0.0036,-0.0382,-0.0352,-0.0369,-0.0009,0.0003,-0.0368,-0.0493
TRN,0.3616,0.3644,0.3017,0.3095,0.3019,0.3085,0.3481,0.3095,0.3029,0.3489,0.3521,0.3522,0.3095,0.3103,0.3511,Industrials,Railroads,2601420058.0000,0.0078,0.0003,0.0068,0.0464,0.0078,0.0013,0.0472,0.0504,0.0505,0.0078,0.0087,0.0494,-0.0599
TRNO,0.2718,0.2801,0.3226,0.3280,0.3274,0.3254,0.4245,0.3327,0.3259,0.4252,0.4257,0.4275,0.3265,0.3242,0.4256,Finance,Real Estate,7021591154.0000,0.0053,0.0048,0.0027,0.1019,0.0100,0.0033,0.1026,0.1030,0.1048,0.0039,0.0016,0.1029,0.0508
TRNS,0.0553,0.0589,0.0984,0.0968,0.1007,0.0961,0.1814,0.0993,0.0995,0.1812,0.1791,0.1790,0.1059,0.1092,0.1771,Industrials,Electrical Products,681436368.0000,-0.0016,0.0023,-0.0023,0.0830,0.0009,0.0011,0.0828,0.0808,0.0806,0.0075,0.0108,0.0787,0.0431
TROW,0.5806,0.5839,0.5694,0.5712,0.5693,0.5764,0.5882,0.5742,0.5708,0.5882,0.5897,0.5894,0.5723,0.5693,0.5895,Finance,Investment Bankers/Brokers/Service,22153024394.0000,0.0018,-0.0000,0.0070,0.0188,0.0048,0.0014,0.0189,0.0203,0.0200,0.0029,-0.0000,0.0201,-0.0112
TROX,0.1962,0.2028,0.2737,0.2785,0.2863,0.2814,0.3471,0.2788,0.2783,0.3512,0.3481,0.3509,0.3079,0.2926,0.3571,Industrials,Major Chemicals,1204406910.0000,0.0048,0.0126,0.0077,0.0734,0.0051,0.0046,0.0775,0.0744,0.0772,0.0342,0.0189,0.0834,0.0775
TRS,0.2723,0.2768,0.2584,0.2613,0.2628,0.2644,0.2946,0.2657,0.2598,0.2959,0.2964,0.3006,0.2659,0.2635,0.2974,Industrials,Industrial Specialties,1437406722.0000,0.0028,0.0044,0.0060,0.0362,0.0073,0.0014,0.0375,0.0380,0.0422,0.0075,0.0051,0.0390,-0.0139
TRST,0.3406,0.3470,0.2825,0.2865,0.2814,0.2943,0.2804,0.3024,0.2845,0.2815,0.2832,0.2816,0.2837,0.2833,0.2815,Finance,Major Banks,878284001.0000,0.0040,-0.0011,0.0118,-0.0021,0.0199,0.0020,-0.0010,0.0007,-0.0009,0.0012,0.0008,-0.0010,-0.0581
TRTX,0.2212,0.2330,0.2393,0.2510,0.2415,0.2521,0.2850,0.2458,0.2413,0.2830,0.2892,0.2801,0.2355,0.2376,0.2968,Real Estate,Real Estate Investment Trusts,642431217.0000,0.0117,0.0022,0.0128,0.0457,0.0065,0.0020,0.0437,0.0499,0.0408,-0.0038,-0.0017,0.0574,0.0181
TRU,0.3800,0.3828,0.4145,0.4160,0.4166,0.4180,0.4825,0.4162,0.4199,0.4836,0.4832,0.4882,0.4187,0.4150,0.4844,Finance,Finance: Consumer Services,13623248000.0000,0.0015,0.0021,0.0036,0.0680,0.0017,0.0054,0.0691,0.0687,0.0737,0.0042,0.0005,0.0699,0.0345
TRVI,0.0274,0.0297,0.0336,0.0507,0.0366,0.0346,0.0341,0.0345,0.0373,0.0342,0.0346,0.0325,0.0379,0.0408,0.0348,Health Care,Biotechnology: Pharmaceutical Preparations,2006173274.0000,0.0171,0.0030,0.0011,0.0005,0.0009,0.0038,0.0006,0.0010,-0.0011,0.0044,0.0072,0.0012,0.0061
TRUP,0.1578,0.1626,0.1763,0.1795,0.1764,0.1785,0.2309,0.1818,0.1788,0.2315,0.2334,0.2349,0.1813,0.1827,0.2319,Health Care,Medical Specialities,958777975.0000,0.0031,0.0000,0.0022,0.0546,0.0055,0.0024,0.0552,0.0570,0.0586,0.0049,0.0064,0.0556,0.0186
TRV,0.3835,0.3851,0.3537,0.3577,0.3500,0.3573,0.3130,0.3639,0.3558,0.3131,0.3143,0.3141,0.3540,0.3515,0.3160,Finance,Property-Casualty Insurers,65167092617.0000,0.0040,-0.0037,0.0036,-0.0407,0.0102,0.0021,-0.0406,-0.0394,-0.0397,0.0003,-0.0022,-0.0378,-0.0297
TSHA,0.1208,0.1226,0.1251,0.1254,0.1293,0.1275,0.1253,0.1256,0.1269,0.1255,0.1259,0.1256,0.1337,0.1387,0.1256,Health Care,Biotechnology: Biological Products (No Diagnostic Substances),1577612000.0000,0.0003,0.0042,0.0023,0.0002,0.0005,0.0018,0.0003,0.0007,0.0005,0.0086,0.0136,0.0005,0.0043
TSBK,0.0730,0.0779,0.1316,0.1334,0.1342,0.1350,0.2078,0.1366,0.1330,0.2066,0.2058,0.2104,0.1365,0.1367,0.2094,Finance,Banks,314370592.0000,0.0018,0.0026,0.0034,0.0762,0.0050,0.0014,0.0750,0.0742,0.0788,0.0049,0.0051,0.0778,0.0586
TSCO,0.2712,0.2746,0.2873,0.2905,0.2909,0.2898,0.2726,0.2892,0.2896,0.2742,0.2744,0.2762,0.2901,0.2890,0.2787,Consumer Discretionary,RETAIL: Building Materials,16583096858.0000,0.0033,0.0036,0.0025,-0.0147,0.0019,0.0023,-0.0131,-0.0129,-0.0111,0.0028,0.0017,-0.0085,0.0161
TSLA,0.1768,0.1805,0.2133,0.2154,0.2189,0.2179,0.2736,0.2159,0.2175,0.2747,0.2753,0.2773,0.2845,0.2231,0.2768,Industrials,Auto Manufacturing,1599975926285.0000,0.0020,0.0056,0.0046,0.0603,0.0025,0.0042,0.0614,0.0620,0.0640,0.0711,0.0097,0.0634,0.0366
TSN,0.1859,0.1885,0.1639,0.1677,0.1623,0.1647,0.1852,0.1689,0.1690,0.1861,0.1879,0.1935,0.1654,0.1610,0.1870,Consumer Staples,Meat/Poultry/Fish,22906017600.0000,0.0037,-0.0016,0.0008,0.0213,0.0050,0.0051,0.0222,0.0240,0.0296,0.0015,-0.0030,0.0231,-0.0219
TSSI,0.0190,0.0212,0.0357,0.0372,0.0442,0.0352,0.0407,0.0354,0.0434,0.0403,0.0409,0.0409,0.0357,0.0383,0.0424,Consumer Discretionary,Professional Services,337168212.0000,0.0015,0.0085,-0.0006,0.0050,-0.0004,0.0077,0.0045,0.0052,0.0052,-0.0000,0.0026,0.0066,0.0167
TTD,0.2508,0.2617,0.2712,0.2720,0.2729,0.2738,0.3300,0.2774,0.2728,0.3304,0.3319,0.3329,0.2864,0.2778,0.3303,Technology,Computer Software: Programming Data Processing,10521025119.0000,0.0008,0.0018,0.0026,0.0588,0.0063,0.0016,0.0592,0.0607,0.0617,0.0152,0.0066,0.0591,0.0204
TTC,0.3709,0.3766,0.3672,0.3692,0.3718,0.3715,0.3676,0.3720,0.3699,0.3681,0.3680,0.3684,0.3768,0.3703,0.3695,Consumer Discretionary,Tools/Hardware,8801511043.0000,0.0020,0.0047,0.0043,0.0004,0.0048,0.0027,0.0009,0.0008,0.0012,0.0097,0.0031,0.0023,-0.0038
TTEK,0.3541,0.3530,0.3659,0.3687,0.3717,0.3693,0.4326,0.3689,0.3684,0.4333,0.4369,0.4340,0.3751,0.3726,0.4339,Consumer Discretionary,Military/Government/Technical,7175857927.0000,0.0028,0.0058,0.0034,0.0667,0.0030,0.0025,0.0674,0.0710,0.0681,0.0093,0.0068,0.0680,0.0118
TTGT,0.1911,0.1975,0.1947,0.1961,0.1947,0.1973,0.2873,0.1970,0.1976,0.2883,0.2886,0.2884,0.2084,0.1993,0.2897,Telecommunications,Telecommunications Equipment,348483315.0000,0.0013,-0.0001,0.0026,0.0925,0.0022,0.0028,0.0936,0.0938,0.0936,0.0137,0.0046,0.0950,0.0037
TTI,0.2491,0.2514,0.2387,0.2431,0.2437,0.2455,0.2489,0.2413,0.2492,0.2488,0.2497,0.2570,0.2446,0.2642,0.2503,Energy,Oil & Gas Production,1409409754.0000,0.0044,0.0050,0.0068,0.0102,0.0026,0.0105,0.0100,0.0110,0.0182,0.0059,0.0255,0.0116,-0.0104
TTMI,0.2673,0.2664,0.2563,0.2598,0.2626,0.2604,0.3351,0.2588,0.2594,0.3360,0.3366,0.3380,0.2729,0.2709,0.3384,Technology,Electrical Products,19723203205.0000,0.0035,0.0063,0.0040,0.0788,0.0025,0.0031,0.0797,0.0803,0.0816,0.0166,0.0146,0.0821,-0.0110
TW,0.2726,0.2745,0.2799,0.2900,0.2823,0.2837,0.2794,0.2849,0.2814,0.2800,0.2820,0.2799,0.2841,0.2945,0.2800,Finance,Investment Bankers/Brokers/Service,25065963430.0000,0.0101,0.0024,0.0038,-0.0006,0.0050,0.0015,0.0001,0.0021,-0.0000,0.0041,0.0146,0.0001,0.0073
TTWO,0.2134,0.2199,0.2257,0.2362,0.2314,0.2269,0.2056,0.2304,0.2293,0.2073,0.2075,0.2080,0.2390,0.2321,0.2088,Consumer Discretionary,Services-Misc. Amusement & Recreation,42136675013.0000,0.0105,0.0056,0.0011,-0.0201,0.0046,0.0036,-0.0184,-0.0182,-0.0178,0.0132,0.0063,-0.0170,0.0123
TVTX,0.1219,0.1272,0.1524,0.1525,0.1548,0.1549,0.1434,0.1522,0.1547,0.1439,0.1442,0.1452,0.1570,0.1563,0.1450,Health Care,Biotechnology: Pharmaceutical Preparations,4131674769.0000,0.0001,0.0025,0.0025,-0.0090,-0.0002,0.0023,-0.0085,-0.0081,-0.0072,0.0046,0.0039,-0.0074,0.0305
TWLO,0.2047,0.2170,0.2335,0.2391,0.2413,0.2363,0.2180,0.2447,0.2401,0.2192,0.2198,0.2203,0.2501,0.2375,0.2186,Technology,Computer Software: Prepackaged Software,28515272817.0000,0.0056,0.0079,0.0029,-0.0154,0.0112,0.0067,-0.0143,-0.0136,-0.0132,0.0166,0.0041,-0.0148,0.0288
TWI,0.2442,0.2440,0.1723,0.1746,0.1726,0.1794,0.1844,0.1766,0.1745,0.1844,0.1895,0.1900,0.1868,0.1766,0.1937,Industrials,Steel/Iron Ore,473133906.0000,0.0023,0.0003,0.0072,0.0122,0.0044,0.0022,0.0122,0.0173,0.0177,0.0146,0.0043,0.0215,-0.0719
TXG,0.2230,0.2298,0.2367,0.2362,0.2389,0.2403,0.2368,0.2420,0.2411,0.2374,0.2383,0.2363,0.2911,0.2560,0.2372,Industrials,Biotechnology: Laboratory Analytical Instruments,3006322556.0000,-0.0006,0.0022,0.0035,0.0001,0.0052,0.0043,0.0007,0.0016,-0.0004,0.0544,0.0193,0.0005,0.0137
TWST,0.2371,0.2405,0.2454,0.2533,0.2467,0.2500,0.2618,0.2572,0.2496,0.2630,0.2644,0.2660,0.2902,0.2626,0.2640,Health Care,Biotechnology: Biological Products (No Diagnostic Substances),3771773489.0000,0.0079,0.0013,0.0047,0.0164,0.0118,0.0042,0.0176,0.0190,0.0206,0.0448,0.0172,0.0186,0.0082
TWO,0.1799,0.1886,0.1986,0.2032,0.1998,0.2048,0.2381,0.2060,0.2039,0.2396,0.2392,0.2406,0.2067,0.2019,0.2435,Real Estate,Real Estate Investment Trusts,1313079163.0000,0.0046,0.0012,0.0062,0.0395,0.0074,0.0053,0.0410,0.0406,0.0420,0.0081,0.0033,0.0448,0.0187
TXN,0.4598,0.4644,0.4911,0.4924,0.5021,0.4948,0.5767,0.4922,0.4929,0.5774,0.5774,0.5776,0.5114,0.5008,0.5775,Technology,Semiconductors,281409791905.0000,0.0013,0.0109,0.0037,0.0856,0.0011,0.0018,0.0863,0.0862,0.0865,0.0203,0.0097,0.0864,0.0313
TXNM,0.2448,0.2501,0.1925,0.2003,0.1983,0.1986,0.2177,0.2100,0.1956,0.2184,0.2194,0.2196,0.2029,0.1964,0.2186,Utilities,Electric Utilities: Central,6583760574.0000,0.0078,0.0058,0.0061,0.0252,0.0175,0.0031,0.0258,0.0269,0.0271,0.0104,0.0039,0.0261,-0.0523
TXRH,0.2355,0.2380,0.2249,0.2285,0.2263,0.2299,0.3011,0.2321,0.2293,0.3014,0.3066,0.3080,0.2266,0.2256,0.3031,Consumer Discretionary,Restaurants,11671607736.0000,0.0036,0.0014,0.0050,0.0762,0.0072,0.0045,0.0765,0.0817,0.0832,0.0018,0.0008,0.0782,-0.0106
TXT,0.4280,0.4339,0.4460,0.4496,0.4505,0.4551,0.4846,0.4554,0.4481,0.4858,0.4860,0.4889,0.4636,0.4534,0.4873,Industrials,Aerospace,15968225125.0000,0.0035,0.0045,0.0091,0.0386,0.0093,0.0020,0.0397,0.0399,0.0429,0.0176,0.0074,0.0413,0.0180
TY,0.7017,0.7116,0.6967,0.6978,0.6988,0.7033,0.6859,0.7010,0.6975,0.6866,0.6862,0.6864,0.7023,0.7017,0.6895,Finance,Finance Companies,1894673594.0000,0.0011,0.0021,0.0066,-0.0108,0.0043,0.0008,-0.0101,-0.0105,-0.0103,0.0056,0.0050,-0.0071,-0.0050
TYG,0.2145,0.2227,0.3484,0.3550,0.3617,0.3561,0.4209,0.3634,0.3544,0.4176,0.4178,0.4220,0.3586,0.3818,0.4317,Finance,Investment Managers,550830561.0000,0.0066,0.0133,0.0077,0.0725,0.0151,0.0060,0.0692,0.0695,0.0736,0.0102,0.0334,0.0834,0.1339
TYL,0.3211,0.3256,0.3429,0.3470,0.3511,0.3443,0.4051,0.3470,0.3461,0.4054,0.4055,0.4069,0.3529,0.3491,0.4061,Technology,Computer Software: Prepackaged Software,13208955279.0000,0.0041,0.0083,0.0014,0.0622,0.0041,0.0032,0.0626,0.0627,0.0640,0.0101,0.0062,0.0632,0.0217
U,0.2862,0.2853,0.2896,0.2901,0.2907,0.2966,0.2897,0.2961,0.2926,0.2900,0.2902,0.2901,0.3299,0.3020,0.2914,Technology,Computer Software: Prepackaged Software,11162199873.0000,0.0005,0.0011,0.0070,0.0001,0.0065,0.0030,0.0004,0.0006,0.0005,0.0403,0.0124,0.0018,0.0034
UA,0.2214,0.2284,0.2507,0.2540,0.2538,0.2562,0.3113,0.2538,0.2530,0.3124,0.3122,0.3147,0.2576,0.2609,0.3165,Consumer Discretionary,Apparel,2302154417.0000,0.0033,0.0030,0.0055,0.0605,0.0030,0.0022,0.0616,0.0615,0.0640,0.0068,0.0101,0.0658,0.0293
UAA,0.2485,0.2524,0.2561,0.2603,0.2598,0.2613,0.3199,0.2584,0.2580,0.3211,0.3210,0.3233,0.2634,0.2648,0.3249,Consumer Discretionary,Apparel,2344786906.0000,0.0041,0.0036,0.0051,0.0638,0.0023,0.0019,0.0650,0.0649,0.0672,0.0073,0.0086,0.0688,0.0076
UAL,0.2261,0.2324,0.2784,0.2834,0.2850,0.2902,0.3059,0.2864,0.2813,0.3091,0.3105,0.3138,0.2931,0.2860,0.3219,Consumer Discretionary,Air Freight/Delivery Services,32444089971.0000,0.0050,0.0066,0.0118,0.0275,0.0080,0.0029,0.0307,0.0321,0.0354,0.0147,0.0076,0.0435,0.0523
UAMY,0.0333,0.0419,0.0338,0.0376,0.0427,0.0349,0.0526,0.0343,0.0344,0.0520,0.0525,0.0620,0.0436,0.0478,0.0561,Industrials,Metal Fabrications,1247722937.0000,0.0038,0.0089,0.0011,0.0188,0.0005,0.0006,0.0182,0.0186,0.0282,0.0098,0.0140,0.0223,0.0005
UAN,0.1034,0.1092,0.1586,0.1618,0.1683,0.1622,0.1722,0.1621,0.1622,0.1739,0.1731,0.1827,0.1702,0.1798,0.1782,Industrials,Agricultural Chemicals,1323001463.0000,0.0032,0.0097,0.0035,0.0136,0.0034,0.0035,0.0153,0.0144,0.0240,0.0116,0.0212,0.0195,0.0553
UBER,0.2692,0.2813,0.2850,0.2871,0.2869,0.2946,0.2841,0.2996,0.2883,0.2844,0.2854,0.2880,0.3147,0.3074,0.2858,Consumer Discretionary,Business Services,146196721114.0000,0.0021,0.0019,0.0095,-0.0009,0.0146,0.0033,-0.0007,0.0004,0.0030,0.0297,0.0224,0.0008,0.0159
UBSI,0.3859,0.3913,0.3610,0.3686,0.3593,0.3738,0.3585,0.3889,0.3638,0.3590,0.3616,0.3605,0.3599,0.3610,0.3599,Finance,Major Banks,5961167003.0000,0.0076,-0.0017,0.0128,-0.0025,0.0279,0.0028,-0.0021,0.0006,-0.0006,-0.0011,0.0000,-0.0011,-0.0249
UCB,0.3117,0.3196,0.3518,0.3649,0.3561,0.3671,0.3614,0.3825,0.3544,0.3620,0.3657,0.3632,0.3570,0.3553,0.3636,Finance,Major Banks,3975990280.0000,0.0132,0.0043,0.0153,0.0096,0.0307,0.0026,0.0102,0.0139,0.0114,0.0053,0.0035,0.0118,0.0401
UCTT,0.2342,0.2381,0.2601,0.2639,0.2659,0.2656,0.3791,0.2613,0.2627,0.3826,0.3799,0.3813,0.2968,0.2717,0.3847,Technology,Semiconductors,3766029852.0000,0.0038,0.0059,0.0056,0.1190,0.0012,0.0027,0.1226,0.1199,0.1213,0.0368,0.0117,0.1246,0.0259
UDR,0.3297,0.3312,0.2941,0.2996,0.2890,0.3051,0.3724,0.3124,0.2975,0.3739,0.3745,0.3745,0.2951,0.2877,0.3751,Real Estate,Real Estate Investment Trusts,12350043971.0000,0.0055,-0.0052,0.0109,0.0782,0.0182,0.0034,0.0797,0.0803,0.0804,0.0009,-0.0065,0.0809,-0.0355
UE,0.2553,0.2659,0.2932,0.2997,0.2975,0.2987,0.3544,0.3035,0.2971,0.3556,0.3570,0.3562,0.3006,0.3065,0.3640,Finance,Real Estate,2807725466.0000,0.0066,0.0043,0.0055,0.0612,0.0103,0.0039,0.0624,0.0639,0.0630,0.0074,0.0134,0.0708,0.0379
UFCS,0.2595,0.2656,0.1885,0.1923,0.1819,0.1925,0.1972,0.1967,0.1908,0.1973,0.1992,0.1971,0.1821,0.1850,0.1977,Finance,Property-Casualty Insurers,1210201350.0000,0.0038,-0.0065,0.0040,0.0088,0.0083,0.0023,0.0088,0.0107,0.0087,-0.0063,-0.0034,0.0092,-0.0710
UFPI,0.3112,0.3143,0.3102,0.3121,0.3135,0.3141,0.3980,0.3125,0.3124,0.3986,0.3989,0.4002,0.3168,0.3148,0.3993,Basic Materials,Forest Products,4574663543.0000,0.0019,0.0034,0.0040,0.0878,0.0023,0.0023,0.0885,0.0887,0.0901,0.0066,0.0046,0.0892,-0.0011
UFPT,0.1346,0.1429,0.1516,0.1534,0.1574,0.1544,0.1967,0.1580,0.1532,0.1973,0.1980,0.1977,0.1623,0.1668,0.1994,Health Care,Medical/Dental Instruments,1771526923.0000,0.0018,0.0057,0.0028,0.0451,0.0063,0.0015,0.0457,0.0464,0.0460,0.0106,0.0152,0.0478,0.0171
UGI,0.2912,0.2929,0.2467,0.2506,0.2517,0.2496,0.3140,0.2553,0.2494,0.3148,0.3149,0.3153,0.2515,0.2514,0.3203,Utilities,Natural Gas Distribution,7643135833.0000,0.0038,0.0049,0.0029,0.0673,0.0086,0.0027,0.0681,0.0681,0.0685,0.0047,0.0046,0.0735,-0.0445
UHAL,0.2916,0.2965,0.2755,0.2796,0.2780,0.2801,0.3406,0.2785,0.2774,0.3419,0.3425,0.3426,0.2757,0.2751,0.3424,Consumer Discretionary,Rental/Leasing Companies,10107814714.0000,0.0041,0.0025,0.0045,0.0651,0.0029,0.0019,0.0664,0.0670,0.0671,0.0002,-0.0004,0.0669,-0.0161
UHS,0.2414,0.2436,0.2541,0.2569,0.2640,0.2597,0.3266,0.2636,0.2579,0.3275,0.3268,0.3287,0.2647,0.2654,0.3304,Health Care,Hospital/Nursing Management,9552636188.0000,0.0028,0.0099,0.0056,0.0725,0.0095,0.0038,0.0734,0.0727,0.0746,0.0106,0.0113,0.0763,0.0127
UHT,0.2975,0.3031,0.2622,0.2674,0.2610,0.2649,0.2876,0.2743,0.2643,0.2880,0.2889,0.2888,0.2668,0.2634,0.2911,Real Estate,Real Estate Investment Trusts,586937795.0000,0.0052,-0.0012,0.0027,0.0254,0.0122,0.0021,0.0258,0.0268,0.0266,0.0046,0.0013,0.0289,-0.0353
UI,0.1633,0.1672,0.2036,0.2064,0.2055,0.2061,0.2704,0.2065,0.2055,0.2715,0.2714,0.2702,0.2072,0.2093,0.2711,Technology,Radio And Television Broadcasting And Communications Equipment,36967494739.0000,0.0028,0.0019,0.0025,0.0669,0.0030,0.0019,0.0679,0.0679,0.0666,0.0037,0.0057,0.0675,0.0402
ULH,0.2076,0.2090,0.1900,0.1921,0.1898,0.1938,0.2397,0.1946,0.1909,0.2411,0.2410,0.2404,0.1934,0.1901,0.2423,Industrials,Trucking Freight/Courier Services,374449612.0000,0.0021,-0.0002,0.0038,0.0497,0.0046,0.0009,0.0511,0.0511,0.0504,0.0034,0.0001,0.0523,-0.0177
ULTA,0.2074,0.2093,0.2386,0.2420,0.2452,0.2422,0.3230,0.2432,0.2424,0.3232,0.3276,0.3290,0.2441,0.2448,0.3255,Consumer Discretionary,Other Specialty Stores,22435356657.0000,0.0035,0.0066,0.0036,0.0844,0.0046,0.0038,0.0846,0.0890,0.0904,0.0055,0.0062,0.0869,0.0312
UMBF,0.3809,0.3852,0.3440,0.3537,0.3452,0.3570,0.3508,0.3739,0.3453,0.3504,0.3557,0.3514,0.3462,0.3471,0.3519,Finance,Major Banks,9969168770.0000,0.0097,0.0012,0.0131,0.0068,0.0299,0.0013,0.0065,0.0118,0.0075,0.0022,0.0032,0.0080,-0.0370
UMH,0.2010,0.2091,0.2334,0.2356,0.2428,0.2429,0.3309,0.2410,0.2370,0.3314,0.3316,0.3314,0.2456,0.2429,0.3331,Real Estate,Real Estate Investment Trusts,1303042784.0000,0.0022,0.0093,0.0095,0.0975,0.0076,0.0036,0.0980,0.0981,0.0980,0.0122,0.0094,0.0997,0.0324
UNF,0.3218,0.3262,0.3092,0.3123,0.3142,0.3129,0.3040,0.3131,0.3127,0.3047,0.3052,0.3078,0.3141,0.3117,0.3059,Consumer Discretionary,Other Consumer Services,4800482860.0000,0.0031,0.0050,0.0037,-0.0052,0.0039,0.0035,-0.0045,-0.0040,-0.0014,0.0049,0.0025,-0.0033,-0.0126
UNFI,0.1818,0.1858,0.1025,0.1055,0.1046,0.1050,0.1081,0.1077,0.1048,0.1095,0.1079,0.1088,0.1021,0.1022,0.1092,Consumer Discretionary,Food Distributors,2995679394.0000,0.0030,0.0021,0.0026,0.0057,0.0052,0.0024,0.0070,0.0054,0.0063,-0.0003,-0.0002,0.0067,-0.0793
UNIT,0.1986,0.1998,0.2114,0.2170,0.2151,0.2147,0.2755,0.2135,0.2160,0.2760,0.2775,0.2790,0.2157,0.2252,0.2784,Real Estate,Real Estate Investment Trusts,2680684798.0000,0.0057,0.0037,0.0033,0.0642,0.0021,0.0046,0.0647,0.0661,0.0677,0.0043,0.0138,0.0670,0.0128
UNMA,0.1825,0.2044,0.2116,0.2141,0.2160,0.2183,0.2245,0.2264,0.2133,0.2251,0.2257,0.2251,0.2165,0.2188,0.2296,Finance,Accident &Health Insurance,3930829579.0000,0.0025,0.0043,0.0067,0.0129,0.0148,0.0017,0.0135,0.0141,0.0135,0.0049,0.0072,0.0180,0.0292
UNH,0.2969,0.2954,0.3245,0.3258,0.3321,0.3264,0.3174,0.3254,0.3262,0.3177,0.3195,0.3227,0.3377,0.3361,0.3190,Health Care,Medical Specialities,352786856622.0000,0.0013,0.0075,0.0019,-0.0072,0.0009,0.0017,-0.0068,-0.0050,-0.0018,0.0132,0.0116,-0.0055,0.0276
UNM,0.4619,0.4623,0.3954,0.4061,0.3957,0.4120,0.3565,0.4247,0.3967,0.3585,0.3623,0.3609,0.4019,0.3991,0.3603,Finance,Accident &Health Insurance,13504287382.0000,0.0107,0.0003,0.0167,-0.0389,0.0293,0.0013,-0.0369,-0.0331,-0.0345,0.0065,0.0037,-0.0351,-0.0666
UNP,0.4361,0.4443,0.4120,0.4156,0.4145,0.4169,0.4211,0.4176,0.4144,0.4218,0.4240,0.4225,0.4190,0.4169,0.4232,Industrials,Railroads,157856469072.0000,0.0035,0.0024,0.0049,0.0091,0.0055,0.0024,0.0098,0.0120,0.0105,0.0069,0.0049,0.0112,-0.0241
UPWK,0.1736,0.1781,0.1836,0.1826,0.1838,0.1858,0.2049,0.1972,0.1857,0.2043,0.2051,0.2077,0.2112,0.1881,0.2083,Technology,EDP Services,1086959606.0000,-0.0010,0.0001,0.0022,0.0213,0.0136,0.0021,0.0207,0.0215,0.0240,0.0275,0.0045,0.0247,0.0100
UNTY,0.0601,0.0668,0.1216,0.1254,0.1333,0.1267,0.1902,0.1277,0.1220,0.1906,0.1939,0.1915,0.1284,0.1278,0.1909,Finance,Major Banks,548032431.0000,0.0038,0.0117,0.0051,0.0686,0.0061,0.0004,0.0690,0.0723,0.0699,0.0068,0.0062,0.0693,0.0615
UPBD,0.2084,0.2088,0.1807,0.1825,0.1847,0.1839,0.2611,0.1836,0.1830,0.2625,0.2615,0.2677,0.1804,0.1793,0.2646,Consumer Discretionary,Diversified Commercial Services,1039960072.0000,0.0018,0.0040,0.0032,0.0804,0.0030,0.0023,0.0818,0.0808,0.0870,-0.0003,-0.0014,0.0839,-0.0277
UPS,0.4241,0.4232,0.3638,0.3663,0.3616,0.3663,0.3476,0.3678,0.3679,0.3484,0.3489,0.3492,0.3667,0.3637,0.3487,Industrials,Trucking Freight/Courier Services,85867634305.0000,0.0025,-0.0023,0.0025,-0.0162,0.0039,0.0040,-0.0154,-0.0149,-0.0146,0.0028,-0.0001,-0.0151,-0.0603
URBN,0.2071,0.2099,0.1910,0.1932,0.1877,0.1960,0.2488,0.2002,0.1921,0.2491,0.2503,0.2504,0.1883,0.1921,0.2504,Consumer Discretionary,Clothing/Shoe/Accessory Stores,6455808934.0000,0.0022,-0.0033,0.0050,0.0578,0.0093,0.0011,0.0581,0.0593,0.0594,-0.0027,0.0011,0.0594,-0.0161
URI,0.3793,0.3829,0.4110,0.4143,0.4298,0.4202,0.4609,0.4197,0.4126,0.4608,0.4642,0.4644,0.4409,0.4330,0.4643,Consumer Discretionary,Diversified Commercial Services,58801311331.0000,0.0033,0.0188,0.0093,0.0499,0.0087,0.0016,0.0498,0.0532,0.0534,0.0299,0.0220,0.0533,0.0316
USAC,0.1300,0.1363,0.2081,0.2133,0.2138,0.2205,0.2405,0.2157,0.2113,0.2425,0.2455,0.2431,0.2158,0.2287,0.2522,Utilities,Natural Gas Distribution,4217245894.0000,0.0051,0.0057,0.0124,0.0324,0.0076,0.0032,0.0344,0.0374,0.0350,0.0077,0.0206,0.0441,0.0781
USB,0.4791,0.4832,0.4615,0.4744,0.4607,0.4760,0.4096,0.4872,0.4642,0.4107,0.4142,0.4122,0.4618,0.4615,0.4118,Finance,Major Banks,85112595018.0000,0.0129,-0.0008,0.0145,-0.0519,0.0257,0.0028,-0.0507,-0.0472,-0.0493,0.0003,0.0000,-0.0497,-0.0177
USFD,0.2631,0.2668,0.2916,0.2967,0.2949,0.2993,0.3890,0.3023,0.2942,0.3913,0.3904,0.3952,0.2952,0.2977,0.3948,Consumer Discretionary,Food Distributors,17721236658.0000,0.0052,0.0034,0.0077,0.0975,0.0108,0.0026,0.0997,0.0988,0.1036,0.0037,0.0061,0.1032,0.0284
USLM,0.1696,0.1728,0.1605,0.1623,0.1689,0.1644,0.2393,0.1626,0.1632,0.2400,0.2406,0.2430,0.1662,0.1695,0.2401,Industrials,Mining & Quarrying of Nonmetallic Minerals (No Fuels),3041445218.0000,0.0018,0.0084,0.0039,0.0789,0.0021,0.0027,0.0796,0.0802,0.0825,0.0057,0.0090,0.0796,-0.0091
USNA,0.1335,0.1362,0.1214,0.1211,0.1287,0.1227,0.1760,0.1250,0.1234,0.1770,0.1780,0.1790,0.1273,0.1270,0.1771,Health Care, Medicinal Chemicals and Botanical Products ,345996826.0000,-0.0003,0.0073,0.0013,0.0547,0.0037,0.0020,0.0557,0.0567,0.0576,0.0059,0.0057,0.0557,-0.0121
USPH,0.2131,0.2164,0.1982,0.2007,0.2028,0.2002,0.2218,0.2041,0.1998,0.2221,0.2231,0.2287,0.2061,0.2052,0.2296,Health Care,Medical/Nursing Services,942956166.0000,0.0025,0.0047,0.0021,0.0236,0.0059,0.0017,0.0239,0.0249,0.0305,0.0079,0.0070,0.0315,-0.0149
UTHR,0.1550,0.1595,0.1551,0.1553,0.1600,0.1556,0.1561,0.1557,0.1590,0.1561,0.1558,0.1558,0.1620,0.1655,0.1569,Health Care,Biotechnology: Pharmaceutical Preparations,24127996439.0000,0.0003,0.0050,0.0006,0.0011,0.0006,0.0039,0.0010,0.0008,0.0008,0.0070,0.0105,0.0018,0.0001
UTZ,0.0840,0.0830,0.0882,0.0895,0.0984,0.0895,0.0996,0.0893,0.0941,0.1003,0.1025,0.1041,0.0952,0.1012,0.1001,Consumer Staples,Packaged Foods,1117994694.0000,0.0013,0.0102,0.0013,0.0114,0.0011,0.0059,0.0121,0.0143,0.0159,0.0069,0.0130,0.0119,0.0042
UTI,0.1279,0.1313,0.1101,0.1099,0.1102,0.1124,0.1611,0.1141,0.1119,0.1616,0.1612,0.1622,0.1144,0.1145,0.1631,Real Estate,Other Consumer Services,2205758923.0000,-0.0002,0.0001,0.0023,0.0510,0.0040,0.0018,0.0515,0.0511,0.0521,0.0042,0.0044,0.0530,-0.0177
UTL,0.1687,0.1792,0.1777,0.1823,0.1861,0.1829,0.2067,0.1896,0.1826,0.2082,0.2096,0.2115,0.1996,0.1832,0.2078,Utilities,Power Generation,932103918.0000,0.0046,0.0084,0.0052,0.0290,0.0119,0.0049,0.0306,0.0319,0.0338,0.0220,0.0055,0.0302,0.0090
UVE,0.1425,0.1461,0.1480,0.1491,0.1532,0.1502,0.1856,0.1529,0.1524,0.1861,0.1863,0.1859,0.1532,0.1580,0.1854,Finance,Property-Casualty Insurers,1087975380.0000,0.0011,0.0053,0.0023,0.0376,0.0049,0.0045,0.0381,0.0383,0.0379,0.0052,0.0100,0.0374,0.0054
UVSP,0.3016,0.3121,0.2705,0.2776,0.2701,0.2835,0.2919,0.2894,0.2736,0.2926,0.2969,0.2943,0.2712,0.2741,0.2942,Finance,Major Banks,1094340019.0000,0.0071,-0.0004,0.0130,0.0213,0.0189,0.0031,0.0221,0.0264,0.0238,0.0007,0.0036,0.0237,-0.0311
UWMC,0.1374,0.1358,0.1382,0.1384,0.1528,0.1407,0.1384,0.1403,0.1451,0.1392,0.1403,0.1380,0.1848,0.1522,0.1441,Finance,Finance: Consumer Services,4947362300.0000,0.0002,0.0145,0.0025,0.0002,0.0021,0.0069,0.0010,0.0021,-0.0002,0.0465,0.0139,0.0059,0.0009
UZD,0.1542,0.1747,0.1769,0.1779,0.1799,0.1840,0.1776,0.2003,0.1812,0.1790,0.1788,0.1790,0.1789,0.1802,0.1802,Telecommunications,Telecommunications Equipment,1689900000.0000,0.0010,0.0030,0.0071,0.0007,0.0234,0.0042,0.0021,0.0018,0.0021,0.0020,0.0033,0.0032,0.0227
UVV,0.1948,0.1992,0.1428,0.1443,0.1452,0.1450,0.1891,0.1506,0.1462,0.1901,0.1901,0.1911,0.1459,0.1454,0.1929,Industrials,Farming/Seeds/Milling,1358829002.0000,0.0015,0.0024,0.0022,0.0463,0.0079,0.0035,0.0474,0.0473,0.0484,0.0031,0.0026,0.0501,-0.0521
V,0.4335,0.4447,0.5301,0.5331,0.5317,0.5314,0.5325,0.5313,0.5322,0.5330,0.5335,0.5329,0.5344,0.5317,0.5339,Consumer Discretionary,Business Services,623052621698.0000,0.0031,0.0016,0.0013,0.0025,0.0012,0.0021,0.0029,0.0034,0.0028,0.0044,0.0017,0.0039,0.0966
VAC,0.2914,0.3052,0.3355,0.3378,0.3432,0.3429,0.4071,0.3480,0.3399,0.4092,0.4095,0.4079,0.3478,0.3446,0.4193,Finance,Real Estate,2582254982.0000,0.0023,0.0077,0.0073,0.0716,0.0125,0.0044,0.0737,0.0740,0.0724,0.0122,0.0091,0.0838,0.0442
VALU,0.0894,0.0915,0.0946,0.0960,0.0989,0.0972,0.1436,0.0962,0.0982,0.1433,0.1437,0.1430,0.0929,0.0944,0.1495,Finance,Investment Managers,309778854.0000,0.0014,0.0043,0.0027,0.0491,0.0016,0.0036,0.0487,0.0491,0.0484,-0.0016,-0.0002,0.0549,0.0051
VC,0.2789,0.2884,0.2999,0.3033,0.3082,0.3088,0.3772,0.3037,0.3028,0.3798,0.3790,0.3812,0.3227,0.3035,0.3847,Consumer Discretionary,Auto Parts:O.E.M.,3028970563.0000,0.0035,0.0083,0.0089,0.0773,0.0038,0.0029,0.0799,0.0791,0.0813,0.0228,0.0036,0.0848,0.0210
VCEL,0.1075,0.1093,0.1716,0.1749,0.1798,0.1760,0.2585,0.1742,0.1735,0.2592,0.2631,0.2595,0.1824,0.1815,0.2623,Health Care,Biotechnology: Biological Products (No Diagnostic Substances),1773599558.0000,0.0033,0.0083,0.0045,0.0870,0.0026,0.0020,0.0877,0.0915,0.0880,0.0108,0.0099,0.0907,0.0641
VCTR,0.2982,0.3064,0.3098,0.3155,0.3099,0.3143,0.3493,0.3126,0.3105,0.3501,0.3503,0.3530,0.3124,0.3099,0.3526,Finance,Investment Managers,5372047316.0000,0.0057,0.0001,0.0045,0.0395,0.0028,0.0008,0.0403,0.0406,0.0432,0.0026,0.0002,0.0428,0.0116
VCV,0.0951,0.1052,0.1398,0.1449,0.1534,0.1478,0.2135,0.1858,0.1419,0.2129,0.2143,0.2138,0.1545,0.1534,0.2193,Finance,Trusts Except Educational Religious and Charitable,502850513.0000,0.0050,0.0136,0.0080,0.0737,0.0460,0.0021,0.0731,0.0745,0.0740,0.0147,0.0136,0.0795,0.0448
VCYT,0.1822,0.1843,0.2055,0.2074,0.2105,0.2082,0.3061,0.2072,0.2089,0.3067,0.3080,0.3130,0.2267,0.2151,0.3094,Health Care,Medical Specialities,3593062894.0000,0.0019,0.0049,0.0027,0.1006,0.0016,0.0033,0.1011,0.1025,0.1075,0.0212,0.0096,0.1039,0.0234
VECO,0.2607,0.2605,0.2725,0.2756,0.2739,0.2758,0.3759,0.2742,0.2756,0.3777,0.3769,0.3785,0.2944,0.2818,0.3792,Technology,Industrial Machinery/Components,3634544032.0000,0.0032,0.0014,0.0034,0.1035,0.0017,0.0031,0.1052,0.1045,0.1061,0.0219,0.0093,0.1067,0.0118
VEL,0.1092,0.1118,0.1168,0.1241,0.1193,0.1320,0.1168,0.1223,0.1176,0.1192,0.1188,0.1316,0.1209,0.1230,0.1246,Finance,Finance: Consumer Services,674013175.0000,0.0073,0.0026,0.0152,0.0001,0.0056,0.0009,0.0024,0.0021,0.0149,0.0042,0.0062,0.0079,0.0075
VERX,0.1758,0.1793,0.1807,0.1813,0.1851,0.1827,0.1808,0.1815,0.1833,0.1816,0.1826,0.1817,0.1899,0.1928,0.1807,Technology,Computer Software: Prepackaged Software,2174819553.0000,0.0007,0.0045,0.0020,0.0001,0.0008,0.0027,0.0009,0.0019,0.0010,0.0092,0.0121,0.0001,0.0048
VEEV,0.2451,0.2536,0.2740,0.2800,0.2756,0.2777,0.3043,0.2795,0.2769,0.3054,0.3068,0.3106,0.2902,0.2779,0.3062,Technology,Computer Software: Prepackaged Software,26124296404.0000,0.0060,0.0016,0.0036,0.0303,0.0055,0.0029,0.0313,0.0328,0.0366,0.0162,0.0039,0.0322,0.0289
VFC,0.3334,0.3359,0.3266,0.3318,0.3340,0.3333,0.3631,0.3341,0.3280,0.3645,0.3657,0.3648,0.3367,0.3318,0.3680,Industrials,Garments and Clothing,6542554074.0000,0.0053,0.0074,0.0067,0.0365,0.0076,0.0015,0.0379,0.0391,0.0382,0.0101,0.0053,0.0415,-0.0068
VGM,0.1033,0.1131,0.1429,0.1498,0.1509,0.1511,0.2090,0.1948,0.1440,0.2093,0.2136,0.2097,0.1525,0.1594,0.2124,Finance,Trusts Except Educational Religious and Charitable,545573598.0000,0.0069,0.0080,0.0082,0.0661,0.0518,0.0011,0.0664,0.0707,0.0668,0.0095,0.0164,0.0695,0.0396
VICI,0.3474,0.3553,0.3576,0.3596,0.3596,0.3673,0.4066,0.3614,0.3611,0.4083,0.4089,0.4125,0.3636,0.3671,0.4109,Real Estate,Real Estate Investment Trusts,30467360330.0000,0.0020,0.0020,0.0097,0.0490,0.0038,0.0035,0.0507,0.0512,0.0549,0.0060,0.0094,0.0533,0.0102
VHI,0.1354,0.1363,0.1238,0.1264,0.1213,0.1264,0.1411,0.1294,0.1274,0.1425,0.1426,0.1453,0.1279,0.1274,0.1435,Basic Materials,Major Chemicals,352929594.0000,0.0026,-0.0025,0.0026,0.0173,0.0056,0.0036,0.0187,0.0188,0.0215,0.0041,0.0036,0.0198,-0.0116
VGZ,0.0839,0.0874,0.0864,0.2002,0.0984,0.0885,0.1347,0.0905,0.0915,0.1413,0.1370,0.1416,0.0957,0.1067,0.1442,Basic Materials,Precious Metals,326975815.0000,0.1138,0.0120,0.0021,0.0483,0.0041,0.0051,0.0549,0.0506,0.0552,0.0093,0.0203,0.0578,0.0025
VIAV,0.2975,0.3036,0.2906,0.2931,0.2971,0.2929,0.3853,0.2968,0.2951,0.3869,0.3858,0.3880,0.3033,0.3015,0.3866,Technology,Semiconductors,11580778644.0000,0.0026,0.0065,0.0023,0.0947,0.0062,0.0045,0.0964,0.0952,0.0974,0.0127,0.0109,0.0961,-0.0070
VIR,0.0864,0.0929,0.1023,0.1058,0.1040,0.1073,0.1024,0.1038,0.1074,0.1042,0.1042,0.1086,0.1249,0.1080,0.1040,Health Care,Biotechnology: Biological Products (No Diagnostic Substances),1549911641.0000,0.0035,0.0017,0.0050,0.0001,0.0015,0.0051,0.0018,0.0019,0.0063,0.0226,0.0057,0.0017,0.0159
VICR,0.2880,0.2898,0.2594,0.2606,0.2561,0.2620,0.3165,0.2620,0.2615,0.3178,0.3179,0.3202,0.2668,0.2590,0.3186,Technology,Industrial Machinery/Components,12215361262.0000,0.0012,-0.0033,0.0027,0.0571,0.0026,0.0022,0.0584,0.0586,0.0609,0.0074,-0.0004,0.0593,-0.0286
VITL,0.0903,0.0911,0.0955,0.0955,0.0990,0.0974,0.0956,0.0967,0.0961,0.0957,0.0963,0.0955,0.1021,0.1044,0.0959,Consumer Staples,Packaged Foods,434054839.0000,-0.0000,0.0035,0.0019,0.0000,0.0012,0.0006,0.0002,0.0007,0.0000,0.0066,0.0089,0.0004,0.0052
VIRT,0.0399,0.0478,0.0489,0.0546,0.0490,0.0528,0.0709,0.0531,0.0521,0.0710,0.0780,0.0712,0.0510,0.0573,0.0728,Finance,Investment Bankers/Brokers/Service,8137381099.0000,0.0057,0.0001,0.0039,0.0220,0.0042,0.0032,0.0221,0.0291,0.0223,0.0020,0.0084,0.0239,0.0090
VISN,0.1913,0.1927,0.2126,0.2154,0.2186,0.2185,0.2565,0.2187,0.2138,0.2575,0.2570,0.2586,0.2217,0.2203,0.2597,Technology,Radio And Television Broadcasting And Communications Equipment,2774506461.0000,0.0028,0.0060,0.0059,0.0439,0.0061,0.0012,0.0449,0.0444,0.0460,0.0091,0.0077,0.0471,0.0213
VKI,0.0992,0.1088,0.1329,0.1384,0.1414,0.1417,0.1928,0.1727,0.1354,0.1928,0.1957,0.1931,0.1427,0.1502,0.1975,Finance,Finance Companies,388552675.0000,0.0056,0.0086,0.0088,0.0600,0.0398,0.0025,0.0600,0.0629,0.0602,0.0099,0.0174,0.0646,0.0337
VKTX,0.1020,0.1062,0.1224,0.1240,0.1241,0.1273,0.1520,0.1265,0.1348,0.1523,0.1517,0.1537,0.1301,0.1317,0.1527,Health Care,Biotechnology: Pharmaceutical Preparations,3586503312.0000,0.0016,0.0017,0.0049,0.0296,0.0041,0.0124,0.0299,0.0293,0.0313,0.0077,0.0093,0.0303,0.0204
VKQ,0.0973,0.1084,0.1346,0.1394,0.1409,0.1414,0.1963,0.1803,0.1362,0.1956,0.1982,0.1960,0.1434,0.1545,0.2011,Finance,Trusts Except Educational Religious and Charitable,530114234.0000,0.0048,0.0063,0.0068,0.0617,0.0457,0.0016,0.0610,0.0636,0.0614,0.0088,0.0199,0.0665,0.0373
VLGEA,0.1523,0.1537,0.0915,0.0917,0.0886,0.0913,0.1031,0.0899,0.0938,0.1030,0.1043,0.1073,0.0913,0.0909,0.1032,Consumer Staples,Food Chains,682573652.0000,0.0002,-0.0030,-0.0002,0.0115,-0.0017,0.0023,0.0115,0.0128,0.0158,-0.0002,-0.0006,0.0117,-0.0608
VLYPO,0.1206,0.1336,0.1355,0.1414,0.1393,0.1421,0.1407,0.1529,0.1373,0.1388,0.1417,0.1425,0.1343,0.1355,0.1459,Finance,Major Banks,13886534839.0000,0.0058,0.0038,0.0065,0.0052,0.0174,0.0017,0.0032,0.0062,0.0069,-0.0012,-0.0001,0.0104,0.0150
VLO,0.3120,0.3218,0.3406,0.3484,0.3453,0.3459,0.3586,0.3483,0.3444,0.3591,0.3631,0.3618,0.3450,0.3520,0.3670,Energy,Integrated oil Companies,73330519843.0000,0.0078,0.0047,0.0053,0.0180,0.0077,0.0038,0.0185,0.0225,0.0212,0.0044,0.0114,0.0265,0.0286
VLY,0.3843,0.3886,0.3583,0.3676,0.3607,0.3744,0.3625,0.3877,0.3608,0.3641,0.3685,0.3660,0.3646,0.3613,0.3677,Finance,Major Banks,7508481527.0000,0.0093,0.0024,0.0161,0.0042,0.0294,0.0025,0.0058,0.0102,0.0077,0.0063,0.0030,0.0094,-0.0260
VLYPP,0.0896,0.0976,0.1017,0.1095,0.1055,0.0967,0.1017,0.1256,0.1047,0.0997,0.1027,0.1001,0.1046,0.1068,0.1060,Finance,Major Banks,13944718644.0000,0.0078,0.0038,-0.0049,0.0000,0.0239,0.0030,-0.0020,0.0010,-0.0016,0.0029,0.0052,0.0044,0.0121
VMC,0.3475,0.3502,0.3327,0.3363,0.3336,0.3362,0.3732,0.3392,0.3344,0.3735,0.3738,0.3741,0.3367,0.3347,0.3760,Industrials,Mining & Quarrying of Nonmetallic Minerals (No Fuels),33820610775.0000,0.0036,0.0009,0.0035,0.0405,0.0065,0.0017,0.0408,0.0411,0.0414,0.0040,0.0020,0.0433,-0.0148
VMD,0.0990,0.1067,0.1080,0.1104,0.1090,0.1094,0.1081,0.1104,0.1102,0.1092,0.1095,0.1118,0.1126,0.1187,0.1105,Health Care,Misc Health and Biotechnology Services,369950139.0000,0.0024,0.0010,0.0013,0.0000,0.0024,0.0022,0.0012,0.0015,0.0038,0.0045,0.0107,0.0025,0.0090
VMI,0.3595,0.3641,0.3389,0.3410,0.3425,0.3426,0.3580,0.3453,0.3415,0.3590,0.3580,0.3631,0.3462,0.3456,0.3590,Industrials,Metal Fabrications,9967550833.0000,0.0021,0.0036,0.0037,0.0191,0.0064,0.0026,0.0201,0.0191,0.0243,0.0074,0.0067,0.0202,-0.0206
VMO,0.1040,0.1148,0.1470,0.1524,0.1522,0.1572,0.2168,0.1987,0.1491,0.2167,0.2214,0.2173,0.1566,0.1624,0.2208,Finance,Trusts Except Educational Religious and Charitable,643384135.0000,0.0055,0.0053,0.0102,0.0699,0.0517,0.0022,0.0697,0.0744,0.0704,0.0097,0.0154,0.0738,0.0429
VNDA,0.1135,0.1167,0.1260,0.1274,0.1322,0.1271,0.1489,0.1283,0.1297,0.1498,0.1499,0.1548,0.1314,0.1329,0.1507,Health Care,Biotechnology: Pharmaceutical Preparations,372239129.0000,0.0015,0.0062,0.0011,0.0229,0.0023,0.0037,0.0238,0.0239,0.0288,0.0054,0.0069,0.0247,0.0125
VNO,0.3870,0.3899,0.3144,0.3201,0.3075,0.3196,0.3230,0.3229,0.3198,0.3247,0.3264,0.3275,0.3079,0.3098,0.3266,Real Estate,Real Estate Investment Trusts,6015366237.0000,0.0057,-0.0069,0.0052,0.0087,0.0085,0.0055,0.0104,0.0121,0.0132,-0.0065,-0.0045,0.0122,-0.0726
VNOM,0.1488,0.1576,0.3052,0.3107,0.3131,0.3082,0.3811,0.3071,0.3109,0.3817,0.3828,0.3824,0.3126,0.3253,0.3879,Energy,Oil & Gas Production,16834708602.0000,0.0055,0.0080,0.0030,0.0759,0.0019,0.0057,0.0765,0.0776,0.0772,0.0074,0.0201,0.0827,0.1564
VNT,0.3715,0.3744,0.3755,0.3773,0.3790,0.3802,0.3755,0.3761,0.3771,0.3764,0.3760,0.3773,0.3772,0.3771,0.3777,Industrials,Industrial Machinery/Components,4171904000.0000,0.0018,0.0035,0.0047,0.0000,0.0006,0.0017,0.0009,0.0005,0.0018,0.0017,0.0017,0.0022,0.0040
VOYA,0.4272,0.4337,0.4647,0.4725,0.4669,0.4811,0.4610,0.4854,0.4660,0.4639,0.4650,0.4632,0.4720,0.4691,0.4642,Finance,Life Insurance,7469997693.0000,0.0078,0.0022,0.0165,-0.0036,0.0207,0.0014,-0.0008,0.0003,-0.0015,0.0074,0.0044,-0.0004,0.0375
VPG,0.1978,0.2027,0.2144,0.2183,0.2183,0.2179,0.2884,0.2197,0.2160,0.2909,0.2893,0.2921,0.2257,0.2260,0.2930,Technology,Electrical Products,1513121760.0000,0.0039,0.0039,0.0035,0.0740,0.0053,0.0016,0.0765,0.0749,0.0777,0.0113,0.0116,0.0786,0.0166
VRDN,0.0459,0.0490,0.0572,0.0582,0.0585,0.0590,0.0440,0.0582,0.0590,0.0433,0.0435,0.0438,0.0593,0.0603,0.0437,Health Care,Medical Specialities,1777008518.0000,0.0010,0.0013,0.0018,-0.0132,0.0010,0.0018,-0.0139,-0.0137,-0.0134,0.0021,0.0031,-0.0135,0.0113
VRE,0.3067,0.3096,0.2360,0.2400,0.2283,0.2402,0.2615,0.2460,0.2406,0.2623,0.2646,0.2649,0.2307,0.2281,0.2639,Real Estate,Real Estate Investment Trusts,1782922323.0000,0.0041,-0.0077,0.0042,0.0255,0.0100,0.0047,0.0264,0.0286,0.0289,-0.0052,-0.0079,0.0279,-0.0707
VREX,0.1703,0.1720,0.1738,0.1788,0.1777,0.1769,0.1750,0.1759,0.1757,0.1761,0.1773,0.1783,0.1782,0.1793,0.1764,Technology,Industrial Machinery/Components,423947000.0000,0.0050,0.0039,0.0031,0.0012,0.0021,0.0019,0.0023,0.0034,0.0045,0.0044,0.0055,0.0026,0.0036
VRNS,0.2099,0.2142,0.2228,0.2244,0.2260,0.2246,0.2877,0.2263,0.2261,0.2889,0.2887,0.2905,0.2377,0.2323,0.2895,Technology,Computer Software: Prepackaged Software,3559238650.0000,0.0016,0.0032,0.0018,0.0649,0.0035,0.0033,0.0661,0.0659,0.0676,0.0149,0.0095,0.0667,0.0129
VRRM,0.2330,0.2331,0.2393,0.2419,0.2423,0.2439,0.3170,0.2407,0.2410,0.3170,0.3184,0.3188,0.2450,0.2427,0.3221,Consumer Discretionary,Transportation Services,2049220749.0000,0.0026,0.0030,0.0046,0.0777,0.0014,0.0017,0.0777,0.0791,0.0795,0.0057,0.0034,0.0828,0.0063
VRSK,0.3100,0.3136,0.3881,0.3925,0.3911,0.3881,0.4236,0.3917,0.3892,0.4238,0.4247,0.4313,0.3894,0.3894,0.4249,Industrials,Diversified Commercial Services,22419147042.0000,0.0044,0.0029,-0.0000,0.0355,0.0036,0.0011,0.0357,0.0366,0.0432,0.0013,0.0013,0.0368,0.0781
VRSN,0.3600,0.3648,0.4276,0.4325,0.4346,0.4312,0.4789,0.4398,0.4311,0.4813,0.4796,0.4810,0.4353,0.4322,0.4803,Technology,EDP Services,28210000000.0000,0.0048,0.0070,0.0035,0.0513,0.0122,0.0034,0.0537,0.0520,0.0534,0.0077,0.0046,0.0527,0.0676
VRT,0.2489,0.2530,0.2575,0.2575,0.2603,0.2556,0.2910,0.2667,0.2608,0.2911,0.2900,0.2942,0.2691,0.2689,0.2970,Technology,Industrial Machinery/Components,125780272887.0000,0.0000,0.0028,-0.0019,0.0335,0.0092,0.0033,0.0336,0.0325,0.0367,0.0116,0.0114,0.0395,0.0086
VRTS,0.3291,0.3351,0.3589,0.3617,0.3599,0.3678,0.4854,0.3638,0.3599,0.4863,0.4865,0.4878,0.3686,0.3641,0.4897,Finance,Investment Managers,959686362.0000,0.0028,0.0010,0.0089,0.1265,0.0049,0.0010,0.1274,0.1276,0.1289,0.0097,0.0052,0.1308,0.0298
VRTX,0.2025,0.2092,0.2427,0.2474,0.2506,0.2439,0.2007,0.2451,0.2468,0.2018,0.2014,0.2035,0.2482,0.2484,0.2024,Health Care,Biotechnology: Pharmaceutical Preparations,110283529795.0000,0.0047,0.0079,0.0012,-0.0420,0.0024,0.0041,-0.0409,-0.0413,-0.0392,0.0055,0.0057,-0.0403,0.0402
VSAT,0.2586,0.2677,0.2297,0.2327,0.2338,0.2348,0.2300,0.2331,0.2319,0.2300,0.2312,0.2311,0.2408,0.2390,0.2338,Technology,Radio And Television Broadcasting And Communications Equipment,10127589259.0000,0.0030,0.0041,0.0052,0.0003,0.0035,0.0023,0.0003,0.0015,0.0014,0.0112,0.0093,0.0041,-0.0289
VSEC,0.1914,0.1936,0.1888,0.1924,0.1972,0.1926,0.2658,0.1956,0.1950,0.2681,0.2676,0.2671,0.1953,0.1952,0.2675,Consumer Discretionary,Military/Government/Technical,4822463286.0000,0.0035,0.0084,0.0038,0.0770,0.0068,0.0062,0.0792,0.0788,0.0783,0.0064,0.0064,0.0786,-0.0026
VSH,0.4070,0.4117,0.4258,0.4276,0.4341,0.4342,0.5295,0.4298,0.4274,0.5308,0.5308,0.5332,0.4478,0.4364,0.5319,Technology,Electrical Products,6431000326.0000,0.0017,0.0083,0.0083,0.1037,0.0039,0.0016,0.1049,0.1050,0.1074,0.0219,0.0105,0.1060,0.0189
VST,0.2089,0.2144,0.2247,0.2274,0.2290,0.2281,0.2502,0.2295,0.2286,0.2501,0.2515,0.2518,0.2246,0.2329,0.2509,Utilities,Electric Utilities: Central,52691504274.0000,0.0027,0.0043,0.0034,0.0255,0.0048,0.0039,0.0254,0.0268,0.0271,-0.0001,0.0081,0.0261,0.0159
VSTM,0.0875,0.0904,0.0874,0.0880,0.0889,0.0890,0.1211,0.0895,0.0884,0.1223,0.1209,0.1219,0.0943,0.0995,0.1242,Health Care,Biotechnology: Pharmaceutical Preparations,372584229.0000,0.0007,0.0015,0.0017,0.0338,0.0022,0.0011,0.0350,0.0336,0.0345,0.0070,0.0121,0.0368,-0.0002
VVV,0.2367,0.2450,0.2538,0.2559,0.2690,0.2587,0.3224,0.2582,0.2568,0.3236,0.3230,0.3238,0.2672,0.2693,0.3299,Industrials,Major Chemicals,4282661533.0000,0.0021,0.0152,0.0049,0.0686,0.0044,0.0030,0.0698,0.0692,0.0700,0.0134,0.0155,0.0761,0.0171
VVX,0.1313,0.1336,0.1578,0.1598,0.1611,0.1631,0.2007,0.1644,0.1592,0.2010,0.2010,0.2037,0.1649,0.1610,0.2010,Consumer Discretionary,Diversified Commercial Services,2316016160.0000,0.0020,0.0033,0.0053,0.0429,0.0066,0.0014,0.0432,0.0432,0.0459,0.0071,0.0033,0.0432,0.0265
VTOL,0.1543,0.1589,0.2168,0.2216,0.2216,0.2248,0.2841,0.2208,0.2199,0.2843,0.2849,0.2853,0.2275,0.2373,0.2887,Consumer Discretionary,Transportation Services,1265064380.0000,0.0048,0.0048,0.0080,0.0673,0.0040,0.0031,0.0675,0.0681,0.0685,0.0107,0.0205,0.0719,0.0625
VUZI,0.0763,0.0808,0.1276,0.1280,0.1314,0.1311,0.2235,0.1280,0.1324,0.2246,0.2241,0.2255,0.1456,0.1416,0.2261,Technology,Radio And Television Broadcasting And Communications Equipment,427433446.0000,0.0004,0.0038,0.0035,0.0959,0.0004,0.0048,0.0970,0.0965,0.0979,0.0180,0.0140,0.0986,0.0513
VTRS,0.2534,0.2555,0.1939,0.1968,0.1974,0.1993,0.2025,0.1964,0.1977,0.2047,0.2042,0.2049,0.1992,0.1979,0.2186,Health Care,Biotechnology: Pharmaceutical Preparations,19389801689.0000,0.0029,0.0035,0.0054,0.0086,0.0025,0.0038,0.0108,0.0103,0.0110,0.0053,0.0040,0.0246,-0.0595
VTR,0.2944,0.2950,0.2110,0.2196,0.2074,0.2196,0.3076,0.2388,0.2147,0.3094,0.3090,0.3110,0.2130,0.2051,0.3129,Real Estate,Real Estate Investment Trusts,42870446174.0000,0.0086,-0.0036,0.0086,0.0966,0.0278,0.0037,0.0984,0.0980,0.1000,0.0020,-0.0059,0.1019,-0.0834
VYX,0.3314,0.3316,0.3341,0.3364,0.3440,0.3392,0.3651,0.3383,0.3390,0.3676,0.3655,0.3667,0.3507,0.3503,0.3692,Miscellaneous,Office Equipment/Supplies/Services,908149283.0000,0.0023,0.0099,0.0051,0.0310,0.0042,0.0050,0.0335,0.0314,0.0327,0.0166,0.0162,0.0351,0.0027
W,0.1846,0.1853,0.2063,0.2127,0.2077,0.2100,0.2577,0.2125,0.2089,0.2586,0.2592,0.2609,0.2210,0.2177,0.2591,Consumer Discretionary,Catalog/Specialty Distribution,8853005188.0000,0.0065,0.0015,0.0037,0.0515,0.0063,0.0027,0.0524,0.0530,0.0546,0.0147,0.0114,0.0529,0.0217
VZ,0.2641,0.2672,0.2241,0.2269,0.2179,0.2247,0.1988,0.2256,0.2260,0.1993,0.2006,0.2024,0.2323,0.2219,0.1996,Telecommunications,Telecommunications Equipment,201888273299.0000,0.0028,-0.0062,0.0007,-0.0253,0.0015,0.0020,-0.0247,-0.0235,-0.0216,0.0083,-0.0022,-0.0245,-0.0401
WAB,0.4058,0.4049,0.3613,0.3642,0.3626,0.3709,0.4421,0.3665,0.3638,0.4424,0.4442,0.4441,0.3784,0.3692,0.4463,Industrials,Railroads,43506968288.0000,0.0028,0.0012,0.0095,0.0807,0.0052,0.0024,0.0810,0.0828,0.0827,0.0171,0.0078,0.0850,-0.0444
WAFD,0.3719,0.3777,0.3648,0.3715,0.3653,0.3755,0.3561,0.3906,0.3669,0.3568,0.3583,0.3584,0.3666,0.3678,0.3583,Finance,Major Banks,2603830035.0000,0.0067,0.0005,0.0107,-0.0088,0.0258,0.0021,-0.0080,-0.0065,-0.0065,0.0017,0.0030,-0.0065,-0.0071
WABC,0.3837,0.3875,0.3397,0.3456,0.3383,0.3499,0.2934,0.3664,0.3426,0.2937,0.2963,0.2963,0.3392,0.3413,0.2940,Finance,Major Banks,1300293189.0000,0.0059,-0.0014,0.0103,-0.0463,0.0267,0.0029,-0.0460,-0.0433,-0.0433,-0.0004,0.0016,-0.0456,-0.0441
WAL,0.3539,0.3592,0.3763,0.3945,0.3843,0.3955,0.3548,0.4084,0.3784,0.3549,0.3590,0.3563,0.3887,0.3871,0.3580,Finance,Major Banks,8580877442.0000,0.0182,0.0079,0.0192,-0.0216,0.0320,0.0021,-0.0214,-0.0173,-0.0200,0.0124,0.0108,-0.0184,0.0224
WASH,0.3231,0.3343,0.2818,0.2875,0.2805,0.2934,0.2935,0.3040,0.2856,0.2938,0.2977,0.2940,0.2811,0.2817,0.2952,Finance,Major Banks,611814879.0000,0.0057,-0.0013,0.0116,0.0117,0.0222,0.0037,0.0120,0.0159,0.0121,-0.0008,-0.0001,0.0134,-0.0413
WAT,0.3592,0.3632,0.3638,0.3654,0.3713,0.3657,0.3689,0.3655,0.3650,0.3695,0.3701,0.3693,0.3776,0.3716,0.3696,Industrials,Biotechnology: Laboratory Analytical Instruments,33615891176.0000,0.0016,0.0075,0.0019,0.0051,0.0017,0.0012,0.0058,0.0063,0.0055,0.0138,0.0078,0.0058,0.0046
WBD,0.2723,0.2722,0.1982,0.2016,0.2009,0.2019,0.2048,0.2041,0.2008,0.2063,0.2062,0.2072,0.2037,0.2103,0.2094,Consumer Discretionary,Services-Misc. Amusement & Recreation,67767905055.0000,0.0034,0.0027,0.0037,0.0065,0.0058,0.0026,0.0080,0.0080,0.0089,0.0055,0.0120,0.0112,-0.0741
WBS,0.4163,0.4196,0.3934,0.4048,0.3985,0.4106,0.4109,0.4243,0.3951,0.4105,0.4161,0.4150,0.3993,0.4008,0.4151,Finance,Major Banks,11633502556.0000,0.0113,0.0050,0.0172,0.0175,0.0309,0.0017,0.0170,0.0226,0.0216,0.0059,0.0074,0.0216,-0.0229
WCC,0.3892,0.3922,0.3738,0.3769,0.3876,0.3832,0.4067,0.3810,0.3758,0.4079,0.4106,0.4119,0.3964,0.3928,0.4112,Consumer Discretionary,Telecommunications Equipment,17707637584.0000,0.0031,0.0138,0.0095,0.0329,0.0072,0.0020,0.0341,0.0368,0.0381,0.0226,0.0190,0.0374,-0.0154
WDAY,0.2873,0.3014,0.3435,0.3457,0.3452,0.3449,0.3981,0.3493,0.3472,0.3990,0.4007,0.3995,0.3488,0.3472,0.3994,Technology,EDP Services,31994706505.0000,0.0022,0.0017,0.0014,0.0546,0.0058,0.0037,0.0555,0.0572,0.0560,0.0053,0.0037,0.0559,0.0562
WD,0.2145,0.2195,0.2624,0.2682,0.2650,0.2717,0.3866,0.2685,0.2640,0.3883,0.3877,0.3897,0.2699,0.2665,0.3929,Finance,Finance: Consumer Services,1729264609.0000,0.0059,0.0026,0.0093,0.1242,0.0061,0.0017,0.1260,0.1253,0.1273,0.0075,0.0042,0.1306,0.0479
WDC,0.3057,0.3058,0.3191,0.3210,0.3291,0.3273,0.3691,0.3227,0.3219,0.3716,0.3708,0.3744,0.3389,0.3316,0.3752,Technology,Electronic Components,166922662401.0000,0.0018,0.0099,0.0082,0.0500,0.0036,0.0028,0.0525,0.0516,0.0553,0.0198,0.0124,0.0561,0.0134
WDFC,0.2369,0.2414,0.1964,0.1975,0.1983,0.1982,0.1484,0.1975,0.1975,0.1488,0.1516,0.1509,0.1969,0.1976,0.1482,Industrials,Major Chemicals,2789304835.0000,0.0011,0.0019,0.0018,-0.0480,0.0011,0.0011,-0.0476,-0.0448,-0.0455,0.0005,0.0012,-0.0482,-0.0405
WEC,0.2502,0.2567,0.1915,0.2056,0.1961,0.2055,0.2274,0.2181,0.1936,0.2281,0.2301,0.2320,0.2165,0.1979,0.2279,Utilities,Power Generation,36940549142.0000,0.0142,0.0047,0.0141,0.0359,0.0267,0.0021,0.0366,0.0387,0.0405,0.0251,0.0064,0.0365,-0.0587
WELL,0.2850,0.2882,0.2312,0.2415,0.2285,0.2394,0.2990,0.2599,0.2339,0.2996,0.3012,0.3024,0.2358,0.2262,0.3035,Real Estate,Real Estate Investment Trusts,152597526657.0000,0.0103,-0.0027,0.0082,0.0678,0.0286,0.0026,0.0684,0.0699,0.0712,0.0046,-0.0051,0.0722,-0.0538
WEN,0.2117,0.2155,0.2060,0.2091,0.2166,0.2068,0.2299,0.2172,0.2106,0.2299,0.2299,0.2332,0.2102,0.2072,0.2306,Consumer Discretionary,Restaurants,1487653798.0000,0.0031,0.0106,0.0008,0.0239,0.0112,0.0047,0.0239,0.0239,0.0272,0.0042,0.0012,0.0246,-0.0057
WERN,0.2766,0.2794,0.2469,0.2495,0.2466,0.2515,0.2670,0.2521,0.2489,0.2678,0.2682,0.2688,0.2496,0.2466,0.2682,Industrials,Trucking Freight/Courier Services,2385415076.0000,0.0026,-0.0004,0.0045,0.0201,0.0052,0.0019,0.0208,0.0213,0.0218,0.0026,-0.0003,0.0213,-0.0297
WES,0.1518,0.1583,0.2557,0.2575,0.2599,0.2651,0.3022,0.2577,0.2610,0.3035,0.3055,0.3040,0.2628,0.2792,0.3069,Utilities,Natural Gas Distribution,18117879407.0000,0.0018,0.0042,0.0094,0.0465,0.0020,0.0053,0.0478,0.0498,0.0483,0.0071,0.0235,0.0512,0.1039
WEX,0.3874,0.3907,0.4280,0.4348,0.4360,0.4410,0.4426,0.4329,0.4309,0.4427,0.4442,0.4438,0.4436,0.4471,0.4499,Consumer Discretionary,Business Services,5219635610.0000,0.0068,0.0080,0.0130,0.0146,0.0049,0.0029,0.0147,0.0162,0.0158,0.0156,0.0191,0.0219,0.0406
WEYS,0.2142,0.2193,0.1567,0.1571,0.1595,0.1608,0.1512,0.1644,0.1603,0.1517,0.1518,0.1539,0.1542,0.1577,0.1516,Consumer Staples,Apparel,330767409.0000,0.0004,0.0028,0.0041,-0.0055,0.0077,0.0036,-0.0049,-0.0049,-0.0028,-0.0025,0.0010,-0.0051,-0.0575
WFC,0.4782,0.4811,0.4592,0.4692,0.4587,0.4726,0.4266,0.4824,0.4613,0.4288,0.4325,0.4299,0.4602,0.4592,0.4303,Finance,Major Banks,233798477342.0000,0.0100,-0.0005,0.0134,-0.0326,0.0232,0.0020,-0.0305,-0.0267,-0.0293,0.0010,0.0000,-0.0289,-0.0190
WGS,0.1483,0.1486,0.1533,0.1542,0.1543,0.1627,0.1534,0.1557,0.1586,0.1543,0.1579,0.1547,0.1859,0.1634,0.1542,Technology,Retail: Computer Software & Peripheral Equipment,1404540557.0000,0.0009,0.0010,0.0094,0.0001,0.0024,0.0053,0.0010,0.0046,0.0014,0.0326,0.0101,0.0009,0.0050
WH,0.4009,0.4103,0.4173,0.4207,0.4232,0.4263,0.4149,0.4278,0.4187,0.4166,0.4177,0.4200,0.4286,0.4212,0.4186,Consumer Discretionary,Hotels/Resorts,5924458545.0000,0.0034,0.0059,0.0090,-0.0024,0.0106,0.0015,-0.0006,0.0005,0.0028,0.0113,0.0039,0.0013,0.0164
WHD,0.2250,0.2314,0.3620,0.3666,0.3723,0.3677,0.3761,0.3765,0.3661,0.3769,0.3796,0.3808,0.3762,0.3916,0.3795,Consumer Discretionary,Oil and Gas Field Machinery,4991811615.0000,0.0046,0.0104,0.0057,0.0142,0.0146,0.0042,0.0149,0.0177,0.0188,0.0143,0.0297,0.0176,0.1370
WGO,0.2314,0.2359,0.2180,0.2202,0.2179,0.2226,0.2680,0.2217,0.2181,0.2691,0.2684,0.2718,0.2294,0.2206,0.2700,Industrials,Homebuilding,841755137.0000,0.0022,-0.0001,0.0046,0.0500,0.0037,0.0001,0.0511,0.0504,0.0538,0.0114,0.0026,0.0520,-0.0134
WHR,0.3270,0.3292,0.3097,0.3128,0.3156,0.3152,0.3726,0.3115,0.3122,0.3748,0.3752,0.3752,0.3249,0.3166,0.3747,Consumer Discretionary,Consumer Electronics/Appliances,2766002573.0000,0.0032,0.0059,0.0056,0.0629,0.0018,0.0026,0.0652,0.0655,0.0656,0.0152,0.0070,0.0650,-0.0173
WINA,0.1338,0.1396,0.1661,0.1675,0.1726,0.1686,0.2497,0.1677,0.1686,0.2498,0.2516,0.2534,0.1722,0.1735,0.2511,Consumer Discretionary,Other Specialty Stores,1305349041.0000,0.0014,0.0065,0.0025,0.0835,0.0015,0.0024,0.0837,0.0855,0.0872,0.0061,0.0073,0.0850,0.0323
WING,0.1745,0.1764,0.1922,0.1979,0.1946,0.1948,0.2477,0.2044,0.1962,0.2489,0.2486,0.2498,0.1999,0.1955,0.2486,Consumer Discretionary,Restaurants,3823722767.0000,0.0057,0.0024,0.0026,0.0555,0.0122,0.0040,0.0567,0.0564,0.0576,0.0077,0.0033,0.0564,0.0177
WK,0.2032,0.2175,0.2286,0.2344,0.2308,0.2340,0.3202,0.2339,0.2314,0.3217,0.3223,0.3259,0.2438,0.2361,0.3215,Technology,Computer Software: Prepackaged Software,2823363794.0000,0.0058,0.0022,0.0054,0.0916,0.0053,0.0028,0.0931,0.0938,0.0973,0.0152,0.0075,0.0929,0.0253
WKC,0.2534,0.2585,0.2376,0.2415,0.2444,0.2426,0.2974,0.2460,0.2394,0.2987,0.3002,0.3001,0.2413,0.2514,0.3027,Energy,Oil Refining/Marketing,1514985805.0000,0.0039,0.0067,0.0050,0.0598,0.0083,0.0018,0.0610,0.0626,0.0624,0.0036,0.0138,0.0650,-0.0158
WLDN,0.0843,0.0868,0.1363,0.1403,0.1456,0.1404,0.1882,0.1379,0.1384,0.1899,0.1890,0.1919,0.1497,0.1428,0.1926,Consumer Discretionary,Military/Government/Technical,1413597191.0000,0.0040,0.0093,0.0040,0.0519,0.0015,0.0021,0.0536,0.0527,0.0555,0.0134,0.0065,0.0562,0.0521
WLFC,0.0867,0.0876,0.1155,0.1195,0.1244,0.1226,0.1544,0.1243,0.1172,0.1563,0.1551,0.1571,0.1242,0.1221,0.1622,Consumer Discretionary,Industrial Specialties,1401268623.0000,0.0040,0.0089,0.0071,0.0388,0.0087,0.0017,0.0407,0.0396,0.0416,0.0087,0.0066,0.0467,0.0288
WLK,0.3697,0.3737,0.3945,0.3979,0.4095,0.4037,0.4072,0.4037,0.3966,0.4103,0.4083,0.4142,0.4305,0.4161,0.4148,Industrials,Major Chemicals,11351692838.0000,0.0034,0.0150,0.0092,0.0127,0.0092,0.0021,0.0158,0.0138,0.0197,0.0360,0.0216,0.0203,0.0248
WLKP,0.1233,0.1266,0.1491,0.1521,0.1560,0.1509,0.2081,0.1556,0.1518,0.2100,0.2094,0.2127,0.1583,0.1596,0.2129,Industrials,Major Chemicals,793032278.0000,0.0029,0.0069,0.0018,0.0589,0.0065,0.0026,0.0609,0.0603,0.0635,0.0092,0.0105,0.0638,0.0258
WLY,0.2866,0.2927,0.2552,0.2585,0.2582,0.2586,0.2500,0.2593,0.2581,0.2509,0.2504,0.2526,0.2641,0.2608,0.2517,Consumer Discretionary,Books,2173015651.0000,0.0033,0.0030,0.0033,-0.0052,0.0041,0.0029,-0.0043,-0.0048,-0.0026,0.0089,0.0056,-0.0035,-0.0314
WMG,0.1836,0.1872,0.1948,0.1950,0.1981,0.1984,0.1948,0.1953,0.1952,0.1961,0.1958,0.1963,0.2056,0.2021,0.2043,Consumer Discretionary,Services-Misc. Amusement & Recreation,18110491132.0000,0.0003,0.0033,0.0036,0.0000,0.0005,0.0005,0.0013,0.0011,0.0015,0.0109,0.0073,0.0095,0.0111
WM,0.3582,0.3607,0.3263,0.3304,0.3260,0.3293,0.3315,0.3291,0.3293,0.3323,0.3336,0.3360,0.3336,0.3278,0.3350,Utilities,Environmental Services,87503356361.0000,0.0042,-0.0003,0.0030,0.0052,0.0029,0.0031,0.0060,0.0073,0.0097,0.0073,0.0016,0.0087,-0.0319
WLYB,0.1493,0.1497,0.0891,0.0931,0.0882,0.0910,0.0645,0.0921,0.0912,0.0651,0.0646,0.0672,0.0957,0.0913,0.0654,Consumer Discretionary,Books,2115020665.0000,0.0039,-0.0010,0.0019,-0.0247,0.0030,0.0021,-0.0240,-0.0245,-0.0220,0.0066,0.0021,-0.0237,-0.0602
WMB,0.3445,0.3467,0.3468,0.3507,0.3507,0.3532,0.3680,0.3541,0.3603,0.3688,0.3688,0.3732,0.3559,0.3637,0.3720,Utilities,Natural Gas Distribution,95968673855.0000,0.0039,0.0039,0.0064,0.0212,0.0073,0.0135,0.0220,0.0220,0.0264,0.0091,0.0169,0.0252,0.0023
WMK,0.2003,0.2027,0.1229,0.1220,0.1167,0.1241,0.0965,0.1257,0.1240,0.0968,0.0961,0.1000,0.1211,0.1192,0.1021,Consumer Staples,Food Chains,1789034363.0000,-0.0008,-0.0062,0.0012,-0.0264,0.0028,0.0011,-0.0261,-0.0268,-0.0229,-0.0017,-0.0036,-0.0208,-0.0774
WMS,0.2517,0.2522,0.2673,0.2680,0.2697,0.2701,0.3395,0.2696,0.2704,0.3409,0.3407,0.3402,0.2769,0.2735,0.3416,Consumer Discretionary,Containers/Packaging,10360112805.0000,0.0007,0.0024,0.0029,0.0723,0.0023,0.0031,0.0736,0.0735,0.0729,0.0097,0.0062,0.0743,0.0155
WMT,0.2247,0.2259,0.2141,0.2197,0.2091,0.2175,0.1967,0.2151,0.2162,0.1971,0.1974,0.2000,0.2149,0.2084,0.2028,Consumer Discretionary,Department/Specialty Retail Stores,958840848795.0000,0.0056,-0.0050,0.0034,-0.0174,0.0010,0.0020,-0.0170,-0.0167,-0.0141,0.0008,-0.0058,-0.0113,-0.0106
WNEB,0.2045,0.2118,0.1613,0.1651,0.1612,0.1649,0.1968,0.1695,0.1631,0.1974,0.1980,0.1971,0.1632,0.1632,0.1987,Finance,Savings Institutions,269476468.0000,0.0038,-0.0000,0.0036,0.0356,0.0082,0.0018,0.0361,0.0367,0.0358,0.0019,0.0019,0.0374,-0.0433
WNC,0.2582,0.2568,0.2343,0.2409,0.2394,0.2435,0.2543,0.2441,0.2369,0.2550,0.2548,0.2565,0.2422,0.2423,0.2605,Industrials,Construction/Ag Equipment/Trucks,316036724.0000,0.0066,0.0051,0.0092,0.0200,0.0097,0.0025,0.0207,0.0204,0.0221,0.0078,0.0079,0.0261,-0.0238
WOR,0.3823,0.3823,0.3206,0.3257,0.3397,0.3267,0.3512,0.3296,0.3224,0.3522,0.3522,0.3588,0.3393,0.3371,0.3547,Industrials,Steel/Iron Ore,2715810089.0000,0.0051,0.0192,0.0061,0.0306,0.0090,0.0018,0.0316,0.0316,0.0382,0.0187,0.0165,0.0341,-0.0617
WPC,0.2438,0.2501,0.2738,0.2828,0.2738,0.2846,0.3233,0.2910,0.2788,0.3257,0.3257,0.3263,0.2794,0.2744,0.3281,Real Estate,Real Estate Investment Trusts,16589608540.0000,0.0091,0.0001,0.0109,0.0495,0.0172,0.0050,0.0519,0.0519,0.0526,0.0057,0.0006,0.0543,0.0299
WRB,0.3537,0.3606,0.3430,0.3479,0.3442,0.3480,0.3452,0.3500,0.3462,0.3461,0.3508,0.3477,0.3499,0.3442,0.3468,Finance,Property-Casualty Insurers,25143570479.0000,0.0050,0.0013,0.0050,0.0022,0.0071,0.0032,0.0031,0.0078,0.0047,0.0069,0.0013,0.0039,-0.0107
WRLD,0.2016,0.2063,0.1649,0.1665,0.1594,0.1709,0.2140,0.1679,0.1655,0.2160,0.2137,0.2152,0.1637,0.1581,0.2185,Finance,Finance: Consumer Services,789481005.0000,0.0016,-0.0055,0.0060,0.0491,0.0030,0.0005,0.0510,0.0488,0.0502,-0.0012,-0.0069,0.0536,-0.0366
WSBF,0.1683,0.1707,0.1892,0.1912,0.1852,0.1992,0.2043,0.2028,0.1913,0.2056,0.2055,0.2056,0.1889,0.1885,0.2059,Finance,Savings Institutions,330912993.0000,0.0020,-0.0040,0.0100,0.0151,0.0136,0.0021,0.0164,0.0163,0.0164,-0.0003,-0.0007,0.0167,0.0209
WSBC,0.3447,0.3497,0.3161,0.3236,0.3164,0.3293,0.3316,0.3406,0.3180,0.3328,0.3380,0.3335,0.3184,0.3207,0.3339,Finance,Major Banks,3324000154.0000,0.0074,0.0003,0.0132,0.0155,0.0244,0.0019,0.0167,0.0219,0.0174,0.0022,0.0046,0.0178,-0.0286
WSC,0.2462,0.2533,0.3013,0.3055,0.3028,0.3108,0.3789,0.3030,0.3034,0.3802,0.3822,0.3831,0.3087,0.3083,0.3850,Industrials,Misc Corporate Leasing Services,4485048146.0000,0.0042,0.0015,0.0095,0.0776,0.0016,0.0021,0.0788,0.0809,0.0818,0.0074,0.0069,0.0837,0.0552
WSFS,0.3111,0.3199,0.3155,0.3224,0.3154,0.3259,0.3409,0.3329,0.3175,0.3416,0.3448,0.3429,0.3165,0.3144,0.3445,Finance,Major Banks,3731037658.0000,0.0068,-0.0001,0.0104,0.0254,0.0174,0.0020,0.0261,0.0293,0.0274,0.0010,-0.0011,0.0290,0.0044
WSM,0.2469,0.2466,0.2344,0.2359,0.2356,0.2397,0.2998,0.2389,0.2380,0.3002,0.2998,0.3023,0.2385,0.2379,0.3012,Consumer Discretionary,Home Furnishings,22665463975.0000,0.0016,0.0012,0.0053,0.0655,0.0046,0.0036,0.0658,0.0655,0.0680,0.0041,0.0036,0.0668,-0.0125
WSO,0.3172,0.3214,0.2959,0.3009,0.2983,0.2982,0.3263,0.2975,0.2982,0.3270,0.3301,0.3295,0.2992,0.3000,0.3302,Consumer Discretionary,Industrial Machinery/Components,15253487031.0000,0.0050,0.0025,0.0023,0.0304,0.0016,0.0023,0.0311,0.0342,0.0336,0.0033,0.0042,0.0343,-0.0213
WSR,0.2219,0.2309,0.2411,0.2477,0.2466,0.2492,0.2938,0.2528,0.2435,0.2954,0.2949,0.2954,0.2489,0.2469,0.3054,Real Estate,Real Estate Investment Trusts,975971623.0000,0.0066,0.0055,0.0080,0.0527,0.0117,0.0024,0.0543,0.0538,0.0543,0.0077,0.0057,0.0643,0.0192
WST,0.3175,0.3192,0.2886,0.2933,0.2920,0.2905,0.3118,0.2942,0.2915,0.3136,0.3140,0.3138,0.2939,0.2919,0.3154,Health Care,Medical/Dental Instruments,22354312010.0000,0.0047,0.0035,0.0020,0.0232,0.0056,0.0029,0.0250,0.0254,0.0252,0.0053,0.0034,0.0268,-0.0289
WT,0.2287,0.2357,0.3233,0.3270,0.3348,0.3291,0.3538,0.3278,0.3253,0.3549,0.3563,0.3548,0.3425,0.3389,0.3584,Finance,Investment Bankers/Brokers/Service,2918119374.0000,0.0036,0.0115,0.0058,0.0305,0.0044,0.0019,0.0315,0.0329,0.0314,0.0192,0.0156,0.0351,0.0947
WTBA,0.2709,0.2754,0.2648,0.2685,0.2770,0.2718,0.2908,0.2780,0.2665,0.2915,0.2949,0.2929,0.2727,0.2722,0.2916,Finance,Major Banks,402714589.0000,0.0037,0.0122,0.0071,0.0260,0.0133,0.0017,0.0267,0.0301,0.0281,0.0079,0.0074,0.0268,-0.0061
WTFC,0.3793,0.3821,0.3815,0.3928,0.3828,0.3970,0.3948,0.4117,0.3836,0.3953,0.3999,0.3955,0.3856,0.3858,0.3984,Finance,Major Banks,10109744147.0000,0.0113,0.0013,0.0155,0.0133,0.0302,0.0021,0.0138,0.0184,0.0140,0.0041,0.0043,0.0169,0.0022
WTI,0.2465,0.2469,0.3597,0.3640,0.3677,0.3647,0.3766,0.3617,0.3704,0.3784,0.3807,0.3813,0.3744,0.3831,0.3795,Energy,Oil & Gas Production,659085202.0000,0.0043,0.0080,0.0051,0.0170,0.0021,0.0107,0.0188,0.0210,0.0216,0.0147,0.0235,0.0198,0.1132
WTM,0.2005,0.2048,0.1538,0.1589,0.1524,0.1552,0.1599,0.1568,0.1557,0.1600,0.1610,0.1606,0.1529,0.1539,0.1609,Finance,Property-Casualty Insurers,5317038990.0000,0.0052,-0.0014,0.0014,0.0061,0.0030,0.0019,0.0062,0.0072,0.0068,-0.0009,0.0001,0.0071,-0.0467
WTRG,0.2802,0.2858,0.2597,0.2686,0.2629,0.2660,0.3447,0.2750,0.2617,0.3450,0.3461,0.3486,0.2663,0.2606,0.3462,Utilities,Water Supply,10619218884.0000,0.0089,0.0032,0.0063,0.0850,0.0152,0.0020,0.0853,0.0864,0.0889,0.0066,0.0009,0.0865,-0.0204
WTS,0.4199,0.4166,0.3983,0.3996,0.4021,0.4040,0.4438,0.4007,0.4011,0.4440,0.4446,0.4468,0.4070,0.4072,0.4465,Industrials,Metal Fabrications,10098740772.0000,0.0013,0.0038,0.0058,0.0456,0.0024,0.0029,0.0457,0.0463,0.0485,0.0087,0.0090,0.0483,-0.0216
WTTR,0.1551,0.1614,0.2756,0.2879,0.2876,0.2812,0.2915,0.2837,0.2827,0.2930,0.2931,0.2980,0.2836,0.3009,0.2983,Energy,Oilfield Services/Equipment,2663431975.0000,0.0123,0.0120,0.0055,0.0159,0.0081,0.0071,0.0174,0.0174,0.0223,0.0080,0.0253,0.0226,0.1205
WU,0.3247,0.3287,0.3140,0.3160,0.3173,0.3186,0.2739,0.3201,0.3169,0.2748,0.2755,0.2765,0.3227,0.3207,0.2778,Consumer Discretionary,Business Services,2615081820.0000,0.0020,0.0033,0.0046,-0.0401,0.0061,0.0029,-0.0392,-0.0385,-0.0375,0.0087,0.0067,-0.0362,-0.0107
WULF,0.0195,0.0246,0.0360,0.0365,0.0412,0.0363,0.0595,0.0351,0.0377,0.0612,0.0610,0.0588,0.0451,0.0393,0.0643,Technology,EDP Services,11308054959.0000,0.0006,0.0052,0.0003,0.0235,-0.0008,0.0018,0.0253,0.0251,0.0229,0.0091,0.0033,0.0283,0.0164
WWD,0.4047,0.4101,0.3532,0.3563,0.3588,0.3596,0.4041,0.3581,0.3555,0.4056,0.4056,0.4103,0.3605,0.3652,0.4102,Energy,Industrial Machinery/Components,20935034041.0000,0.0032,0.0057,0.0064,0.0510,0.0049,0.0024,0.0524,0.0524,0.0571,0.0074,0.0120,0.0570,-0.0516
WWW,0.2625,0.2611,0.2395,0.2464,0.2422,0.2449,0.2783,0.2445,0.2410,0.2793,0.2793,0.2827,0.2419,0.2406,0.2808,Consumer Discretionary,Shoe Manufacturing,1345448368.0000,0.0069,0.0027,0.0054,0.0388,0.0050,0.0015,0.0398,0.0398,0.0432,0.0024,0.0011,0.0413,-0.0230
WY,0.3970,0.4000,0.3962,0.3994,0.3994,0.4004,0.4857,0.4040,0.3973,0.4868,0.4878,0.4869,0.4028,0.3986,0.4909,Real Estate,Real Estate Investment Trusts,17059877380.0000,0.0032,0.0032,0.0042,0.0895,0.0078,0.0011,0.0906,0.0916,0.0907,0.0066,0.0024,0.0947,-0.0008
WYNN,0.2873,0.2913,0.2546,0.2608,0.2630,0.2624,0.2912,0.2595,0.2572,0.2923,0.2942,0.3004,0.2867,0.2689,0.3013,Consumer Discretionary,Hotels/Resorts,10092221528.0000,0.0062,0.0084,0.0078,0.0366,0.0049,0.0027,0.0377,0.0396,0.0458,0.0321,0.0143,0.0467,-0.0327
XEL,0.2799,0.2866,0.2255,0.2392,0.2249,0.2365,0.2793,0.2484,0.2276,0.2797,0.2813,0.2840,0.2412,0.2255,0.2797,Utilities,Power Generation,50615775925.0000,0.0136,-0.0007,0.0109,0.0538,0.0229,0.0020,0.0542,0.0557,0.0585,0.0157,-0.0001,0.0542,-0.0543
XERS,0.1217,0.1264,0.1285,0.1317,0.1307,0.1316,0.1300,0.1286,0.1310,0.1311,0.1303,0.1340,0.1359,0.1373,0.1324,Health Care,Biotechnology: Pharmaceutical Preparations,1068654320.0000,0.0033,0.0023,0.0032,0.0016,0.0002,0.0026,0.0026,0.0018,0.0056,0.0075,0.0089,0.0040,0.0068
XFLT,0.0785,0.0834,0.0973,0.0984,0.0990,0.0994,0.1156,0.1033,0.1006,0.1160,0.1167,0.1168,0.1002,0.1067,0.1167,Finance,Investment Managers,667517772.0000,0.0011,0.0017,0.0021,0.0183,0.0060,0.0033,0.0187,0.0194,0.0195,0.0029,0.0094,0.0194,0.0188
XFOR,0.0683,0.0716,0.0730,0.0719,0.0792,0.0742,0.0931,0.0741,0.0733,0.0957,0.0977,0.0942,0.0789,0.0879,0.0979,Health Care,Biotechnology: Biological Products (No Diagnostic Substances),381051572.0000,-0.0011,0.0062,0.0012,0.0201,0.0011,0.0003,0.0227,0.0247,0.0212,0.0059,0.0149,0.0249,0.0047
XHR,0.2871,0.2946,0.3127,0.3180,0.3175,0.3203,0.3466,0.3210,0.3171,0.3476,0.3494,0.3501,0.3238,0.3234,0.3529,Consumer Discretionary,Hotels/Resorts,1551574945.0000,0.0053,0.0048,0.0076,0.0339,0.0083,0.0044,0.0349,0.0367,0.0374,0.0111,0.0107,0.0402,0.0256
XIFR,0.1767,0.1847,0.2035,0.2072,0.2039,0.2048,0.2741,0.2141,0.2051,0.2745,0.2757,0.2713,0.2113,0.2217,0.2759,Utilities,Electric Utilities: Central,1105819885.0000,0.0037,0.0004,0.0012,0.0706,0.0106,0.0016,0.0710,0.0722,0.0678,0.0078,0.0182,0.0723,0.0269
XMAX,0.0187,0.0210,0.0285,0.0320,0.0306,0.0277,0.0441,0.0311,0.0321,0.0441,0.0468,0.0425,0.0404,0.0420,0.0446,Consumer Discretionary,Home Furnishings,533623515.0000,0.0036,0.0021,-0.0008,0.0156,0.0026,0.0036,0.0156,0.0184,0.0141,0.0119,0.0135,0.0161,0.0098
XNCR,0.1664,0.1779,0.1878,0.1903,0.1927,0.1899,0.2241,0.1890,0.1947,0.2244,0.2243,0.2256,0.1954,0.1925,0.2270,Health Care,Biotechnology: Pharmaceutical Preparations,838541451.0000,0.0025,0.0049,0.0021,0.0363,0.0012,0.0069,0.0366,0.0365,0.0378,0.0076,0.0047,0.0392,0.0214
XPEL,0.1773,0.1799,0.1882,0.1962,0.1894,0.1914,0.1882,0.1897,0.1909,0.1890,0.1880,0.1898,0.2152,0.1917,0.1896,Industrials,Industrial Specialties,1232251639.0000,0.0080,0.0012,0.0032,0.0000,0.0015,0.0027,0.0008,-0.0002,0.0016,0.0270,0.0035,0.0014,0.0109
XOM,0.4403,0.4446,0.4988,0.5046,0.5000,0.5025,0.4753,0.5050,0.5015,0.4758,0.4766,0.4786,0.5026,0.5090,0.4789,Energy,Integrated oil Companies,642135214337.0000,0.0058,0.0012,0.0037,-0.0235,0.0062,0.0027,-0.0230,-0.0222,-0.0202,0.0038,0.0102,-0.0199,0.0585
XOMA,0.1040,0.1073,0.1039,0.1080,0.1030,0.1059,0.1296,0.1049,0.1052,0.1299,0.1303,0.1319,0.1031,0.1044,0.1303,Health Care,Biotechnology: Pharmaceutical Preparations,522333900.0000,0.0040,-0.0009,0.0019,0.0257,0.0010,0.0013,0.0260,0.0263,0.0280,-0.0008,0.0004,0.0263,-0.0001
XPO,0.1947,0.1970,0.3007,0.3035,0.3113,0.3082,0.4001,0.3056,0.3063,0.4018,0.4006,0.4015,0.3185,0.3162,0.4048,Consumer Discretionary,Transportation Services,23824833345.0000,0.0028,0.0106,0.0075,0.0994,0.0048,0.0056,0.1011,0.0999,0.1008,0.0178,0.0154,0.1040,0.1060
XPRO,0.1619,0.1679,0.2734,0.2813,0.2743,0.2778,0.2672,0.2777,0.2785,0.2682,0.2635,0.2675,0.2813,0.2963,0.2708,Energy,Oilfield Services/Equipment,1806386858.0000,0.0079,0.0009,0.0044,-0.0061,0.0044,0.0051,-0.0051,-0.0098,-0.0059,0.0080,0.0230,-0.0026,0.1115
XRN,0.2050,0.2110,0.2270,0.2300,0.2265,0.2292,0.3267,0.2342,0.2284,0.3281,0.3284,0.3315,0.2307,0.2287,0.3284,Real Estate,Real Estate Investment Trusts,495247339.0000,0.0031,-0.0004,0.0022,0.0997,0.0072,0.0014,0.1011,0.1014,0.1045,0.0037,0.0018,0.1015,0.0220
XRAY,0.3520,0.3560,0.2650,0.2685,0.2668,0.2692,0.2843,0.2701,0.2681,0.2854,0.2871,0.2852,0.2690,0.2663,0.2925,Health Care,Medical/Dental Instruments,2045335433.0000,0.0034,0.0018,0.0042,0.0192,0.0050,0.0031,0.0204,0.0221,0.0202,0.0039,0.0013,0.0275,-0.0870
XRX,0.3595,0.3594,0.3187,0.3216,0.3189,0.3254,0.3323,0.3238,0.3218,0.3336,0.3336,0.3368,0.3276,0.3271,0.3375,Technology,Computer peripheral equipment,379251134.0000,0.0029,0.0002,0.0067,0.0136,0.0051,0.0031,0.0149,0.0149,0.0181,0.0089,0.0084,0.0188,-0.0408
XYL,0.3965,0.4025,0.4561,0.4579,0.4625,0.4606,0.4778,0.4593,0.4579,0.4786,0.4791,0.4800,0.4665,0.4603,0.4805,Industrials,Fluid Controls,26212838408.0000,0.0018,0.0064,0.0046,0.0217,0.0032,0.0018,0.0226,0.0231,0.0239,0.0104,0.0043,0.0244,0.0596
XYZ,0.3268,0.3295,0.3728,0.3768,0.3735,0.3788,0.4115,0.3762,0.3767,0.4133,0.4126,0.4166,0.3965,0.3853,0.4141,Technology,Computer Software: Prepackaged Software,40519922480.0000,0.0040,0.0007,0.0060,0.0387,0.0034,0.0039,0.0405,0.0398,0.0438,0.0237,0.0125,0.0413,0.0460
YETI,0.3329,0.3326,0.3372,0.3413,0.3415,0.3404,0.3547,0.3390,0.3398,0.3560,0.3596,0.3567,0.3489,0.3395,0.3577,Consumer Discretionary,Recreational Games/Products/Toys,3425791366.0000,0.0041,0.0044,0.0032,0.0175,0.0018,0.0026,0.0189,0.0225,0.0195,0.0117,0.0023,0.0206,0.0043
YEXT,0.2096,0.2138,0.2160,0.2176,0.2192,0.2184,0.2510,0.2197,0.2175,0.2523,0.2522,0.2530,0.2323,0.2170,0.2535,Technology,EDP Services,368492862.0000,0.0016,0.0032,0.0024,0.0350,0.0037,0.0015,0.0363,0.0362,0.0370,0.0163,0.0010,0.0375,0.0064
YELP,0.1850,0.1912,0.2179,0.2219,0.2252,0.2219,0.3096,0.2223,0.2218,0.3120,0.3133,0.3163,0.2270,0.2274,0.3133,Consumer Discretionary,Other Consumer Services,1231241863.0000,0.0040,0.0073,0.0040,0.0917,0.0045,0.0040,0.0941,0.0954,0.0985,0.0092,0.0095,0.0954,0.0328
YORW,0.1811,0.1878,0.1766,0.1830,0.1826,0.1794,0.2304,0.1801,0.1812,0.2301,0.2316,0.2352,0.1851,0.1820,0.2319,Utilities,Water Supply,484172956.0000,0.0064,0.0060,0.0028,0.0538,0.0035,0.0046,0.0535,0.0550,0.0586,0.0085,0.0054,0.0553,-0.0045
YUM,0.3475,0.3579,0.3367,0.3399,0.3388,0.3379,0.3845,0.3386,0.3427,0.3851,0.3866,0.3905,0.3416,0.3364,0.3860,Consumer Discretionary,Restaurants,42762629490.0000,0.0032,0.0021,0.0012,0.0478,0.0019,0.0060,0.0484,0.0499,0.0538,0.0049,-0.0004,0.0493,-0.0108
YUMC,0.1617,0.1682,0.1736,0.1765,0.1864,0.1766,0.1885,0.1740,0.1770,0.1941,0.1896,0.1900,0.2127,0.1803,0.2039,Consumer Discretionary,Restaurants,15558006852.0000,0.0029,0.0128,0.0031,0.0149,0.0004,0.0034,0.0205,0.0161,0.0164,0.0392,0.0067,0.0303,0.0118
Z,0.1881,0.2019,0.2176,0.2215,0.2189,0.2198,0.2944,0.2239,0.2196,0.2960,0.2963,0.3036,0.2407,0.2217,0.2979,Consumer Discretionary,Business Services,8314657775.0000,0.0038,0.0013,0.0021,0.0768,0.0063,0.0020,0.0783,0.0786,0.0859,0.0230,0.0041,0.0803,0.0296
ZBRA,0.3554,0.3540,0.3524,0.3547,0.3575,0.3559,0.4817,0.3549,0.3540,0.4820,0.4824,0.4828,0.3672,0.3588,0.4824,Industrials,Industrial Machinery/Components,12172713326.0000,0.0022,0.0050,0.0035,0.1293,0.0025,0.0015,0.1296,0.1300,0.1303,0.0148,0.0064,0.1300,-0.0030
ZBH,0.3351,0.3364,0.3371,0.3420,0.3457,0.3406,0.3618,0.3413,0.3418,0.3627,0.3633,0.3651,0.3461,0.3478,0.3644,Health Care,Industrial Specialties,16541042211.0000,0.0049,0.0086,0.0036,0.0247,0.0042,0.0047,0.0256,0.0263,0.0280,0.0090,0.0108,0.0273,0.0020
ZG,0.1614,0.1716,0.2005,0.2039,0.2037,0.2033,0.3052,0.2056,0.2021,0.3065,0.3067,0.3142,0.2214,0.2063,0.3088,Consumer Discretionary,Business Services,8438210753.0000,0.0034,0.0032,0.0028,0.1047,0.0051,0.0016,0.1060,0.1062,0.1137,0.0209,0.0058,0.1083,0.0391
ZD,0.3023,0.3078,0.3234,0.3262,0.3265,0.3262,0.3459,0.3258,0.3260,0.3466,0.3470,0.3475,0.3360,0.3309,0.3508,Telecommunications,Telecommunications Equipment,1609706980.0000,0.0029,0.0032,0.0028,0.0225,0.0025,0.0027,0.0233,0.0237,0.0242,0.0127,0.0076,0.0274,0.0210
ZION,0.3955,0.3978,0.3934,0.4099,0.3965,0.4138,0.3762,0.4300,0.3947,0.3765,0.3825,0.3767,0.4010,0.3994,0.3780,Finance,Major Banks,9137343672.0000,0.0165,0.0032,0.0204,-0.0172,0.0367,0.0013,-0.0168,-0.0109,-0.0167,0.0077,0.0060,-0.0154,-0.0021
ZNTL,0.1572,0.1634,0.1675,0.1714,0.1738,0.1709,0.1676,0.1681,0.1710,0.1720,0.1698,0.1699,0.1854,0.1864,0.1690,Health Care,Biotechnology: Pharmaceutical Preparations,289016573.0000,0.0039,0.0063,0.0034,0.0001,0.0005,0.0035,0.0045,0.0023,0.0024,0.0179,0.0189,0.0015,0.0103
ZIONP,0.0362,0.0381,0.0299,0.0324,0.0310,0.0340,0.0411,0.0332,0.0316,0.0403,0.0410,0.0423,0.0393,0.0450,0.0409,Finance,Major Banks,2806526578.0000,0.0025,0.0012,0.0041,0.0113,0.0034,0.0017,0.0105,0.0112,0.0125,0.0094,0.0151,0.0111,-0.0064
ZM,0.1756,0.1866,0.1916,0.2043,0.1977,0.1977,0.1976,0.2009,0.1942,0.1967,0.1991,0.2000,0.2194,0.1952,0.1994,Technology,Computer Software: Programming Data Processing,31065725409.0000,0.0128,0.0062,0.0061,0.0061,0.0094,0.0026,0.0051,0.0075,0.0085,0.0278,0.0036,0.0078,0.0160
ZS,0.2110,0.2185,0.2224,0.2271,0.2253,0.2325,0.2309,0.2371,0.2250,0.2319,0.2336,0.2317,0.2349,0.2280,0.2344,Technology,EDP Services,29323400506.0000,0.0048,0.0029,0.0102,0.0086,0.0147,0.0026,0.0095,0.0113,0.0094,0.0126,0.0057,0.0120,0.0114
ZTS,0.3385,0.3462,0.3930,0.3950,0.3958,0.3947,0.4423,0.3965,0.3955,0.4431,0.4444,0.4471,0.3944,0.3949,0.4431,Health Care,Biotechnology: Pharmaceutical Preparations,34091630556.0000,0.0020,0.0028,0.0017,0.0493,0.0035,0.0026,0.0501,0.0514,0.0542,0.0014,0.0019,0.0501,0.0545
ZUMZ,0.1680,0.1665,0.1612,0.1671,0.1614,0.1664,0.2487,0.1663,0.1646,0.2490,0.2510,0.2514,0.1628,0.1637,0.2513,Consumer Discretionary,Clothing/Shoe/Accessory Stores,413274542.0000,0.0059,0.0002,0.0051,0.0874,0.0051,0.0034,0.0877,0.0897,0.0902,0.0016,0.0025,0.0900,-0.0068
ZYME,0.0915,0.1004,0.1019,0.1048,0.1042,0.1037,0.1132,0.1052,0.1033,0.1151,0.1137,0.1171,0.1171,0.1139,0.1158,Health Care,Biotechnology: Pharmaceutical Preparations,1870120592.0000,0.0029,0.0023,0.0018,0.0113,0.0033,0.0014,0.0132,0.0118,0.0152,0.0152,0.0120,0.0139,0.0104
ZVRA,0.0426,0.0446,0.0555,0.0581,0.0560,0.0575,0.0630,0.0576,0.0598,0.0640,0.0642,0.0672,0.0618,0.0738,0.0634,Health Care,Biotechnology: Pharmaceutical Preparations,592924293.0000,0.0025,0.0005,0.0019,0.0074,0.0021,0.0043,0.0085,0.0087,0.0116,0.0063,0.0183,0.0079,0.0129
ZWS,0.3403,0.3477,0.4004,0.4023,0.4044,0.4133,0.4173,0.4148,0.4018,0.4179,0.4190,0.4192,0.4236,0.4086,0.4179,Industrials,Industrial Machinery/Components,8009851824.0000,0.0019,0.0040,0.0129,0.0169,0.0144,0.0014,0.0175,0.0185,0.0188,0.0232,0.0082,0.0174,0.0602
