symbol,factor,n_obs,contemp_beta,contemp_se,contemp_t,lead_beta,lead_se,lead_t,lag_beta,lag_se,lag_t
AAPL,biotech,1255,-0.0120,0.0538,-0.2225,-0.0016,0.0538,-0.0295,-0.1311,0.0536,-2.4446
AAPL,china_a_shares,1255,0.0183,0.0370,0.4942,-0.0571,0.0370,-1.5434,-0.0868,0.0369,-2.3509
AAPL,china_exposure,1255,0.0051,0.0317,0.1610,-0.0154,0.0317,-0.4851,-0.0666,0.0317,-2.1054
AAPL,copper,1255,-0.0545,0.0403,-1.3515,-0.0513,0.0403,-1.2720,0.0245,0.0404,0.6061
AAPL,credit_hy_spread,1255,-0.3228,0.1134,-2.8467,-0.0607,0.1138,-0.5336,-0.3174,0.1135,-2.7967
AAPL,defense,1255,-0.0364,0.0626,-0.5810,0.1219,0.0625,1.9499,0.0667,0.0627,1.0645
AAPL,energy_oil,1255,-0.0405,0.0206,-1.9623,-0.0172,0.0207,-0.8335,0.0204,0.0207,0.9865
AAPL,gold,1255,0.0111,0.0583,0.1905,0.0256,0.0583,0.4399,0.0805,0.0583,1.3806
AAPL,growth,1255,-0.1790,0.3343,-0.5355,0.5114,0.3342,1.5305,-0.5592,0.3341,-1.6737
AAPL,inflation,1255,-0.2510,0.1722,-1.4573,-0.0742,0.1725,-0.4305,-0.1555,0.1724,-0.9018
AAPL,lithium,1255,0.0019,0.0338,0.0566,0.0090,0.0338,0.2648,0.0617,0.0338,1.8273
AAPL,market_beta,1255,1.1898,0.0259,46.0109,-0.2076,0.0420,-4.9396,-0.2302,0.0419,-5.4921
AAPL,momentum,1255,0.1422,0.0814,1.7466,0.0185,0.0815,0.2273,-0.0298,0.0816,-0.3658
AAPL,natural_gas,1255,-0.0099,0.0146,-0.6799,-0.0059,0.0147,-0.4021,0.0098,0.0146,0.6732
AAPL,quality,1255,-0.6744,0.2506,-2.6909,0.0314,0.2514,0.1250,0.7410,0.2505,2.9575
AAPL,rates,1255,0.1208,0.1128,1.0714,0.1736,0.1128,1.5390,0.3496,0.1125,3.1079
AAPL,rates_30y,1255,0.0514,0.0504,1.0211,0.0715,0.0504,1.4183,0.1465,0.0503,2.9137
AAPL,semiconductors,1255,0.0818,0.0444,1.8411,0.0797,0.0444,1.7946,-0.0988,0.0444,-2.2248
AAPL,uranium,1255,-0.0390,0.0265,-1.4720,0.0069,0.0265,0.2593,0.0018,0.0265,0.0673
AAPL,usd_strength,1255,0.0289,0.1219,0.2373,-0.2069,0.1218,-1.6987,-0.7120,0.1203,-5.9190
AAPL,value,1255,-1.2596,0.1103,-11.4222,-0.3317,0.1155,-2.8709,-0.0860,0.1159,-0.7421
AAPL,volatility,1255,0.0035,0.0101,0.3482,-0.0288,0.0101,-2.8517,0.0075,0.0101,0.7372
AAPL,xl_consumer_defensive,1255,-0.1527,0.0804,-1.8983,-0.2326,0.0803,-2.8958,-0.1717,0.0804,-2.1352
AAPL,xl_financials,1255,-0.0826,0.1112,-0.7431,-0.0777,0.1112,-0.6981,0.1340,0.1112,1.2051
AAPL,xl_healthcare,1255,-0.2671,0.0865,-3.0856,-0.2950,0.0865,-3.4103,-0.0970,0.0869,-1.1163
AAPL,xl_industrials,1255,-0.1608,0.1271,-1.2651,0.1635,0.1271,1.2856,0.3513,0.1269,2.7682
AAPL,xl_real_estate,1255,-0.2297,0.0585,-3.9293,-0.0303,0.0588,-0.5143,-0.0444,0.0589,-0.7548
AAPL,xl_utilities,1255,-0.1745,0.0510,-3.4233,-0.0903,0.0512,-1.7653,-0.0855,0.0512,-1.6718
ADBE,biotech,1255,0.1954,0.0663,2.9466,-0.0042,0.0666,-0.0624,-0.0590,0.0666,-0.8864
ADBE,china_a_shares,1255,-0.0091,0.0458,-0.1990,-0.0327,0.0458,-0.7131,-0.0535,0.0458,-1.1673
ADBE,china_exposure,1255,-0.0219,0.0392,-0.5595,0.0210,0.0392,0.5349,-0.0054,0.0393,-0.1384
ADBE,copper,1255,-0.1108,0.0499,-2.2220,0.0061,0.0500,0.1224,0.0546,0.0500,1.0934
ADBE,credit_hy_spread,1255,-0.4487,0.1403,-3.1994,-0.3071,0.1406,-2.1843,-0.4234,0.1404,-3.0154
ADBE,defense,1255,-0.0635,0.0774,-0.8199,0.0961,0.0775,1.2407,-0.0791,0.0776,-1.0191
ADBE,energy_oil,1255,-0.0600,0.0255,-2.3515,-0.0176,0.0256,-0.6887,0.0073,0.0256,0.2865
ADBE,gold,1255,0.0133,0.0721,0.1846,0.0137,0.0721,0.1900,0.0945,0.0722,1.3097
ADBE,growth,1255,1.6012,0.4113,3.8930,0.2031,0.4140,0.4906,-0.1770,0.4140,-0.4275
ADBE,inflation,1255,-0.5075,0.2129,-2.3839,-0.0477,0.2135,-0.2233,-0.1230,0.2135,-0.5761
ADBE,lithium,1255,-0.0856,0.0418,-2.0484,0.0557,0.0418,1.3319,0.0954,0.0418,2.2839
ADBE,market_beta,1255,1.2776,0.0381,33.5197,-0.3149,0.0518,-6.0835,-0.2107,0.0522,-4.0386
ADBE,momentum,1255,0.4363,0.1001,4.3577,0.0072,0.1009,0.0709,-0.1855,0.1008,-1.8397
ADBE,natural_gas,1255,-0.0054,0.0181,-0.2982,-0.0187,0.0182,-1.0265,0.0009,0.0181,0.0519
ADBE,quality,1255,0.7566,0.3104,2.4376,0.3055,0.3111,0.9820,0.9923,0.3100,3.2010
ADBE,rates,1255,0.3034,0.1394,2.1770,0.2838,0.1395,2.0342,0.4329,0.1392,3.1086
ADBE,rates_30y,1255,0.1516,0.0622,2.4361,0.1196,0.0623,1.9199,0.1665,0.0623,2.6740
ADBE,semiconductors,1255,0.2381,0.0546,4.3579,0.0611,0.0550,1.1107,-0.1816,0.0548,-3.3105
ADBE,uranium,1255,0.0045,0.0328,0.1357,0.0223,0.0328,0.6781,0.0258,0.0328,0.7871
ADBE,usd_strength,1255,0.2776,0.1507,1.8421,-0.4862,0.1503,-3.2337,-0.9797,0.1484,-6.6006
ADBE,value,1255,-1.7132,0.1350,-12.6889,-0.1920,0.1434,-1.3394,0.0222,0.1435,0.1546
ADBE,volatility,1255,-0.0109,0.0125,-0.8714,-0.0298,0.0125,-2.3851,0.0013,0.0126,0.1041
ADBE,xl_consumer_defensive,1255,-0.4678,0.0988,-4.7333,-0.2471,0.0995,-2.4832,-0.2341,0.0995,-2.3522
ADBE,xl_financials,1255,0.0096,0.1377,0.0700,-0.1116,0.1377,-0.8103,0.1703,0.1376,1.2374
ADBE,xl_healthcare,1255,-0.3798,0.1070,-3.5494,-0.1345,0.1075,-1.2511,-0.1507,0.1075,-1.4021
ADBE,xl_industrials,1255,-0.2983,0.1572,-1.8972,0.2586,0.1573,1.6435,0.2647,0.1574,1.6815
ADBE,xl_real_estate,1255,-0.3434,0.0722,-4.7591,-0.0596,0.0728,-0.8188,-0.0689,0.0729,-0.9460
ADBE,xl_utilities,1255,-0.4185,0.0623,-6.7213,-0.1038,0.0633,-1.6389,-0.1280,0.0633,-2.0218
AMD,biotech,1255,0.2023,0.0888,2.2787,0.0001,0.0890,0.0015,-0.1276,0.0889,-1.4354
AMD,china_a_shares,1255,0.0539,0.0612,0.8797,-0.0285,0.0613,-0.4660,-0.0930,0.0612,-1.5199
AMD,china_exposure,1255,0.0871,0.0524,1.6625,0.0150,0.0525,0.2860,-0.1090,0.0524,-2.0803
AMD,copper,1255,0.0042,0.0668,0.0627,0.0462,0.0668,0.6919,0.0797,0.0668,1.1939
AMD,credit_hy_spread,1255,-0.6653,0.1873,-3.5514,-0.1592,0.1883,-0.8458,-0.4293,0.1880,-2.2840
AMD,defense,1255,-0.1861,0.1034,-1.7987,0.2634,0.1033,2.5492,0.0290,0.1038,0.2798
AMD,energy_oil,1255,-0.0810,0.0341,-2.3738,-0.0149,0.0342,-0.4365,-0.0029,0.0342,-0.0851
AMD,gold,1255,0.2290,0.0962,2.3809,0.0823,0.0964,0.8535,0.2492,0.0963,2.5889
AMD,growth,1255,2.8140,0.5475,5.1400,-0.2777,0.5535,-0.5018,-0.5141,0.5533,-0.9292
AMD,inflation,1255,-0.2978,0.2852,-1.0444,0.3061,0.2853,1.0729,-0.1939,0.2853,-0.6795
AMD,lithium,1255,0.0834,0.0559,1.4917,-0.0199,0.0560,-0.3563,0.1395,0.0558,2.4990
AMD,market_beta,1255,1.5861,0.0540,29.3652,-0.2645,0.0698,-3.7880,-0.1609,0.0701,-2.2961
AMD,momentum,1255,0.8321,0.1328,6.2647,-0.2586,0.1347,-1.9197,-0.1375,0.1349,-1.0187
AMD,natural_gas,1255,0.0107,0.0242,0.4425,0.0442,0.0243,1.8208,-0.0109,0.0242,-0.4494
AMD,quality,1255,0.7113,0.4155,1.7122,-0.4126,0.4159,-0.9920,1.0631,0.4150,2.5619
AMD,rates,1255,0.3610,0.1864,1.9365,0.2698,0.1867,1.4450,0.4305,0.1865,2.3089
AMD,rates_30y,1255,0.2416,0.0831,2.9062,0.1081,0.0834,1.2964,0.2019,0.0833,2.4249
AMD,semiconductors,1255,1.1771,0.0656,17.9293,-0.0971,0.0736,-1.3202,-0.1306,0.0735,-1.7754
AMD,uranium,1255,0.1582,0.0436,3.6260,0.0773,0.0438,1.7643,0.0061,0.0439,0.1396
AMD,usd_strength,1255,-0.4315,0.2014,-2.1423,-0.3691,0.2016,-1.8312,-1.2161,0.1989,-6.1150
AMD,value,1255,-2.0919,0.1824,-11.4676,0.1044,0.1918,0.5443,-0.0295,0.1918,-0.1538
AMD,volatility,1255,-0.0207,0.0168,-1.2377,-0.0358,0.0167,-2.1385,0.0127,0.0168,0.7564
AMD,xl_consumer_defensive,1255,-1.0739,0.1298,-8.2732,-0.0634,0.1334,-0.4751,-0.2970,0.1331,-2.2317
AMD,xl_financials,1255,-0.1503,0.1840,-0.8167,0.0033,0.1841,0.0177,-0.0479,0.1841,-0.2601
AMD,xl_healthcare,1255,-0.9276,0.1414,-6.5621,-0.1856,0.1437,-1.2910,-0.0095,0.1438,-0.0662
AMD,xl_industrials,1255,-0.2022,0.2104,-0.9608,0.1359,0.2105,0.6455,0.4326,0.2103,2.0572
AMD,xl_real_estate,1255,-0.6678,0.0955,-6.9927,0.1282,0.0973,1.3173,-0.0300,0.0974,-0.3079
AMD,xl_utilities,1255,-0.6830,0.0825,-8.2783,0.0538,0.0847,0.6351,-0.0967,0.0847,-1.1421
AMT,biotech,1255,0.1293,0.0518,2.4961,0.0255,0.0520,0.4900,-0.0048,0.0520,-0.0915
AMT,china_a_shares,1255,0.0326,0.0358,0.9106,-0.0453,0.0358,-1.2672,-0.0835,0.0357,-2.3378
AMT,china_exposure,1255,-0.0175,0.0306,-0.5716,-0.0330,0.0306,-1.0780,-0.0419,0.0306,-1.3694
AMT,copper,1255,-0.0385,0.0390,-0.9875,0.0218,0.0390,0.5583,0.0201,0.0390,0.5160
AMT,credit_hy_spread,1255,-0.0785,0.1099,-0.7137,-0.2731,0.1097,-2.4887,0.0469,0.1100,0.4267
AMT,defense,1255,-0.2603,0.0600,-4.3357,0.2049,0.0602,3.4016,-0.0289,0.0606,-0.4768
AMT,energy_oil,1255,-0.0451,0.0199,-2.2591,-0.0264,0.0200,-1.3211,-0.0092,0.0200,-0.4588
AMT,gold,1255,0.2225,0.0560,3.9758,0.1350,0.0562,2.4015,-0.0202,0.0564,-0.3586
AMT,growth,1255,0.5863,0.3227,1.8170,0.1003,0.3233,0.3104,-0.8642,0.3224,-2.6806
AMT,inflation,1255,-0.7158,0.1654,-4.3284,-0.4631,0.1662,-2.7863,-0.1297,0.1667,-0.7780
AMT,lithium,1255,-0.0350,0.0327,-1.0715,0.0538,0.0326,1.6477,0.0608,0.0326,1.8624
AMT,market_beta,1255,0.8535,0.0331,25.7496,-0.1756,0.0407,-4.3123,-0.1789,0.0407,-4.3962
AMT,momentum,1255,-0.0894,0.0787,-1.1358,0.1224,0.0787,1.5543,-0.0783,0.0788,-0.9929
AMT,natural_gas,1255,0.0058,0.0141,0.4074,-0.0030,0.0142,-0.2121,0.0134,0.0141,0.9509
AMT,quality,1255,-0.3409,0.2427,-1.4045,0.4281,0.2427,1.7639,0.6682,0.2423,2.7576
AMT,rates,1255,0.6841,0.1073,6.3757,0.4137,0.1085,3.8128,0.2026,0.1090,1.8588
AMT,rates_30y,1255,0.2462,0.0482,5.1079,0.1676,0.0485,3.4557,0.0619,0.0487,1.2706
AMT,semiconductors,1255,-0.3306,0.0420,-7.8799,0.0601,0.0430,1.3994,-0.0538,0.0430,-1.2508
AMT,uranium,1255,-0.0507,0.0256,-1.9807,0.0542,0.0256,2.1176,-0.0060,0.0256,-0.2334
AMT,usd_strength,1255,-0.1698,0.1177,-1.4419,-0.6674,0.1164,-5.7352,-0.8135,0.1156,-7.0359
AMT,value,1255,0.6311,0.1106,5.7081,-0.1225,0.1120,-1.0941,0.0280,0.1120,0.2499
AMT,volatility,1255,0.0348,0.0097,3.5689,-0.0168,0.0098,-1.7221,0.0041,0.0098,0.4163
AMT,xl_consumer_defensive,1255,0.6848,0.0754,9.0815,-0.1987,0.0777,-2.5575,-0.0015,0.0779,-0.0191
AMT,xl_financials,1255,-0.6153,0.1061,-5.8013,-0.0967,0.1075,-0.8995,0.0122,0.1075,0.1134
AMT,xl_healthcare,1255,0.7427,0.0813,9.1358,-0.1893,0.0838,-2.2580,0.0218,0.0840,0.2591
AMT,xl_industrials,1255,-0.6870,0.1214,-5.6598,0.3164,0.1227,2.5799,0.0489,0.1230,0.3972
AMT,xl_real_estate,1255,1.1552,0.0466,24.8154,-0.0426,0.0569,-0.7499,0.0118,0.0569,0.2074
AMT,xl_utilities,1255,0.6430,0.0460,13.9704,-0.0440,0.0495,-0.8885,0.0123,0.0495,0.2483
AMZN,biotech,1255,0.0199,0.0611,0.3261,0.0967,0.0610,1.5840,-0.0616,0.0611,-1.0088
AMZN,china_a_shares,1255,-0.0284,0.0420,-0.6753,-0.0306,0.0420,-0.7270,-0.0352,0.0420,-0.8375
AMZN,china_exposure,1255,0.0038,0.0360,0.1055,-0.0147,0.0360,-0.4080,-0.0043,0.0360,-0.1203
AMZN,copper,1255,-0.0296,0.0458,-0.6466,-0.0584,0.0458,-1.2738,0.0240,0.0459,0.5237
AMZN,credit_hy_spread,1255,-0.7342,0.1276,-5.7550,-0.0138,0.1293,-0.1069,-0.4160,0.1288,-3.2297
AMZN,defense,1255,-0.0887,0.0711,-1.2477,0.1023,0.0711,1.4392,-0.0679,0.0712,-0.9531
AMZN,energy_oil,1255,-0.0710,0.0234,-3.0323,-0.0383,0.0235,-1.6330,-0.0037,0.0235,-0.1554
AMZN,gold,1255,0.1072,0.0661,1.6209,0.0186,0.0662,0.2805,0.0606,0.0662,0.9152
AMZN,growth,1255,1.2923,0.3780,3.4184,0.6004,0.3796,1.5816,-0.3892,0.3798,-1.0247
AMZN,inflation,1255,-0.4329,0.1955,-2.2146,0.0003,0.1959,0.0016,-0.1757,0.1959,-0.8972
AMZN,lithium,1255,-0.0558,0.0384,-1.4537,-0.0047,0.0384,-0.1235,0.0659,0.0384,1.7161
AMZN,market_beta,1255,1.1029,0.0367,30.0123,-0.1615,0.0480,-3.3645,-0.0913,0.0481,-1.8973
AMZN,momentum,1255,0.1797,0.0925,1.9431,0.1355,0.0925,1.4644,-0.1507,0.0926,-1.6273
AMZN,natural_gas,1255,-0.0077,0.0166,-0.4629,-0.0284,0.0167,-1.7023,0.0048,0.0166,0.2881
AMZN,quality,1255,-1.0778,0.2839,-3.7961,-0.3052,0.2855,-1.0691,0.9862,0.2843,3.4690
AMZN,rates,1255,0.4511,0.1275,3.5375,0.2108,0.1281,1.6452,0.2751,0.1281,2.1487
AMZN,rates_30y,1255,0.1979,0.0570,3.4732,0.0588,0.0573,1.0274,0.1251,0.0572,2.1870
AMZN,semiconductors,1255,0.1736,0.0503,3.4529,0.0563,0.0505,1.1138,-0.1135,0.0504,-2.2499
AMZN,uranium,1255,0.0499,0.0301,1.6606,0.0527,0.0301,1.7505,-0.0118,0.0301,-0.3922
AMZN,usd_strength,1255,-0.2007,0.1384,-1.4497,-0.3269,0.1382,-2.3644,-0.5309,0.1377,-3.8542
AMZN,value,1255,-2.0049,0.1188,-16.8707,-0.0767,0.1317,-0.5822,-0.0455,0.1317,-0.3452
AMZN,volatility,1255,-0.0169,0.0115,-1.4701,-0.0351,0.0115,-3.0638,-0.0040,0.0115,-0.3487
AMZN,xl_consumer_defensive,1255,-0.6617,0.0896,-7.3860,-0.1052,0.0915,-1.1500,-0.1103,0.0915,-1.2053
AMZN,xl_financials,1255,0.1472,0.1263,1.1659,-0.0386,0.1264,-0.3053,0.0687,0.1264,0.5437
AMZN,xl_healthcare,1255,-0.7568,0.0964,-7.8540,-0.1094,0.0987,-1.1088,-0.0102,0.0987,-0.1035
AMZN,xl_industrials,1255,-0.3530,0.1442,-2.4489,0.0028,0.1445,0.0192,0.1345,0.1446,0.9306
AMZN,xl_real_estate,1255,-0.5200,0.0652,-7.9760,0.0144,0.0669,0.2160,-0.0066,0.0669,-0.0982
AMZN,xl_utilities,1255,-0.4994,0.0564,-8.8502,-0.0133,0.0582,-0.2280,-0.0949,0.0581,-1.6324
APD,biotech,1255,-0.0562,0.0517,-1.0861,0.0195,0.0518,0.3767,-0.0008,0.0518,-0.0154
APD,china_a_shares,1255,0.0612,0.0356,1.7196,0.0202,0.0356,0.5670,-0.0810,0.0356,-2.2763
APD,china_exposure,1255,0.0258,0.0305,0.8448,0.0322,0.0305,1.0552,-0.0419,0.0305,-1.3721
APD,copper,1255,0.0892,0.0388,2.3003,0.0149,0.0389,0.3831,0.0848,0.0388,2.1853
APD,credit_hy_spread,1255,0.2242,0.1094,2.0498,-0.2259,0.1094,-2.0656,0.0118,0.1096,0.1072
APD,defense,1255,-0.2305,0.0599,-3.8468,0.1578,0.0601,2.6249,0.0304,0.0604,0.5042
APD,energy_oil,1255,-0.0022,0.0199,-0.1116,-0.0013,0.0199,-0.0672,0.0156,0.0199,0.7842
APD,gold,1255,0.0941,0.0561,1.6789,0.1507,0.0559,2.6941,0.0205,0.0562,0.3643
APD,growth,1255,-0.0273,0.3220,-0.0849,0.2322,0.3219,0.7211,-0.6582,0.3216,-2.0467
APD,inflation,1255,-0.1142,0.1660,-0.6877,-0.3425,0.1658,-2.0661,0.0735,0.1661,0.4423
APD,lithium,1255,0.0969,0.0324,2.9868,0.1181,0.0324,3.6475,0.0488,0.0325,1.5001
APD,market_beta,1255,0.8992,0.0320,28.1094,-0.1684,0.0406,-4.1515,-0.2276,0.0404,-5.6398
APD,momentum,1255,-0.1645,0.0784,-2.0992,0.1457,0.0784,1.8589,-0.0815,0.0785,-1.0384
APD,natural_gas,1255,-0.0051,0.0141,-0.3645,0.0229,0.0141,1.6195,0.0224,0.0141,1.5901
APD,quality,1255,0.0300,0.2421,0.1241,0.0214,0.2421,0.0882,0.6084,0.2415,2.5187
APD,rates,1255,-0.0393,0.1086,-0.3617,0.3732,0.1082,3.4497,0.1658,0.1086,1.5258
APD,rates_30y,1255,-0.0466,0.0485,-0.9604,0.1722,0.0483,3.5665,0.0282,0.0486,0.5810
APD,semiconductors,1255,-0.1666,0.0426,-3.9124,0.1252,0.0427,2.9339,-0.0556,0.0428,-1.2983
APD,uranium,1255,0.0017,0.0255,0.0665,0.0704,0.0254,2.7676,0.0261,0.0255,1.0223
APD,usd_strength,1255,-0.1709,0.1173,-1.4564,-0.5061,0.1165,-4.3425,-0.7659,0.1154,-6.6345
APD,value,1255,0.8878,0.1088,8.1640,-0.0802,0.1116,-0.7188,-0.0266,0.1116,-0.2384
APD,volatility,1255,0.0110,0.0098,1.1259,-0.0243,0.0097,-2.4987,0.0013,0.0098,0.1299
APD,xl_consumer_defensive,1255,0.5054,0.0763,6.6274,-0.2926,0.0771,-3.7932,-0.1224,0.0775,-1.5791
APD,xl_financials,1255,-0.5002,0.1062,-4.7106,0.0540,0.1071,0.5045,0.0591,0.1071,0.5521
APD,xl_healthcare,1255,0.3860,0.0830,4.6532,-0.3405,0.0831,-4.0967,-0.0304,0.0837,-0.3632
APD,xl_industrials,1255,-0.0304,0.1225,-0.2482,0.3344,0.1221,2.7380,-0.0137,0.1226,-0.1116
APD,xl_real_estate,1255,0.3028,0.0560,5.4070,-0.0541,0.0566,-0.9550,0.0136,0.0567,0.2399
APD,xl_utilities,1255,0.3607,0.0482,7.4758,-0.0983,0.0492,-1.9967,-0.0215,0.0493,-0.4360
AVGO,biotech,1255,-0.0406,0.0708,-0.5739,-0.0882,0.0708,-1.2467,-0.1985,0.0706,-2.8110
AVGO,china_a_shares,1255,0.0471,0.0487,0.9671,-0.0789,0.0487,-1.6192,-0.1178,0.0486,-2.4222
AVGO,china_exposure,1255,0.0333,0.0417,0.7978,-0.0072,0.0417,-0.1713,-0.0485,0.0417,-1.1631
AVGO,copper,1255,0.0539,0.0532,1.0147,-0.0618,0.0531,-1.1632,0.0648,0.0532,1.2189
AVGO,credit_hy_spread,1255,-0.4309,0.1494,-2.8846,-0.1945,0.1498,-1.2986,-0.2417,0.1498,-1.6137
AVGO,defense,1255,0.2427,0.0822,2.9536,0.2328,0.0822,2.8328,0.1653,0.0825,2.0046
AVGO,energy_oil,1255,0.0291,0.0272,1.0677,-0.0126,0.0272,-0.4630,0.0081,0.0273,0.2980
AVGO,gold,1255,0.0417,0.0768,0.5436,0.0313,0.0768,0.4080,0.1908,0.0766,2.4895
AVGO,growth,1255,0.8942,0.4397,2.0337,-0.8900,0.4398,-2.0239,-0.6828,0.4401,-1.5514
AVGO,inflation,1255,0.3114,0.2269,1.3720,0.3012,0.2270,1.3271,0.1745,0.2271,0.7684
AVGO,lithium,1255,0.0320,0.0445,0.7192,0.0667,0.0445,1.4986,0.0213,0.0445,0.4777
AVGO,market_beta,1255,1.4143,0.0391,36.2167,-0.3353,0.0551,-6.0881,-0.2160,0.0555,-3.8897
AVGO,momentum,1255,0.6749,0.1057,6.3873,-0.0944,0.1073,-0.8790,-0.1761,0.1073,-1.6412
AVGO,natural_gas,1255,-0.0157,0.0192,-0.8179,0.0080,0.0193,0.4156,0.0059,0.0192,0.3057
AVGO,quality,1255,0.1987,0.3311,0.6000,0.3283,0.3310,0.9918,-0.0521,0.3311,-0.1573
AVGO,rates,1255,0.0914,0.1486,0.6149,0.2008,0.1486,1.3512,0.4884,0.1481,3.2985
AVGO,rates_30y,1255,0.1029,0.0663,1.5519,0.0870,0.0664,1.3104,0.2132,0.0662,3.2222
AVGO,semiconductors,1255,0.8750,0.0531,16.4734,0.0567,0.0586,0.9687,-0.2156,0.0583,-3.6988
AVGO,uranium,1255,0.0554,0.0349,1.5875,0.0430,0.0349,1.2327,-0.0062,0.0349,-0.1772
AVGO,usd_strength,1255,0.1624,0.1606,1.0114,-0.4585,0.1601,-2.8636,-1.0281,0.1580,-6.5080
AVGO,value,1255,-1.1063,0.1494,-7.4039,-0.1993,0.1526,-1.3061,-0.0203,0.1527,-0.1331
AVGO,volatility,1255,-0.0273,0.0133,-2.0530,-0.0412,0.0133,-3.0997,0.0055,0.0134,0.4137
AVGO,xl_consumer_defensive,1255,-0.7508,0.1040,-7.2205,-0.3766,0.1056,-3.5660,-0.2874,0.1058,-2.7156
AVGO,xl_financials,1255,-0.0160,0.1465,-0.1094,0.1030,0.1465,0.7034,0.3319,0.1462,2.2697
AVGO,xl_healthcare,1255,-0.7324,0.1126,-6.5063,-0.3911,0.1139,-3.4329,-0.0455,0.1145,-0.3978
AVGO,xl_industrials,1255,0.5072,0.1670,3.0379,0.6439,0.1666,3.8657,0.3598,0.1673,2.1499
AVGO,xl_real_estate,1255,-0.3861,0.0767,-5.0328,-0.0119,0.0775,-0.1539,0.0262,0.0775,0.3374
AVGO,xl_utilities,1255,-0.4337,0.0663,-6.5391,-0.1662,0.0673,-2.4694,-0.1184,0.0674,-1.7569
BA,biotech,1255,-0.2329,0.0868,-2.6843,-0.0816,0.0870,-0.9382,-0.1419,0.0869,-1.6320
BA,china_a_shares,1255,0.1326,0.0598,2.2191,-0.0022,0.0599,-0.0367,-0.1365,0.0598,-2.2834
BA,china_exposure,1255,0.1143,0.0512,2.2336,0.0146,0.0513,0.2852,-0.1073,0.0512,-2.0950
BA,copper,1255,0.1185,0.0652,1.8159,0.0621,0.0653,0.9502,0.0678,0.0653,1.0378
BA,credit_hy_spread,1255,0.8218,0.1827,4.4989,-0.0877,0.1842,-0.4762,0.2593,0.1841,1.4083
BA,defense,1255,1.7692,0.0881,20.0787,0.3933,0.1007,3.9045,0.2563,0.1012,2.5313
BA,energy_oil,1255,0.0822,0.0334,2.4634,0.0476,0.0335,1.4228,-0.0051,0.0335,-0.1521
BA,gold,1255,0.1150,0.0943,1.2206,0.1980,0.0942,2.1019,0.3269,0.0939,3.4796
BA,growth,1255,1.0056,0.5403,1.8610,0.6258,0.5411,1.1564,-0.8936,0.5408,-1.6525
BA,inflation,1255,1.1062,0.2773,3.9898,0.7940,0.2783,2.8532,-0.3476,0.2789,-1.2460
BA,lithium,1255,0.2296,0.0543,4.2262,0.1456,0.0546,2.6673,0.0395,0.0547,0.7213
BA,market_beta,1255,1.4924,0.0542,27.5501,-0.1502,0.0686,-2.1915,-0.0493,0.0687,-0.7186
BA,momentum,1255,-0.4912,0.1312,-3.7441,0.0299,0.1320,0.2267,0.0376,0.1320,0.2847
BA,natural_gas,1255,-0.0132,0.0236,-0.5598,-0.0080,0.0238,-0.3348,0.0241,0.0236,1.0206
BA,quality,1255,-1.3327,0.4051,-3.2899,0.3180,0.4069,0.7816,0.7743,0.4063,1.9056
BA,rates,1255,-0.0519,0.1826,-0.2840,0.2824,0.1826,1.5469,0.5460,0.1821,2.9982
BA,rates_30y,1255,-0.0064,0.0816,-0.0784,0.1878,0.0814,2.3062,0.2307,0.0814,2.8349
BA,semiconductors,1255,-0.1615,0.0718,-2.2483,0.2027,0.0718,2.8236,-0.1338,0.0719,-1.8610
BA,uranium,1255,0.0966,0.0428,2.2556,0.0470,0.0429,1.0960,0.0244,0.0429,0.5690
BA,usd_strength,1255,-0.5633,0.1967,-2.8636,-0.4214,0.1971,-2.1382,-1.8904,0.1900,-9.9482
BA,value,1255,1.7373,0.1810,9.5976,0.2132,0.1875,1.1371,0.4707,0.1871,2.5152
BA,volatility,1255,0.0145,0.0164,0.8824,-0.0223,0.0164,-1.3580,0.0384,0.0164,2.3423
BA,xl_consumer_defensive,1255,-0.2840,0.1301,-2.1824,-0.5811,0.1294,-4.4900,-0.0598,0.1304,-0.4586
BA,xl_financials,1255,0.4457,0.1796,2.4823,0.0321,0.1801,0.1783,-0.0829,0.1800,-0.4605
BA,xl_healthcare,1255,-0.5278,0.1398,-3.7750,-0.4208,0.1402,-3.0016,0.1121,0.1406,0.7971
BA,xl_industrials,1255,1.8618,0.1990,9.3536,0.5826,0.2053,2.8381,0.3756,0.2058,1.8254
BA,xl_real_estate,1255,0.2951,0.0948,3.1113,-0.0289,0.0953,-0.3038,0.1681,0.0952,1.7666
BA,xl_utilities,1255,0.0447,0.0829,0.5389,-0.1609,0.0828,-1.9443,0.0801,0.0829,0.9670
BAC,biotech,1255,-0.1777,0.0603,-2.9466,-0.0210,0.0605,-0.3468,-0.0608,0.0605,-1.0041
BAC,china_a_shares,1255,0.0027,0.0417,0.0657,-0.0215,0.0417,-0.5155,-0.1535,0.0415,-3.7026
BAC,china_exposure,1255,0.0037,0.0357,0.1048,-0.0247,0.0357,-0.6930,-0.0738,0.0356,-2.0702
BAC,copper,1255,0.0329,0.0454,0.7243,-0.0117,0.0455,-0.2565,0.0663,0.0454,1.4586
BAC,credit_hy_spread,1255,1.0096,0.1249,8.0830,0.0472,0.1281,0.3683,-0.0791,0.1282,-0.6171
BAC,defense,1255,-0.1204,0.0704,-1.7100,0.2008,0.0703,2.8579,0.1585,0.0705,2.2484
BAC,energy_oil,1255,0.0688,0.0232,2.9646,-0.0045,0.0233,-0.1946,0.0299,0.0233,1.2839
BAC,gold,1255,-0.2962,0.0651,-4.5508,0.0671,0.0656,1.0226,-0.0126,0.0657,-0.1921
BAC,growth,1255,-0.1043,0.3765,-0.2771,-0.0008,0.3766,-0.0022,-0.4920,0.3764,-1.3069
BAC,inflation,1255,0.8337,0.1927,4.3262,-0.1152,0.1942,-0.5935,0.1567,0.1942,0.8073
BAC,lithium,1255,0.0536,0.0380,1.4090,0.0963,0.0380,2.5368,0.0421,0.0381,1.1067
BAC,market_beta,1255,1.2070,0.0334,36.0933,-0.1606,0.0476,-3.3769,-0.2489,0.0473,-5.2666
BAC,momentum,1255,-0.6236,0.0901,-6.9224,0.0518,0.0918,0.5643,-0.0651,0.0919,-0.7092
BAC,natural_gas,1255,0.0138,0.0165,0.8384,0.0251,0.0165,1.5201,0.0109,0.0165,0.6607
BAC,quality,1255,-1.0140,0.2816,-3.6008,0.4215,0.2828,1.4903,0.3878,0.2830,1.3705
BAC,rates,1255,-0.7840,0.1251,-6.2670,0.0124,0.1271,0.0973,0.3183,0.1268,2.5097
BAC,rates_30y,1255,-0.3612,0.0558,-6.4697,-0.0171,0.0568,-0.3007,0.1079,0.0567,1.9012
BAC,semiconductors,1255,-0.3150,0.0493,-6.3928,0.1560,0.0499,3.1258,-0.0751,0.0501,-1.5004
BAC,uranium,1255,-0.0282,0.0298,-0.9446,0.0536,0.0298,1.7969,0.0221,0.0299,0.7398
BAC,usd_strength,1255,0.2393,0.1371,1.7452,-0.4667,0.1367,-3.4146,-0.9252,0.1348,-6.8614
BAC,value,1255,2.0848,0.1164,17.9040,-0.1473,0.1304,-1.1295,0.1319,0.1305,1.0109
BAC,volatility,1255,0.0131,0.0114,1.1464,-0.0410,0.0113,-3.6108,-0.0170,0.0114,-1.4899
BAC,xl_consumer_defensive,1255,0.0837,0.0907,0.9225,-0.3442,0.0902,-3.8148,-0.1647,0.0906,-1.8175
BAC,xl_financials,1255,1.5079,0.1178,12.8032,-0.1421,0.1252,-1.1353,0.0359,0.1253,0.2864
BAC,xl_healthcare,1255,-0.0522,0.0978,-0.5338,-0.4144,0.0972,-4.2657,-0.0439,0.0979,-0.4488
BAC,xl_industrials,1255,-0.2720,0.1430,-1.9015,0.3637,0.1429,2.5455,0.2825,0.1431,1.9733
BAC,xl_real_estate,1255,0.3021,0.0657,4.5988,0.0303,0.0662,0.4566,0.0054,0.0663,0.0812
BAC,xl_utilities,1255,0.1443,0.0575,2.5089,-0.0724,0.0576,-1.2570,-0.0799,0.0576,-1.3854
BLK,biotech,1255,0.0145,0.0534,0.2708,0.0172,0.0535,0.3217,-0.1007,0.0534,-1.8858
BLK,china_a_shares,1255,0.0373,0.0368,1.0149,-0.0099,0.0368,-0.2698,-0.1199,0.0366,-3.2734
BLK,china_exposure,1255,0.0167,0.0315,0.5288,-0.0162,0.0315,-0.5150,-0.0749,0.0314,-2.3815
BLK,copper,1255,-0.0077,0.0401,-0.1926,-0.0310,0.0401,-0.7721,0.0636,0.0401,1.5861
BLK,credit_hy_spread,1255,0.1802,0.1130,1.5950,-0.1036,0.1131,-0.9163,-0.1402,0.1131,-1.2396
BLK,defense,1255,-0.0931,0.0622,-1.4973,0.1740,0.0620,2.8039,0.0367,0.0623,0.5882
BLK,energy_oil,1255,-0.0289,0.0205,-1.4088,-0.0470,0.0205,-2.2897,0.0223,0.0206,1.0823
BLK,gold,1255,-0.0035,0.0579,-0.0613,0.0982,0.0579,1.6970,0.0139,0.0580,0.2393
BLK,growth,1255,0.4006,0.3322,1.2062,-0.0919,0.3325,-0.2763,-0.2233,0.3324,-0.6717
BLK,inflation,1255,-0.1908,0.1713,-1.1137,-0.3404,0.1712,-1.9887,0.1072,0.1714,0.6255
BLK,lithium,1255,0.0508,0.0336,1.5123,0.0685,0.0336,2.0410,0.0169,0.0336,0.5029
BLK,market_beta,1255,1.2094,0.0247,48.9573,-0.1717,0.0419,-4.0983,-0.1228,0.0420,-2.9209
BLK,momentum,1255,-0.0721,0.0810,-0.8903,0.1067,0.0810,1.3175,-0.0687,0.0811,-0.8470
BLK,natural_gas,1255,-0.0008,0.0145,-0.0566,-0.0017,0.0146,-0.1144,0.0127,0.0145,0.8725
BLK,quality,1255,0.6083,0.2493,2.4402,0.2836,0.2498,1.1350,0.1260,0.2499,0.5043
BLK,rates,1255,0.0794,0.1121,0.7085,0.2122,0.1121,1.8934,0.3021,0.1119,2.6992
BLK,rates_30y,1255,0.0121,0.0501,0.2421,0.0787,0.0501,1.5721,0.1174,0.0500,2.3468
BLK,semiconductors,1255,-0.0996,0.0441,-2.2573,0.0583,0.0442,1.3194,-0.0951,0.0441,-2.1542
BLK,uranium,1255,-0.0081,0.0263,-0.3076,0.0198,0.0264,0.7525,0.0022,0.0264,0.0831
BLK,usd_strength,1255,-0.1959,0.1211,-1.6178,-0.5046,0.1204,-4.1910,-0.7665,0.1193,-6.4262
BLK,value,1255,0.5852,0.1140,5.1329,-0.1473,0.1152,-1.2789,0.1008,0.1152,0.8752
BLK,volatility,1255,0.0070,0.0101,0.6952,-0.0136,0.0101,-1.3529,-0.0113,0.0101,-1.1190
BLK,xl_consumer_defensive,1255,0.0788,0.0801,0.9849,-0.1270,0.0800,-1.5864,-0.1906,0.0799,-2.3850
BLK,xl_financials,1255,0.4143,0.1099,3.7685,-0.1569,0.1105,-1.4196,0.0649,0.1106,0.5869
BLK,xl_healthcare,1255,0.0740,0.0863,0.8573,-0.1965,0.0862,-2.2787,-0.0367,0.0864,-0.4249
BLK,xl_industrials,1255,0.0986,0.1264,0.7801,0.3326,0.1261,2.6369,0.2382,0.1264,1.8851
BLK,xl_real_estate,1255,0.2130,0.0582,3.6614,-0.0208,0.0585,-0.3552,0.0109,0.0585,0.1867
BLK,xl_utilities,1255,0.1256,0.0508,2.4727,-0.0061,0.0509,-0.1196,-0.0662,0.0509,-1.3002
CAT,biotech,1255,-0.1081,0.0552,-1.9586,-0.0143,0.0553,-0.2581,-0.0645,0.0553,-1.1667
CAT,china_a_shares,1255,0.0615,0.0380,1.6186,-0.0210,0.0381,-0.5519,-0.1157,0.0379,-3.0493
CAT,china_exposure,1255,0.0452,0.0326,1.3869,0.0304,0.0326,0.9341,-0.0844,0.0325,-2.5948
CAT,copper,1255,0.2256,0.0410,5.4998,0.0154,0.0415,0.3699,0.0306,0.0415,0.7376
CAT,credit_hy_spread,1255,0.5449,0.1160,4.6984,-0.1283,0.1170,-1.0967,0.0393,0.1171,0.3354
CAT,defense,1255,0.0268,0.0644,0.4166,0.1491,0.0642,2.3212,0.0832,0.0645,1.2912
CAT,energy_oil,1255,0.1303,0.0209,6.2203,0.0270,0.0213,1.2680,0.0358,0.0213,1.6845
CAT,gold,1255,-0.0484,0.0599,-0.8073,0.0625,0.0599,1.0428,0.0037,0.0600,0.0621
CAT,growth,1255,-0.8998,0.3428,-2.6245,0.1456,0.3439,0.4233,-0.2998,0.3439,-0.8719
CAT,inflation,1255,0.8412,0.1757,4.7884,-0.2151,0.1772,-1.2137,0.4349,0.1769,2.4577
CAT,lithium,1255,0.1342,0.0346,3.8829,0.0679,0.0347,1.9549,-0.0368,0.0348,-1.0574
CAT,market_beta,1255,0.9699,0.0339,28.5831,-0.1122,0.0435,-2.5783,-0.1892,0.0433,-4.3691
CAT,momentum,1255,-0.3473,0.0832,-4.1719,0.0783,0.0838,0.9345,-0.0694,0.0839,-0.8273
CAT,natural_gas,1255,-0.0012,0.0150,-0.0797,0.0310,0.0151,2.0526,0.0085,0.0150,0.5644
CAT,quality,1255,0.0082,0.2585,0.0316,0.6764,0.2578,2.6235,0.3202,0.2584,1.2389
CAT,rates,1255,-0.5619,0.1149,-4.8890,0.1152,0.1160,0.9925,0.0226,0.1161,0.1947
CAT,rates_30y,1255,-0.2717,0.0513,-5.3002,0.0094,0.0518,0.1811,-0.0024,0.0519,-0.0461
CAT,semiconductors,1255,-0.0405,0.0457,-0.8852,0.1265,0.0456,2.7749,-0.1321,0.0456,-2.8959
CAT,uranium,1255,0.0762,0.0272,2.8028,0.0934,0.0271,3.4407,0.0170,0.0273,0.6226
CAT,usd_strength,1255,-0.0989,0.1254,-0.7887,-0.2114,0.1253,-1.6876,-0.5787,0.1244,-4.6536
CAT,value,1255,1.4616,0.1118,13.0751,0.0357,0.1192,0.2996,0.3307,0.1188,2.7826
CAT,volatility,1255,-0.0113,0.0104,-1.0859,-0.0234,0.0104,-2.2514,-0.0027,0.0104,-0.2620
CAT,xl_consumer_defensive,1255,-0.0399,0.0828,-0.4815,-0.1867,0.0827,-2.2579,-0.0082,0.0829,-0.0987
CAT,xl_financials,1255,0.0524,0.1144,0.4581,-0.0906,0.1144,-0.7920,-0.0027,0.1144,-0.0232
CAT,xl_healthcare,1255,-0.1344,0.0893,-1.5052,-0.3533,0.0888,-3.9784,0.1362,0.0893,1.5249
CAT,xl_industrials,1255,1.2386,0.1260,9.8275,0.2883,0.1306,2.2078,0.2142,0.1308,1.6375
CAT,xl_real_estate,1255,0.0687,0.0605,1.1357,0.0191,0.0605,0.3165,0.0813,0.0605,1.3429
CAT,xl_utilities,1255,0.0175,0.0526,0.3321,-0.0545,0.0526,-1.0346,-0.0124,0.0527,-0.2352
COF,biotech,1255,-0.2798,0.0758,-3.6910,-0.0299,0.0762,-0.3923,-0.1360,0.0762,-1.7853
COF,china_a_shares,1255,-0.0054,0.0525,-0.1022,-0.0505,0.0525,-0.9634,-0.1149,0.0524,-2.1925
COF,china_exposure,1255,-0.0214,0.0449,-0.4764,-0.0563,0.0449,-1.2528,-0.0665,0.0449,-1.4812
COF,copper,1255,0.0536,0.0572,0.9365,0.0053,0.0572,0.0930,0.1388,0.0571,2.4297
COF,credit_hy_spread,1255,1.0031,0.1588,6.3163,-0.1051,0.1613,-0.6514,0.3035,0.1612,1.8829
COF,defense,1255,0.2014,0.0886,2.2737,0.4201,0.0880,4.7757,0.1267,0.0889,1.4259
COF,energy_oil,1255,0.0717,0.0292,2.4501,0.0066,0.0293,0.2261,0.0135,0.0293,0.4607
COF,gold,1255,-0.2618,0.0823,-3.1818,0.1498,0.0825,1.8149,0.1016,0.0827,1.2290
COF,growth,1255,1.0135,0.4732,2.1420,-0.1204,0.4743,-0.2538,-0.3954,0.4742,-0.8339
COF,inflation,1255,1.1035,0.2425,4.5514,0.3559,0.2444,1.4565,0.0010,0.2445,0.0043
COF,lithium,1255,0.0619,0.0479,1.2928,0.1353,0.0478,2.8299,0.0743,0.0479,1.5514
COF,market_beta,1255,1.4706,0.0435,33.8250,-0.2061,0.0599,-3.4406,-0.1957,0.0599,-3.2667
COF,momentum,1255,-0.7882,0.1134,-6.9497,0.0133,0.1156,0.1152,-0.0733,0.1157,-0.6337
COF,natural_gas,1255,0.0145,0.0207,0.6986,0.0163,0.0208,0.7846,0.0158,0.0207,0.7645
COF,quality,1255,-0.4971,0.3561,-1.3959,0.4823,0.3563,1.3539,0.4797,0.3563,1.3464
COF,rates,1255,-0.5346,0.1593,-3.3571,0.1478,0.1600,0.9236,0.3676,0.1598,2.3003
COF,rates_30y,1255,-0.2127,0.0712,-2.9872,0.0726,0.0715,1.0157,0.1264,0.0714,1.7693
COF,semiconductors,1255,-0.2363,0.0627,-3.7682,0.1488,0.0629,2.3647,-0.1330,0.0630,-2.1111
COF,uranium,1255,-0.0274,0.0376,-0.7286,0.0437,0.0376,1.1622,0.0521,0.0376,1.3863
COF,usd_strength,1255,0.0185,0.1729,0.1072,-0.6095,0.1721,-3.5420,-1.3546,0.1687,-8.0314
COF,value,1255,2.2392,0.1516,14.7660,-0.0660,0.1643,-0.4017,0.4587,0.1639,2.7996
COF,volatility,1255,0.0358,0.0143,2.5024,-0.0353,0.0143,-2.4605,-0.0127,0.0144,-0.8831
COF,xl_consumer_defensive,1255,-0.3618,0.1138,-3.1802,-0.3711,0.1138,-3.2611,-0.2338,0.1141,-2.0498
COF,xl_financials,1255,1.6402,0.1507,10.8810,-0.2335,0.1576,-1.4813,-0.0459,0.1577,-0.2909
COF,xl_healthcare,1255,-0.4611,0.1225,-3.7645,-0.4120,0.1227,-3.3580,0.0232,0.1232,0.1880
COF,xl_industrials,1255,0.1890,0.1803,1.0484,0.6920,0.1793,3.8583,0.2265,0.1804,1.2553
COF,xl_real_estate,1255,0.2958,0.0830,3.5644,0.1607,0.0833,1.9290,0.1221,0.0834,1.4641
COF,xl_utilities,1255,-0.0151,0.0726,-0.2073,-0.0838,0.0726,-1.1551,-0.0403,0.0726,-0.5543
COP,biotech,1255,-0.2414,0.0750,-3.2195,0.0570,0.0753,0.7565,-0.1856,0.0751,-2.4704
COP,china_a_shares,1255,0.1445,0.0517,2.7970,0.0701,0.0518,1.3521,-0.1121,0.0518,-2.1660
COP,china_exposure,1255,0.0854,0.0443,1.9271,0.0415,0.0444,0.9348,-0.0532,0.0444,-1.1979
COP,copper,1255,0.3420,0.0557,6.1413,0.0019,0.0565,0.0333,0.1022,0.0565,1.8093
COP,credit_hy_spread,1255,0.8064,0.1577,5.1134,-0.1047,0.1594,-0.6567,-0.1145,0.1594,-0.7185
COP,defense,1255,0.3391,0.0871,3.8916,0.2644,0.0874,3.0263,0.2941,0.0874,3.3627
COP,energy_oil,1255,0.4708,0.0257,18.3045,0.0278,0.0290,0.9608,0.1175,0.0288,4.0802
COP,gold,1255,0.0473,0.0816,0.5792,-0.0245,0.0816,-0.3000,0.2122,0.0815,2.6046
COP,growth,1255,-1.1156,0.4671,-2.3882,-0.1183,0.4685,-0.2525,-0.2246,0.4685,-0.4795
COP,inflation,1255,2.3620,0.2320,10.1797,0.2574,0.2415,1.0659,1.1230,0.2395,4.6898
COP,lithium,1255,0.1741,0.0471,3.6982,0.1425,0.0472,3.0204,0.0590,0.0473,1.2468
COP,market_beta,1255,1.1207,0.0503,22.3029,-0.2190,0.0591,-3.7053,-0.3086,0.0588,-5.2504
COP,momentum,1255,-0.3039,0.1138,-2.6699,-0.1618,0.1141,-1.4181,-0.0901,0.1142,-0.7891
COP,natural_gas,1255,0.0424,0.0204,2.0749,0.0547,0.0205,2.6638,0.0104,0.0205,0.5072
COP,quality,1255,-1.0282,0.3508,-2.9308,0.8934,0.3513,2.5435,-0.1413,0.3522,-0.4012
COP,rates,1255,-0.7080,0.1567,-4.5177,0.0166,0.1581,0.1049,0.3927,0.1578,2.4892
COP,rates_30y,1255,-0.3111,0.0700,-4.4420,-0.0198,0.0706,-0.2808,0.1602,0.0705,2.2722
COP,semiconductors,1255,-0.3099,0.0617,-5.0262,0.1510,0.0622,2.4292,-0.0906,0.0623,-1.4556
COP,uranium,1255,0.2097,0.0366,5.7236,0.0342,0.0371,0.9205,0.0720,0.0371,1.9426
COP,usd_strength,1255,0.2476,0.1706,1.4511,-0.1170,0.1708,-0.6850,-1.1039,0.1680,-6.5724
COP,value,1255,2.3918,0.1475,16.2105,0.0392,0.1623,0.2415,0.2140,0.1622,1.3192
COP,volatility,1255,0.0033,0.0142,0.2349,-0.0353,0.0142,-2.4910,-0.0284,0.0142,-2.0026
COP,xl_consumer_defensive,1255,-0.1731,0.1127,-1.5361,-0.4324,0.1122,-3.8532,-0.2214,0.1127,-1.9647
COP,xl_financials,1255,-0.0627,0.1557,-0.4027,0.1289,0.1558,0.8274,0.0151,0.1558,0.0971
COP,xl_healthcare,1255,-0.1124,0.1216,-0.9242,-0.4995,0.1209,-4.1311,-0.1195,0.1217,-0.9824
COP,xl_industrials,1255,-0.1298,0.1781,-0.7290,0.4522,0.1777,2.5442,0.5629,0.1776,3.1697
COP,xl_real_estate,1255,0.0515,0.0824,0.6256,-0.1271,0.0823,-1.5436,-0.0435,0.0825,-0.5271
COP,xl_utilities,1255,0.0567,0.0717,0.7913,-0.2147,0.0715,-3.0031,-0.0876,0.0717,-1.2223
COST,biotech,1255,-0.0071,0.0410,-0.1720,0.0107,0.0411,0.2606,-0.0571,0.0410,-1.3928
COST,china_a_shares,1255,-0.0644,0.0282,-2.2834,-0.0076,0.0283,-0.2695,-0.0567,0.0282,-2.0096
COST,china_exposure,1255,-0.0783,0.0241,-3.2492,0.0072,0.0242,0.2973,-0.0554,0.0241,-2.2944
COST,copper,1255,-0.0793,0.0307,-2.5807,-0.0343,0.0308,-1.1133,0.0144,0.0308,0.4685
COST,credit_hy_spread,1255,-0.4329,0.0860,-5.0329,-0.1109,0.0869,-1.2769,-0.2965,0.0865,-3.4282
COST,defense,1255,-0.0780,0.0477,-1.6339,0.0414,0.0478,0.8656,-0.0707,0.0478,-1.4778
COST,energy_oil,1255,-0.0459,0.0157,-2.9156,-0.0213,0.0158,-1.3489,0.0186,0.0158,1.1793
COST,gold,1255,0.0584,0.0445,1.3143,-0.0663,0.0445,-1.4901,0.0562,0.0445,1.2634
COST,growth,1255,-0.6363,0.2547,-2.4989,0.3145,0.2553,1.2321,-0.3155,0.2551,-1.2365
COST,inflation,1255,-0.4033,0.1312,-3.0755,-0.2191,0.1316,-1.6653,-0.0523,0.1316,-0.3972
COST,lithium,1255,-0.0799,0.0257,-3.1084,0.0355,0.0258,1.3776,-0.0054,0.0258,-0.2103
COST,market_beta,1255,0.7313,0.0249,29.3235,-0.1490,0.0321,-4.6359,-0.1238,0.0322,-3.8456
COST,momentum,1255,0.2023,0.0620,3.2634,0.0398,0.0623,0.6392,-0.0496,0.0622,-0.7963
COST,natural_gas,1255,-0.0034,0.0112,-0.3009,0.0120,0.0112,1.0675,0.0197,0.0111,1.7699
COST,quality,1255,0.7991,0.1906,4.1924,0.2196,0.1919,1.1444,0.3516,0.1916,1.8347
COST,rates,1255,0.1389,0.0861,1.6136,0.1631,0.0861,1.8947,0.2576,0.0859,2.9999
COST,rates_30y,1255,0.0464,0.0385,1.2057,0.0749,0.0384,1.9474,0.1022,0.0384,2.6625
COST,semiconductors,1255,0.0706,0.0339,2.0814,0.0011,0.0340,0.0328,-0.0692,0.0339,-2.0416
COST,uranium,1255,-0.0264,0.0202,-1.3028,0.0144,0.0202,0.7110,-0.0009,0.0202,-0.0430
COST,usd_strength,1255,0.0999,0.0931,1.0740,-0.0916,0.0931,-0.9834,-0.4227,0.0923,-4.5789
COST,value,1255,-0.6386,0.0866,-7.3717,-0.1457,0.0884,-1.6477,0.0454,0.0885,0.5129
COST,volatility,1255,-0.0014,0.0077,-0.1857,-0.0177,0.0077,-2.2922,0.0017,0.0077,0.2176
COST,xl_consumer_defensive,1255,0.6419,0.0588,10.9207,-0.1200,0.0615,-1.9528,-0.0511,0.0615,-0.8309
COST,xl_financials,1255,-0.2972,0.0845,-3.5167,-0.0730,0.0849,-0.8591,0.0959,0.0849,1.1301
COST,xl_healthcare,1255,0.0962,0.0663,1.4509,-0.1017,0.0663,-1.5341,-0.0395,0.0663,-0.5955
COST,xl_industrials,1255,-0.0007,0.0971,-0.0070,0.1714,0.0970,1.7665,-0.0317,0.0972,-0.3265
COST,xl_real_estate,1255,-0.0667,0.0449,-1.4863,-0.0295,0.0449,-0.6570,0.0255,0.0449,0.5666
COST,xl_utilities,1255,0.0442,0.0391,1.1304,-0.0909,0.0390,-2.3293,-0.0200,0.0391,-0.5116
CRM,biotech,1255,0.1852,0.0677,2.7359,0.0539,0.0679,0.7939,-0.0663,0.0679,-0.9767
CRM,china_a_shares,1255,-0.0630,0.0467,-1.3490,0.0153,0.0468,0.3272,-0.0572,0.0467,-1.2240
CRM,china_exposure,1255,-0.0214,0.0400,-0.5355,0.0249,0.0400,0.6224,-0.0432,0.0400,-1.0803
CRM,copper,1255,-0.0544,0.0510,-1.0674,-0.0205,0.0510,-0.4016,0.0855,0.0510,1.6789
CRM,credit_hy_spread,1255,-0.2757,0.1435,-1.9212,-0.2124,0.1436,-1.4786,-0.2694,0.1436,-1.8764
CRM,defense,1255,0.0200,0.0791,0.2532,0.1472,0.0790,1.8635,0.0679,0.0792,0.8569
CRM,energy_oil,1255,-0.0351,0.0261,-1.3455,0.0287,0.0261,1.1002,0.0218,0.0261,0.8326
CRM,gold,1255,0.0723,0.0736,0.9825,0.1618,0.0735,2.2020,0.1378,0.0736,1.8730
CRM,growth,1255,2.8393,0.4146,6.8488,0.3883,0.4224,0.9193,0.0561,0.4225,0.1327
CRM,inflation,1255,-0.0167,0.2177,-0.0768,0.2494,0.2178,1.1451,0.1830,0.2178,0.8404
CRM,lithium,1255,-0.0505,0.0427,-1.1832,0.0550,0.0427,1.2875,0.1023,0.0426,2.4006
CRM,market_beta,1255,1.2365,0.0406,30.4485,-0.2128,0.0533,-3.9951,-0.1471,0.0534,-2.7532
CRM,momentum,1255,0.4227,0.1023,4.1340,0.0797,0.1030,0.7739,-0.1623,0.1029,-1.5771
CRM,natural_gas,1255,0.0151,0.0185,0.8168,-0.0096,0.0186,-0.5167,0.0374,0.0184,2.0270
CRM,quality,1255,-0.1678,0.3174,-0.5287,-0.1793,0.3176,-0.5646,0.6726,0.3170,2.1215
CRM,rates,1255,0.1491,0.1424,1.0470,0.1363,0.1426,0.9558,0.3006,0.1424,2.1115
CRM,rates_30y,1255,0.0797,0.0636,1.2535,0.0593,0.0637,0.9320,0.0939,0.0637,1.4743
CRM,semiconductors,1255,0.0641,0.0561,1.1425,0.1083,0.0561,1.9298,-0.0982,0.0561,-1.7500
CRM,uranium,1255,0.0460,0.0335,1.3759,0.0435,0.0335,1.2995,0.0339,0.0335,1.0139
CRM,usd_strength,1255,0.2793,0.1538,1.8158,-0.4314,0.1536,-2.8089,-0.8636,0.1521,-5.6773
CRM,value,1255,-1.1957,0.1424,-8.3959,-0.1503,0.1464,-1.0270,-0.0475,0.1464,-0.3242
CRM,volatility,1255,0.0018,0.0128,0.1401,-0.0462,0.0127,-3.6302,-0.0011,0.0128,-0.0821
CRM,xl_consumer_defensive,1255,-0.5435,0.1006,-5.4036,-0.2534,0.1016,-2.4950,-0.3045,0.1014,-3.0023
CRM,xl_financials,1255,-0.0262,0.1405,-0.1863,-0.1490,0.1405,-1.0610,0.1691,0.1404,1.2039
CRM,xl_healthcare,1255,-0.4358,0.1090,-3.9969,-0.2224,0.1096,-2.0287,-0.2012,0.1096,-1.8351
CRM,xl_industrials,1255,-0.2703,0.1605,-1.6845,0.3636,0.1604,2.2671,0.1850,0.1607,1.1510
CRM,xl_real_estate,1255,-0.2440,0.0740,-3.2980,-0.0601,0.0743,-0.8089,-0.0242,0.0744,-0.3257
CRM,xl_utilities,1255,-0.3388,0.0640,-5.2982,-0.1488,0.0646,-2.3048,-0.1422,0.0646,-2.2015
CVX,biotech,1255,-0.2347,0.0605,-3.8761,-0.0148,0.0609,-0.2433,-0.1963,0.0607,-3.2353
CVX,china_a_shares,1255,0.1049,0.0418,2.5082,0.0373,0.0419,0.8906,-0.1630,0.0417,-3.9086
CVX,china_exposure,1255,0.0588,0.0359,1.6400,0.0247,0.0359,0.6889,-0.0969,0.0358,-2.7060
CVX,copper,1255,0.2639,0.0451,5.8478,0.0692,0.0457,1.5131,0.0481,0.0457,1.0505
CVX,credit_hy_spread,1255,0.7658,0.1271,6.0257,-0.1449,0.1289,-1.1241,0.1639,0.1289,1.2711
CVX,defense,1255,0.1955,0.0707,2.7659,0.3204,0.0704,4.5536,0.2428,0.0707,3.4325
CVX,energy_oil,1255,0.3026,0.0218,13.8736,0.0477,0.0234,2.0366,0.0503,0.0234,2.1487
CVX,gold,1255,0.0766,0.0660,1.1608,0.1023,0.0660,1.5507,0.1016,0.0660,1.5379
CVX,growth,1255,-0.5984,0.3784,-1.5813,-0.5637,0.3787,-1.4886,-0.5732,0.3787,-1.5136
CVX,inflation,1255,1.6335,0.1898,8.6066,0.2066,0.1954,1.0575,0.6040,0.1947,3.1027
CVX,lithium,1255,0.1136,0.0382,2.9765,0.1552,0.0381,4.0765,-0.0008,0.0383,-0.0208
CVX,market_beta,1255,1.0062,0.0387,25.9695,-0.2334,0.0476,-4.9000,-0.2660,0.0475,-5.6011
CVX,momentum,1255,-0.3689,0.0918,-4.0200,-0.0607,0.0924,-0.6576,-0.0397,0.0924,-0.4294
CVX,natural_gas,1255,0.0308,0.0165,1.8615,0.0403,0.0166,2.4237,0.0142,0.0166,0.8550
CVX,quality,1255,-0.6906,0.2841,-2.4305,0.8500,0.2839,2.9939,0.2695,0.2848,0.9463
CVX,rates,1255,-0.5353,0.1269,-4.2171,0.2186,0.1278,1.7105,0.2518,0.1278,1.9711
CVX,rates_30y,1255,-0.2124,0.0568,-3.7411,0.0812,0.0571,1.4219,0.0828,0.0571,1.4490
CVX,semiconductors,1255,-0.2618,0.0498,-5.2529,0.1066,0.0503,2.1192,-0.0625,0.0504,-1.2401
CVX,uranium,1255,0.1367,0.0298,4.5886,0.0763,0.0300,2.5471,0.0352,0.0300,1.1735
CVX,usd_strength,1255,0.1576,0.1381,1.1415,-0.3040,0.1379,-2.2038,-1.0329,0.1351,-7.6461
CVX,value,1255,2.0760,0.1175,17.6730,-0.1609,0.1313,-1.2256,0.1537,0.1313,1.1707
CVX,volatility,1255,0.0266,0.0115,2.3215,-0.0326,0.0114,-2.8496,-0.0191,0.0115,-1.6616
CVX,xl_consumer_defensive,1255,-0.0184,0.0913,-0.2012,-0.4349,0.0905,-4.8052,-0.0981,0.0913,-1.0749
CVX,xl_financials,1255,-0.1724,0.1259,-1.3689,0.1062,0.1260,0.8429,-0.1483,0.1260,-1.1770
CVX,xl_healthcare,1255,0.1126,0.0984,1.1445,-0.4832,0.0975,-4.9541,-0.0177,0.0985,-0.1798
CVX,xl_industrials,1255,-0.1402,0.1441,-0.9732,0.5603,0.1433,3.9095,0.4856,0.1436,3.3815
CVX,xl_real_estate,1255,0.1761,0.0665,2.6490,-0.0564,0.0667,-0.8465,0.0382,0.0667,0.5727
CVX,xl_utilities,1255,0.1720,0.0578,2.9747,-0.2121,0.0577,-3.6740,-0.0260,0.0580,-0.4472
DAL,biotech,1255,-0.3443,0.0832,-4.1410,-0.1185,0.0837,-1.4163,-0.2186,0.0835,-2.6165
DAL,china_a_shares,1255,0.0105,0.0576,0.1813,-0.0520,0.0576,-0.9020,-0.1091,0.0576,-1.8942
DAL,china_exposure,1255,0.0463,0.0493,0.9382,-0.0310,0.0494,-0.6283,-0.0697,0.0494,-1.4117
DAL,copper,1255,0.1640,0.0627,2.6162,0.0117,0.0629,0.1867,0.0675,0.0629,1.0736
DAL,credit_hy_spread,1255,0.8065,0.1757,4.5896,0.0467,0.1772,0.2636,0.5562,0.1766,3.1491
DAL,defense,1255,0.8379,0.0946,8.8607,0.3878,0.0969,4.0019,0.2533,0.0974,2.5996
DAL,energy_oil,1255,-0.0073,0.0322,-0.2279,-0.0021,0.0322,-0.0666,-0.0208,0.0322,-0.6438
DAL,gold,1255,-0.2147,0.0905,-2.3706,0.0449,0.0908,0.4952,0.1227,0.0908,1.3513
DAL,growth,1255,1.0485,0.5198,2.0170,0.4118,0.5208,0.7908,-0.3103,0.5209,-0.5957
DAL,inflation,1255,0.2828,0.2684,1.0538,0.5464,0.2682,2.0373,-0.8057,0.2677,-3.0101
DAL,lithium,1255,0.1938,0.0524,3.7010,0.0547,0.0526,1.0389,0.0325,0.0527,0.6170
DAL,market_beta,1255,1.3376,0.0542,24.6895,0.0240,0.0661,0.3624,-0.0683,0.0661,-1.0332
DAL,momentum,1255,-0.7615,0.1251,-6.0863,-0.0718,0.1270,-0.5657,0.0334,0.1271,0.2630
DAL,natural_gas,1255,-0.0197,0.0228,-0.8671,0.0336,0.0229,1.4710,0.0350,0.0227,1.5366
DAL,quality,1255,-0.2416,0.3914,-0.6172,0.3875,0.3914,0.9898,0.2308,0.3916,0.5894
DAL,rates,1255,-0.1021,0.1757,-0.5811,0.1731,0.1758,0.9845,0.2446,0.1758,1.3919
DAL,rates_30y,1255,0.0224,0.0785,0.2859,0.1520,0.0784,1.9381,0.0712,0.0786,0.9066
DAL,semiconductors,1255,-0.1510,0.0691,-2.1846,0.1575,0.0691,2.2773,-0.1437,0.0692,-2.0771
DAL,uranium,1255,0.0517,0.0413,1.2522,-0.0092,0.0413,-0.2232,0.0163,0.0413,0.3950
DAL,usd_strength,1255,-0.7967,0.1886,-4.2251,-0.0408,0.1900,-0.2150,-1.5380,0.1849,-8.3166
DAL,value,1255,1.9872,0.1715,11.5857,0.1213,0.1805,0.6720,0.4180,0.1802,2.3203
DAL,volatility,1255,-0.0114,0.0158,-0.7237,-0.0015,0.0158,-0.0921,0.0451,0.0157,2.8623
DAL,xl_consumer_defensive,1255,-0.4222,0.1249,-3.3806,-0.4177,0.1250,-3.3426,0.0111,0.1255,0.0887
DAL,xl_financials,1255,0.9916,0.1709,5.8009,0.1464,0.1732,0.8449,-0.2616,0.1731,-1.5111
DAL,xl_healthcare,1255,-0.7806,0.1335,-5.8472,-0.4926,0.1347,-3.6579,0.1757,0.1353,1.2985
DAL,xl_industrials,1255,1.5190,0.1934,7.8539,0.5730,0.1975,2.9012,0.4380,0.1979,2.2132
DAL,xl_real_estate,1255,0.1328,0.0915,1.4512,0.1325,0.0916,1.4468,0.1273,0.0916,1.3894
DAL,xl_utilities,1255,-0.1674,0.0796,-2.1033,-0.1481,0.0797,-1.8597,0.1122,0.0797,1.4071
DIA,biotech,1255,-0.0347,0.0353,-0.9836,-0.0123,0.0353,-0.3481,-0.0575,0.0352,-1.6302
DIA,china_a_shares,1255,0.0048,0.0243,0.1994,-0.0145,0.0243,-0.5988,-0.0773,0.0242,-3.1954
DIA,china_exposure,1255,-0.0098,0.0208,-0.4709,-0.0020,0.0208,-0.0951,-0.0416,0.0208,-2.0050
DIA,copper,1255,0.0061,0.0265,0.2317,0.0133,0.0265,0.5010,0.0288,0.0265,1.0870
DIA,credit_hy_spread,1255,0.1793,0.0745,2.4076,-0.1486,0.0745,-1.9928,-0.0709,0.0747,-0.9493
DIA,defense,1255,0.0571,0.0410,1.3913,0.1849,0.0407,4.5387,0.0934,0.0411,2.2757
DIA,energy_oil,1255,0.0195,0.0136,1.4360,0.0023,0.0136,0.1682,0.0110,0.0136,0.8078
DIA,gold,1255,-0.0242,0.0382,-0.6327,0.0838,0.0382,2.1947,0.0703,0.0382,1.8384
DIA,growth,1255,-0.3306,0.2191,-1.5084,-0.0244,0.2194,-0.1110,-0.3783,0.2192,-1.7262
DIA,inflation,1255,0.2042,0.1130,1.8080,-0.0122,0.1132,-0.1074,-0.0254,0.1131,-0.2243
DIA,lithium,1255,-0.0043,0.0222,-0.1954,0.0761,0.0221,3.4452,0.0391,0.0222,1.7658
DIA,market_beta,1255,0.9340,0.0088,105.7399,-0.1635,0.0275,-5.9557,-0.1664,0.0274,-6.0662
DIA,momentum,1255,-0.1511,0.0533,-2.8343,0.0495,0.0535,0.9264,-0.0255,0.0535,-0.4771
DIA,natural_gas,1255,-0.0019,0.0096,-0.1948,0.0048,0.0096,0.4940,0.0135,0.0096,1.4083
DIA,quality,1255,-0.1287,0.1649,-0.7808,0.2749,0.1648,1.6680,0.4571,0.1644,2.7796
DIA,rates,1255,-0.1331,0.0739,-1.8009,0.2197,0.0738,2.9771,0.2702,0.0737,3.6666
DIA,rates_30y,1255,-0.0616,0.0330,-1.8647,0.0928,0.0330,2.8154,0.0976,0.0330,2.9606
DIA,semiconductors,1255,-0.1432,0.0289,-4.9573,0.0855,0.0291,2.9387,-0.0802,0.0291,-2.7551
DIA,uranium,1255,-0.0198,0.0174,-1.1388,0.0429,0.0174,2.4729,0.0116,0.0174,0.6682
DIA,usd_strength,1255,0.1208,0.0799,1.5111,-0.3791,0.0793,-4.7801,-0.7916,0.0768,-10.3042
DIA,value,1255,0.6191,0.0740,8.3665,-0.0874,0.0760,-1.1498,0.0806,0.0760,1.0608
DIA,volatility,1255,0.0078,0.0066,1.1746,-0.0228,0.0066,-3.4387,-0.0016,0.0067,-0.2414
DIA,xl_consumer_defensive,1255,0.2227,0.0525,4.2429,-0.2118,0.0525,-4.0314,-0.1032,0.0528,-1.9558
DIA,xl_financials,1255,0.0534,0.0730,0.7319,-0.1011,0.0729,-1.3866,-0.0019,0.0730,-0.0255
DIA,xl_healthcare,1255,0.2185,0.0567,3.8554,-0.2451,0.0566,-4.3300,0.0006,0.0570,0.0107
DIA,xl_industrials,1255,0.1096,0.0834,1.3145,0.3111,0.0830,3.7477,0.2071,0.0833,2.4859
DIA,xl_real_estate,1255,0.1169,0.0385,3.0405,-0.0165,0.0386,-0.4263,0.0123,0.0386,0.3184
DIA,xl_utilities,1255,0.1219,0.0334,3.6494,-0.0815,0.0335,-2.4308,-0.0317,0.0336,-0.9433
DLTR,biotech,1255,0.0276,0.0681,0.4057,-0.0322,0.0681,-0.4723,-0.0145,0.0681,-0.2135
DLTR,china_a_shares,1255,-0.0021,0.0469,-0.0452,-0.0364,0.0469,-0.7759,-0.0975,0.0468,-2.0823
DLTR,china_exposure,1255,-0.0079,0.0401,-0.1968,-0.0489,0.0401,-1.2188,-0.0106,0.0402,-0.2643
DLTR,copper,1255,-0.0333,0.0511,-0.6508,-0.0298,0.0511,-0.5833,-0.0393,0.0512,-0.7676
DLTR,credit_hy_spread,1255,-0.2395,0.1440,-1.6631,-0.4133,0.1437,-2.8754,0.0092,0.1442,0.0640
DLTR,defense,1255,-0.1358,0.0792,-1.7145,0.2868,0.0789,3.6343,0.0833,0.0794,1.0494
DLTR,energy_oil,1255,0.0025,0.0262,0.0968,0.0312,0.0262,1.1922,-0.0442,0.0262,-1.6877
DLTR,gold,1255,0.0440,0.0738,0.5959,-0.0180,0.0738,-0.2432,0.0492,0.0739,0.6662
DLTR,growth,1255,0.7448,0.4230,1.7606,-0.8035,0.4232,-1.8986,-0.6114,0.4234,-1.4440
DLTR,inflation,1255,0.0365,0.2184,0.1669,0.3764,0.2183,1.7245,-0.1702,0.2184,-0.7792
DLTR,lithium,1255,-0.0360,0.0428,-0.8416,0.0402,0.0428,0.9387,0.0279,0.0428,0.6508
DLTR,market_beta,1255,0.7421,0.0495,15.0002,-0.2295,0.0534,-4.3005,-0.1216,0.0536,-2.2667
DLTR,momentum,1255,-0.1114,0.1032,-1.0793,-0.1304,0.1032,-1.2636,-0.0219,0.1033,-0.2123
DLTR,natural_gas,1255,-0.0131,0.0185,-0.7073,-0.0080,0.0186,-0.4291,0.0065,0.0185,0.3502
DLTR,quality,1255,-0.3950,0.3183,-1.2412,0.6133,0.3181,1.9280,0.6323,0.3180,1.9880
DLTR,rates,1255,0.0560,0.1429,0.3919,0.2498,0.1429,1.7482,0.1103,0.1430,0.7713
DLTR,rates_30y,1255,0.0666,0.0638,1.0435,0.1176,0.0638,1.8438,0.0016,0.0639,0.0253
DLTR,semiconductors,1255,-0.1230,0.0562,-2.1872,0.1028,0.0563,1.8264,0.0003,0.0564,0.0046
DLTR,uranium,1255,0.0147,0.0336,0.4386,0.0241,0.0336,0.7188,-0.0388,0.0336,-1.1546
DLTR,usd_strength,1255,-0.0237,0.1545,-0.1536,-0.3723,0.1542,-2.4145,-0.6911,0.1533,-4.5087
DLTR,value,1255,0.6169,0.1458,4.2321,-0.0525,0.1469,-0.3573,-0.1927,0.1467,-1.3129
DLTR,volatility,1255,0.0015,0.0128,0.1205,-0.0459,0.0128,-3.5907,0.0017,0.0128,0.1303
DLTR,xl_consumer_defensive,1255,0.6258,0.1005,6.2261,-0.2602,0.1019,-2.5544,-0.2350,0.1019,-2.3067
DLTR,xl_financials,1255,-0.4316,0.1404,-3.0744,0.0010,0.1410,0.0071,0.0156,0.1409,0.1108
DLTR,xl_healthcare,1255,0.0590,0.1101,0.5358,-0.2561,0.1099,-2.3310,-0.0317,0.1101,-0.2881
DLTR,xl_industrials,1255,-0.2748,0.1610,-1.7075,0.5135,0.1606,3.1981,0.3200,0.1610,1.9874
DLTR,xl_real_estate,1255,0.1430,0.0744,1.9210,-0.1279,0.0745,-1.7172,-0.0568,0.0746,-0.7617
DLTR,xl_utilities,1255,0.1467,0.0647,2.2655,-0.1867,0.0647,-2.8866,-0.1006,0.0648,-1.5514
DUK,biotech,1255,-0.0818,0.0418,-1.9563,-0.0840,0.0418,-2.0087,0.0089,0.0419,0.2127
DUK,china_a_shares,1255,-0.0611,0.0288,-2.1227,-0.0277,0.0288,-0.9598,-0.0406,0.0288,-1.4096
DUK,china_exposure,1255,-0.0807,0.0246,-3.2846,-0.0053,0.0247,-0.2160,-0.0109,0.0247,-0.4417
DUK,copper,1255,-0.0758,0.0314,-2.4182,0.0451,0.0314,1.4354,0.0137,0.0314,0.4350
DUK,credit_hy_spread,1255,0.2558,0.0883,2.8964,-0.2047,0.0884,-2.3146,0.1949,0.0885,2.2021
DUK,defense,1255,-0.1295,0.0486,-2.6637,0.1940,0.0485,4.0034,0.0106,0.0488,0.2180
DUK,energy_oil,1255,-0.0279,0.0161,-1.7356,-0.0227,0.0161,-1.4099,-0.0094,0.0161,-0.5821
DUK,gold,1255,0.1612,0.0451,3.5694,0.0973,0.0453,2.1473,0.0268,0.0454,0.5909
DUK,growth,1255,-0.8631,0.2592,-3.3299,-0.4821,0.2602,-1.8530,-0.3431,0.2603,-1.3178
DUK,inflation,1255,-0.3459,0.1339,-2.5837,-0.3223,0.1340,-2.4051,-0.1618,0.1342,-1.2051
DUK,lithium,1255,-0.0892,0.0262,-3.4032,0.0837,0.0262,3.1899,0.0450,0.0263,1.7093
DUK,market_beta,1255,0.6446,0.0276,23.3922,-0.1427,0.0328,-4.3495,-0.1661,0.0327,-5.0795
DUK,momentum,1255,-0.2685,0.0630,-4.2602,0.0755,0.0635,1.1900,0.0287,0.0635,0.4518
DUK,natural_gas,1255,0.0031,0.0114,0.2738,0.0043,0.0114,0.3721,0.0151,0.0114,1.3260
DUK,quality,1255,-0.4243,0.1954,-2.1717,0.3834,0.1955,1.9611,0.4596,0.1954,2.3521
DUK,rates,1255,0.2399,0.0876,2.7389,0.3431,0.0874,3.9252,0.1503,0.0878,1.7107
DUK,rates_30y,1255,0.0625,0.0392,1.5952,0.1525,0.0390,3.9080,0.0280,0.0393,0.7139
DUK,semiconductors,1255,-0.4408,0.0323,-13.6396,0.0297,0.0346,0.8570,-0.0552,0.0346,-1.5941
DUK,uranium,1255,-0.0723,0.0205,-3.5222,0.0222,0.0206,1.0769,0.0112,0.0206,0.5428
DUK,usd_strength,1255,0.0313,0.0950,0.3294,-0.5255,0.0938,-5.6009,-0.6830,0.0930,-7.3431
DUK,value,1255,1.2718,0.0828,15.3640,0.0046,0.0903,0.0508,-0.0096,0.0903,-0.1058
DUK,volatility,1255,0.0484,0.0078,6.2299,-0.0097,0.0079,-1.2324,-0.0045,0.0079,-0.5692
DUK,xl_consumer_defensive,1255,1.0136,0.0558,18.1592,-0.1188,0.0627,-1.8949,-0.0473,0.0627,-0.7539
DUK,xl_financials,1255,-0.6026,0.0849,-7.0967,-0.0419,0.0866,-0.4838,-0.0381,0.0866,-0.4397
DUK,xl_healthcare,1255,0.7357,0.0644,11.4267,-0.1251,0.0676,-1.8508,0.0461,0.0677,0.6806
DUK,xl_industrials,1255,-0.4657,0.0982,-4.7437,0.3222,0.0987,3.2656,0.0345,0.0991,0.3480
DUK,xl_real_estate,1255,0.7219,0.0410,17.5974,-0.0023,0.0458,-0.0503,-0.0052,0.0459,-0.1123
DUK,xl_utilities,1255,1.0298,0.0273,37.7675,-0.0699,0.0398,-1.7535,-0.0146,0.0399,-0.3662
ESTC,biotech,1255,0.7257,0.0992,7.3150,0.3374,0.1009,3.3439,-0.0175,0.1014,-0.1725
ESTC,china_a_shares,1255,-0.0333,0.0697,-0.4772,-0.0958,0.0697,-1.3735,-0.0854,0.0697,-1.2252
ESTC,china_exposure,1255,0.0406,0.0597,0.6805,-0.0412,0.0597,-0.6896,0.0003,0.0598,0.0049
ESTC,copper,1255,0.0420,0.0761,0.5525,-0.1253,0.0760,-1.6478,0.1307,0.0760,1.7184
ESTC,credit_hy_spread,1255,-0.6354,0.2137,-2.9734,0.0286,0.2145,0.1334,-0.0108,0.2146,-0.0505
ESTC,defense,1255,0.1485,0.1179,1.2595,0.1359,0.1179,1.1524,0.0935,0.1182,0.7911
ESTC,energy_oil,1255,-0.0377,0.0390,-0.9674,-0.0150,0.0390,-0.3857,0.0785,0.0390,2.0148
ESTC,gold,1255,0.0931,0.1098,0.8480,0.0850,0.1098,0.7741,-0.0555,0.1099,-0.5050
ESTC,growth,1255,8.4725,0.5828,14.5366,0.8650,0.6300,1.3730,0.7821,0.6301,1.2412
ESTC,inflation,1255,-0.4332,0.3247,-1.3343,0.6862,0.3245,2.1144,0.4343,0.3248,1.3372
ESTC,lithium,1255,0.0418,0.0637,0.6560,-0.1286,0.0636,-2.0215,0.1023,0.0637,1.6068
ESTC,market_beta,1255,1.3825,0.0697,19.8236,-0.1931,0.0798,-2.4195,0.0027,0.0800,0.0337
ESTC,momentum,1255,0.6816,0.1524,4.4719,0.2777,0.1535,1.8094,-0.2531,0.1536,-1.6477
ESTC,natural_gas,1255,-0.0216,0.0275,-0.7849,0.0068,0.0277,0.2437,-0.0187,0.0275,-0.6778
ESTC,quality,1255,0.6223,0.4734,1.3144,-0.0462,0.4739,-0.0976,0.4534,0.4738,0.9569
ESTC,rates,1255,0.8343,0.2113,3.9482,-0.1422,0.2128,-0.6684,0.1399,0.2128,0.6572
ESTC,rates_30y,1255,0.3707,0.0944,3.9271,-0.0723,0.0950,-0.7606,0.0395,0.0951,0.4155
ESTC,semiconductors,1255,0.2475,0.0835,2.9636,0.0227,0.0839,0.2713,-0.1474,0.0838,-1.7601
ESTC,uranium,1255,0.1940,0.0497,3.9068,0.1013,0.0499,2.0296,0.1596,0.0498,3.2062
ESTC,usd_strength,1255,-0.2661,0.2297,-1.1586,-0.0200,0.2299,-0.0870,-0.8701,0.2286,-3.8068
ESTC,value,1255,-1.6626,0.2133,-7.7952,-0.2297,0.2184,-1.0516,0.0578,0.2185,0.2647
ESTC,volatility,1255,-0.0310,0.0191,-1.6261,-0.0221,0.0191,-1.1563,-0.0287,0.0191,-1.5043
ESTC,xl_consumer_defensive,1255,-1.4693,0.1460,-10.0608,-0.1608,0.1518,-1.0591,-0.5316,0.1511,-3.5170
ESTC,xl_financials,1255,-0.0551,0.2096,-0.2631,-0.0608,0.2097,-0.2901,0.2073,0.2096,0.9890
ESTC,xl_healthcare,1255,-0.7593,0.1623,-4.6774,0.1729,0.1638,1.0560,-0.2088,0.1637,-1.2757
ESTC,xl_industrials,1255,-0.1319,0.2397,-0.5501,-0.0696,0.2398,-0.2901,0.0176,0.2400,0.0732
ESTC,xl_real_estate,1255,-0.4162,0.1102,-3.7754,0.0587,0.1109,0.5297,-0.1127,0.1109,-1.0155
ESTC,xl_utilities,1255,-0.7554,0.0941,-8.0275,-0.0097,0.0965,-0.1010,-0.2883,0.0962,-2.9969
FCX,biotech,1255,0.0019,0.0867,0.0222,0.0065,0.0867,0.0750,-0.2045,0.0866,-2.3625
FCX,china_a_shares,1255,0.4960,0.0580,8.5479,-0.0401,0.0597,-0.6714,-0.1705,0.0595,-2.8640
FCX,china_exposure,1255,0.4174,0.0497,8.3925,0.0404,0.0511,0.7897,-0.1298,0.0510,-2.5449
FCX,copper,1255,1.1161,0.0570,19.5935,-0.0278,0.0651,-0.4270,0.1349,0.0650,2.0746
FCX,credit_hy_spread,1255,0.5072,0.1830,2.7724,-0.4345,0.1831,-2.3730,0.2178,0.1835,1.1868
FCX,defense,1255,0.1407,0.1009,1.3947,0.3302,0.1005,3.2843,0.2600,0.1009,2.5769
FCX,energy_oil,1255,0.2395,0.0327,7.3352,0.0073,0.0334,0.2201,0.0916,0.0333,2.7518
FCX,gold,1255,0.5365,0.0928,5.7835,0.2109,0.0938,2.2480,0.1212,0.0940,1.2887
FCX,growth,1255,1.2693,0.5381,2.3590,-0.2120,0.5393,-0.3931,-0.2964,0.5395,-0.5494
FCX,inflation,1255,1.2198,0.2759,4.4207,-0.1253,0.2781,-0.4505,1.0383,0.2766,3.7533
FCX,lithium,1255,0.5609,0.0522,10.7512,0.0842,0.0545,1.5449,-0.0139,0.0545,-0.2543
FCX,market_beta,1255,1.5322,0.0530,28.9253,-0.2443,0.0681,-3.5889,-0.1406,0.0683,-2.0574
FCX,momentum,1255,-0.0421,0.1315,-0.3203,0.0224,0.1315,0.1705,-0.1696,0.1315,-1.2900
FCX,natural_gas,1255,0.0310,0.0236,1.3176,0.0513,0.0237,2.1680,0.0200,0.0236,0.8487
FCX,quality,1255,-0.4456,0.4052,-1.0995,0.5543,0.4052,1.3682,0.4987,0.4053,1.2305
FCX,rates,1255,-0.3941,0.1816,-2.1695,0.4648,0.1816,2.5593,0.1859,0.1821,1.0213
FCX,rates_30y,1255,-0.1938,0.0811,-2.3896,0.1736,0.0812,2.1396,0.0197,0.0814,0.2423
FCX,semiconductors,1255,0.1320,0.0716,1.8429,0.1947,0.0715,2.7215,-0.2357,0.0715,-3.2986
FCX,uranium,1255,0.4022,0.0412,9.7580,0.0601,0.0427,1.4072,0.0500,0.0427,1.1695
FCX,usd_strength,1255,-1.2548,0.1935,-6.4862,-0.2978,0.1965,-1.5156,-1.0507,0.1945,-5.4026
FCX,value,1255,1.4754,0.1822,8.0973,-0.2384,0.1868,-1.2765,0.5281,0.1864,2.8335
FCX,volatility,1255,-0.0174,0.0163,-1.0656,-0.0600,0.0163,-3.6926,0.0139,0.0164,0.8475
FCX,xl_consumer_defensive,1255,-0.5631,0.1290,-4.3661,-0.4983,0.1292,-3.8565,-0.1968,0.1299,-1.5152
FCX,xl_financials,1255,-0.1462,0.1793,-0.8151,0.1992,0.1793,1.1107,-0.0993,0.1794,-0.5534
FCX,xl_healthcare,1255,-0.3990,0.1397,-2.8568,-0.5801,0.1392,-4.1677,0.0899,0.1402,0.6416
FCX,xl_industrials,1255,0.5303,0.2046,2.5916,0.4191,0.2048,2.0459,0.5225,0.2048,2.5510
FCX,xl_real_estate,1255,-0.0765,0.0949,-0.8067,-0.1473,0.0948,-1.5532,0.1627,0.0949,1.7154
FCX,xl_utilities,1255,-0.2128,0.0824,-2.5830,-0.1978,0.0824,-2.4000,0.0198,0.0826,0.2395
GE,biotech,1255,-0.1817,0.0668,-2.7189,-0.0421,0.0670,-0.6284,-0.1189,0.0670,-1.7752
GE,china_a_shares,1255,-0.0392,0.0461,-0.8491,0.0493,0.0461,1.0695,-0.1272,0.0460,-2.7638
GE,china_exposure,1255,-0.0094,0.0395,-0.2389,0.0593,0.0395,1.5012,-0.0811,0.0395,-2.0541
GE,copper,1255,0.0294,0.0503,0.5847,0.0793,0.0503,1.5765,0.0252,0.0503,0.5011
GE,credit_hy_spread,1255,0.7412,0.1403,5.2837,-0.0112,0.1419,-0.0790,-0.0014,0.1419,-0.0100
GE,defense,1255,0.6583,0.0758,8.6872,0.1496,0.0779,1.9197,0.1713,0.0780,2.1952
GE,energy_oil,1255,0.0506,0.0257,1.9673,0.0261,0.0258,1.0121,0.0225,0.0258,0.8731
GE,gold,1255,-0.2325,0.0723,-3.2138,0.0340,0.0727,0.4680,0.1753,0.0726,2.4162
GE,growth,1255,-0.0404,0.4168,-0.0969,-0.0117,0.4171,-0.0280,-0.6926,0.4166,-1.6626
GE,inflation,1255,0.6343,0.2142,2.9616,-0.0922,0.2150,-0.4288,0.2423,0.2149,1.1273
GE,lithium,1255,0.0588,0.0421,1.3952,0.1528,0.0419,3.6434,0.0256,0.0422,0.6061
GE,market_beta,1255,1.1644,0.0414,28.1281,-0.1170,0.0528,-2.2149,-0.1574,0.0527,-2.9858
GE,momentum,1255,-0.4121,0.1009,-4.0819,-0.0029,0.1017,-0.0287,-0.1250,0.1016,-1.2300
GE,natural_gas,1255,-0.0073,0.0182,-0.3999,0.0231,0.0183,1.2604,0.0100,0.0182,0.5488
GE,quality,1255,0.0407,0.3134,0.1298,0.8867,0.3125,2.8375,0.3437,0.3133,1.0969
GE,rates,1255,-0.6189,0.1396,-4.4350,0.1228,0.1407,0.8724,0.3723,0.1404,2.6517
GE,rates_30y,1255,-0.3046,0.0622,-4.8936,0.0634,0.0628,1.0094,0.1119,0.0628,1.7810
GE,semiconductors,1255,-0.1247,0.0553,-2.2533,0.2126,0.0551,3.8560,-0.1174,0.0554,-2.1203
GE,uranium,1255,0.0526,0.0330,1.5924,0.0594,0.0330,1.7997,0.0281,0.0330,0.8510
GE,usd_strength,1255,-0.0049,0.1520,-0.0320,-0.5217,0.1514,-3.4471,-1.0140,0.1493,-6.7904
GE,value,1255,1.5645,0.1375,11.3746,-0.1201,0.1445,-0.8310,0.2065,0.1444,1.4300
GE,volatility,1255,-0.0018,0.0126,-0.1444,-0.0094,0.0126,-0.7446,-0.0062,0.0126,-0.4919
GE,xl_consumer_defensive,1255,-0.1792,0.1003,-1.7870,-0.3547,0.1000,-3.5471,-0.1286,0.1004,-1.2807
GE,xl_financials,1255,0.3231,0.1384,2.3356,-0.1031,0.1387,-0.7432,0.1765,0.1386,1.2734
GE,xl_healthcare,1255,-0.1934,0.1082,-1.7881,-0.5018,0.1074,-4.6710,-0.0270,0.1084,-0.2490
GE,xl_industrials,1255,1.5036,0.1528,9.8410,0.3343,0.1584,2.1113,0.1874,0.1586,1.1812
GE,xl_real_estate,1255,0.1584,0.0732,2.1636,-0.0227,0.0734,-0.3097,-0.0311,0.0734,-0.4239
GE,xl_utilities,1255,0.0687,0.0638,1.0770,-0.1538,0.0637,-2.4140,-0.0400,0.0638,-0.6268
GOOGL,biotech,1255,-0.0442,0.0552,-0.8007,0.0386,0.0552,0.6991,-0.1052,0.0552,-1.9077
GOOGL,china_a_shares,1255,-0.0097,0.0380,-0.2563,0.0214,0.0380,0.5618,-0.0605,0.0380,-1.5929
GOOGL,china_exposure,1255,0.0384,0.0325,1.1796,0.0364,0.0325,1.1189,-0.0352,0.0326,-1.0805
GOOGL,copper,1255,-0.0368,0.0415,-0.8876,-0.0068,0.0415,-0.1632,0.0564,0.0415,1.3616
GOOGL,credit_hy_spread,1255,-0.3160,0.1165,-2.7116,0.0356,0.1169,0.3045,-0.2822,0.1167,-2.4184
GOOGL,defense,1255,-0.0594,0.0643,-0.9234,0.1309,0.0642,2.0389,0.0628,0.0644,0.9754
GOOGL,energy_oil,1255,-0.0323,0.0212,-1.5210,0.0008,0.0212,0.0385,0.0417,0.0212,1.9642
GOOGL,gold,1255,0.0248,0.0599,0.4137,0.0774,0.0598,1.2937,0.0095,0.0599,0.1578
GOOGL,growth,1255,-0.1622,0.3434,-0.4725,0.4603,0.3434,1.3403,-0.6422,0.3432,-1.8715
GOOGL,inflation,1255,-0.1874,0.1770,-1.0588,0.2560,0.1771,1.4462,-0.1318,0.1771,-0.7440
GOOGL,lithium,1255,-0.0408,0.0347,-1.1755,0.0668,0.0347,1.9272,0.0781,0.0347,2.2518
GOOGL,market_beta,1255,1.1510,0.0290,39.6908,-0.1982,0.0432,-4.5846,-0.1899,0.0433,-4.3900
GOOGL,momentum,1255,-0.0936,0.0837,-1.1184,0.0857,0.0837,1.0241,-0.1622,0.0837,-1.9382
GOOGL,natural_gas,1255,-0.0114,0.0150,-0.7582,-0.0093,0.0151,-0.6193,0.0146,0.0150,0.9759
GOOGL,quality,1255,0.1553,0.2582,0.6014,-0.0165,0.2583,-0.0639,0.6639,0.2576,2.5768
GOOGL,rates,1255,0.1703,0.1158,1.4706,0.0265,0.1160,0.2287,0.1849,0.1159,1.5955
GOOGL,rates_30y,1255,0.0729,0.0517,1.4092,-0.0018,0.0518,-0.0345,0.0740,0.0518,1.4294
GOOGL,semiconductors,1255,0.0999,0.0456,2.1918,0.1156,0.0456,2.5363,-0.1416,0.0455,-3.1085
GOOGL,uranium,1255,-0.0157,0.0272,-0.5778,0.0430,0.0272,1.5805,-0.0025,0.0272,-0.0911
GOOGL,usd_strength,1255,0.0192,0.1253,0.1531,-0.2735,0.1251,-2.1870,-0.6723,0.1239,-5.4279
GOOGL,value,1255,-1.2270,0.1139,-10.7742,-0.2036,0.1189,-1.7113,0.0284,0.1191,0.2386
GOOGL,volatility,1255,-0.0097,0.0104,-0.9351,-0.0340,0.0104,-3.2768,0.0067,0.0104,0.6416
GOOGL,xl_consumer_defensive,1255,-0.4776,0.0816,-5.8491,-0.2506,0.0825,-3.0378,-0.1388,0.0827,-1.6783
GOOGL,xl_financials,1255,0.1156,0.1142,1.0126,-0.1679,0.1142,-1.4697,0.0425,0.1143,0.3715
GOOGL,xl_healthcare,1255,-0.4192,0.0885,-4.7389,-0.2933,0.0889,-3.2990,-0.0103,0.0893,-0.1152
GOOGL,xl_industrials,1255,-0.3864,0.1302,-2.9677,0.2266,0.1306,1.7353,0.2119,0.1306,1.6219
GOOGL,xl_real_estate,1255,-0.3735,0.0595,-6.2776,-0.0704,0.0604,-1.1647,0.0128,0.0605,0.2118
GOOGL,xl_utilities,1255,-0.3110,0.0519,-5.9980,-0.0620,0.0526,-1.1795,-0.0705,0.0526,-1.3416
GS,biotech,1255,-0.1256,0.0560,-2.2424,0.0144,0.0561,0.2563,-0.0771,0.0561,-1.3732
GS,china_a_shares,1255,0.0057,0.0386,0.1481,-0.0280,0.0386,-0.7254,-0.1103,0.0385,-2.8629
GS,china_exposure,1255,-0.0016,0.0331,-0.0482,-0.0266,0.0331,-0.8028,-0.0587,0.0331,-1.7741
GS,copper,1255,0.0584,0.0421,1.3855,0.0189,0.0422,0.4473,0.0715,0.0421,1.6978
GS,credit_hy_spread,1255,0.4873,0.1180,4.1295,-0.1659,0.1187,-1.3969,-0.0655,0.1189,-0.5512
GS,defense,1255,0.0052,0.0654,0.0794,0.2394,0.0650,3.6817,0.0923,0.0654,1.4108
GS,energy_oil,1255,0.0564,0.0215,2.6183,-0.0054,0.0216,-0.2491,0.0180,0.0216,0.8308
GS,gold,1255,-0.1930,0.0606,-3.1850,0.0670,0.0608,1.1020,0.0854,0.0609,1.4036
GS,growth,1255,0.2472,0.3490,0.7083,0.0512,0.3493,0.1467,-0.3957,0.3491,-1.1334
GS,inflation,1255,0.5518,0.1793,3.0766,0.0808,0.1801,0.4488,-0.1117,0.1801,-0.6202
GS,lithium,1255,0.0332,0.0353,0.9402,0.0979,0.0352,2.7821,0.0416,0.0353,1.1776
GS,market_beta,1255,1.1580,0.0298,38.7939,-0.1663,0.0441,-3.7743,-0.1570,0.0441,-3.5611
GS,momentum,1255,-0.3274,0.0846,-3.8700,0.1145,0.0851,1.3460,0.0047,0.0852,0.0553
GS,natural_gas,1255,0.0082,0.0153,0.5361,0.0232,0.0153,1.5105,0.0046,0.0153,0.2989
GS,quality,1255,-0.7777,0.2615,-2.9735,0.7588,0.2617,2.8998,0.3355,0.2624,1.2786
GS,rates,1255,-0.3225,0.1174,-2.7463,0.2409,0.1177,2.0466,0.3997,0.1174,3.4055
GS,rates_30y,1255,-0.1479,0.0525,-2.8200,0.0904,0.0526,1.7200,0.1470,0.0525,2.7981
GS,semiconductors,1255,-0.1719,0.0462,-3.7214,0.1624,0.0462,3.5122,-0.0815,0.0464,-1.7569
GS,uranium,1255,0.0112,0.0277,0.4041,0.0517,0.0276,1.8709,0.0378,0.0277,1.3645
GS,usd_strength,1255,0.0756,0.1273,0.5942,-0.4616,0.1267,-3.6440,-1.0243,0.1240,-8.2583
GS,value,1255,1.4713,0.1136,12.9467,-0.2118,0.1209,-1.7522,0.1192,0.1210,0.9851
GS,volatility,1255,-0.0019,0.0106,-0.1809,-0.0295,0.0105,-2.7943,-0.0190,0.0106,-1.7995
GS,xl_consumer_defensive,1255,-0.0931,0.0841,-1.1079,-0.3351,0.0836,-4.0079,-0.1627,0.0840,-1.9358
GS,xl_financials,1255,1.2563,0.1106,11.3612,-0.1959,0.1160,-1.6884,-0.0336,0.1162,-0.2891
GS,xl_healthcare,1255,-0.1563,0.0906,-1.7246,-0.3406,0.0902,-3.7745,0.0095,0.0908,0.1045
GS,xl_industrials,1255,0.0923,0.1328,0.6954,0.4423,0.1323,3.3438,0.2074,0.1328,1.5612
GS,xl_real_estate,1255,0.1241,0.0613,2.0239,-0.0001,0.0614,-0.0020,0.0059,0.0615,0.0957
GS,xl_utilities,1255,0.0143,0.0535,0.2666,-0.0860,0.0534,-1.6099,-0.0376,0.0535,-0.7040
HD,biotech,1255,0.0222,0.0496,0.4469,0.0191,0.0496,0.3842,-0.0364,0.0496,-0.7329
HD,china_a_shares,1255,-0.0145,0.0341,-0.4257,-0.0192,0.0342,-0.5621,-0.1062,0.0340,-3.1201
HD,china_exposure,1255,-0.0463,0.0292,-1.5842,0.0090,0.0292,0.3061,-0.0439,0.0292,-1.5016
HD,copper,1255,-0.0290,0.0372,-0.7798,-0.0287,0.0372,-0.7714,0.0355,0.0372,0.9543
HD,credit_hy_spread,1255,-0.2069,0.1048,-1.9745,-0.2751,0.1047,-2.6272,-0.0873,0.1050,-0.8314
HD,defense,1255,-0.1158,0.0577,-2.0085,0.2902,0.0572,5.0757,0.0821,0.0578,1.4196
HD,energy_oil,1255,-0.0120,0.0191,-0.6290,-0.0012,0.0191,-0.0653,0.0025,0.0191,0.1321
HD,gold,1255,0.1001,0.0537,1.8653,0.1103,0.0537,2.0543,0.0707,0.0538,1.3143
HD,growth,1255,0.5818,0.3080,1.8888,-0.2852,0.3085,-0.9243,-0.0019,0.3086,-0.0060
HD,inflation,1255,-0.2146,0.1589,-1.3499,0.1955,0.1590,1.2290,-0.0374,0.1591,-0.2350
HD,lithium,1255,-0.0470,0.0312,-1.5095,0.0984,0.0311,3.1661,0.0705,0.0311,2.2633
HD,market_beta,1255,1.0238,0.0264,38.8473,-0.2493,0.0385,-6.4718,-0.1268,0.0390,-3.2536
HD,momentum,1255,-0.0614,0.0752,-0.8162,-0.0348,0.0752,-0.4626,0.1212,0.0752,1.6116
HD,natural_gas,1255,0.0040,0.0135,0.2958,0.0095,0.0136,0.6976,0.0113,0.0135,0.8395
HD,quality,1255,0.2112,0.2318,0.9110,-0.2159,0.2319,-0.9310,0.7764,0.2309,3.3616
HD,rates,1255,0.4572,0.1033,4.4264,0.3482,0.1037,3.3572,0.3038,0.1038,2.9259
HD,rates_30y,1255,0.1990,0.0462,4.3113,0.1525,0.0463,3.2924,0.1266,0.0464,2.7289
HD,semiconductors,1255,-0.0925,0.0409,-2.2594,0.0873,0.0410,2.1295,-0.0833,0.0410,-2.0326
HD,uranium,1255,-0.0512,0.0244,-2.0983,0.0566,0.0244,2.3202,0.0101,0.0245,0.4126
HD,usd_strength,1255,0.0741,0.1125,0.6587,-0.4922,0.1117,-4.4073,-0.8933,0.1097,-8.1456
HD,value,1255,0.4079,0.1063,3.8381,-0.1461,0.1069,-1.3672,0.0644,0.1069,0.6020
HD,volatility,1255,0.0164,0.0093,1.7555,-0.0294,0.0093,-3.1596,0.0000,0.0094,0.0035
HD,xl_consumer_defensive,1255,0.3129,0.0738,4.2399,-0.3689,0.0736,-5.0108,-0.2505,0.0740,-3.3851
HD,xl_financials,1255,-0.2694,0.1023,-2.6330,-0.0502,0.1027,-0.4888,0.0765,0.1026,0.7457
HD,xl_healthcare,1255,0.1619,0.0800,2.0227,-0.2191,0.0800,-2.7396,-0.0518,0.0802,-0.6466
HD,xl_industrials,1255,0.1961,0.1172,1.6733,0.3917,0.1169,3.3510,0.3399,0.1171,2.9035
HD,xl_real_estate,1255,0.2689,0.0537,5.0032,-0.0529,0.0543,-0.9743,0.0084,0.0543,0.1549
HD,xl_utilities,1255,0.1700,0.0470,3.6169,-0.1425,0.0471,-3.0260,-0.0838,0.0472,-1.7763
IWB,biotech,1255,0.0289,0.0366,0.7899,-0.0043,0.0366,-0.1178,-0.0711,0.0366,-1.9447
IWB,china_a_shares,1255,0.0014,0.0252,0.0544,-0.0169,0.0252,-0.6711,-0.0715,0.0251,-2.8435
IWB,china_exposure,1255,-0.0007,0.0216,-0.0340,-0.0006,0.0216,-0.0293,-0.0418,0.0216,-1.9390
IWB,copper,1255,-0.0008,0.0275,-0.0285,-0.0071,0.0275,-0.2582,0.0412,0.0275,1.4983
IWB,credit_hy_spread,1255,0.0229,0.0775,0.2955,-0.1248,0.0775,-1.6107,-0.1160,0.0775,-1.4971
IWB,defense,1255,0.0046,0.0426,0.1070,0.1601,0.0424,3.7755,0.0675,0.0427,1.5816
IWB,energy_oil,1255,-0.0012,0.0141,-0.0820,-0.0048,0.0141,-0.3381,0.0177,0.0141,1.2585
IWB,gold,1255,0.0037,0.0397,0.0934,0.0683,0.0397,1.7230,0.0625,0.0397,1.5747
IWB,growth,1255,0.4230,0.2274,1.8600,0.0432,0.2279,0.1897,-0.3671,0.2276,-1.6128
IWB,inflation,1255,0.0054,0.1174,0.0462,-0.0478,0.1175,-0.4070,-0.0345,0.1175,-0.2933
IWB,lithium,1255,0.0006,0.0230,0.0255,0.0519,0.0230,2.2594,0.0505,0.0230,2.1944
IWB,market_beta,1255,1.0206,0.0019,544.3567,-0.1618,0.0285,-5.6662,-0.1547,0.0286,-5.4146
IWB,momentum,1255,0.0317,0.0555,0.5708,0.0329,0.0555,0.5916,-0.0515,0.0555,-0.9269
IWB,natural_gas,1255,0.0001,0.0100,0.0139,0.0044,0.0100,0.4355,0.0111,0.0100,1.1116
IWB,quality,1255,-0.0131,0.1712,-0.0766,0.2049,0.1712,1.1968,0.4793,0.1707,2.8071
IWB,rates,1255,-0.0003,0.0769,-0.0039,0.2043,0.0767,2.6630,0.2622,0.0766,3.4246
IWB,rates_30y,1255,0.0013,0.0343,0.0382,0.0847,0.0343,2.4729,0.0939,0.0343,2.7401
IWB,semiconductors,1255,-0.0033,0.0303,-0.1104,0.0660,0.0303,2.1834,-0.1094,0.0302,-3.6291
IWB,uranium,1255,0.0049,0.0181,0.2702,0.0375,0.0180,2.0772,0.0082,0.0181,0.4558
IWB,usd_strength,1255,0.0042,0.0831,0.0501,-0.3619,0.0825,-4.3891,-0.7446,0.0804,-9.2655
IWB,value,1255,0.0238,0.0789,0.3020,-0.0962,0.0789,-1.2192,0.0689,0.0789,0.8729
IWB,volatility,1255,0.0005,0.0069,0.0681,-0.0216,0.0069,-3.1470,0.0003,0.0069,0.0442
IWB,xl_consumer_defensive,1255,-0.0162,0.0549,-0.2952,-0.1965,0.0546,-3.5973,-0.1135,0.0548,-2.0710
IWB,xl_financials,1255,-0.0171,0.0758,-0.2261,-0.0855,0.0758,-1.1280,0.0371,0.0758,0.4895
IWB,xl_healthcare,1255,-0.0034,0.0592,-0.0576,-0.2124,0.0589,-3.6052,-0.0058,0.0592,-0.0974
IWB,xl_industrials,1255,-0.0082,0.0867,-0.0944,0.2729,0.0863,3.1611,0.1995,0.0865,2.3056
IWB,xl_real_estate,1255,0.0158,0.0401,0.3932,-0.0177,0.0401,-0.4405,0.0115,0.0401,0.2862
IWB,xl_utilities,1255,0.0024,0.0349,0.0682,-0.0664,0.0348,-1.9046,-0.0402,0.0349,-1.1516
IWM,biotech,1255,0.2412,0.0462,5.2154,0.0112,0.0468,0.2401,-0.0873,0.0467,-1.8685
IWM,china_a_shares,1255,0.0090,0.0322,0.2798,-0.0468,0.0322,-1.4544,-0.0843,0.0321,-2.6252
IWM,china_exposure,1255,0.0180,0.0275,0.6535,-0.0312,0.0276,-1.1306,-0.0509,0.0275,-1.8477
IWM,copper,1255,0.0549,0.0351,1.5668,-0.0322,0.0351,-0.9177,0.0707,0.0351,2.0166
IWM,credit_hy_spread,1255,0.2109,0.0988,2.1355,-0.1627,0.0989,-1.6452,-0.0430,0.0990,-0.4344
IWM,defense,1255,0.1656,0.0542,3.0547,0.2023,0.0541,3.7356,0.0916,0.0545,1.6822
IWM,energy_oil,1255,0.0240,0.0180,1.3366,0.0070,0.0180,0.3865,0.0341,0.0180,1.8991
IWM,gold,1255,0.0258,0.0507,0.5102,0.0768,0.0506,1.5164,0.0789,0.0507,1.5567
IWM,growth,1255,2.0445,0.2849,7.1756,0.0090,0.2909,0.0309,-0.1517,0.2909,-0.5217
IWM,inflation,1255,0.2440,0.1498,1.6291,0.0561,0.1500,0.3737,0.2699,0.1498,1.8018
IWM,lithium,1255,0.0832,0.0293,2.8386,0.0476,0.0294,1.6206,0.0471,0.0294,1.6041
IWM,market_beta,1255,1.1333,0.0183,61.9075,-0.1551,0.0366,-4.2338,-0.1380,0.0367,-3.7613
IWM,momentum,1255,-0.0711,0.0709,-1.0030,0.0004,0.0709,0.0057,-0.0450,0.0709,-0.6345
IWM,natural_gas,1255,-0.0009,0.0127,-0.0671,0.0051,0.0128,0.3996,0.0154,0.0127,1.2084
IWM,quality,1255,-0.3089,0.2184,-1.4146,0.3572,0.2184,1.6354,0.1587,0.2186,0.7258
IWM,rates,1255,0.0636,0.0981,0.6483,0.1908,0.0980,1.9466,0.2424,0.0980,2.4749
IWM,rates_30y,1255,0.0301,0.0438,0.6876,0.0741,0.0438,1.6925,0.0848,0.0438,1.9355
IWM,semiconductors,1255,-0.0220,0.0387,-0.5678,0.0483,0.0387,1.2500,-0.1126,0.0386,-2.9211
IWM,uranium,1255,0.0729,0.0230,3.1747,0.0316,0.0230,1.3731,0.0425,0.0230,1.8479
IWM,usd_strength,1255,-0.2116,0.1059,-1.9993,-0.2931,0.1057,-2.7713,-0.8651,0.1032,-8.3824
IWM,value,1255,0.9008,0.0975,9.2390,-0.0207,0.1008,-0.2054,0.1438,0.1007,1.4275
IWM,volatility,1255,-0.0154,0.0088,-1.7559,-0.0220,0.0088,-2.4972,-0.0066,0.0088,-0.7539
IWM,xl_consumer_defensive,1255,-0.2278,0.0698,-3.2651,-0.2324,0.0698,-3.3308,-0.1810,0.0699,-2.5898
IWM,xl_financials,1255,0.0219,0.0967,0.2263,-0.0777,0.0967,-0.8033,-0.0031,0.0967,-0.0324
IWM,xl_healthcare,1255,-0.1794,0.0754,-2.3802,-0.1990,0.0754,-2.6405,0.0035,0.0756,0.0469
IWM,xl_industrials,1255,0.2277,0.1104,2.0620,0.3383,0.1102,3.0685,0.2060,0.1106,1.8632
IWM,xl_real_estate,1255,0.1812,0.0509,3.5595,0.0144,0.0512,0.2823,0.0086,0.0512,0.1674
IWM,xl_utilities,1255,-0.0187,0.0445,-0.4204,-0.0494,0.0445,-1.1102,-0.0716,0.0445,-1.6100
JNJ,biotech,1255,0.1158,0.0331,3.4936,-0.0225,0.0333,-0.6759,0.0395,0.0333,1.1868
JNJ,china_a_shares,1255,-0.0018,0.0229,-0.0806,-0.0234,0.0229,-1.0194,-0.0311,0.0229,-1.3592
JNJ,china_exposure,1255,-0.0272,0.0196,-1.3865,-0.0259,0.0196,-1.3192,-0.0058,0.0196,-0.2938
JNJ,copper,1255,-0.0613,0.0249,-2.4595,0.0116,0.0250,0.4651,-0.0345,0.0250,-1.3808
JNJ,credit_hy_spread,1255,0.0511,0.0705,0.7247,-0.1403,0.0704,-1.9940,-0.0590,0.0705,-0.8371
JNJ,defense,1255,-0.2250,0.0382,-5.8822,0.0634,0.0387,1.6379,-0.0162,0.0388,-0.4165
JNJ,energy_oil,1255,-0.0313,0.0128,-2.4526,-0.0099,0.0128,-0.7698,-0.0022,0.0128,-0.1689
JNJ,gold,1255,-0.0159,0.0361,-0.4404,0.0626,0.0361,1.7351,-0.0342,0.0361,-0.9479
JNJ,growth,1255,-1.2953,0.2038,-6.3551,-0.1487,0.2071,-0.7179,-0.2759,0.2070,-1.3328
JNJ,inflation,1255,-0.2985,0.1065,-2.8040,-0.2288,0.1066,-2.1465,-0.2344,0.1066,-2.1990
JNJ,lithium,1255,-0.0533,0.0209,-2.5507,0.0246,0.0209,1.1736,0.0115,0.0209,0.5480
JNJ,market_beta,1255,0.4819,0.0225,21.4482,-0.1258,0.0260,-4.8306,-0.1452,0.0260,-5.5949
JNJ,momentum,1255,-0.1899,0.0502,-3.7836,0.1019,0.0504,2.0209,0.0029,0.0505,0.0566
JNJ,natural_gas,1255,-0.0029,0.0091,-0.3250,-0.0096,0.0091,-1.0603,0.0035,0.0091,0.3917
JNJ,quality,1255,0.3150,0.1554,2.0263,0.1172,0.1557,0.7531,0.3627,0.1554,2.3341
JNJ,rates,1255,-0.0481,0.0699,-0.6885,0.2054,0.0697,2.9482,0.2013,0.0697,2.8887
JNJ,rates_30y,1255,-0.0638,0.0312,-2.0481,0.0884,0.0311,2.8405,0.0746,0.0312,2.3949
JNJ,semiconductors,1255,-0.2884,0.0263,-10.9608,0.0214,0.0275,0.7764,-0.0397,0.0275,-1.4418
JNJ,uranium,1255,-0.0812,0.0163,-4.9920,-0.0016,0.0164,-0.0960,0.0074,0.0164,0.4484
JNJ,usd_strength,1255,0.1357,0.0754,1.7984,-0.2727,0.0751,-3.6294,-0.3659,0.0748,-4.8912
JNJ,value,1255,0.6666,0.0693,9.6243,-0.0210,0.0718,-0.2929,-0.0144,0.0718,-0.2002
JNJ,volatility,1255,0.0253,0.0062,4.0559,-0.0082,0.0063,-1.3132,0.0028,0.0063,0.4498
JNJ,xl_consumer_defensive,1255,0.7574,0.0451,16.8029,0.0000,0.0499,0.0003,0.0444,0.0499,0.8898
JNJ,xl_financials,1255,-0.4641,0.0676,-6.8621,-0.1273,0.0688,-1.8505,-0.0268,0.0689,-0.3894
JNJ,xl_healthcare,1255,1.0459,0.0450,23.2558,-0.0991,0.0538,-1.8429,0.0355,0.0538,0.6602
JNJ,xl_industrials,1255,-0.4655,0.0777,-5.9924,0.0434,0.0788,0.5506,-0.0029,0.0788,-0.0365
JNJ,xl_real_estate,1255,0.2568,0.0357,7.1920,0.0106,0.0364,0.2898,0.0020,0.0365,0.0548
JNJ,xl_utilities,1255,0.3764,0.0299,12.5962,0.0130,0.0317,0.4102,0.0122,0.0317,0.3861
JPM,biotech,1255,-0.2145,0.0548,-3.9164,-0.0202,0.0551,-0.3670,-0.0396,0.0551,-0.7191
JPM,china_a_shares,1255,0.0107,0.0379,0.2811,-0.0202,0.0379,-0.5324,-0.1028,0.0378,-2.7156
JPM,china_exposure,1255,0.0027,0.0325,0.0843,-0.0055,0.0325,-0.1682,-0.0378,0.0325,-1.1637
JPM,copper,1255,0.0272,0.0414,0.6566,0.0243,0.0414,0.5873,0.0593,0.0414,1.4339
JPM,credit_hy_spread,1255,0.9676,0.1134,8.5332,-0.0663,0.1167,-0.5684,-0.0983,0.1167,-0.8428
JPM,defense,1255,-0.0054,0.0642,-0.0836,0.1861,0.0640,2.9101,0.1344,0.0642,2.0938
JPM,energy_oil,1255,0.0622,0.0211,2.9433,0.0065,0.0212,0.3085,0.0163,0.0212,0.7664
JPM,gold,1255,-0.2670,0.0593,-4.5054,0.0059,0.0598,0.0992,0.1007,0.0597,1.6858
JPM,growth,1255,-0.3162,0.3426,-0.9230,-0.0905,0.3429,-0.2638,-0.7364,0.3423,-2.1512
JPM,inflation,1255,0.9146,0.1748,5.2307,-0.1358,0.1768,-0.7680,0.0561,0.1768,0.3173
JPM,lithium,1255,0.0182,0.0347,0.5261,0.0896,0.0346,2.5921,0.0563,0.0346,1.6254
JPM,market_beta,1255,1.0926,0.0306,35.6813,-0.1904,0.0432,-4.4101,-0.2330,0.0430,-5.4175
JPM,momentum,1255,-0.5324,0.0822,-6.4770,0.0594,0.0836,0.7111,-0.0416,0.0836,-0.4972
JPM,natural_gas,1255,-0.0013,0.0150,-0.0863,0.0259,0.0150,1.7213,0.0165,0.0150,1.1012
JPM,quality,1255,-0.7664,0.2568,-2.9846,0.5631,0.2573,2.1888,0.2999,0.2577,1.1640
JPM,rates,1255,-0.7225,0.1138,-6.3461,0.0702,0.1157,0.6062,0.4119,0.1152,3.5760
JPM,rates_30y,1255,-0.3231,0.0509,-6.3534,0.0190,0.0517,0.3672,0.1267,0.0516,2.4563
JPM,semiconductors,1255,-0.2844,0.0449,-6.3363,0.1524,0.0454,3.3567,-0.0155,0.0456,-0.3403
JPM,uranium,1255,-0.0382,0.0272,-1.4086,0.0529,0.0271,1.9496,0.0345,0.0272,1.2705
JPM,usd_strength,1255,0.2894,0.1247,2.3200,-0.4137,0.1245,-3.3232,-1.0415,0.1215,-8.5692
JPM,value,1255,1.8125,0.1072,16.9077,-0.1908,0.1187,-1.6075,0.0617,0.1188,0.5193
JPM,volatility,1255,0.0078,0.0104,0.7534,-0.0306,0.0104,-2.9561,-0.0171,0.0104,-1.6507
JPM,xl_consumer_defensive,1255,0.0486,0.0826,0.5889,-0.3731,0.0819,-4.5533,-0.1357,0.0825,-1.6441
JPM,xl_financials,1255,1.5553,0.1052,14.7819,-0.1617,0.1140,-1.4190,-0.0218,0.1141,-0.1913
JPM,xl_healthcare,1255,-0.0070,0.0891,-0.0789,-0.3513,0.0885,-3.9674,-0.0621,0.0891,-0.6971
JPM,xl_industrials,1255,-0.0440,0.1304,-0.3377,0.3611,0.1300,2.7769,0.2765,0.1303,2.1224
JPM,xl_real_estate,1255,0.2194,0.0600,3.6567,0.0040,0.0603,0.0657,-0.0397,0.0604,-0.6570
JPM,xl_utilities,1255,0.1258,0.0524,2.4021,-0.1394,0.0524,-2.6631,-0.0610,0.0525,-1.1624
KO,biotech,1255,-0.1389,0.0353,-3.9375,-0.0802,0.0354,-2.2635,-0.0021,0.0355,-0.0583
KO,china_a_shares,1255,-0.0137,0.0244,-0.5620,-0.0066,0.0244,-0.2684,-0.0777,0.0243,-3.1905
KO,china_exposure,1255,-0.0256,0.0209,-1.2256,-0.0161,0.0209,-0.7698,-0.0558,0.0209,-2.6741
KO,copper,1255,-0.0104,0.0267,-0.3892,0.0221,0.0267,0.8300,-0.0156,0.0267,-0.5855
KO,credit_hy_spread,1255,0.2387,0.0748,3.1897,-0.1597,0.0750,-2.1282,0.1797,0.0750,2.3957
KO,defense,1255,0.0046,0.0413,0.1119,0.1528,0.0411,3.7159,0.0610,0.0414,1.4737
KO,energy_oil,1255,0.0040,0.0137,0.2941,0.0089,0.0137,0.6538,0.0068,0.0137,0.4965
KO,gold,1255,0.0310,0.0385,0.8062,0.1018,0.0384,2.6519,-0.0231,0.0385,-0.6009
KO,growth,1255,-1.6474,0.2158,-7.6338,-0.0631,0.2209,-0.2858,0.0479,0.2209,0.2170
KO,inflation,1255,-0.1860,0.1137,-1.6355,-0.2347,0.1137,-2.0638,-0.1217,0.1138,-1.0687
KO,lithium,1255,-0.0204,0.0223,-0.9125,0.0458,0.0223,2.0532,0.0046,0.0223,0.2042
KO,market_beta,1255,0.6318,0.0216,29.2788,-0.0735,0.0279,-2.6285,-0.1431,0.0277,-5.1608
KO,momentum,1255,-0.3600,0.0529,-6.8105,0.0617,0.0538,1.1470,0.0185,0.0539,0.3426
KO,natural_gas,1255,-0.0106,0.0096,-1.0976,0.0044,0.0097,0.4501,0.0146,0.0096,1.5191
KO,quality,1255,0.2884,0.1658,1.7395,0.2423,0.1659,1.4605,0.4603,0.1655,2.7808
KO,rates,1255,-0.0317,0.0745,-0.4261,0.2994,0.0741,4.0422,0.0329,0.0746,0.4415
KO,rates_30y,1255,-0.0509,0.0332,-1.5318,0.1174,0.0331,3.5447,-0.0067,0.0333,-0.2020
KO,semiconductors,1255,-0.3084,0.0280,-10.9979,0.0053,0.0294,0.1813,-0.0731,0.0293,-2.4955
KO,uranium,1255,-0.0693,0.0174,-3.9838,0.0232,0.0175,1.3234,-0.0022,0.0175,-0.1261
KO,usd_strength,1255,-0.1413,0.0804,-1.7565,-0.2823,0.0801,-3.5221,-0.4345,0.0796,-5.4584
KO,value,1255,0.8375,0.0728,11.5092,0.1144,0.0765,1.4959,0.1394,0.0764,1.8236
KO,volatility,1255,0.0191,0.0067,2.8579,-0.0079,0.0067,-1.1844,0.0213,0.0067,3.1869
KO,xl_consumer_defensive,1255,0.9914,0.0452,21.9229,-0.0370,0.0532,-0.6959,0.0562,0.0532,1.0557
KO,xl_financials,1255,-0.3229,0.0729,-4.4307,-0.0883,0.0734,-1.2023,-0.0909,0.0734,-1.2382
KO,xl_healthcare,1255,0.4825,0.0557,8.6583,-0.1018,0.0573,-1.7750,0.0921,0.0573,1.6057
KO,xl_industrials,1255,-0.0834,0.0840,-0.9934,0.2268,0.0838,2.7067,0.1161,0.0840,1.3818
KO,xl_real_estate,1255,0.3613,0.0375,9.6394,0.0218,0.0389,0.5612,0.0416,0.0389,1.0715
KO,xl_utilities,1255,0.4474,0.0314,14.2658,-0.0225,0.0338,-0.6653,0.0490,0.0338,1.4502
LIN,biotech,1255,-0.0585,0.0440,-1.3290,0.0004,0.0440,0.0082,-0.0527,0.0440,-1.1972
LIN,china_a_shares,1255,0.0166,0.0303,0.5488,-0.0103,0.0303,-0.3384,-0.0496,0.0303,-1.6377
LIN,china_exposure,1255,0.0248,0.0259,0.9574,-0.0155,0.0259,-0.5994,-0.0450,0.0259,-1.7354
LIN,copper,1255,0.0682,0.0330,2.0666,-0.0112,0.0330,-0.3391,0.0861,0.0330,2.6106
LIN,credit_hy_spread,1255,0.1521,0.0931,1.6340,-0.1053,0.0931,-1.1314,-0.0666,0.0932,-0.7147
LIN,defense,1255,-0.0967,0.0512,-1.8893,0.1598,0.0510,3.1307,0.1211,0.0513,2.3626
LIN,energy_oil,1255,-0.0092,0.0169,-0.5439,0.0350,0.0169,2.0699,0.0202,0.0169,1.1916
LIN,gold,1255,0.0523,0.0477,1.0966,0.0736,0.0477,1.5452,0.0835,0.0477,1.7488
LIN,growth,1255,-0.4964,0.2735,-1.8147,0.3623,0.2736,1.3243,-0.2659,0.2739,-0.9708
LIN,inflation,1255,0.1045,0.1412,0.7402,0.1860,0.1411,1.3188,-0.0990,0.1412,-0.7008
LIN,lithium,1255,0.0254,0.0277,0.9169,0.0440,0.0276,1.5916,0.0726,0.0276,2.6264
LIN,market_beta,1255,0.9273,0.0228,40.6303,-0.1519,0.0345,-4.4065,-0.1547,0.0345,-4.4860
LIN,momentum,1255,-0.1512,0.0666,-2.2688,0.0924,0.0667,1.3858,-0.0110,0.0668,-0.1648
LIN,natural_gas,1255,0.0127,0.0120,1.0627,0.0066,0.0120,0.5513,0.0197,0.0120,1.6451
LIN,quality,1255,0.3563,0.2057,1.7326,0.4259,0.2054,2.0732,0.4409,0.2056,2.1444
LIN,rates,1255,-0.0940,0.0924,-1.0171,0.1663,0.0923,1.8021,0.3227,0.0920,3.5060
LIN,rates_30y,1255,-0.0447,0.0413,-1.0840,0.0874,0.0412,2.1208,0.1055,0.0412,2.5610
LIN,semiconductors,1255,-0.0775,0.0364,-2.1311,0.1200,0.0363,3.3091,-0.0582,0.0364,-1.5997
LIN,uranium,1255,0.0110,0.0217,0.5056,0.0363,0.0217,1.6732,0.0143,0.0217,0.6593
LIN,usd_strength,1255,-0.2632,0.0996,-2.6423,-0.0858,0.0998,-0.8594,-0.8208,0.0972,-8.4470
LIN,value,1255,0.5433,0.0937,5.7994,-0.0965,0.0948,-1.0173,0.1302,0.0949,1.3720
LIN,volatility,1255,-0.0092,0.0083,-1.1112,-0.0209,0.0083,-2.5216,0.0060,0.0083,0.7254
LIN,xl_consumer_defensive,1255,0.2365,0.0657,3.6020,-0.2622,0.0655,-4.0007,-0.1156,0.0659,-1.7539
LIN,xl_financials,1255,0.0372,0.0911,0.4083,-0.0795,0.0910,-0.8731,-0.0207,0.0911,-0.2274
LIN,xl_healthcare,1255,0.2597,0.0708,3.6685,-0.2565,0.0708,-3.6250,-0.0054,0.0712,-0.0758
LIN,xl_industrials,1255,0.1286,0.1041,1.2346,0.3152,0.1038,3.0383,0.2317,0.1041,2.2263
LIN,xl_real_estate,1255,0.0797,0.0481,1.6564,0.0188,0.0482,0.3893,0.0099,0.0482,0.2056
LIN,xl_utilities,1255,0.1275,0.0418,3.0518,-0.1097,0.0418,-2.6250,-0.0279,0.0419,-0.6654
LLY,biotech,1255,0.3036,0.0539,5.6334,0.0475,0.0546,0.8697,0.0661,0.0546,1.2120
LLY,china_a_shares,1255,-0.0556,0.0375,-1.4819,0.0086,0.0376,0.2288,-0.0373,0.0376,-0.9924
LLY,china_exposure,1255,-0.0772,0.0321,-2.4067,0.0206,0.0322,0.6390,-0.0022,0.0322,-0.0684
LLY,copper,1255,-0.1398,0.0408,-3.4284,0.0106,0.0410,0.2591,0.0197,0.0410,0.4804
LLY,credit_hy_spread,1255,-0.1777,0.1154,-1.5398,-0.0645,0.1155,-0.5582,-0.3106,0.1152,-2.6954
LLY,defense,1255,-0.1049,0.0635,-1.6527,0.1455,0.0634,2.2941,-0.0611,0.0636,-0.9607
LLY,energy_oil,1255,-0.0320,0.0210,-1.5283,0.0023,0.0210,0.1085,-0.0100,0.0210,-0.4777
LLY,gold,1255,-0.0330,0.0591,-0.5571,-0.0646,0.0592,-1.0920,0.1390,0.0591,2.3531
LLY,growth,1255,-1.6126,0.3363,-4.7948,-0.1336,0.3396,-0.3935,-0.1926,0.3395,-0.5672
LLY,inflation,1255,-0.4141,0.1746,-2.3714,-0.2727,0.1750,-1.5588,-0.6194,0.1742,-3.5554
LLY,lithium,1255,-0.1248,0.0341,-3.6566,0.0661,0.0343,1.9276,0.0283,0.0343,0.8252
LLY,market_beta,1255,0.6563,0.0389,16.8876,-0.0963,0.0430,-2.2405,-0.1802,0.0428,-4.2134
LLY,momentum,1255,0.3891,0.0820,4.7442,0.1810,0.0826,2.1906,0.0783,0.0828,0.9458
LLY,natural_gas,1255,0.0009,0.0148,0.0581,0.0030,0.0149,0.2006,0.0145,0.0148,0.9808
LLY,quality,1255,1.1333,0.2532,4.4765,0.3399,0.2551,1.3323,0.6244,0.2546,2.4520
LLY,rates,1255,-0.0341,0.1145,-0.2978,0.1990,0.1145,1.7384,0.2959,0.1143,2.5882
LLY,rates_30y,1255,-0.0453,0.0512,-0.8855,0.0830,0.0511,1.6228,0.1069,0.0511,2.0907
LLY,semiconductors,1255,-0.1298,0.0450,-2.8855,0.0747,0.0451,1.6559,-0.0836,0.0451,-1.8527
LLY,uranium,1255,-0.0676,0.0268,-2.5171,0.0308,0.0269,1.1454,-0.0095,0.0269,-0.3534
LLY,usd_strength,1255,0.4336,0.1232,3.5197,-0.3746,0.1234,-3.0364,-0.6012,0.1226,-4.9017
LLY,value,1255,-0.2502,0.1174,-2.1304,-0.1234,0.1176,-1.0487,-0.0835,0.1176,-0.7101
LLY,volatility,1255,-0.0072,0.0103,-0.6988,-0.0142,0.0103,-1.3779,-0.0044,0.0103,-0.4266
LLY,xl_consumer_defensive,1255,0.4731,0.0807,5.8639,-0.1238,0.0818,-1.5138,0.0289,0.0818,0.3535
LLY,xl_financials,1255,-0.5506,0.1118,-4.9232,-0.1624,0.1129,-1.4390,-0.0256,0.1129,-0.2271
LLY,xl_healthcare,1255,1.3365,0.0797,16.7672,-0.1810,0.0881,-2.0540,0.0827,0.0882,0.9374
LLY,xl_industrials,1255,-0.3394,0.1288,-2.6355,0.2316,0.1290,1.7955,0.0077,0.1292,0.0593
LLY,xl_real_estate,1255,0.0403,0.0597,0.6748,-0.0772,0.0597,-1.2936,-0.0036,0.0598,-0.0602
LLY,xl_utilities,1255,0.2113,0.0516,4.0924,-0.0595,0.0520,-1.1439,0.0068,0.0520,0.1307
LSCC,biotech,1255,0.3229,0.0903,3.5754,0.0520,0.0908,0.5731,-0.2405,0.0905,-2.6573
LSCC,china_a_shares,1255,0.1474,0.0623,2.3647,-0.0673,0.0625,-1.0772,-0.0180,0.0625,-0.2876
LSCC,china_exposure,1255,0.1732,0.0533,3.2518,-0.0308,0.0535,-0.5747,-0.0132,0.0535,-0.2462
LSCC,copper,1255,0.1371,0.0680,2.0150,-0.0522,0.0682,-0.7666,0.1419,0.0680,2.0851
LSCC,credit_hy_spread,1255,-0.2577,0.1920,-1.3423,0.1415,0.1921,0.7367,-0.1417,0.1921,-0.7377
LSCC,defense,1255,-0.0288,0.1057,-0.2723,0.2631,0.1054,2.4955,0.2273,0.1057,2.1518
LSCC,energy_oil,1255,-0.0312,0.0349,-0.8942,-0.0221,0.0349,-0.6328,0.0704,0.0349,2.0189
LSCC,gold,1255,0.0731,0.0984,0.7430,0.1560,0.0983,1.5871,0.1294,0.0984,1.3151
LSCC,growth,1255,3.8401,0.5540,6.9321,0.6793,0.5644,1.2035,-0.3280,0.5645,-0.5810
LSCC,inflation,1255,-0.3097,0.2910,-1.0644,0.1276,0.2912,0.4383,0.0861,0.2911,0.2957
LSCC,lithium,1255,0.2160,0.0568,3.8064,-0.0299,0.0571,-0.5243,0.1289,0.0570,2.2628
LSCC,market_beta,1255,1.6368,0.0547,29.9356,-0.3618,0.0709,-5.1014,-0.1433,0.0715,-2.0045
LSCC,momentum,1255,0.7003,0.1362,5.1415,0.0142,0.1377,0.1030,-0.1515,0.1376,-1.1011
LSCC,natural_gas,1255,-0.0344,0.0247,-1.3962,0.0182,0.0248,0.7340,0.0109,0.0247,0.4403
LSCC,quality,1255,1.2855,0.4229,3.0401,0.1883,0.4245,0.4435,0.1525,0.4244,0.3593
LSCC,rates,1255,0.1936,0.1904,1.0170,0.0851,0.1906,0.4467,0.2692,0.1904,1.4138
LSCC,rates_30y,1255,0.1162,0.0850,1.3660,0.0249,0.0851,0.2926,0.0721,0.0851,0.8476
LSCC,semiconductors,1255,1.1849,0.0672,17.6279,0.0043,0.0751,0.0572,-0.3122,0.0746,-4.1859
LSCC,uranium,1255,0.1736,0.0445,3.9029,0.0241,0.0448,0.5378,-0.0026,0.0447,-0.0586
LSCC,usd_strength,1255,-0.5280,0.2053,-2.5715,-0.2294,0.2058,-1.1146,-1.0998,0.2035,-5.4046
LSCC,value,1255,-1.1704,0.1928,-6.0689,0.0330,0.1957,0.1685,0.1093,0.1956,0.5586
LSCC,volatility,1255,-0.0464,0.0171,-2.7213,-0.0183,0.0171,-1.0711,-0.0045,0.0171,-0.2657
LSCC,xl_consumer_defensive,1255,-1.2003,0.1317,-9.1122,-0.1845,0.1360,-1.3570,-0.1921,0.1359,-1.4134
LSCC,xl_financials,1255,-0.4102,0.1874,-2.1886,-0.0563,0.1878,-0.2999,0.3172,0.1875,1.6914
LSCC,xl_healthcare,1255,-0.8523,0.1447,-5.8897,-0.2276,0.1466,-1.5523,-0.0470,0.1467,-0.3207
LSCC,xl_industrials,1255,0.2953,0.2146,1.3758,0.6462,0.2140,3.0190,0.4617,0.2145,2.1527
LSCC,xl_real_estate,1255,-0.5195,0.0982,-5.2879,0.0778,0.0993,0.7834,0.0621,0.0994,0.6246
LSCC,xl_utilities,1255,-0.7031,0.0841,-8.3560,-0.0179,0.0865,-0.2074,-0.1314,0.0864,-1.5210
MCD,biotech,1255,-0.0750,0.0397,-1.8887,0.0148,0.0398,0.3727,-0.0529,0.0398,-1.3301
MCD,china_a_shares,1255,-0.0187,0.0274,-0.6844,0.0214,0.0274,0.7824,-0.0504,0.0273,-1.8434
MCD,china_exposure,1255,-0.0405,0.0234,-1.7288,-0.0018,0.0235,-0.0754,-0.0141,0.0235,-0.6005
MCD,copper,1255,-0.0021,0.0299,-0.0696,0.0088,0.0299,0.2961,0.0096,0.0299,0.3221
MCD,credit_hy_spread,1255,0.1026,0.0841,1.2192,-0.2049,0.0840,-2.4384,-0.0082,0.0842,-0.0979
MCD,defense,1255,0.0712,0.0463,1.5388,0.2448,0.0458,5.3426,0.2016,0.0460,4.3792
MCD,energy_oil,1255,0.0027,0.0153,0.1786,-0.0075,0.0153,-0.4880,0.0075,0.0153,0.4931
MCD,gold,1255,0.0231,0.0431,0.5357,0.1272,0.0430,2.9604,0.0144,0.0431,0.3347
MCD,growth,1255,-0.2872,0.2472,-1.1617,-0.4897,0.2471,-1.9815,-0.3226,0.2473,-1.3046
MCD,inflation,1255,0.2401,0.1274,1.8852,0.0298,0.1276,0.2334,0.1115,0.1275,0.8744
MCD,lithium,1255,-0.0372,0.0250,-1.4875,0.0837,0.0249,3.3585,0.0619,0.0250,2.4807
MCD,market_beta,1255,0.7332,0.0236,31.1018,-0.1606,0.0311,-5.1680,-0.1727,0.0310,-5.5689
MCD,momentum,1255,-0.0997,0.0602,-1.6545,0.0446,0.0603,0.7386,-0.0796,0.0603,-1.3205
MCD,natural_gas,1255,-0.0038,0.0108,-0.3555,-0.0053,0.0109,-0.4876,0.0215,0.0108,1.9953
MCD,quality,1255,-0.1718,0.1859,-0.9243,-0.1421,0.1860,-0.7640,0.0993,0.1860,0.5339
MCD,rates,1255,-0.0272,0.0835,-0.3262,0.1635,0.0834,1.9605,0.2979,0.0831,3.5841
MCD,rates_30y,1255,0.0183,0.0373,0.4920,0.0633,0.0373,1.6989,0.1277,0.0371,3.4375
MCD,semiconductors,1255,-0.2291,0.0323,-7.1003,0.0688,0.0329,2.0939,-0.0255,0.0329,-0.7743
MCD,uranium,1255,-0.0533,0.0196,-2.7252,0.0273,0.0196,1.3936,0.0202,0.0196,1.0304
MCD,usd_strength,1255,0.1888,0.0901,2.0967,-0.2931,0.0899,-3.2615,-0.7372,0.0878,-8.3980
MCD,value,1255,0.6307,0.0839,7.5202,-0.0907,0.0857,-1.0576,0.0462,0.0857,0.5391
MCD,volatility,1255,0.0188,0.0075,2.5200,-0.0311,0.0074,-4.1722,-0.0009,0.0075,-0.1253
MCD,xl_consumer_defensive,1255,0.4303,0.0584,7.3738,-0.0939,0.0596,-1.5762,-0.2194,0.0593,-3.7007
MCD,xl_financials,1255,-0.0514,0.0823,-0.6249,-0.2103,0.0821,-2.5613,0.1410,0.0822,1.7154
MCD,xl_healthcare,1255,0.3225,0.0636,5.0679,-0.1832,0.0641,-2.8583,-0.0934,0.0642,-1.4544
MCD,xl_industrials,1255,0.0843,0.0941,0.8959,0.3266,0.0937,3.4856,0.2375,0.0939,2.5283
MCD,xl_real_estate,1255,0.2680,0.0429,6.2520,-0.0179,0.0435,-0.4119,-0.0275,0.0436,-0.6325
MCD,xl_utilities,1255,0.2611,0.0372,7.0267,-0.0511,0.0379,-1.3492,-0.1375,0.0377,-3.6491
META,biotech,1255,0.0777,0.0771,1.0087,-0.0004,0.0771,-0.0053,-0.1084,0.0771,-1.4061
META,china_a_shares,1255,-0.0057,0.0531,-0.1071,0.0124,0.0531,0.2327,-0.0109,0.0531,-0.2049
META,china_exposure,1255,0.0647,0.0454,1.4239,0.0003,0.0455,0.0072,0.0550,0.0455,1.2095
META,copper,1255,-0.0788,0.0579,-1.3629,-0.0784,0.0579,-1.3549,0.1127,0.0578,1.9478
META,credit_hy_spread,1255,-0.4466,0.1627,-2.7448,-0.0372,0.1633,-0.2280,-0.2721,0.1631,-1.6682
META,defense,1255,-0.1283,0.0897,-1.4306,0.0956,0.0898,1.0649,0.0548,0.0899,0.6095
META,energy_oil,1255,-0.0668,0.0296,-2.2575,-0.0270,0.0297,-0.9106,0.0427,0.0297,1.4402
META,gold,1255,-0.0114,0.0836,-0.1369,0.0435,0.0836,0.5204,0.0365,0.0837,0.4366
META,growth,1255,1.2249,0.4783,2.5610,0.3882,0.4797,0.8093,-0.7408,0.4794,-1.5455
META,inflation,1255,-0.3545,0.2471,-1.4347,0.1872,0.2474,0.7567,-0.3794,0.2472,-1.5350
META,lithium,1255,-0.0961,0.0484,-1.9855,0.0885,0.0484,1.8268,0.0985,0.0484,2.0347
META,market_beta,1255,1.3291,0.0479,27.7685,-0.2089,0.0606,-3.4479,-0.2249,0.0605,-3.7151
META,momentum,1255,0.0580,0.1169,0.4962,-0.0880,0.1169,-0.7523,-0.1657,0.1169,-1.4169
META,natural_gas,1255,-0.0141,0.0210,-0.6730,0.0071,0.0211,0.3347,0.0402,0.0209,1.9205
META,quality,1255,2.1240,0.3555,5.9744,-0.2729,0.3606,-0.7569,0.9669,0.3596,2.6886
META,rates,1255,0.1505,0.1618,0.9302,0.1556,0.1619,0.9608,0.3779,0.1616,2.3381
META,rates_30y,1255,0.0954,0.0722,1.3202,0.0502,0.0723,0.6940,0.1483,0.0722,2.0535
META,semiconductors,1255,0.2058,0.0635,3.2392,0.1331,0.0637,2.0890,-0.1349,0.0637,-2.1175
META,uranium,1255,0.0098,0.0380,0.2582,0.0724,0.0380,1.9063,-0.0027,0.0380,-0.0712
META,usd_strength,1255,0.0664,0.1749,0.3797,-0.3178,0.1747,-1.8185,-0.8156,0.1734,-4.7027
META,value,1255,-1.8851,0.1575,-11.9722,-0.2392,0.1662,-1.4393,0.0734,0.1663,0.4415
META,volatility,1255,0.0025,0.0145,0.1735,-0.0287,0.0145,-1.9780,-0.0046,0.0145,-0.3168
META,xl_consumer_defensive,1255,-0.8041,0.1133,-7.0972,-0.2952,0.1153,-2.5602,-0.2268,0.1154,-1.9654
META,xl_financials,1255,0.1196,0.1595,0.7499,-0.3108,0.1594,-1.9503,0.1306,0.1595,0.8184
META,xl_healthcare,1255,-0.7819,0.1226,-6.3748,-0.3354,0.1243,-2.6978,0.0163,0.1247,0.1305
META,xl_industrials,1255,-0.3471,0.1822,-1.9051,0.3236,0.1823,1.7749,0.3643,0.1823,1.9982
META,xl_real_estate,1255,-0.5060,0.0832,-6.0848,-0.0567,0.0844,-0.6714,0.0129,0.0845,0.1524
META,xl_utilities,1255,-0.5607,0.0717,-7.8187,-0.0896,0.0734,-1.2207,-0.0962,0.0734,-1.3101
MRNA,biotech,1255,2.1007,0.1106,18.9871,0.0419,0.1256,0.3339,0.4248,0.1250,3.3970
MRNA,china_a_shares,1255,0.0223,0.0864,0.2577,-0.1295,0.0864,-1.4990,0.0650,0.0865,0.7513
MRNA,china_exposure,1255,0.1068,0.0739,1.4447,-0.0400,0.0740,-0.5398,-0.0662,0.0740,-0.8942
MRNA,copper,1255,-0.0560,0.0943,-0.5939,-0.0890,0.0943,-0.9445,0.0483,0.0943,0.5118
MRNA,credit_hy_spread,1255,-1.1994,0.2636,-4.5506,-0.0445,0.2658,-0.1676,-0.4517,0.2656,-1.7008
MRNA,defense,1255,-0.6275,0.1451,-4.3245,-0.1106,0.1462,-0.7568,-0.0699,0.1465,-0.4769
MRNA,energy_oil,1255,-0.1537,0.0481,-3.1952,0.0048,0.0483,0.0994,-0.0298,0.0483,-0.6172
MRNA,gold,1255,-0.0311,0.1361,-0.2289,-0.1798,0.1361,-1.3216,-0.0909,0.1362,-0.6676
MRNA,growth,1255,3.4891,0.7746,4.5044,0.1933,0.7813,0.2475,1.9131,0.7794,2.4544
MRNA,inflation,1255,-1.6071,0.4001,-4.0168,-0.4278,0.4027,-1.0623,-0.2715,0.4028,-0.6740
MRNA,lithium,1255,0.1226,0.0789,1.5539,-0.2169,0.0787,-2.7549,0.0142,0.0790,0.1802
MRNA,market_beta,1255,0.6485,0.0973,6.6618,0.0880,0.0991,0.8877,-0.0476,0.0991,-0.4806
MRNA,momentum,1255,0.9813,0.1883,5.2101,0.0889,0.1904,0.4667,0.2732,0.1904,1.4350
MRNA,natural_gas,1255,0.0332,0.0341,0.9720,-0.0411,0.0343,-1.1969,0.0444,0.0341,1.3011
MRNA,quality,1255,0.6840,0.5868,1.1658,-1.0825,0.5865,-1.8457,0.3674,0.5872,0.6256
MRNA,rates,1255,1.2885,0.2610,4.9371,0.1682,0.2637,0.6378,0.1557,0.2637,0.5905
MRNA,rates_30y,1255,0.4843,0.1169,4.1418,0.1025,0.1177,0.8703,0.0304,0.1178,0.2577
MRNA,semiconductors,1255,0.3566,0.1034,3.4490,-0.3777,0.1034,-3.6539,-0.1104,0.1039,-1.0627
MRNA,uranium,1255,0.1017,0.0618,1.6446,-0.0218,0.0619,-0.3519,0.0269,0.0619,0.4341
MRNA,usd_strength,1255,-1.5169,0.2816,-5.3878,0.2430,0.2848,0.8532,-0.0676,0.2849,-0.2372
MRNA,value,1255,-0.8231,0.2697,-3.0522,0.4562,0.2705,1.6869,-0.1574,0.2707,-0.5814
MRNA,volatility,1255,-0.0457,0.0236,-1.9342,0.0268,0.0237,1.1333,-0.0303,0.0237,-1.2791
MRNA,xl_consumer_defensive,1255,-0.2740,0.1880,-1.4575,0.4485,0.1878,2.3876,0.1445,0.1882,0.7677
MRNA,xl_financials,1255,-0.7682,0.2589,-2.9676,0.0328,0.2599,0.1263,-0.2953,0.2597,-1.1369
MRNA,xl_healthcare,1255,0.6074,0.2022,3.0041,0.4128,0.2027,2.0369,0.4830,0.2025,2.3848
MRNA,xl_industrials,1255,-0.9482,0.2959,-3.2046,-0.2395,0.2971,-0.8062,-0.5863,0.2969,-1.9749
MRNA,xl_real_estate,1255,-0.3343,0.1371,-2.4390,0.0997,0.1374,0.7255,0.0124,0.1375,0.0899
MRNA,xl_utilities,1255,-0.1914,0.1195,-1.6024,0.2103,0.1195,1.7599,-0.0317,0.1196,-0.2648
MSFT,biotech,1255,0.0119,0.0518,0.2301,-0.0053,0.0519,-0.1013,-0.1016,0.0518,-1.9630
MSFT,china_a_shares,1255,-0.0175,0.0357,-0.4917,-0.0161,0.0357,-0.4509,-0.0751,0.0356,-2.1084
MSFT,china_exposure,1255,-0.0257,0.0305,-0.8408,0.0057,0.0306,0.1860,-0.0341,0.0306,-1.1150
MSFT,copper,1255,-0.0761,0.0389,-1.9570,-0.0214,0.0389,-0.5494,0.0289,0.0389,0.7416
MSFT,credit_hy_spread,1255,-0.3746,0.1092,-3.4300,-0.1576,0.1096,-1.4375,-0.4004,0.1092,-3.6674
MSFT,defense,1255,-0.1172,0.0603,-1.9440,0.1330,0.0603,2.2072,-0.0066,0.0605,-0.1083
MSFT,energy_oil,1255,-0.0430,0.0199,-2.1620,-0.0022,0.0199,-0.1090,0.0088,0.0200,0.4388
MSFT,gold,1255,-0.0070,0.0562,-0.1247,0.0685,0.0562,1.2205,0.0863,0.0562,1.5364
MSFT,growth,1255,0.2807,0.3223,0.8709,0.1294,0.3225,0.4013,-0.6601,0.3220,-2.0499
MSFT,inflation,1255,-0.2659,0.1661,-1.6013,-0.0300,0.1663,-0.1806,-0.2745,0.1661,-1.6527
MSFT,lithium,1255,-0.0715,0.0325,-2.1982,0.0472,0.0326,1.4479,0.0620,0.0326,1.9049
MSFT,market_beta,1255,1.1876,0.0234,50.7760,-0.3061,0.0400,-7.6537,-0.2022,0.0405,-4.9916
MSFT,momentum,1255,0.1675,0.0785,2.1345,0.0851,0.0786,1.0830,-0.1493,0.0785,-1.9002
MSFT,natural_gas,1255,0.0004,0.0141,0.0264,-0.0128,0.0142,-0.9034,0.0167,0.0141,1.1873
MSFT,quality,1255,-0.1547,0.2423,-0.6382,0.0097,0.2424,0.0399,0.8651,0.2412,3.5867
MSFT,rates,1255,0.1095,0.1087,1.0065,0.2645,0.1086,2.4352,0.4225,0.1082,3.9042
MSFT,rates_30y,1255,0.0480,0.0486,0.9875,0.1073,0.0485,2.2116,0.1781,0.0484,3.6813
MSFT,semiconductors,1255,0.1146,0.0428,2.6803,0.1033,0.0428,2.4129,-0.1149,0.0428,-2.6861
MSFT,uranium,1255,-0.0366,0.0255,-1.4318,0.0381,0.0255,1.4916,-0.0116,0.0256,-0.4519
MSFT,usd_strength,1255,0.2625,0.1173,2.2366,-0.4378,0.1170,-3.7431,-0.9000,0.1148,-7.8383
MSFT,value,1255,-1.3780,0.1047,-13.1567,-0.2761,0.1115,-2.4764,-0.0261,0.1118,-0.2337
MSFT,volatility,1255,0.0004,0.0098,0.0425,-0.0239,0.0097,-2.4559,0.0020,0.0098,0.2048
MSFT,xl_consumer_defensive,1255,-0.2226,0.0774,-2.8749,-0.2336,0.0774,-3.0171,-0.1859,0.0775,-2.3980
MSFT,xl_financials,1255,0.0155,0.1072,0.1444,-0.0323,0.1073,-0.3007,0.0698,0.1072,0.6512
MSFT,xl_healthcare,1255,-0.1935,0.0836,-2.3148,-0.2554,0.0835,-3.0588,-0.0774,0.0838,-0.9240
MSFT,xl_industrials,1255,-0.3418,0.1223,-2.7949,0.2312,0.1225,1.8873,0.2343,0.1226,1.9118
MSFT,xl_real_estate,1255,-0.2818,0.0562,-5.0167,-0.0744,0.0567,-1.3128,0.0305,0.0568,0.5366
MSFT,xl_utilities,1255,-0.2395,0.0489,-4.8966,-0.1037,0.0493,-2.1036,-0.0754,0.0493,-1.5282
NEE,biotech,1255,0.1002,0.0517,1.9371,-0.0085,0.0518,-0.1635,0.0485,0.0518,0.9355
NEE,china_a_shares,1255,-0.0351,0.0356,-0.9839,-0.0264,0.0357,-0.7418,-0.0435,0.0356,-1.2212
NEE,china_exposure,1255,-0.0209,0.0305,-0.6855,-0.0088,0.0305,-0.2890,-0.0173,0.0305,-0.5675
NEE,copper,1255,-0.0469,0.0389,-1.2061,-0.0277,0.0389,-0.7133,0.0204,0.0389,0.5256
NEE,credit_hy_spread,1255,-0.1455,0.1095,-1.3284,-0.2856,0.1093,-2.6116,-0.1175,0.1096,-1.0716
NEE,defense,1255,-0.1139,0.0602,-1.8911,0.2305,0.0600,3.8436,0.0478,0.0604,0.7912
NEE,energy_oil,1255,-0.0598,0.0198,-3.0122,-0.0219,0.0199,-1.1009,-0.0072,0.0199,-0.3594
NEE,gold,1255,0.2523,0.0557,4.5316,0.1010,0.0561,1.8000,0.0735,0.0562,1.3085
NEE,growth,1255,0.1139,0.3221,0.3537,-0.4634,0.3220,-1.4393,-0.0761,0.3223,-0.2360
NEE,inflation,1255,-0.5528,0.1653,-3.3433,-0.2893,0.1660,-1.7432,-0.1698,0.1661,-1.0226
NEE,lithium,1255,-0.0251,0.0326,-0.7708,0.0583,0.0325,1.7913,0.0721,0.0325,2.2176
NEE,market_beta,1255,0.8093,0.0339,23.8994,-0.0906,0.0408,-2.2200,-0.1797,0.0406,-4.4311
NEE,momentum,1255,-0.0342,0.0785,-0.4350,0.0682,0.0785,0.8687,0.0606,0.0786,0.7710
NEE,natural_gas,1255,-0.0054,0.0141,-0.3822,0.0016,0.0142,0.1150,0.0219,0.0141,1.5576
NEE,quality,1255,-0.3699,0.2419,-1.5292,0.2113,0.2422,0.8727,0.3984,0.2420,1.6463
NEE,rates,1255,0.5833,0.1074,5.4302,0.3780,0.1082,3.4916,0.3242,0.1084,2.9907
NEE,rates_30y,1255,0.2406,0.0481,5.0053,0.1563,0.0484,3.2318,0.1220,0.0485,2.5174
NEE,semiconductors,1255,-0.3144,0.0419,-7.5017,0.0148,0.0429,0.3456,-0.0869,0.0428,-2.0311
NEE,uranium,1255,-0.0041,0.0255,-0.1607,0.0204,0.0255,0.7970,0.0069,0.0255,0.2701
NEE,usd_strength,1255,-0.2317,0.1173,-1.9759,-0.3970,0.1170,-3.3936,-0.6849,0.1159,-5.9093
NEE,value,1255,0.7569,0.1096,6.9082,-0.1539,0.1116,-1.3793,-0.0002,0.1117,-0.0021
NEE,volatility,1255,0.0295,0.0097,3.0318,-0.0127,0.0098,-1.3021,-0.0060,0.0098,-0.6130
NEE,xl_consumer_defensive,1255,0.7735,0.0745,10.3876,-0.1351,0.0776,-1.7423,-0.0672,0.0776,-0.8654
NEE,xl_financials,1255,-0.8243,0.1046,-7.8821,0.0361,0.1072,0.3367,0.0308,0.1072,0.2876
NEE,xl_healthcare,1255,0.5911,0.0820,7.2078,-0.0988,0.0837,-1.1802,0.1197,0.0837,1.4312
NEE,xl_industrials,1255,-0.4060,0.1220,-3.3277,0.2554,0.1224,2.0874,0.0416,0.1226,0.3392
NEE,xl_real_estate,1255,0.5879,0.0542,10.8492,-0.0711,0.0567,-1.2556,0.0083,0.0567,0.1458
NEE,xl_utilities,1255,1.0642,0.0391,27.2137,-0.0897,0.0493,-1.8193,-0.0421,0.0493,-0.8525
NFLX,biotech,1255,0.2028,0.0794,2.5539,0.0721,0.0796,0.9060,-0.0223,0.0796,-0.2795
NFLX,china_a_shares,1255,0.0406,0.0548,0.7409,0.0282,0.0548,0.5143,-0.0081,0.0548,-0.1485
NFLX,china_exposure,1255,0.1195,0.0468,2.5533,0.0640,0.0469,1.3646,-0.0288,0.0470,-0.6136
NFLX,copper,1255,-0.0305,0.0598,-0.5096,0.0040,0.0598,0.0663,0.0959,0.0597,1.6046
NFLX,credit_hy_spread,1255,-0.7213,0.1672,-4.3132,0.0794,0.1685,0.4709,-0.4959,0.1680,-2.9517
NFLX,defense,1255,-0.0672,0.0927,-0.7250,0.1056,0.0927,1.1394,-0.0059,0.0929,-0.0640
NFLX,energy_oil,1255,-0.0744,0.0305,-2.4359,0.0355,0.0306,1.1612,0.0121,0.0307,0.3934
NFLX,gold,1255,0.1853,0.0861,2.1516,0.0825,0.0863,0.9559,0.1530,0.0863,1.7732
NFLX,growth,1255,2.2966,0.4908,4.6796,0.3544,0.4952,0.7157,-0.3995,0.4952,-0.8067
NFLX,inflation,1255,-0.6375,0.2546,-2.5036,0.3938,0.2552,1.5433,-0.2818,0.2553,-1.1040
NFLX,lithium,1255,-0.0529,0.0500,-1.0579,0.0295,0.0501,0.5885,0.0907,0.0500,1.8128
NFLX,market_beta,1255,1.0480,0.0554,18.9216,-0.1945,0.0626,-3.1070,-0.1311,0.0627,-2.0902
NFLX,momentum,1255,0.5206,0.1198,4.3458,0.0245,0.1207,0.2029,0.0538,0.1208,0.4456
NFLX,natural_gas,1255,-0.0206,0.0216,-0.9537,0.0120,0.0218,0.5531,0.0138,0.0216,0.6377
NFLX,quality,1255,-0.6817,0.3717,-1.8339,-0.0035,0.3723,-0.0095,0.5380,0.3721,1.4461
NFLX,rates,1255,0.4485,0.1666,2.6922,0.1716,0.1671,1.0268,0.4396,0.1668,2.6361
NFLX,rates_30y,1255,0.1681,0.0745,2.2567,0.0530,0.0747,0.7098,0.1747,0.0745,2.3435
NFLX,semiconductors,1255,0.2231,0.0656,3.4037,0.1434,0.0658,2.1803,-0.0947,0.0658,-1.4382
NFLX,uranium,1255,0.0705,0.0392,1.7982,0.0823,0.0392,2.1006,0.0895,0.0392,2.2833
NFLX,usd_strength,1255,-0.0961,0.1805,-0.5325,-0.4475,0.1802,-2.4837,-0.7229,0.1795,-4.0281
NFLX,value,1255,-1.9655,0.1624,-12.1055,-0.2140,0.1715,-1.2477,-0.0007,0.1717,-0.0038
NFLX,volatility,1255,-0.0201,0.0150,-1.3387,-0.0219,0.0150,-1.4596,-0.0032,0.0150,-0.2104
NFLX,xl_consumer_defensive,1255,-0.6786,0.1177,-5.7632,-0.3694,0.1189,-3.1068,-0.2179,0.1192,-1.8285
NFLX,xl_financials,1255,0.0497,0.1647,0.3018,0.1450,0.1647,0.8801,0.0006,0.1648,0.0034
NFLX,xl_healthcare,1255,-0.7063,0.1271,-5.5573,-0.2278,0.1285,-1.7719,0.0389,0.1287,0.3022
NFLX,xl_industrials,1255,-0.4226,0.1880,-2.2481,-0.2941,0.1882,-1.5622,-0.0141,0.1885,-0.0746
NFLX,xl_real_estate,1255,-0.6707,0.0850,-7.8886,-0.0971,0.0871,-1.1147,0.0265,0.0872,0.3044
NFLX,xl_utilities,1255,-0.5340,0.0743,-7.1872,-0.1530,0.0757,-2.0205,-0.0145,0.0759,-0.1916
NKE,biotech,1255,0.0336,0.0595,0.5642,0.0426,0.0595,0.7161,-0.0922,0.0595,-1.5507
NKE,china_a_shares,1255,0.0724,0.0409,1.7686,-0.0688,0.0409,-1.6805,-0.0584,0.0409,-1.4273
NKE,china_exposure,1255,0.1158,0.0349,3.3174,-0.0326,0.0351,-0.9306,-0.0674,0.0350,-1.9227
NKE,copper,1255,0.0246,0.0447,0.5497,-0.0225,0.0447,-0.5045,0.0074,0.0447,0.1658
NKE,credit_hy_spread,1255,0.1170,0.1259,0.9295,-0.1574,0.1259,-1.2501,-0.0424,0.1260,-0.3367
NKE,defense,1255,0.0189,0.0693,0.2732,0.1847,0.0691,2.6727,0.1421,0.0693,2.0512
NKE,energy_oil,1255,-0.0280,0.0229,-1.2235,-0.0100,0.0229,-0.4364,0.0001,0.0229,0.0041
NKE,gold,1255,-0.0456,0.0645,-0.7076,0.1324,0.0644,2.0553,-0.0247,0.0645,-0.3826
NKE,growth,1255,0.8674,0.3692,2.3492,0.0925,0.3703,0.2498,-0.3266,0.3700,-0.8826
NKE,inflation,1255,-0.1093,0.1908,-0.5726,-0.0444,0.1909,-0.2326,0.1292,0.1908,0.6772
NKE,lithium,1255,0.0753,0.0374,2.0168,0.0155,0.0374,0.4137,0.0161,0.0374,0.4301
NKE,market_beta,1255,1.0459,0.0365,28.6717,-0.0211,0.0470,-0.4490,-0.1519,0.0468,-3.2498
NKE,momentum,1255,-0.2095,0.0900,-2.3271,0.1251,0.0902,1.3866,0.0401,0.0903,0.4446
NKE,natural_gas,1255,0.0055,0.0162,0.3404,-0.0162,0.0163,-0.9994,0.0339,0.0161,2.0969
NKE,quality,1255,1.9404,0.2728,7.1138,0.3009,0.2782,1.0814,0.3402,0.2781,1.2237
NKE,rates,1255,0.1137,0.1248,0.9110,0.2282,0.1248,1.8282,0.2123,0.1248,1.7010
NKE,rates_30y,1255,0.0817,0.0557,1.4656,0.0787,0.0558,1.4114,0.0690,0.0558,1.2365
NKE,semiconductors,1255,-0.1037,0.0491,-2.1094,0.0781,0.0492,1.5875,-0.0754,0.0492,-1.5336
NKE,uranium,1255,0.0185,0.0293,0.6322,0.0401,0.0293,1.3660,-0.0107,0.0293,-0.3640
NKE,usd_strength,1255,-0.3170,0.1347,-2.3538,-0.3125,0.1347,-2.3198,-0.6381,0.1337,-4.7712
NKE,value,1255,0.2054,0.1281,1.6029,-0.2552,0.1281,-1.9917,0.0833,0.1282,0.6497
NKE,volatility,1255,0.0160,0.0112,1.4260,-0.0150,0.0112,-1.3349,0.0001,0.0112,0.0077
NKE,xl_consumer_defensive,1255,0.1069,0.0891,1.2000,-0.1142,0.0892,-1.2806,-0.1683,0.0890,-1.8905
NKE,xl_financials,1255,-0.0705,0.1231,-0.5727,-0.3087,0.1229,-2.5129,0.0427,0.1231,0.3469
NKE,xl_healthcare,1255,-0.1191,0.0961,-1.2398,-0.2330,0.0960,-2.4270,0.0737,0.0961,0.7666
NKE,xl_industrials,1255,0.3124,0.1405,2.2231,0.4158,0.1404,2.9625,0.3335,0.1406,2.3731
NKE,xl_real_estate,1255,0.0418,0.0651,0.6421,-0.0629,0.0651,-0.9665,0.0139,0.0652,0.2135
NKE,xl_utilities,1255,0.0588,0.0566,1.0387,-0.0720,0.0567,-1.2700,-0.0787,0.0566,-1.3895
NVDA,biotech,1255,0.0933,0.0908,1.0269,0.0513,0.0909,0.5641,-0.1773,0.0908,-1.9529
NVDA,china_a_shares,1255,0.0510,0.0625,0.8157,-0.0163,0.0626,-0.2605,-0.0640,0.0626,-1.0236
NVDA,china_exposure,1255,0.0468,0.0535,0.8739,0.0314,0.0536,0.5861,-0.0306,0.0536,-0.5715
NVDA,copper,1255,0.0351,0.0682,0.5148,-0.0891,0.0682,-1.3073,0.0869,0.0682,1.2732
NVDA,credit_hy_spread,1255,-0.6388,0.1914,-3.3365,-0.2772,0.1922,-1.4424,-0.4141,0.1921,-2.1558
NVDA,defense,1255,-0.0209,0.1058,-0.1973,0.1918,0.1057,1.8145,0.2393,0.1058,2.2615
NVDA,energy_oil,1255,-0.0663,0.0349,-1.8993,-0.0277,0.0349,-0.7912,0.0459,0.0350,1.3116
NVDA,gold,1255,0.0674,0.0985,0.6841,0.1137,0.0985,1.1544,0.1697,0.0985,1.7229
NVDA,growth,1255,2.5180,0.5605,4.4921,0.0008,0.5653,0.0015,-0.7361,0.5650,-1.3028
NVDA,inflation,1255,-0.4207,0.2911,-1.4451,0.1468,0.2915,0.5037,-0.1186,0.2915,-0.4067
NVDA,lithium,1255,0.0616,0.0571,1.0782,0.0324,0.0571,0.5677,0.1471,0.0570,2.5793
NVDA,market_beta,1255,1.7816,0.0510,34.9072,-0.3770,0.0709,-5.3157,-0.1549,0.0716,-2.1632
NVDA,momentum,1255,1.0095,0.1348,7.4902,-0.0501,0.1378,-0.3635,-0.2553,0.1377,-1.8536
NVDA,natural_gas,1255,0.0069,0.0247,0.2789,0.0315,0.0248,1.2694,0.0017,0.0247,0.0677
NVDA,quality,1255,1.8285,0.4217,4.3363,-0.3344,0.4249,-0.7870,0.8407,0.4244,1.9811
NVDA,rates,1255,0.2700,0.1905,1.4170,0.3842,0.1905,2.0168,0.4722,0.1904,2.4800
NVDA,rates_30y,1255,0.2116,0.0850,2.4906,0.1893,0.0851,2.2262,0.2098,0.0851,2.4663
NVDA,semiconductors,1255,1.1598,0.0676,17.1446,-0.0092,0.0752,-0.1218,-0.2767,0.0748,-3.6991
NVDA,uranium,1255,0.1299,0.0446,2.9103,0.0671,0.0448,1.4979,-0.0338,0.0448,-0.7541
NVDA,usd_strength,1255,-0.1272,0.2061,-0.6174,-0.6140,0.2054,-2.9892,-1.0943,0.2038,-5.3687
NVDA,value,1255,-2.8577,0.1784,-16.0146,-0.1295,0.1959,-0.6612,0.0807,0.1959,0.4121
NVDA,volatility,1255,-0.0337,0.0171,-1.9709,-0.0332,0.0171,-1.9429,0.0032,0.0171,0.1842
NVDA,xl_consumer_defensive,1255,-1.3307,0.1309,-10.1686,-0.2042,0.1361,-1.5006,-0.2564,0.1360,-1.8851
NVDA,xl_financials,1255,0.0809,0.1880,0.4305,-0.0404,0.1880,-0.2150,0.1724,0.1880,0.9170
NVDA,xl_healthcare,1255,-1.1733,0.1430,-8.2022,-0.2352,0.1468,-1.6027,-0.0704,0.1469,-0.4790
NVDA,xl_industrials,1255,0.1655,0.2149,0.7702,0.3080,0.2149,1.4332,0.6037,0.2145,2.8142
NVDA,xl_real_estate,1255,-0.8555,0.0964,-8.8696,-0.0695,0.0994,-0.6986,0.0029,0.0995,0.0289
NVDA,xl_utilities,1255,-0.8185,0.0834,-9.8157,-0.0945,0.0865,-1.0920,-0.1111,0.0865,-1.2846
O,biotech,1255,-0.1168,0.0546,-2.1382,-0.0238,0.0547,-0.4349,-0.1310,0.0546,-2.3980
O,china_a_shares,1255,0.0157,0.0377,0.4158,-0.0273,0.0377,-0.7240,-0.0958,0.0376,-2.5463
O,china_exposure,1255,-0.0354,0.0323,-1.0979,-0.0035,0.0323,-0.1074,-0.0403,0.0323,-1.2479
O,copper,1255,0.0238,0.0411,0.5796,0.0686,0.0411,1.6707,0.0051,0.0411,0.1234
O,credit_hy_spread,1255,0.3822,0.1154,3.3130,-0.2938,0.1156,-2.5422,0.2361,0.1158,2.0395
O,defense,1255,0.2265,0.0634,3.5717,0.3577,0.0629,5.6827,0.1657,0.0637,2.6005
O,energy_oil,1255,0.0354,0.0210,1.6820,0.0002,0.0211,0.0111,-0.0350,0.0211,-1.6609
O,gold,1255,0.0696,0.0593,1.1739,0.1716,0.0591,2.9007,0.0867,0.0594,1.4610
O,growth,1255,1.2863,0.3385,3.7999,-1.0332,0.3393,-3.0450,-0.6219,0.3402,-1.8279
O,inflation,1255,0.3276,0.1753,1.8687,-0.0076,0.1756,-0.0432,0.1514,0.1756,0.8623
O,lithium,1255,0.0042,0.0344,0.1230,0.1351,0.0342,3.9486,0.0655,0.0344,1.9053
O,market_beta,1255,0.9069,0.0348,26.0839,-0.1819,0.0429,-4.2406,-0.1846,0.0429,-4.3029
O,momentum,1255,-0.3501,0.0824,-4.2481,-0.0177,0.0830,-0.2135,-0.0655,0.0831,-0.7888
O,natural_gas,1255,0.0166,0.0149,1.1183,0.0194,0.0150,1.2953,0.0164,0.0149,1.1012
O,quality,1255,-0.4112,0.2557,-1.6081,0.5703,0.2555,2.2321,0.2821,0.2560,1.1020
O,rates,1255,0.3429,0.1145,2.9954,0.2533,0.1147,2.2081,0.3844,0.1145,3.3576
O,rates_30y,1255,0.1717,0.0511,3.3612,0.0896,0.0513,1.7479,0.1546,0.0512,3.0206
O,semiconductors,1255,-0.3761,0.0440,-8.5440,0.1119,0.0452,2.4762,-0.0782,0.0453,-1.7278
O,uranium,1255,-0.0421,0.0270,-1.5617,0.0403,0.0270,1.4950,-0.0034,0.0270,-0.1250
O,usd_strength,1255,0.0572,0.1242,0.4611,-0.6879,0.1227,-5.6085,-1.1171,0.1201,-9.2985
O,value,1255,1.5460,0.1096,14.1021,-0.1767,0.1179,-1.4985,0.1113,0.1180,0.9431
O,volatility,1255,0.0481,0.0102,4.7032,-0.0214,0.0103,-2.0761,0.0047,0.0103,0.4520
O,xl_consumer_defensive,1255,0.3282,0.0815,4.0260,-0.4415,0.0811,-5.4439,-0.1708,0.0819,-2.0846
O,xl_financials,1255,-0.1467,0.1132,-1.2958,-0.0171,0.1133,-0.1508,0.2656,0.1131,2.3490
O,xl_healthcare,1255,0.3015,0.0881,3.4236,-0.3143,0.0880,-3.5693,-0.0078,0.0885,-0.0877
O,xl_industrials,1255,-0.0509,0.1295,-0.3929,0.5852,0.1285,4.5545,0.2191,0.1295,1.6921
O,xl_real_estate,1255,1.0731,0.0517,20.7686,-0.0713,0.0599,-1.1906,0.0142,0.0600,0.2376
O,xl_utilities,1255,0.5347,0.0499,10.7146,-0.1592,0.0520,-3.0644,-0.0827,0.0521,-1.5872
ORCL,biotech,1255,-0.1337,0.0551,-2.4256,-0.0060,0.0553,-0.1078,-0.0079,0.0553,-0.1432
ORCL,china_a_shares,1255,-0.0362,0.0380,-0.9519,-0.0025,0.0381,-0.0658,-0.0204,0.0381,-0.5350
ORCL,china_exposure,1255,-0.0412,0.0326,-1.2662,0.0025,0.0326,0.0772,-0.0045,0.0326,-0.1387
ORCL,copper,1255,-0.0673,0.0415,-1.6242,0.0553,0.0415,1.3321,0.0488,0.0415,1.1760
ORCL,credit_hy_spread,1255,-0.1366,0.1169,-1.1681,-0.1622,0.1169,-1.3868,-0.3210,0.1167,-2.7509
ORCL,defense,1255,-0.1501,0.0642,-2.3382,0.1919,0.0641,2.9920,-0.0342,0.0645,-0.5300
ORCL,energy_oil,1255,-0.0476,0.0212,-2.2437,0.0104,0.0213,0.4887,0.0236,0.0213,1.1116
ORCL,gold,1255,-0.0210,0.0599,-0.3500,-0.0044,0.0599,-0.0734,0.0966,0.0599,1.6122
ORCL,growth,1255,-0.7965,0.3430,-2.3223,0.2794,0.3438,0.8127,-1.3002,0.3419,-3.8027
ORCL,inflation,1255,-0.0999,0.1772,-0.5639,-0.0758,0.1773,-0.4277,-0.3270,0.1771,-1.8470
ORCL,lithium,1255,-0.0746,0.0347,-2.1510,0.0599,0.0347,1.7258,0.0731,0.0347,2.1056
ORCL,market_beta,1255,0.9488,0.0344,27.5851,-0.2254,0.0432,-5.2206,-0.1697,0.0434,-3.9139
ORCL,momentum,1255,0.0327,0.0838,0.3906,0.0030,0.0838,0.0358,-0.0751,0.0838,-0.8958
ORCL,natural_gas,1255,-0.0082,0.0150,-0.5474,0.0171,0.0151,1.1297,0.0105,0.0150,0.6970
ORCL,quality,1255,0.3097,0.2583,1.1990,-0.0824,0.2585,-0.3187,0.8065,0.2575,3.1322
ORCL,rates,1255,-0.0421,0.1160,-0.3627,0.2163,0.1159,1.8659,0.3500,0.1157,3.0254
ORCL,rates_30y,1255,-0.0261,0.0518,-0.5031,0.1129,0.0517,2.1827,0.1305,0.0517,2.5232
ORCL,semiconductors,1255,-0.0100,0.0457,-0.2184,0.0963,0.0457,2.1088,-0.0662,0.0457,-1.4478
ORCL,uranium,1255,-0.0269,0.0272,-0.9888,0.0346,0.0272,1.2704,0.0089,0.0273,0.3271
ORCL,usd_strength,1255,0.2731,0.1251,2.1827,-0.3600,0.1250,-2.8799,-0.7856,0.1234,-6.3660
ORCL,value,1255,-0.2695,0.1189,-2.2664,-0.0995,0.1192,-0.8350,-0.0627,0.1192,-0.5258
ORCL,volatility,1255,-0.0064,0.0104,-0.6127,-0.0339,0.0104,-3.2683,0.0067,0.0104,0.6408
ORCL,xl_consumer_defensive,1255,0.1732,0.0827,2.0952,-0.3154,0.0824,-3.8279,-0.1371,0.0828,-1.6566
ORCL,xl_financials,1255,0.0855,0.1143,0.7480,0.0297,0.1144,0.2594,0.1472,0.1143,1.2880
ORCL,xl_healthcare,1255,0.0305,0.0893,0.3417,-0.3529,0.0888,-3.9741,-0.1554,0.0892,-1.7412
ORCL,xl_industrials,1255,0.0545,0.1308,0.4167,0.2849,0.1306,2.1819,0.2390,0.1307,1.8287
ORCL,xl_real_estate,1255,-0.0716,0.0604,-1.1837,-0.0613,0.0605,-1.0139,-0.0599,0.0605,-0.9896
ORCL,xl_utilities,1255,-0.0388,0.0526,-0.7364,-0.1437,0.0525,-2.7376,-0.1026,0.0526,-1.9505
PFE,biotech,1255,0.3028,0.0458,6.6185,-0.0108,0.0466,-0.2330,-0.0374,0.0466,-0.8031
PFE,china_a_shares,1255,0.0640,0.0320,1.9996,-0.0475,0.0320,-1.4845,-0.0542,0.0320,-1.6933
PFE,china_exposure,1255,0.0241,0.0274,0.8804,-0.0329,0.0274,-1.1982,-0.0322,0.0274,-1.1736
PFE,copper,1255,-0.0760,0.0349,-2.1794,0.0315,0.0350,0.9009,-0.0285,0.0350,-0.8145
PFE,credit_hy_spread,1255,-0.0073,0.0985,-0.0740,-0.1079,0.0985,-1.0958,-0.1336,0.0985,-1.3562
PFE,defense,1255,-0.2067,0.0539,-3.8362,0.0819,0.0542,1.5116,-0.0250,0.0543,-0.4603
PFE,energy_oil,1255,-0.0372,0.0179,-2.0817,-0.0186,0.0179,-1.0417,0.0115,0.0179,0.6404
PFE,gold,1255,0.0044,0.0505,0.0880,0.0527,0.0505,1.0450,-0.0326,0.0505,-0.6455
PFE,growth,1255,-1.4806,0.2864,-5.1691,0.7516,0.2889,2.6018,-0.9367,0.2884,-3.2475
PFE,inflation,1255,-0.3022,0.1490,-2.0274,-0.1783,0.1493,-1.1947,-0.0660,0.1493,-0.4417
PFE,lithium,1255,-0.0116,0.0293,-0.3975,0.0124,0.0293,0.4236,0.0549,0.0292,1.8766
PFE,market_beta,1255,0.5453,0.0333,16.3588,-0.1151,0.0366,-3.1432,-0.1154,0.0366,-3.1536
PFE,momentum,1255,-0.2449,0.0702,-3.4864,0.0140,0.0706,0.1983,-0.0012,0.0706,-0.0176
PFE,natural_gas,1255,0.0079,0.0127,0.6277,-0.0268,0.0127,-2.1115,0.0201,0.0126,1.5915
PFE,quality,1255,0.1250,0.2176,0.5743,0.1567,0.2177,0.7198,0.5864,0.2171,2.7013
PFE,rates,1255,0.0724,0.0977,0.7411,0.2711,0.0975,2.7813,0.1349,0.0977,1.3805
PFE,rates_30y,1255,-0.0006,0.0436,-0.0134,0.1084,0.0436,2.4888,0.0462,0.0437,1.0591
PFE,semiconductors,1255,-0.2294,0.0380,-6.0429,0.0044,0.0385,0.1132,-0.0289,0.0385,-0.7505
PFE,uranium,1255,-0.0569,0.0229,-2.4849,-0.0034,0.0230,-0.1498,-0.0034,0.0230,-0.1502
PFE,usd_strength,1255,-0.0076,0.1056,-0.0715,-0.3134,0.1052,-2.9777,-0.4238,0.1049,-4.0390
PFE,value,1255,0.6938,0.0984,7.0506,0.0595,0.1004,0.5932,-0.0932,0.1003,-0.9291
PFE,volatility,1255,0.0181,0.0088,2.0703,-0.0255,0.0087,-2.9168,0.0118,0.0088,1.3481
PFE,xl_consumer_defensive,1255,0.5848,0.0678,8.6289,-0.1138,0.0697,-1.6316,0.0256,0.0698,0.3674
PFE,xl_financials,1255,-0.5312,0.0951,-5.5848,-0.0616,0.0963,-0.6391,0.0390,0.0963,0.4047
PFE,xl_healthcare,1255,1.1796,0.0674,17.4902,-0.1268,0.0752,-1.6859,0.0427,0.0752,0.5675
PFE,xl_industrials,1255,-0.5898,0.1089,-5.4172,0.0886,0.1102,0.8045,0.1021,0.1102,0.9265
PFE,xl_real_estate,1255,0.2560,0.0504,5.0764,0.0375,0.0509,0.7353,-0.1205,0.0509,-2.3682
PFE,xl_utilities,1255,0.3221,0.0434,7.4238,-0.0034,0.0444,-0.0777,-0.0189,0.0444,-0.4262
PG,biotech,1255,-0.0205,0.0355,-0.5770,-0.0526,0.0355,-1.4827,0.0342,0.0355,0.9630
PG,china_a_shares,1255,-0.0310,0.0244,-1.2704,0.0007,0.0245,0.0268,-0.0378,0.0244,-1.5476
PG,china_exposure,1255,-0.0343,0.0209,-1.6408,-0.0185,0.0209,-0.8825,-0.0032,0.0209,-0.1530
PG,copper,1255,-0.0825,0.0266,-3.1040,0.0283,0.0267,1.0594,-0.0155,0.0267,-0.5815
PG,credit_hy_spread,1255,-0.0600,0.0752,-0.7977,-0.1202,0.0751,-1.5995,-0.1292,0.0751,-1.7199
PG,defense,1255,-0.2314,0.0408,-5.6647,0.0851,0.0413,2.0606,-0.0440,0.0414,-1.0618
PG,energy_oil,1255,-0.0425,0.0136,-3.1191,-0.0054,0.0137,-0.3944,-0.0012,0.0137,-0.0877
PG,gold,1255,0.0340,0.0385,0.8833,0.0547,0.0385,1.4221,-0.0100,0.0385,-0.2591
PG,growth,1255,-1.5404,0.2166,-7.1116,0.0600,0.2210,0.2713,-0.4081,0.2207,-1.8492
PG,inflation,1255,-0.4822,0.1131,-4.2625,-0.2158,0.1138,-1.8957,-0.3080,0.1136,-2.7116
PG,lithium,1255,-0.1060,0.0221,-4.7864,0.0236,0.0223,1.0587,0.0275,0.0223,1.2318
PG,market_beta,1255,0.5490,0.0233,23.5153,-0.1454,0.0277,-5.2402,-0.1623,0.0277,-5.8706
PG,momentum,1255,-0.1085,0.0538,-2.0181,0.0997,0.0538,1.8532,0.0105,0.0539,0.1945
PG,natural_gas,1255,-0.0133,0.0096,-1.3738,0.0015,0.0097,0.1560,0.0179,0.0096,1.8569
PG,quality,1255,0.0691,0.1661,0.4161,0.1443,0.1661,0.8686,0.5218,0.1655,3.1539
PG,rates,1255,0.0803,0.0745,1.0780,0.2964,0.0741,3.9971,0.1226,0.0745,1.6449
PG,rates_30y,1255,0.0168,0.0333,0.5049,0.1265,0.0331,3.8181,0.0344,0.0333,1.0319
PG,semiconductors,1255,-0.2359,0.0286,-8.2415,0.0449,0.0294,1.5296,-0.0616,0.0293,-2.0998
PG,uranium,1255,-0.0860,0.0173,-4.9601,-0.0086,0.0175,-0.4885,-0.0067,0.0175,-0.3835
PG,usd_strength,1255,0.0878,0.0805,1.0901,-0.3188,0.0801,-3.9802,-0.3755,0.0799,-4.7019
PG,value,1255,0.4030,0.0757,5.3209,-0.0678,0.0766,-0.8857,-0.1093,0.0765,-1.4281
PG,volatility,1255,0.0219,0.0067,3.2824,-0.0065,0.0067,-0.9749,0.0073,0.0067,1.0972
PG,xl_consumer_defensive,1255,1.2579,0.0396,31.7316,-0.0517,0.0532,-0.9715,0.0114,0.0532,0.2147
PG,xl_financials,1255,-0.5017,0.0721,-6.9564,-0.0592,0.0735,-0.8048,-0.0050,0.0735,-0.0686
PG,xl_healthcare,1255,0.6941,0.0540,12.8633,-0.1198,0.0573,-2.0884,0.0268,0.0574,0.4665
PG,xl_industrials,1255,-0.4190,0.0832,-5.0349,0.1530,0.0840,1.8223,-0.0038,0.0841,-0.0454
PG,xl_real_estate,1255,0.2476,0.0382,6.4747,-0.0379,0.0389,-0.9757,-0.0372,0.0389,-0.9555
PG,xl_utilities,1255,0.4612,0.0312,14.7681,-0.0473,0.0338,-1.3983,0.0007,0.0338,0.0205
PLD,biotech,1255,0.0983,0.0538,1.8283,0.0331,0.0539,0.6147,-0.0529,0.0539,-0.9816
PLD,china_a_shares,1255,0.0104,0.0371,0.2805,-0.0623,0.0370,-1.6806,-0.1215,0.0369,-3.2900
PLD,china_exposure,1255,-0.0079,0.0317,-0.2477,-0.0343,0.0317,-1.0800,-0.0790,0.0317,-2.4934
PLD,copper,1255,-0.0479,0.0404,-1.1857,0.0257,0.0404,0.6346,0.0005,0.0405,0.0124
PLD,credit_hy_spread,1255,0.0110,0.1140,0.0969,-0.2529,0.1138,-2.2225,-0.1203,0.1140,-1.0549
PLD,defense,1255,-0.2396,0.0623,-3.8436,0.2151,0.0624,3.4459,0.0631,0.0628,1.0044
PLD,energy_oil,1255,-0.0630,0.0206,-3.0525,0.0078,0.0207,0.3748,-0.0061,0.0207,-0.2937
PLD,gold,1255,0.1457,0.0582,2.5015,0.1726,0.0582,2.9657,0.0567,0.0584,0.9697
PLD,growth,1255,1.0443,0.3336,3.1301,0.1981,0.3351,0.5912,-0.3743,0.3350,-1.1174
PLD,inflation,1255,-0.1924,0.1726,-1.1145,-0.1237,0.1728,-0.7160,-0.1766,0.1727,-1.0221
PLD,lithium,1255,-0.0394,0.0339,-1.1637,0.0406,0.0339,1.1981,0.0187,0.0339,0.5507
PLD,market_beta,1255,1.0595,0.0302,35.1274,-0.1838,0.0422,-4.3555,-0.0917,0.0424,-2.1612
PLD,momentum,1255,-0.1765,0.0815,-2.1651,0.1002,0.0816,1.2277,-0.0317,0.0817,-0.3881
PLD,natural_gas,1255,-0.0116,0.0146,-0.7943,-0.0056,0.0147,-0.3829,0.0197,0.0146,1.3429
PLD,quality,1255,-0.3287,0.2517,-1.3060,-0.0840,0.2519,-0.3335,0.9914,0.2504,3.9595
PLD,rates,1255,0.5120,0.1121,4.5676,0.3670,0.1126,3.2582,0.4008,0.1126,3.5600
PLD,rates_30y,1255,0.2112,0.0501,4.2127,0.1543,0.0503,3.0661,0.1452,0.0504,2.8821
PLD,semiconductors,1255,-0.2354,0.0441,-5.3435,0.0777,0.0445,1.7445,-0.0730,0.0445,-1.6385
PLD,uranium,1255,-0.0378,0.0265,-1.4257,0.0566,0.0265,2.1341,0.0066,0.0266,0.2480
PLD,usd_strength,1255,-0.0807,0.1221,-0.6606,-0.5211,0.1213,-4.2960,-0.8097,0.1201,-6.7451
PLD,value,1255,0.6713,0.1145,5.8613,-0.1625,0.1160,-1.4005,-0.0650,0.1161,-0.5597
PLD,volatility,1255,0.0110,0.0101,1.0813,-0.0148,0.0101,-1.4607,0.0109,0.0102,1.0741
PLD,xl_consumer_defensive,1255,0.4618,0.0796,5.7979,-0.3075,0.0803,-3.8305,-0.1267,0.0807,-1.5711
PLD,xl_financials,1255,-0.5562,0.1103,-5.0417,0.0405,0.1115,0.3637,0.1102,0.1114,0.9887
PLD,xl_healthcare,1255,0.4739,0.0860,5.5098,-0.2832,0.0867,-3.2657,-0.0826,0.0871,-0.9491
PLD,xl_industrials,1255,-0.2667,0.1272,-2.0962,0.2811,0.1272,2.2093,0.2283,0.1274,1.7920
PLD,xl_real_estate,1255,1.0401,0.0511,20.3558,-0.0878,0.0589,-1.4906,-0.0633,0.0590,-1.0731
PLD,xl_utilities,1255,0.4686,0.0496,9.4553,-0.1235,0.0512,-2.4131,-0.0742,0.0513,-1.4471
QQQ,biotech,1255,0.1067,0.0436,2.4479,0.0097,0.0437,0.2230,-0.0953,0.0436,-2.1850
QQQ,china_a_shares,1255,0.0167,0.0301,0.5539,-0.0252,0.0301,-0.8365,-0.0639,0.0300,-2.1265
QQQ,china_exposure,1255,0.0275,0.0257,1.0667,0.0007,0.0258,0.0264,-0.0428,0.0257,-1.6623
QQQ,copper,1255,-0.0255,0.0328,-0.7765,-0.0363,0.0328,-1.1075,0.0419,0.0328,1.2782
QQQ,credit_hy_spread,1255,-0.3231,0.0920,-3.5111,-0.1402,0.0924,-1.5176,-0.2585,0.0922,-2.8036
QQQ,defense,1255,-0.0417,0.0509,-0.8198,0.1271,0.0508,2.5047,0.0571,0.0509,1.1209
QQQ,energy_oil,1255,-0.0390,0.0168,-2.3285,-0.0117,0.0168,-0.6946,0.0181,0.0168,1.0793
QQQ,gold,1255,0.0397,0.0473,0.8380,0.0535,0.0473,1.1303,0.0662,0.0474,1.3969
QQQ,growth,1255,0.9577,0.2704,3.5421,0.1431,0.2718,0.5263,-0.4314,0.2715,-1.5887
QQQ,inflation,1255,-0.2502,0.1399,-1.7881,-0.0240,0.1402,-0.1711,-0.0849,0.1401,-0.6062
QQQ,lithium,1255,0.0047,0.0275,0.1705,0.0306,0.0275,1.1157,0.0671,0.0274,2.4465
QQQ,market_beta,1255,1.1358,0.0126,90.1828,-0.2027,0.0340,-5.9590,-0.1625,0.0342,-4.7548
QQQ,momentum,1255,0.2988,0.0657,4.5476,0.0266,0.0663,0.4009,-0.0993,0.0662,-1.4993
QQQ,natural_gas,1255,-0.0042,0.0119,-0.3556,-0.0030,0.0119,-0.2481,0.0117,0.0119,0.9869
QQQ,quality,1255,-0.0031,0.2043,-0.0154,-0.0173,0.2043,-0.0848,0.6265,0.2036,3.0779
QQQ,rates,1255,0.1547,0.0916,1.6893,0.2255,0.0915,2.4639,0.2890,0.0914,3.1615
QQQ,rates_30y,1255,0.0774,0.0409,1.8914,0.0979,0.0409,2.3955,0.1134,0.0409,2.7752
QQQ,semiconductors,1255,0.2472,0.0355,6.9696,0.0521,0.0361,1.4428,-0.1385,0.0359,-3.8521
QQQ,uranium,1255,0.0170,0.0215,0.7875,0.0385,0.0215,1.7875,0.0013,0.0215,0.0614
QQQ,usd_strength,1255,-0.0223,0.0991,-0.2254,-0.3502,0.0986,-3.5505,-0.6945,0.0971,-7.1487
QQQ,value,1255,-1.0590,0.0893,-11.8582,-0.1440,0.0941,-1.5304,0.0206,0.0942,0.2188
QQQ,volatility,1255,-0.0090,0.0082,-1.0969,-0.0258,0.0082,-3.1476,0.0030,0.0082,0.3631
QQQ,xl_consumer_defensive,1255,-0.3196,0.0648,-4.9282,-0.1839,0.0653,-2.8157,-0.1472,0.0654,-2.2531
QQQ,xl_financials,1255,-0.0824,0.0904,-0.9124,-0.0746,0.0904,-0.8255,0.0986,0.0904,1.0912
QQQ,xl_healthcare,1255,-0.3069,0.0701,-4.3791,-0.1984,0.0704,-2.8175,-0.0309,0.0706,-0.4376
QQQ,xl_industrials,1255,-0.1442,0.1033,-1.3956,0.2041,0.1032,1.9763,0.2515,0.1032,2.4364
QQQ,xl_real_estate,1255,-0.2715,0.0472,-5.7527,-0.0320,0.0478,-0.6699,0.0164,0.0478,0.3429
QQQ,xl_utilities,1255,-0.2471,0.0410,-6.0228,-0.0590,0.0416,-1.4184,-0.0659,0.0416,-1.5840
SLB,biotech,1255,-0.2462,0.0838,-2.9379,0.0080,0.0841,0.0947,-0.1288,0.0841,-1.5320
SLB,china_a_shares,1255,0.1484,0.0577,2.5707,0.0740,0.0579,1.2791,-0.2040,0.0576,-3.5395
SLB,china_exposure,1255,0.0911,0.0495,1.8409,0.0479,0.0496,0.9654,-0.1092,0.0495,-2.2049
SLB,copper,1255,0.3960,0.0621,6.3726,0.0325,0.0632,0.5141,0.0649,0.0632,1.0276
SLB,credit_hy_spread,1255,0.9738,0.1758,5.5386,-0.0325,0.1780,-0.1827,-0.0923,0.1781,-0.5184
SLB,defense,1255,0.4228,0.0972,4.3507,0.3285,0.0975,3.3690,0.1734,0.0980,1.7695
SLB,energy_oil,1255,0.4934,0.0292,16.9047,0.0583,0.0323,1.8031,0.0833,0.0323,2.5787
SLB,gold,1255,0.0351,0.0911,0.3855,0.0097,0.0912,0.1066,0.2588,0.0910,2.8457
SLB,growth,1255,-1.3247,0.5216,-2.5397,0.0309,0.5232,0.0591,-0.0289,0.5233,-0.0552
SLB,inflation,1255,2.7556,0.2582,10.6728,0.4520,0.2695,1.6770,1.1008,0.2680,4.1075
SLB,lithium,1255,0.2381,0.0524,4.5392,0.1532,0.0527,2.9057,-0.0019,0.0529,-0.0354
SLB,market_beta,1255,1.1995,0.0570,21.0313,-0.1351,0.0663,-2.0379,-0.2751,0.0659,-4.1736
SLB,momentum,1255,-0.4863,0.1268,-3.8366,-0.0640,0.1275,-0.5019,-0.1244,0.1276,-0.9752
SLB,natural_gas,1255,0.0463,0.0228,2.0271,0.0693,0.0229,3.0264,0.0042,0.0229,0.1834
SLB,quality,1255,-0.7166,0.3926,-1.8249,0.9734,0.3924,2.4809,-0.2699,0.3933,-0.6863
SLB,rates,1255,-0.9825,0.1743,-5.6378,-0.0953,0.1766,-0.5397,0.4026,0.1763,2.2837
SLB,rates_30y,1255,-0.4422,0.0778,-5.6806,-0.0820,0.0788,-1.0403,0.1709,0.0788,2.1697
SLB,semiconductors,1255,-0.1918,0.0694,-2.7652,0.1001,0.0695,1.4399,-0.1072,0.0695,-1.5416
SLB,uranium,1255,0.2502,0.0409,6.1245,0.0371,0.0415,0.8950,0.0729,0.0414,1.7606
SLB,usd_strength,1255,-0.0303,0.1907,-0.1591,0.2470,0.1907,1.2954,-1.2461,0.1875,-6.6448
SLB,value,1255,2.7207,0.1642,16.5741,0.0628,0.1813,0.3466,0.2932,0.1811,1.6188
SLB,volatility,1255,-0.0128,0.0158,-0.8051,-0.0306,0.0158,-1.9340,-0.0257,0.0158,-1.6203
SLB,xl_consumer_defensive,1255,-0.3436,0.1256,-2.7346,-0.2850,0.1258,-2.2653,-0.1315,0.1260,-1.0433
SLB,xl_financials,1255,0.1756,0.1739,1.0099,-0.0399,0.1740,-0.2293,-0.0882,0.1740,-0.5068
SLB,xl_healthcare,1255,-0.3881,0.1355,-2.8650,-0.4746,0.1353,-3.5080,0.0051,0.1360,0.0376
SLB,xl_industrials,1255,0.2513,0.1988,1.2640,0.5256,0.1985,2.6483,0.2879,0.1990,1.4469
SLB,xl_real_estate,1255,0.0296,0.0920,0.3215,0.0236,0.0921,0.2566,0.0066,0.0921,0.0717
SLB,xl_utilities,1255,-0.1066,0.0800,-1.3317,-0.1787,0.0800,-2.2348,-0.0179,0.0801,-0.2238
SMCI,biotech,1255,-0.0982,0.1288,-0.7620,-0.2079,0.1288,-1.6144,-0.1734,0.1288,-1.3459
SMCI,china_a_shares,1255,0.1221,0.0886,1.3774,-0.0753,0.0887,-0.8486,-0.2636,0.0884,-2.9813
SMCI,china_exposure,1255,0.1109,0.0759,1.4610,-0.0333,0.0760,-0.4379,-0.1829,0.0758,-2.4126
SMCI,copper,1255,0.1054,0.0967,1.0894,0.0103,0.0968,0.1067,0.0926,0.0968,0.9570
SMCI,credit_hy_spread,1255,-0.4994,0.2724,-1.8334,-0.3850,0.2726,-1.4123,-0.4121,0.2726,-1.5119
SMCI,defense,1255,0.1746,0.1500,1.1643,0.4270,0.1496,2.8540,0.2670,0.1501,1.7789
SMCI,energy_oil,1255,-0.0305,0.0496,-0.6153,-0.0236,0.0496,-0.4755,0.0318,0.0496,0.6420
SMCI,gold,1255,0.1337,0.1396,0.9576,0.2784,0.1395,1.9954,0.2397,0.1396,1.7162
SMCI,growth,1255,1.4294,0.8004,1.7859,-0.6693,0.8017,-0.8349,-1.4417,0.8006,-1.8007
SMCI,inflation,1255,-0.5384,0.4130,-1.3037,0.3212,0.4134,0.7769,0.0294,0.4133,0.0712
SMCI,lithium,1255,0.0773,0.0810,0.9541,0.0878,0.0810,1.0836,-0.0467,0.0810,-0.5762
SMCI,market_beta,1255,1.4490,0.0931,15.5706,-0.1122,0.1017,-1.1033,-0.1656,0.1016,-1.6298
SMCI,momentum,1255,0.7114,0.1944,3.6604,-0.0747,0.1955,-0.3821,-0.1127,0.1955,-0.5763
SMCI,natural_gas,1255,-0.0235,0.0350,-0.6704,0.0616,0.0352,1.7501,-0.0248,0.0350,-0.7092
SMCI,quality,1255,2.2138,0.5993,3.6940,-0.0834,0.6028,-0.1383,-0.4015,0.6025,-0.6663
SMCI,rates,1255,0.5781,0.2699,2.1414,0.2957,0.2705,1.0930,0.4432,0.2703,1.6393
SMCI,rates_30y,1255,0.2680,0.1206,2.2224,0.1762,0.1208,1.4591,0.1854,0.1208,1.5353
SMCI,semiconductors,1255,0.8940,0.1036,8.6318,0.2866,0.1063,2.6947,-0.0860,0.1066,-0.8065
SMCI,uranium,1255,0.1037,0.0635,1.6332,0.1245,0.0635,1.9612,-0.0999,0.0635,-1.5737
SMCI,usd_strength,1255,-0.4248,0.2920,-1.4544,-0.4434,0.2921,-1.5179,-0.5749,0.2919,-1.9698
SMCI,value,1255,-0.6887,0.2771,-2.4855,-0.2909,0.2778,-1.0473,-0.0108,0.2778,-0.0387
SMCI,volatility,1255,-0.0284,0.0243,-1.1705,-0.0343,0.0243,-1.4113,0.0041,0.0243,0.1699
SMCI,xl_consumer_defensive,1255,-0.8956,0.1914,-4.6779,-0.6083,0.1925,-3.1610,-0.2082,0.1930,-1.0786
SMCI,xl_financials,1255,-0.0856,0.2666,-0.3212,-0.0166,0.2667,-0.0622,0.0139,0.2666,0.0521
SMCI,xl_healthcare,1255,-0.7664,0.2071,-3.6998,-0.8884,0.2069,-4.2949,0.2944,0.2081,1.4145
SMCI,xl_industrials,1255,0.6666,0.3043,2.1905,0.8520,0.3041,2.8017,0.7922,0.3043,2.6036
SMCI,xl_real_estate,1255,-0.2000,0.1409,-1.4190,-0.2612,0.1409,-1.8537,0.0981,0.1411,0.6955
SMCI,xl_utilities,1255,-0.5867,0.1216,-4.8243,-0.2564,0.1226,-2.0918,-0.0014,0.1228,-0.0113
SO,biotech,1255,-0.0566,0.0449,-1.2609,-0.0704,0.0449,-1.5684,0.0229,0.0449,0.5092
SO,china_a_shares,1255,-0.0314,0.0309,-1.0166,-0.0176,0.0309,-0.5686,-0.0680,0.0309,-2.2025
SO,china_exposure,1255,-0.0557,0.0264,-2.1067,-0.0150,0.0265,-0.5670,-0.0389,0.0265,-1.4706
SO,copper,1255,-0.0887,0.0336,-2.6386,0.0225,0.0337,0.6679,-0.0088,0.0337,-0.2608
SO,credit_hy_spread,1255,0.2805,0.0947,2.9627,-0.1969,0.0949,-2.0753,0.1234,0.0950,1.2988
SO,defense,1255,-0.1762,0.0520,-3.3868,0.2259,0.0519,4.3524,0.0118,0.0524,0.2251
SO,energy_oil,1255,-0.0425,0.0172,-2.4698,-0.0072,0.0173,-0.4187,-0.0203,0.0173,-1.1776
SO,gold,1255,0.1764,0.0484,3.6437,0.1150,0.0486,2.3673,-0.0246,0.0487,-0.5055
SO,growth,1255,-0.8797,0.2781,-3.1632,-0.5655,0.2789,-2.0274,-0.5706,0.2789,-2.0458
SO,inflation,1255,-0.2961,0.1437,-2.0601,-0.3038,0.1438,-2.1125,0.0184,0.1440,0.1277
SO,lithium,1255,-0.0653,0.0282,-2.3184,0.0640,0.0282,2.2714,0.0403,0.0282,1.4277
SO,market_beta,1255,0.7045,0.0293,24.0457,-0.1226,0.0353,-3.4744,-0.1509,0.0352,-4.2910
SO,momentum,1255,-0.2804,0.0676,-4.1471,0.0590,0.0681,0.8671,0.0043,0.0681,0.0629
SO,natural_gas,1255,-0.0051,0.0122,-0.4218,0.0133,0.0123,1.0816,0.0146,0.0122,1.1989
SO,quality,1255,-0.3049,0.2097,-1.4534,0.1337,0.2100,0.6369,0.6499,0.2092,3.1066
SO,rates,1255,0.1345,0.0941,1.4286,0.2632,0.0940,2.7993,0.0839,0.0943,0.8895
SO,rates_30y,1255,0.0030,0.0421,0.0713,0.1157,0.0420,2.7556,-0.0015,0.0421,-0.0359
SO,semiconductors,1255,-0.4158,0.0352,-11.8002,0.0487,0.0371,1.3127,-0.0841,0.0371,-2.2688
SO,uranium,1255,-0.0863,0.0220,-3.9220,0.0304,0.0221,1.3755,0.0041,0.0221,0.1854
SO,usd_strength,1255,0.0237,0.1018,0.2326,-0.5388,0.1007,-5.3489,-0.5606,0.1006,-5.5708
SO,value,1255,1.2362,0.0903,13.6961,-0.0076,0.0968,-0.0784,-0.0419,0.0968,-0.4328
SO,volatility,1255,0.0474,0.0084,5.6775,-0.0091,0.0085,-1.0797,0.0005,0.0085,0.0638
SO,xl_consumer_defensive,1255,1.0140,0.0609,16.6570,-0.0437,0.0673,-0.6493,-0.0377,0.0673,-0.5598
SO,xl_financials,1255,-0.7763,0.0903,-8.6008,-0.0581,0.0929,-0.6255,-0.0360,0.0929,-0.3877
SO,xl_healthcare,1255,0.7683,0.0692,11.0975,-0.1523,0.0725,-2.1012,0.0851,0.0725,1.1724
SO,xl_industrials,1255,-0.5717,0.1050,-5.4446,0.3135,0.1059,2.9605,0.0274,0.1063,0.2573
SO,xl_real_estate,1255,0.7024,0.0449,15.6280,-0.0426,0.0491,-0.8668,0.0162,0.0492,0.3304
SO,xl_utilities,1255,1.0973,0.0295,37.2548,-0.0632,0.0427,-1.4781,-0.0125,0.0428,-0.2917
SPY,biotech,1255,0.0000,0.0358,0.0000,-0.0035,0.0358,-0.0974,-0.0689,0.0358,-1.9276
SPY,china_a_shares,1255,0.0000,0.0246,0.0000,-0.0123,0.0247,-0.4975,-0.0718,0.0246,-2.9223
SPY,china_exposure,1255,-0.0000,0.0211,-0.0000,0.0007,0.0211,0.0335,-0.0423,0.0211,-2.0086
SPY,copper,1255,0.0000,0.0269,0.0000,-0.0087,0.0269,-0.3247,0.0375,0.0269,1.3945
SPY,credit_hy_spread,1255,0.0000,0.0758,0.0000,-0.1105,0.0757,-1.4592,-0.1181,0.0757,-1.5594
SPY,defense,1255,0.0000,0.0417,0.0000,0.1554,0.0415,3.7479,0.0630,0.0417,1.5099
SPY,energy_oil,1255,0.0000,0.0138,0.0000,-0.0057,0.0138,-0.4118,0.0163,0.0138,1.1852
SPY,gold,1255,0.0000,0.0388,0.0000,0.0627,0.0388,1.6173,0.0647,0.0388,1.6672
SPY,growth,1255,-0.0000,0.2227,-0.0000,0.0956,0.2228,0.4290,-0.3217,0.2226,-1.4454
SPY,inflation,1255,0.0000,0.1148,0.0000,-0.0380,0.1149,-0.3311,-0.0361,0.1149,-0.3141
SPY,lithium,1255,0.0000,0.0225,0.0000,0.0526,0.0225,2.3427,0.0453,0.0225,2.0156
SPY,market_beta,1255,1.0000,0.0000,159197986620818560.0000,-0.1548,0.0279,-5.5449,-0.1548,0.0279,-5.5449
SPY,momentum,1255,-0.0000,0.0543,-0.0000,0.0361,0.0543,0.6643,-0.0529,0.0543,-0.9740
SPY,natural_gas,1255,-0.0000,0.0097,-0.0000,0.0042,0.0098,0.4294,0.0115,0.0097,1.1839
SPY,quality,1255,0.0000,0.1674,0.0000,0.2110,0.1674,1.2609,0.4432,0.1670,2.6539
SPY,rates,1255,-0.0000,0.0751,-0.0000,0.1929,0.0750,2.5719,0.2578,0.0749,3.4438
SPY,rates_30y,1255,-0.0000,0.0336,-0.0000,0.0789,0.0335,2.3549,0.0950,0.0335,2.8352
SPY,semiconductors,1255,0.0000,0.0296,0.0000,0.0652,0.0296,2.2042,-0.1070,0.0295,-3.6301
SPY,uranium,1255,0.0000,0.0177,0.0000,0.0363,0.0176,2.0562,0.0065,0.0177,0.3692
SPY,usd_strength,1255,0.0000,0.0812,0.0000,-0.3227,0.0807,-3.9976,-0.7234,0.0786,-9.2021
SPY,value,1255,-0.0000,0.0772,-0.0000,-0.0887,0.0772,-1.1494,0.0724,0.0772,0.9386
SPY,volatility,1255,0.0000,0.0067,0.0000,-0.0210,0.0067,-3.1280,0.0014,0.0068,0.2132
SPY,xl_consumer_defensive,1255,-0.0000,0.0537,-0.0000,-0.1870,0.0534,-3.5005,-0.1040,0.0536,-1.9405
SPY,xl_financials,1255,-0.0000,0.0741,-0.0000,-0.0797,0.0741,-1.0753,0.0292,0.0741,0.3936
SPY,xl_healthcare,1255,0.0000,0.0579,0.0000,-0.2108,0.0576,-3.6609,0.0030,0.0579,0.0518
SPY,xl_industrials,1255,0.0000,0.0847,0.0000,0.2570,0.0844,3.0441,0.1831,0.0846,2.1634
SPY,xl_real_estate,1255,0.0000,0.0392,0.0000,-0.0118,0.0392,-0.3007,0.0143,0.0392,0.3659
SPY,xl_utilities,1255,-0.0000,0.0341,-0.0000,-0.0633,0.0341,-1.8580,-0.0329,0.0341,-0.9636
TMUS,biotech,1255,0.0713,0.0464,1.5357,-0.0083,0.0465,-0.1780,0.0068,0.0465,0.1463
TMUS,china_a_shares,1255,-0.0138,0.0320,-0.4306,0.0254,0.0320,0.7923,-0.0263,0.0320,-0.8225
TMUS,china_exposure,1255,-0.0363,0.0274,-1.3250,0.0001,0.0274,0.0045,0.0069,0.0274,0.2521
TMUS,copper,1255,-0.0626,0.0349,-1.7967,-0.0257,0.0349,-0.7368,0.0796,0.0348,2.2850
TMUS,credit_hy_spread,1255,-0.1186,0.0983,-1.2062,-0.1837,0.0983,-1.8690,-0.2552,0.0982,-2.5995
TMUS,defense,1255,-0.0167,0.0541,-0.3090,0.1359,0.0540,2.5158,0.0785,0.0542,1.4483
TMUS,energy_oil,1255,0.0042,0.0179,0.2361,-0.0369,0.0179,-2.0688,0.0288,0.0179,1.6104
TMUS,gold,1255,-0.0225,0.0504,-0.4459,0.0320,0.0504,0.6340,0.0678,0.0504,1.3445
TMUS,growth,1255,-0.3914,0.2889,-1.3549,-0.3611,0.2891,-1.2492,0.0926,0.2892,0.3202
TMUS,inflation,1255,0.0009,0.1491,0.0059,-0.2145,0.1490,-1.4391,0.0740,0.1491,0.4963
TMUS,lithium,1255,-0.0839,0.0291,-2.8812,0.0687,0.0292,2.3534,0.1253,0.0290,4.3160
TMUS,market_beta,1255,0.7460,0.0300,24.8530,-0.2283,0.0361,-6.3202,-0.1745,0.0364,-4.7991
TMUS,momentum,1255,0.1110,0.0704,1.5757,0.1127,0.0704,1.6007,-0.0832,0.0705,-1.1805
TMUS,natural_gas,1255,-0.0098,0.0126,-0.7765,0.0008,0.0127,0.0616,-0.0128,0.0126,-1.0117
TMUS,quality,1255,-0.7851,0.2162,-3.6310,0.1801,0.2174,0.8287,0.5190,0.2169,2.3924
TMUS,rates,1255,0.0561,0.0975,0.5748,0.2405,0.0974,2.4687,0.3141,0.0972,3.2305
TMUS,rates_30y,1255,0.0202,0.0436,0.4635,0.0696,0.0436,1.5987,0.1298,0.0435,2.9861
TMUS,semiconductors,1255,-0.1305,0.0383,-3.4082,0.0417,0.0385,1.0844,-0.0291,0.0385,-0.7554
TMUS,uranium,1255,-0.0150,0.0229,-0.6566,0.0142,0.0229,0.6209,0.0226,0.0229,0.9860
TMUS,usd_strength,1255,0.2784,0.1051,2.6472,-0.1244,0.1054,-1.1800,-0.7698,0.1032,-7.4596
TMUS,value,1255,0.1609,0.1001,1.6077,-0.0602,0.1002,-0.6010,-0.0175,0.1002,-0.1750
TMUS,volatility,1255,-0.0117,0.0088,-1.3314,-0.0136,0.0088,-1.5565,-0.0111,0.0088,-1.2700
TMUS,xl_consumer_defensive,1255,0.3391,0.0690,4.9137,-0.1442,0.0696,-2.0728,-0.2420,0.0693,-3.4892
TMUS,xl_financials,1255,-0.1114,0.0961,-1.1584,-0.0140,0.0962,-0.1459,0.0392,0.0962,0.4079
TMUS,xl_healthcare,1255,0.3000,0.0746,4.0189,-0.0391,0.0752,-0.5201,-0.0647,0.0751,-0.8609
TMUS,xl_industrials,1255,-0.3613,0.1095,-3.2992,0.2873,0.1097,2.6183,0.1159,0.1100,1.0530
TMUS,xl_real_estate,1255,0.0461,0.0509,0.9072,0.0836,0.0508,1.6453,-0.0216,0.0509,-0.4241
TMUS,xl_utilities,1255,0.1356,0.0441,3.0737,-0.0082,0.0443,-0.1858,-0.0960,0.0442,-2.1723
TSLA,biotech,1255,0.3606,0.1133,3.1831,-0.0325,0.1138,-0.2855,-0.2404,0.1136,-2.1166
TSLA,china_a_shares,1255,0.0900,0.0783,1.1495,-0.0554,0.0783,-0.7076,0.0352,0.0783,0.4498
TSLA,china_exposure,1255,0.0700,0.0670,1.0442,0.0190,0.0671,0.2827,-0.0725,0.0671,-1.0814
TSLA,copper,1255,0.1928,0.0852,2.2612,-0.1556,0.0853,-1.8231,0.0264,0.0854,0.3094
TSLA,credit_hy_spread,1255,-0.4968,0.2404,-2.0669,-0.5263,0.2404,-2.1897,-0.2533,0.2408,-1.0521
TSLA,defense,1255,0.4360,0.1319,3.3063,-0.0104,0.1325,-0.0788,0.2621,0.1325,1.9780
TSLA,energy_oil,1255,-0.0006,0.0438,-0.0129,-0.0287,0.0438,-0.6555,0.0040,0.0438,0.0906
TSLA,gold,1255,0.0296,0.1233,0.2404,0.0888,0.1233,0.7197,0.2213,0.1233,1.7950
TSLA,growth,1255,5.9854,0.6870,8.7127,-1.1666,0.7070,-1.6500,0.7369,0.7075,1.0416
TSLA,inflation,1255,0.4068,0.3647,1.1157,0.2355,0.3649,0.6452,0.1411,0.3649,0.3867
TSLA,lithium,1255,0.5452,0.0699,7.8036,-0.0676,0.0715,-0.9454,0.3005,0.0710,4.2299
TSLA,market_beta,1255,1.6258,0.0771,21.0839,-0.0578,0.0898,-0.6440,-0.2055,0.0896,-2.2941
TSLA,momentum,1255,1.1399,0.1695,6.7268,-0.1662,0.1725,-0.9639,0.1040,0.1726,0.6028
TSLA,natural_gas,1255,0.0554,0.0309,1.7929,-0.0447,0.0311,-1.4393,0.0081,0.0309,0.2624
TSLA,quality,1255,-3.8383,0.5208,-7.3706,0.5341,0.5319,1.0042,0.1050,0.5320,0.1974
TSLA,rates,1255,0.3522,0.2385,1.4763,0.4807,0.2385,2.0153,0.6213,0.2383,2.6072
TSLA,rates_30y,1255,0.2537,0.1064,2.3836,0.2490,0.1065,2.3384,0.3178,0.1064,2.9877
TSLA,semiconductors,1255,0.4048,0.0934,4.3332,-0.0201,0.0941,-0.2136,-0.1776,0.0940,-1.8889
TSLA,uranium,1255,0.1899,0.0558,3.4009,0.0000,0.0561,0.0004,0.0240,0.0561,0.4280
TSLA,usd_strength,1255,-0.6291,0.2574,-2.4438,-0.2361,0.2580,-0.9152,-0.6970,0.2573,-2.7086
TSLA,value,1255,-2.0590,0.2382,-8.6430,0.0059,0.2453,0.0242,0.1301,0.2452,0.5304
TSLA,volatility,1255,-0.0349,0.0214,-1.6280,-0.0328,0.0214,-1.5308,0.0322,0.0214,1.5044
TSLA,xl_consumer_defensive,1255,-1.3085,0.1664,-7.8625,-0.1539,0.1705,-0.9029,-0.2453,0.1704,-1.4400
TSLA,xl_financials,1255,0.5112,0.2349,2.1759,-0.1945,0.2354,-0.8264,0.1779,0.2353,0.7560
TSLA,xl_healthcare,1255,-1.3227,0.1800,-7.3479,-0.0004,0.1839,-0.0024,-0.0027,0.1839,-0.0148
TSLA,xl_industrials,1255,-0.1747,0.2691,-0.6490,-0.0625,0.2692,-0.2323,0.5468,0.2689,2.0334
TSLA,xl_real_estate,1255,-0.5127,0.1236,-4.1464,0.1180,0.1245,0.9480,0.0645,0.1246,0.5177
TSLA,xl_utilities,1255,-0.7434,0.1063,-6.9938,0.0941,0.1083,0.8682,-0.1099,0.1083,-1.0142
TTWO,biotech,1255,0.2341,0.0584,4.0071,0.0610,0.0588,1.0367,-0.0582,0.0588,-0.9903
TTWO,china_a_shares,1255,0.0885,0.0404,2.1895,0.0017,0.0405,0.0422,-0.0620,0.0405,-1.5335
TTWO,china_exposure,1255,0.0781,0.0346,2.2582,0.0480,0.0347,1.3854,-0.0557,0.0347,-1.6075
TTWO,copper,1255,-0.0368,0.0441,-0.8337,0.0547,0.0441,1.2380,0.0353,0.0442,0.7997
TTWO,credit_hy_spread,1255,-0.3924,0.1240,-3.1656,-0.2042,0.1244,-1.6415,-0.1718,0.1244,-1.3806
TTWO,defense,1255,-0.1651,0.0683,-2.4164,0.1326,0.0684,1.9388,-0.0140,0.0686,-0.2046
TTWO,energy_oil,1255,-0.0337,0.0226,-1.4923,0.0075,0.0226,0.3312,0.0192,0.0226,0.8500
TTWO,gold,1255,0.2066,0.0635,3.2544,0.0780,0.0637,1.2244,0.1003,0.0637,1.5736
TTWO,growth,1255,2.0565,0.3611,5.6956,0.0714,0.3659,0.1951,0.0711,0.3659,0.1944
TTWO,inflation,1255,-0.3102,0.1884,-1.6465,-0.0640,0.1887,-0.3391,-0.1324,0.1886,-0.7017
TTWO,lithium,1255,-0.0084,0.0370,-0.2268,0.0364,0.0370,0.9833,0.0464,0.0370,1.2559
TTWO,market_beta,1255,0.7541,0.0412,18.2989,-0.1064,0.0463,-2.2976,-0.1725,0.0462,-3.7375
TTWO,momentum,1255,0.4097,0.0884,4.6342,0.0495,0.0892,0.5555,0.0492,0.0892,0.5518
TTWO,natural_gas,1255,0.0281,0.0160,1.7575,0.0109,0.0161,0.6795,-0.0153,0.0160,-0.9559
TTWO,quality,1255,-0.4820,0.2746,-1.7553,0.0226,0.2751,0.0820,0.3930,0.2748,1.4301
TTWO,rates,1255,0.2944,0.1231,2.3906,0.3287,0.1232,2.6684,0.2543,0.1233,2.0623
TTWO,rates_30y,1255,0.1642,0.0549,2.9883,0.1440,0.0550,2.6170,0.0685,0.0552,1.2418
TTWO,semiconductors,1255,0.1772,0.0484,3.6615,0.0131,0.0487,0.2686,-0.1273,0.0485,-2.6225
TTWO,uranium,1255,0.0701,0.0289,2.4218,0.0404,0.0290,1.3955,0.0089,0.0290,0.3083
TTWO,usd_strength,1255,-0.1430,0.1333,-1.0723,-0.4431,0.1328,-3.3355,-0.7575,0.1317,-5.7519
TTWO,value,1255,-0.9032,0.1242,-7.2737,-0.1503,0.1267,-1.1858,0.1059,0.1268,0.8352
TTWO,volatility,1255,-0.0145,0.0111,-1.3094,-0.0232,0.0111,-2.0964,0.0114,0.0111,1.0265
TTWO,xl_consumer_defensive,1255,-0.1371,0.0880,-1.5572,-0.2836,0.0878,-3.2293,-0.1205,0.0881,-1.3678
TTWO,xl_financials,1255,-0.4552,0.1210,-3.7626,0.0973,0.1217,0.7993,-0.1284,0.1216,-1.0554
TTWO,xl_healthcare,1255,-0.1997,0.0949,-2.1049,-0.0043,0.0951,-0.0456,0.0142,0.0951,0.1495
TTWO,xl_industrials,1255,-0.3691,0.1388,-2.6603,0.1018,0.1392,0.7312,0.0306,0.1393,0.2201
TTWO,xl_real_estate,1255,-0.2076,0.0641,-3.2388,-0.1008,0.0643,-1.5664,0.0125,0.0644,0.1944
TTWO,xl_utilities,1255,-0.1528,0.0558,-2.7354,-0.1771,0.0558,-3.1725,0.0484,0.0560,0.8640
UNH,biotech,1255,0.0439,0.0509,0.8623,-0.0218,0.0509,-0.4272,-0.0482,0.0509,-0.9470
UNH,china_a_shares,1255,0.0414,0.0350,1.1814,0.0105,0.0351,0.2981,-0.0766,0.0350,-2.1893
UNH,china_exposure,1255,-0.0449,0.0300,-1.4967,0.0090,0.0300,0.2991,-0.0474,0.0300,-1.5784
UNH,copper,1255,-0.0356,0.0382,-0.9301,0.0457,0.0382,1.1961,0.0066,0.0383,0.1726
UNH,credit_hy_spread,1255,0.2355,0.1076,2.1891,-0.1681,0.1077,-1.5605,-0.0576,0.1079,-0.5343
UNH,defense,1255,-0.0528,0.0593,-0.8903,0.2493,0.0589,4.2335,0.1449,0.0593,2.4442
UNH,energy_oil,1255,0.0120,0.0196,0.6129,-0.0183,0.0196,-0.9341,-0.0093,0.0196,-0.4717
UNH,gold,1255,-0.0403,0.0552,-0.7295,0.1166,0.0551,2.1145,0.1207,0.0552,2.1884
UNH,growth,1255,-0.8947,0.3157,-2.8338,-0.6282,0.3164,-1.9854,-0.4936,0.3166,-1.5589
UNH,inflation,1255,0.0349,0.1633,0.2137,-0.2015,0.1633,-1.2339,-0.1260,0.1634,-0.7711
UNH,lithium,1255,-0.0586,0.0320,-1.8335,0.1332,0.0318,4.1878,0.0412,0.0320,1.2855
UNH,market_beta,1255,0.8263,0.0327,25.2635,-0.1920,0.0398,-4.8194,-0.2105,0.0398,-5.2940
UNH,momentum,1255,-0.0222,0.0772,-0.2869,-0.0309,0.0772,-0.4002,-0.0206,0.0773,-0.2668
UNH,natural_gas,1255,-0.0077,0.0138,-0.5547,-0.0018,0.0139,-0.1317,-0.0071,0.0138,-0.5108
UNH,quality,1255,-0.1428,0.2381,-0.5999,0.4622,0.2379,1.9432,0.6091,0.2376,2.5631
UNH,rates,1255,-0.2528,0.1066,-2.3707,0.2935,0.1066,2.7523,0.3773,0.1065,3.5435
UNH,rates_30y,1255,-0.1028,0.0477,-2.1563,0.1200,0.0477,2.5193,0.1430,0.0476,3.0031
UNH,semiconductors,1255,-0.2697,0.0414,-6.5080,0.0234,0.0421,0.5549,-0.0847,0.0421,-2.0113
UNH,uranium,1255,-0.0809,0.0250,-3.2355,0.0380,0.0251,1.5133,-0.0075,0.0251,-0.2990
UNH,usd_strength,1255,0.3881,0.1150,3.3744,-0.5500,0.1145,-4.8028,-0.9063,0.1127,-8.0423
UNH,value,1255,0.7186,0.1079,6.6598,-0.0007,0.1098,-0.0063,-0.0884,0.1098,-0.8052
UNH,volatility,1255,0.0306,0.0096,3.2059,-0.0180,0.0096,-1.8756,-0.0109,0.0096,-1.1393
UNH,xl_consumer_defensive,1255,0.5506,0.0747,7.3683,-0.2227,0.0761,-2.9266,-0.0805,0.0763,-1.0541
UNH,xl_financials,1255,-0.3974,0.1048,-3.7930,-0.1296,0.1054,-1.2304,-0.0389,0.1054,-0.3687
UNH,xl_healthcare,1255,1.3981,0.0722,19.3597,-0.1726,0.0822,-2.0992,0.0171,0.0824,0.2071
UNH,xl_industrials,1255,-0.2930,0.1202,-2.4368,0.4997,0.1197,4.1738,0.2174,0.1205,1.8043
UNH,xl_real_estate,1255,0.2169,0.0554,3.9150,0.0394,0.0557,0.7059,-0.0090,0.0558,-0.1608
UNH,xl_utilities,1255,0.3290,0.0476,6.9101,-0.0795,0.0485,-1.6407,-0.0069,0.0485,-0.1430
VLO,biotech,1255,-0.3103,0.0814,-3.8148,-0.0074,0.0818,-0.0903,-0.1935,0.0817,-2.3687
VLO,china_a_shares,1255,0.1388,0.0562,2.4702,-0.0269,0.0563,-0.4781,-0.1429,0.0562,-2.5412
VLO,china_exposure,1255,0.0865,0.0482,1.7960,0.0100,0.0482,0.2079,-0.0987,0.0482,-2.0479
VLO,copper,1255,0.3057,0.0608,5.0252,0.0301,0.0614,0.4907,0.0954,0.0614,1.5535
VLO,credit_hy_spread,1255,1.1074,0.1703,6.5012,0.2375,0.1730,1.3726,-0.0504,0.1733,-0.2908
VLO,defense,1255,0.3892,0.0946,4.1126,0.3470,0.0947,3.6619,0.1801,0.0953,1.8887
VLO,energy_oil,1255,0.2991,0.0303,9.8639,0.0106,0.0315,0.3381,0.0472,0.0315,1.4997
VLO,gold,1255,-0.1471,0.0886,-1.6605,0.0518,0.0887,0.5847,0.1458,0.0887,1.6437
VLO,growth,1255,-1.4778,0.5072,-2.9137,0.8056,0.5084,1.5847,-1.2732,0.5080,-2.5064
VLO,inflation,1255,1.9454,0.2566,7.5811,0.2913,0.2623,1.1108,0.2119,0.2625,0.8074
VLO,lithium,1255,0.1715,0.0512,3.3475,0.1038,0.0514,2.0201,-0.0114,0.0515,-0.2206
VLO,market_beta,1255,1.1422,0.0559,20.4273,-0.1140,0.0645,-1.7682,-0.2427,0.0642,-3.7786
VLO,momentum,1255,-0.4570,0.1234,-3.7032,0.1434,0.1240,1.1563,-0.1775,0.1241,-1.4304
VLO,natural_gas,1255,0.0547,0.0222,2.4672,0.0529,0.0223,2.3716,0.0349,0.0222,1.5722
VLO,quality,1255,0.1594,0.3826,0.4167,1.1905,0.3810,3.1244,-0.2661,0.3827,-0.6953
VLO,rates,1255,-0.8574,0.1700,-5.0430,-0.1372,0.1717,-0.7987,0.4023,0.1715,2.3451
VLO,rates_30y,1255,-0.3556,0.0761,-4.6754,-0.0507,0.0767,-0.6609,0.1661,0.0767,2.1671
VLO,semiconductors,1255,-0.2379,0.0674,-3.5324,0.0160,0.0677,0.2371,-0.0577,0.0677,-0.8516
VLO,uranium,1255,0.1642,0.0401,4.0962,0.0556,0.0403,1.3795,0.0720,0.0403,1.7870
VLO,usd_strength,1255,0.0973,0.1856,0.5243,-0.1265,0.1855,-0.6817,-1.2589,0.1822,-6.9077
VLO,value,1255,2.5945,0.1604,16.1703,0.2114,0.1763,1.1995,0.1312,0.1764,0.7439
VLO,volatility,1255,0.0033,0.0154,0.2128,-0.0102,0.0154,-0.6616,-0.0157,0.0154,-1.0161
VLO,xl_consumer_defensive,1255,-0.1953,0.1225,-1.5941,-0.1462,0.1225,-1.1928,-0.1230,0.1226,-1.0029
VLO,xl_financials,1255,0.1033,0.1693,0.6101,-0.1953,0.1692,-1.1542,-0.0987,0.1693,-0.5827
VLO,xl_healthcare,1255,-0.1689,0.1322,-1.2783,-0.2863,0.1320,-2.1688,-0.0981,0.1323,-0.7416
VLO,xl_industrials,1255,-0.0851,0.1936,-0.4397,0.6339,0.1927,3.2888,0.2943,0.1936,1.5199
VLO,xl_real_estate,1255,0.2172,0.0893,2.4312,0.1556,0.0894,1.7395,-0.0292,0.0896,-0.3258
VLO,xl_utilities,1255,0.0882,0.0779,1.1318,0.0253,0.0779,0.3248,-0.0668,0.0780,-0.8566
VTI,biotech,1255,0.0416,0.0368,1.1285,-0.0011,0.0369,-0.0300,-0.0732,0.0368,-1.9891
VTI,china_a_shares,1255,0.0029,0.0254,0.1143,-0.0175,0.0254,-0.6902,-0.0732,0.0253,-2.8955
VTI,china_exposure,1255,0.0035,0.0217,0.1589,-0.0041,0.0217,-0.1895,-0.0425,0.0217,-1.9604
VTI,copper,1255,0.0094,0.0277,0.3381,-0.0124,0.0277,-0.4493,0.0428,0.0277,1.5489
VTI,credit_hy_spread,1255,0.0249,0.0780,0.3197,-0.1226,0.0779,-1.5735,-0.1163,0.0780,-1.4920
VTI,defense,1255,0.0213,0.0429,0.4955,0.1625,0.0427,3.8090,0.0686,0.0429,1.5972
VTI,energy_oil,1255,0.0015,0.0142,0.1051,-0.0034,0.0142,-0.2372,0.0187,0.0142,1.3183
VTI,gold,1255,0.0041,0.0399,0.1015,0.0619,0.0399,1.5498,0.0661,0.0399,1.6546
VTI,growth,1255,0.5011,0.2287,2.1909,0.0732,0.2293,0.3194,-0.3402,0.2290,-1.4853
VTI,inflation,1255,0.0201,0.1182,0.1703,-0.0216,0.1182,-0.1823,-0.0154,0.1182,-0.1300
VTI,lithium,1255,0.0081,0.0232,0.3494,0.0501,0.0231,2.1655,0.0484,0.0231,2.0926
VTI,market_beta,1255,1.0248,0.0026,390.2465,-0.1553,0.0288,-5.4006,-0.1566,0.0287,-5.4486
VTI,momentum,1255,0.0249,0.0559,0.4450,0.0342,0.0559,0.6119,-0.0510,0.0559,-0.9131
VTI,natural_gas,1255,-0.0001,0.0100,-0.0068,0.0051,0.0101,0.5109,0.0116,0.0100,1.1574
VTI,quality,1255,-0.0011,0.1723,-0.0063,0.2228,0.1722,1.2934,0.4112,0.1719,2.3915
VTI,rates,1255,0.0167,0.0773,0.2154,0.1952,0.0772,2.5285,0.2676,0.0770,3.4740
VTI,rates_30y,1255,0.0103,0.0345,0.2972,0.0790,0.0345,2.2918,0.0978,0.0345,2.8381
VTI,semiconductors,1255,-0.0002,0.0305,-0.0052,0.0630,0.0304,2.0679,-0.1088,0.0303,-3.5862
VTI,uranium,1255,0.0112,0.0182,0.6152,0.0350,0.0181,1.9303,0.0122,0.0182,0.6716
VTI,usd_strength,1255,-0.0214,0.0836,-0.2564,-0.3225,0.0831,-3.8800,-0.7542,0.0808,-9.3317
VTI,value,1255,0.0727,0.0794,0.9159,-0.0934,0.0794,-1.1757,0.0779,0.0794,0.9807
VTI,volatility,1255,-0.0008,0.0069,-0.1123,-0.0217,0.0069,-3.1420,-0.0002,0.0069,-0.0278
VTI,xl_consumer_defensive,1255,-0.0491,0.0552,-0.8898,-0.1977,0.0550,-3.5974,-0.1130,0.0551,-2.0495
VTI,xl_financials,1255,0.0117,0.0762,0.1540,-0.0782,0.0762,-1.0252,0.0240,0.0762,0.3150
VTI,xl_healthcare,1255,-0.0263,0.0595,-0.4419,-0.2076,0.0593,-3.5020,-0.0037,0.0596,-0.0620
VTI,xl_industrials,1255,0.0142,0.0872,0.1632,0.2733,0.0869,3.1459,0.1957,0.0871,2.2472
VTI,xl_real_estate,1255,0.0162,0.0403,0.4008,-0.0083,0.0403,-0.2050,0.0119,0.0404,0.2960
VTI,xl_utilities,1255,-0.0153,0.0351,-0.4365,-0.0638,0.0351,-1.8192,-0.0385,0.0351,-1.0979
WMT,biotech,1255,0.0220,0.0383,0.5731,0.0096,0.0384,0.2511,-0.0054,0.0384,-0.1409
WMT,china_a_shares,1255,-0.0132,0.0264,-0.5010,-0.0123,0.0264,-0.4671,-0.0003,0.0264,-0.0130
WMT,china_exposure,1255,-0.0428,0.0226,-1.8951,-0.0172,0.0226,-0.7588,0.0110,0.0226,0.4843
WMT,copper,1255,-0.0711,0.0287,-2.4773,-0.0127,0.0288,-0.4420,0.0186,0.0288,0.6442
WMT,credit_hy_spread,1255,-0.2666,0.0808,-3.2989,-0.2884,0.0808,-3.5710,-0.3304,0.0806,-4.0968
WMT,defense,1255,-0.2156,0.0442,-4.8753,0.0095,0.0447,0.2125,-0.0087,0.0447,-0.1949
WMT,energy_oil,1255,-0.0268,0.0147,-1.8186,-0.0246,0.0147,-1.6699,0.0024,0.0148,0.1640
WMT,gold,1255,0.0936,0.0415,2.2555,-0.0121,0.0416,-0.2917,0.0355,0.0416,0.8541
WMT,growth,1255,-0.8009,0.2374,-3.3738,0.1813,0.2385,0.7600,-0.9707,0.2370,-4.0964
WMT,inflation,1255,-0.2098,0.1228,-1.7084,-0.2920,0.1227,-2.3790,-0.1551,0.1229,-1.2620
WMT,lithium,1255,-0.0661,0.0240,-2.7478,0.0115,0.0241,0.4778,0.0509,0.0241,2.1137
WMT,market_beta,1255,0.4684,0.0272,17.2175,-0.1225,0.0301,-4.0754,-0.1111,0.0301,-3.6914
WMT,momentum,1255,0.0351,0.0581,0.6036,0.1785,0.0579,3.0805,-0.0294,0.0582,-0.5050
WMT,natural_gas,1255,-0.0011,0.0104,-0.1037,-0.0028,0.0105,-0.2691,0.0258,0.0104,2.4815
WMT,quality,1255,-0.1301,0.1793,-0.7256,0.0863,0.1793,0.4814,0.7017,0.1782,3.9376
WMT,rates,1255,-0.0051,0.0805,-0.0631,0.3080,0.0801,3.8478,0.1006,0.0805,1.2500
WMT,rates_30y,1255,-0.0120,0.0359,-0.3329,0.1469,0.0357,4.1110,0.0255,0.0360,0.7093
WMT,semiconductors,1255,-0.1329,0.0315,-4.2183,0.0484,0.0317,1.5255,-0.0355,0.0317,-1.1185
WMT,uranium,1255,-0.0317,0.0189,-1.6795,0.0230,0.0189,1.2176,-0.0052,0.0189,-0.2753
WMT,usd_strength,1255,0.2662,0.0866,3.0719,-0.3070,0.0866,-3.5471,-0.3053,0.0866,-3.5274
WMT,value,1255,0.0329,0.0826,0.3976,-0.2726,0.0823,-3.3114,-0.0945,0.0826,-1.1440
WMT,volatility,1255,0.0073,0.0072,1.0105,-0.0192,0.0072,-2.6575,-0.0107,0.0072,-1.4788
WMT,xl_consumer_defensive,1255,0.9880,0.0502,19.6718,-0.1015,0.0574,-1.7673,0.0367,0.0575,0.6393
WMT,xl_financials,1255,-0.4791,0.0782,-6.1293,-0.0210,0.0794,-0.2640,-0.0216,0.0793,-0.2716
WMT,xl_healthcare,1255,0.3097,0.0613,5.0481,-0.0804,0.0620,-1.2985,-0.0339,0.0620,-0.5463
WMT,xl_industrials,1255,-0.4317,0.0899,-4.8022,0.0716,0.0907,0.7897,0.0924,0.0908,1.0182
WMT,xl_real_estate,1255,0.0561,0.0419,1.3367,-0.0734,0.0419,-1.7500,-0.0769,0.0419,-1.8339
WMT,xl_utilities,1255,0.2438,0.0359,6.7990,-0.0931,0.0364,-2.5560,-0.0546,0.0365,-1.4953
XOM,biotech,1255,-0.2023,0.0581,-3.4817,0.0088,0.0584,0.1504,-0.1384,0.0583,-2.3741
XOM,china_a_shares,1255,0.1275,0.0400,3.1851,0.0458,0.0402,1.1401,-0.1400,0.0400,-3.4987
XOM,china_exposure,1255,0.0709,0.0344,2.0643,0.0550,0.0344,1.6001,-0.0935,0.0343,-2.7237
XOM,copper,1255,0.2647,0.0432,6.1269,0.0236,0.0439,0.5371,0.0376,0.0439,0.8579
XOM,credit_hy_spread,1255,0.7603,0.1217,6.2474,-0.0143,0.1236,-0.1157,0.1880,0.1236,1.5217
XOM,defense,1255,0.1735,0.0678,2.5591,0.1907,0.0678,2.8133,0.1752,0.0679,2.5787
XOM,energy_oil,1255,0.3338,0.0204,16.3735,-0.0081,0.0225,-0.3596,0.0930,0.0223,4.1643
XOM,gold,1255,0.0372,0.0633,0.5873,0.0432,0.0633,0.6829,0.1236,0.0633,1.9530
XOM,growth,1255,-1.4388,0.3609,-3.9870,0.2024,0.3633,0.5570,-0.2324,0.3633,-0.6395
XOM,inflation,1255,1.5023,0.1824,8.2369,-0.1373,0.1873,-0.7330,0.8367,0.1859,4.5018
XOM,lithium,1255,0.1550,0.0365,4.2528,0.1285,0.0366,3.5155,-0.0274,0.0367,-0.7456
XOM,market_beta,1255,0.8524,0.0393,21.7050,-0.1260,0.0460,-2.7421,-0.1569,0.0459,-3.4192
XOM,momentum,1255,-0.4326,0.0877,-4.9338,-0.0532,0.0886,-0.6003,-0.0742,0.0886,-0.8370
XOM,natural_gas,1255,0.0428,0.0158,2.7056,0.0508,0.0159,3.1927,0.0117,0.0159,0.7342
XOM,quality,1255,-0.6347,0.2724,-2.3298,0.6417,0.2725,2.3546,0.1663,0.2731,0.6089
XOM,rates,1255,-0.6924,0.1210,-5.7234,0.1125,0.1226,0.9176,0.0718,0.1227,0.5856
XOM,rates_30y,1255,-0.3303,0.0539,-6.1234,0.0288,0.0548,0.5254,-0.0124,0.0548,-0.2259
XOM,semiconductors,1255,-0.2666,0.0477,-5.5882,0.0655,0.0483,1.3559,-0.1163,0.0482,-2.4114
XOM,uranium,1255,0.1557,0.0285,5.4736,0.0522,0.0288,1.8163,0.0383,0.0288,1.3295
XOM,usd_strength,1255,0.0260,0.1324,0.1963,-0.2062,0.1324,-1.5582,-0.7202,0.1309,-5.5012
XOM,value,1255,2.0655,0.1115,18.5192,0.0314,0.1259,0.2495,0.2959,0.1256,2.3548
XOM,volatility,1255,0.0049,0.0110,0.4424,-0.0215,0.0110,-1.9524,-0.0058,0.0110,-0.5223
XOM,xl_consumer_defensive,1255,0.0845,0.0875,0.9661,-0.2642,0.0872,-3.0287,-0.0539,0.0875,-0.6159
XOM,xl_financials,1255,-0.3198,0.1205,-2.6549,-0.0508,0.1209,-0.4201,-0.0697,0.1208,-0.5765
XOM,xl_healthcare,1255,-0.0431,0.0944,-0.4568,-0.3065,0.0940,-3.2596,0.0731,0.0944,0.7743
XOM,xl_industrials,1255,-0.2431,0.1380,-1.7614,0.3635,0.1378,2.6374,0.3030,0.1380,2.1949
XOM,xl_real_estate,1255,0.1210,0.0638,1.8962,-0.0786,0.0639,-1.2310,0.0493,0.0640,0.7710
XOM,xl_utilities,1255,0.1819,0.0554,3.2854,-0.1298,0.0555,-2.3376,0.0156,0.0556,0.2799
