symbol,factor,regime,level,beta,se,n_obs,beta_full,se_full
AAPL,biotech,VIX,high,0.1810,0.1382,312,-0.0120,0.0538
AAPL,biotech,VIX,low,-0.1766,0.0994,254,-0.0120,0.0538
AAPL,biotech,Rates,high,0.0626,0.2546,63,-0.0120,0.0538
AAPL,biotech,Rates,low,-0.0976,0.3466,63,-0.0120,0.0538
AAPL,biotech,Bull-Bear,high,-0.0588,0.0562,839,-0.0120,0.0538
AAPL,biotech,Bull-Bear,low,0.1360,0.1281,241,-0.0120,0.0538
AAPL,china_a_shares,VIX,high,0.0924,0.1044,312,0.0183,0.0370
AAPL,china_a_shares,VIX,low,0.0980,0.0645,254,0.0183,0.0370
AAPL,china_a_shares,Rates,high,0.0227,0.1559,63,0.0183,0.0370
AAPL,china_a_shares,Rates,low,0.7780,0.2457,63,0.0183,0.0370
AAPL,china_a_shares,Bull-Bear,high,0.0460,0.0383,839,0.0183,0.0370
AAPL,china_a_shares,Bull-Bear,low,-0.2180,0.0952,241,0.0183,0.0370
AAPL,china_exposure,VIX,high,-0.0236,0.0843,312,0.0051,0.0317
AAPL,china_exposure,VIX,low,0.0956,0.0483,254,0.0051,0.0317
AAPL,china_exposure,Rates,high,-0.0097,0.1285,63,0.0051,0.0317
AAPL,china_exposure,Rates,low,0.1343,0.2145,63,0.0051,0.0317
AAPL,china_exposure,Bull-Bear,high,0.0157,0.0346,839,0.0051,0.0317
AAPL,china_exposure,Bull-Bear,low,0.0306,0.0660,241,0.0051,0.0317
AAPL,copper,VIX,high,-0.2653,0.1052,312,-0.0545,0.0403
AAPL,copper,VIX,low,0.0449,0.0692,254,-0.0545,0.0403
AAPL,copper,Rates,high,-0.2250,0.1552,63,-0.0545,0.0403
AAPL,copper,Rates,low,0.1918,0.2469,63,-0.0545,0.0403
AAPL,copper,Bull-Bear,high,0.0408,0.0437,839,-0.0545,0.0403
AAPL,copper,Bull-Bear,low,-0.1909,0.0918,241,-0.0545,0.0403
AAPL,credit_hy_spread,VIX,high,0.2291,0.2215,312,-0.3228,0.1134
AAPL,credit_hy_spread,VIX,low,-1.0522,0.2399,254,-0.3228,0.1134
AAPL,credit_hy_spread,Rates,high,0.9933,0.6524,63,-0.3228,0.1134
AAPL,credit_hy_spread,Rates,low,2.1148,0.5804,63,-0.3228,0.1134
AAPL,credit_hy_spread,Bull-Bear,high,-1.3908,0.1499,839,-0.3228,0.1134
AAPL,credit_hy_spread,Bull-Bear,low,-0.3028,0.2157,241,-0.3228,0.1134
AAPL,defense,VIX,high,-0.0012,0.1377,312,-0.0364,0.0626
AAPL,defense,VIX,low,0.1435,0.1078,254,-0.0364,0.0626
AAPL,defense,Rates,high,-0.1880,0.2323,63,-0.0364,0.0626
AAPL,defense,Rates,low,-0.0388,0.2974,63,-0.0364,0.0626
AAPL,defense,Bull-Bear,high,0.0656,0.0725,839,-0.0364,0.0626
AAPL,defense,Bull-Bear,low,-0.2339,0.1414,241,-0.0364,0.0626
AAPL,energy_oil,VIX,high,-0.0091,0.0394,312,-0.0405,0.0206
AAPL,energy_oil,VIX,low,-0.1460,0.0501,254,-0.0405,0.0206
AAPL,energy_oil,Rates,high,-0.0135,0.0882,63,-0.0405,0.0206
AAPL,energy_oil,Rates,low,0.1065,0.1108,63,-0.0405,0.0206
AAPL,energy_oil,Bull-Bear,high,-0.0805,0.0318,839,-0.0405,0.0206
AAPL,energy_oil,Bull-Bear,low,-0.0810,0.0337,241,-0.0405,0.0206
AAPL,gold,VIX,high,-0.1016,0.1434,312,0.0111,0.0583
AAPL,gold,VIX,low,-0.0231,0.0983,254,0.0111,0.0583
AAPL,gold,Rates,high,-0.5811,0.2366,63,0.0111,0.0583
AAPL,gold,Rates,low,-0.0975,0.2781,63,0.0111,0.0583
AAPL,gold,Bull-Bear,high,0.1859,0.0627,839,0.0111,0.0583
AAPL,gold,Bull-Bear,low,-0.1885,0.1407,241,0.0111,0.0583
AAPL,growth,VIX,high,0.2148,0.7284,312,-0.1790,0.3343
AAPL,growth,VIX,low,-2.7390,0.7004,254,-0.1790,0.3343
AAPL,growth,Rates,high,1.4488,1.1154,63,-0.1790,0.3343
AAPL,growth,Rates,low,3.6461,1.4915,63,-0.1790,0.3343
AAPL,growth,Bull-Bear,high,-0.3669,0.3854,839,-0.1790,0.3343
AAPL,growth,Bull-Bear,low,0.3379,0.7800,241,-0.1790,0.3343
AAPL,inflation,VIX,high,0.1145,0.3480,312,-0.2510,0.1722
AAPL,inflation,VIX,low,-1.1608,0.4017,254,-0.2510,0.1722
AAPL,inflation,Rates,high,-2.3637,0.6140,63,-0.2510,0.1722
AAPL,inflation,Rates,low,0.3155,0.6444,63,-0.2510,0.1722
AAPL,inflation,Bull-Bear,high,-0.8072,0.2446,839,-0.2510,0.1722
AAPL,inflation,Bull-Bear,low,-0.5713,0.3142,241,-0.2510,0.1722
AAPL,lithium,VIX,high,-0.0583,0.0896,312,0.0019,0.0338
AAPL,lithium,VIX,low,0.0874,0.0537,254,0.0019,0.0338
AAPL,lithium,Rates,high,-0.2384,0.1441,63,0.0019,0.0338
AAPL,lithium,Rates,low,-0.4148,0.2728,63,0.0019,0.0338
AAPL,lithium,Bull-Bear,high,0.0776,0.0344,839,0.0019,0.0338
AAPL,lithium,Bull-Bear,low,-0.2264,0.0965,241,0.0019,0.0338
AAPL,market_beta,VIX,high,1.1576,0.0387,312,1.1898,0.0259
AAPL,market_beta,VIX,low,1.1798,0.1235,254,1.1898,0.0259
AAPL,market_beta,Rates,high,0.9042,0.0832,63,1.1898,0.0259
AAPL,market_beta,Rates,low,1.1913,0.0664,63,1.1898,0.0259
AAPL,market_beta,Bull-Bear,high,1.2686,0.0487,839,1.1898,0.0259
AAPL,market_beta,Bull-Bear,low,1.2014,0.0446,241,1.1898,0.0259
AAPL,momentum,VIX,high,0.4243,0.2017,312,0.1422,0.0814
AAPL,momentum,VIX,low,0.0560,0.1613,254,0.1422,0.0814
AAPL,momentum,Rates,high,0.0001,0.3988,63,0.1422,0.0814
AAPL,momentum,Rates,low,-0.3685,0.4646,63,0.1422,0.0814
AAPL,momentum,Bull-Bear,high,0.3616,0.0799,839,0.1422,0.0814
AAPL,momentum,Bull-Bear,low,-0.2550,0.2170,241,0.1422,0.0814
AAPL,natural_gas,VIX,high,-0.0160,0.0401,312,-0.0099,0.0146
AAPL,natural_gas,VIX,low,-0.0115,0.0232,254,-0.0099,0.0146
AAPL,natural_gas,Rates,high,0.0184,0.0564,63,-0.0099,0.0146
AAPL,natural_gas,Rates,low,-0.0111,0.0971,63,-0.0099,0.0146
AAPL,natural_gas,Bull-Bear,high,-0.0070,0.0155,839,-0.0099,0.0146
AAPL,natural_gas,Bull-Bear,low,-0.0204,0.0336,241,-0.0099,0.0146
AAPL,quality,VIX,high,-1.3429,0.5984,312,-0.6744,0.2506
AAPL,quality,VIX,low,-0.6273,0.4367,254,-0.6744,0.2506
AAPL,quality,Rates,high,-1.0219,0.8858,63,-0.6744,0.2506
AAPL,quality,Rates,low,0.5393,1.0831,63,-0.6744,0.2506
AAPL,quality,Bull-Bear,high,-1.4449,0.2810,839,-0.6744,0.2506
AAPL,quality,Bull-Bear,low,1.2321,0.6048,241,-0.6744,0.2506
AAPL,rates,VIX,high,-0.5388,0.2775,312,0.1208,0.1128
AAPL,rates,VIX,low,0.4935,0.1834,254,0.1208,0.1128
AAPL,rates,Rates,high,-1.1011,0.8389,63,0.1208,0.1128
AAPL,rates,Rates,low,-1.2762,0.9469,63,0.1208,0.1128
AAPL,rates,Bull-Bear,high,0.6092,0.1387,839,0.1208,0.1128
AAPL,rates,Bull-Bear,low,0.3640,0.2269,241,0.1208,0.1128
AAPL,rates_30y,VIX,high,-0.2584,0.1181,312,0.0514,0.0504
AAPL,rates_30y,VIX,low,0.2252,0.0882,254,0.0514,0.0504
AAPL,rates_30y,Rates,high,-0.1896,0.2378,63,0.0514,0.0504
AAPL,rates_30y,Rates,low,-0.6792,0.3218,63,0.0514,0.0504
AAPL,rates_30y,Bull-Bear,high,0.2638,0.0627,839,0.0514,0.0504
AAPL,rates_30y,Bull-Bear,low,0.1794,0.1099,241,0.0514,0.0504
AAPL,semiconductors,VIX,high,-0.3078,0.1204,312,0.0818,0.0444
AAPL,semiconductors,VIX,low,0.1804,0.0655,254,0.0818,0.0444
AAPL,semiconductors,Rates,high,0.2079,0.2143,63,0.0818,0.0444
AAPL,semiconductors,Rates,low,-0.3026,0.2060,63,0.0818,0.0444
AAPL,semiconductors,Bull-Bear,high,0.2096,0.0457,839,0.0818,0.0444
AAPL,semiconductors,Bull-Bear,low,0.2400,0.1139,241,0.0818,0.0444
AAPL,uranium,VIX,high,-0.1674,0.0784,312,-0.0390,0.0265
AAPL,uranium,VIX,low,-0.0491,0.0463,254,-0.0390,0.0265
AAPL,uranium,Rates,high,0.0552,0.1117,63,-0.0390,0.0265
AAPL,uranium,Rates,low,-0.2713,0.1541,63,-0.0390,0.0265
AAPL,uranium,Bull-Bear,high,-0.0075,0.0277,839,-0.0390,0.0265
AAPL,uranium,Bull-Bear,low,0.0148,0.0668,241,-0.0390,0.0265
AAPL,usd_strength,VIX,high,0.7605,0.2654,312,0.0289,0.1219
AAPL,usd_strength,VIX,low,-0.4988,0.2204,254,0.0289,0.1219
AAPL,usd_strength,Rates,high,1.3205,0.4738,63,0.0289,0.1219
AAPL,usd_strength,Rates,low,0.9522,0.4846,63,0.0289,0.1219
AAPL,usd_strength,Bull-Bear,high,-0.6584,0.1496,839,0.0289,0.1219
AAPL,usd_strength,Bull-Bear,low,-0.8200,0.2813,241,0.0289,0.1219
AAPL,value,VIX,high,-0.7193,0.2631,312,-1.2596,0.1103
AAPL,value,VIX,low,-1.0969,0.1643,254,-1.2596,0.1103
AAPL,value,Rates,high,-0.3490,0.4612,63,-1.2596,0.1103
AAPL,value,Rates,low,0.1767,0.6066,63,-1.2596,0.1103
AAPL,value,Bull-Bear,high,-1.6175,0.1071,839,-1.2596,0.1103
AAPL,value,Bull-Bear,low,-1.9012,0.2647,241,-1.2596,0.1103
AAPL,volatility,VIX,high,0.0753,0.0207,312,0.0035,0.0101
AAPL,volatility,VIX,low,-0.0376,0.0243,254,0.0035,0.0101
AAPL,volatility,Rates,high,-0.0219,0.0284,63,0.0035,0.0101
AAPL,volatility,Rates,low,0.0776,0.0451,63,0.0035,0.0101
AAPL,volatility,Bull-Bear,high,-0.0517,0.0111,839,0.0035,0.0101
AAPL,volatility,Bull-Bear,low,0.1602,0.0286,241,0.0035,0.0101
AAPL,xl_consumer_defensive,VIX,high,0.5472,0.1768,312,-0.1527,0.0804
AAPL,xl_consumer_defensive,VIX,low,-0.4950,0.1446,254,-0.1527,0.0804
AAPL,xl_consumer_defensive,Rates,high,-0.0021,0.2679,63,-0.1527,0.0804
AAPL,xl_consumer_defensive,Rates,low,0.1508,0.3818,63,-0.1527,0.0804
AAPL,xl_consumer_defensive,Bull-Bear,high,-0.6059,0.0963,839,-0.1527,0.0804
AAPL,xl_consumer_defensive,Bull-Bear,low,-0.3410,0.1719,241,-0.1527,0.0804
AAPL,xl_financials,VIX,high,-0.2226,0.2454,312,-0.0826,0.1112
AAPL,xl_financials,VIX,low,0.1865,0.2102,254,-0.0826,0.1112
AAPL,xl_financials,Rates,high,0.1497,0.3623,63,-0.0826,0.1112
AAPL,xl_financials,Rates,low,-0.2596,0.6087,63,-0.0826,0.1112
AAPL,xl_financials,Bull-Bear,high,-0.2014,0.1273,839,-0.0826,0.1112
AAPL,xl_financials,Bull-Bear,low,0.0651,0.2488,241,-0.0826,0.1112
AAPL,xl_healthcare,VIX,high,0.4114,0.2098,312,-0.2671,0.0865
AAPL,xl_healthcare,VIX,low,-0.6065,0.1390,254,-0.2671,0.0865
AAPL,xl_healthcare,Rates,high,-0.3182,0.3526,63,-0.2671,0.0865
AAPL,xl_healthcare,Rates,low,0.5506,0.4137,63,-0.2671,0.0865
AAPL,xl_healthcare,Bull-Bear,high,-0.5650,0.0941,839,-0.2671,0.0865
AAPL,xl_healthcare,Bull-Bear,low,-0.5125,0.1999,241,-0.2671,0.0865
AAPL,xl_industrials,VIX,high,-0.5617,0.2912,312,-0.1608,0.1271
AAPL,xl_industrials,VIX,low,0.6486,0.2223,254,-0.1608,0.1271
AAPL,xl_industrials,Rates,high,-0.6322,0.5017,63,-0.1608,0.1271
AAPL,xl_industrials,Rates,low,-1.1355,0.7079,63,-0.1608,0.1271
AAPL,xl_industrials,Bull-Bear,high,0.0999,0.1445,839,-0.1608,0.1271
AAPL,xl_industrials,Bull-Bear,low,-0.7215,0.2863,241,-0.1608,0.1271
AAPL,xl_real_estate,VIX,high,-0.0523,0.1380,312,-0.2297,0.0585
AAPL,xl_real_estate,VIX,low,-0.3408,0.0936,254,-0.2297,0.0585
AAPL,xl_real_estate,Rates,high,-0.2446,0.2175,63,-0.2297,0.0585
AAPL,xl_real_estate,Rates,low,0.8052,0.1980,63,-0.2297,0.0585
AAPL,xl_real_estate,Bull-Bear,high,-0.4263,0.0659,839,-0.2297,0.0585
AAPL,xl_real_estate,Bull-Bear,low,-0.3402,0.1306,241,-0.2297,0.0585
AAPL,xl_utilities,VIX,high,0.1157,0.1134,312,-0.1745,0.0510
AAPL,xl_utilities,VIX,low,-0.3999,0.0874,254,-0.1745,0.0510
AAPL,xl_utilities,Rates,high,-0.1347,0.1454,63,-0.1745,0.0510
AAPL,xl_utilities,Rates,low,0.6445,0.2238,63,-0.1745,0.0510
AAPL,xl_utilities,Bull-Bear,high,-0.4725,0.0597,839,-0.1745,0.0510
AAPL,xl_utilities,Bull-Bear,low,-0.2495,0.1107,241,-0.1745,0.0510
ADBE,biotech,VIX,high,0.5423,0.1520,312,0.1954,0.0663
ADBE,biotech,VIX,low,-0.4341,0.1730,254,0.1954,0.0663
ADBE,biotech,Rates,high,0.0179,0.3851,63,0.1954,0.0663
ADBE,biotech,Rates,low,0.2684,0.4085,63,0.1954,0.0663
ADBE,biotech,Bull-Bear,high,0.0603,0.0742,839,0.1954,0.0663
ADBE,biotech,Bull-Bear,low,0.5113,0.1485,241,0.1954,0.0663
ADBE,china_a_shares,VIX,high,0.1516,0.1166,312,-0.0091,0.0458
ADBE,china_a_shares,VIX,low,0.0121,0.1134,254,-0.0091,0.0458
ADBE,china_a_shares,Rates,high,-0.1246,0.2353,63,-0.0091,0.0458
ADBE,china_a_shares,Rates,low,0.8237,0.2951,63,-0.0091,0.0458
ADBE,china_a_shares,Bull-Bear,high,0.0083,0.0506,839,-0.0091,0.0458
ADBE,china_a_shares,Bull-Bear,low,-0.2705,0.1127,241,-0.0091,0.0458
ADBE,china_exposure,VIX,high,-0.0114,0.0944,312,-0.0219,0.0392
ADBE,china_exposure,VIX,low,-0.0477,0.0851,254,-0.0219,0.0392
ADBE,china_exposure,Rates,high,-0.2503,0.1917,63,-0.0219,0.0392
ADBE,china_exposure,Rates,low,0.2430,0.2525,63,-0.0219,0.0392
ADBE,china_exposure,Bull-Bear,high,-0.0491,0.0456,839,-0.0219,0.0392
ADBE,china_exposure,Bull-Bear,low,0.0133,0.0783,241,-0.0219,0.0392
ADBE,copper,VIX,high,-0.2451,0.1181,312,-0.1108,0.0499
ADBE,copper,VIX,low,-0.1655,0.1207,254,-0.1108,0.0499
ADBE,copper,Rates,high,-0.3969,0.2332,63,-0.1108,0.0499
ADBE,copper,Rates,low,-0.1258,0.2929,63,-0.1108,0.0499
ADBE,copper,Bull-Bear,high,-0.0400,0.0577,839,-0.1108,0.0499
ADBE,copper,Bull-Bear,low,-0.1907,0.1091,241,-0.1108,0.0499
ADBE,credit_hy_spread,VIX,high,0.1326,0.2483,312,-0.4487,0.1403
ADBE,credit_hy_spread,VIX,low,-1.5525,0.4245,254,-0.4487,0.1403
ADBE,credit_hy_spread,Rates,high,2.1789,0.9654,63,-0.4487,0.1403
ADBE,credit_hy_spread,Rates,low,1.9536,0.7145,63,-0.4487,0.1403
ADBE,credit_hy_spread,Bull-Bear,high,-1.5223,0.2011,839,-0.4487,0.1403
ADBE,credit_hy_spread,Bull-Bear,low,-0.3456,0.2556,241,-0.4487,0.1403
ADBE,defense,VIX,high,0.0055,0.1541,312,-0.0635,0.0774
ADBE,defense,VIX,low,-0.0027,0.1892,254,-0.0635,0.0774
ADBE,defense,Rates,high,-0.4277,0.3489,63,-0.0635,0.0774
ADBE,defense,Rates,low,0.2590,0.3501,63,-0.0635,0.0774
ADBE,defense,Bull-Bear,high,0.0302,0.0957,839,-0.0635,0.0774
ADBE,defense,Bull-Bear,low,-0.2730,0.1675,241,-0.0635,0.0774
ADBE,energy_oil,VIX,high,0.0161,0.0441,312,-0.0600,0.0255
ADBE,energy_oil,VIX,low,-0.1784,0.0884,254,-0.0600,0.0255
ADBE,energy_oil,Rates,high,-0.0497,0.1332,63,-0.0600,0.0255
ADBE,energy_oil,Rates,low,0.1310,0.1309,63,-0.0600,0.0255
ADBE,energy_oil,Bull-Bear,high,-0.0955,0.0420,839,-0.0600,0.0255
ADBE,energy_oil,Bull-Bear,low,-0.1363,0.0394,241,-0.0600,0.0255
ADBE,gold,VIX,high,-0.1282,0.1604,312,0.0133,0.0721
ADBE,gold,VIX,low,0.0711,0.1721,254,0.0133,0.0721
ADBE,gold,Rates,high,-0.6871,0.3645,63,0.0133,0.0721
ADBE,gold,Rates,low,-0.0395,0.3291,63,0.0133,0.0721
ADBE,gold,Bull-Bear,high,0.2733,0.0826,839,0.0133,0.0721
ADBE,gold,Bull-Bear,low,-0.3576,0.1657,241,0.0133,0.0721
ADBE,growth,VIX,high,1.9749,0.8077,312,1.6012,0.4113
ADBE,growth,VIX,low,-4.8694,1.2246,254,1.6012,0.4113
ADBE,growth,Rates,high,4.4490,1.6118,63,1.6012,0.4113
ADBE,growth,Rates,low,3.7157,1.7851,63,1.6012,0.4113
ADBE,growth,Bull-Bear,high,1.2872,0.5071,839,1.6012,0.4113
ADBE,growth,Bull-Bear,low,2.9231,0.9050,241,1.6012,0.4113
ADBE,inflation,VIX,high,0.0122,0.3895,312,-0.5075,0.2129
ADBE,inflation,VIX,low,-2.3777,0.6987,254,-0.5075,0.2129
ADBE,inflation,Rates,high,-3.2495,0.9477,63,-0.5075,0.2129
ADBE,inflation,Rates,low,0.8192,0.7560,63,-0.5075,0.2129
ADBE,inflation,Bull-Bear,high,-1.1291,0.3226,839,-0.5075,0.2129
ADBE,inflation,Bull-Bear,low,-1.3511,0.3645,241,-0.5075,0.2129
ADBE,lithium,VIX,high,-0.1779,0.0998,312,-0.0856,0.0418
ADBE,lithium,VIX,low,-0.1605,0.0939,254,-0.0856,0.0418
ADBE,lithium,Rates,high,-0.5080,0.2129,63,-0.0856,0.0418
ADBE,lithium,Rates,low,-0.6959,0.3161,63,-0.0856,0.0418
ADBE,lithium,Bull-Bear,high,0.0042,0.0455,839,-0.0856,0.0418
ADBE,lithium,Bull-Bear,low,-0.3183,0.1137,241,-0.0856,0.0418
ADBE,market_beta,VIX,high,1.1727,0.0534,312,1.2776,0.0381
ADBE,market_beta,VIX,low,1.5759,0.2319,254,1.2776,0.0381
ADBE,market_beta,Rates,high,1.5047,0.0966,63,1.2776,0.0381
ADBE,market_beta,Rates,low,1.3003,0.1047,63,1.2776,0.0381
ADBE,market_beta,Bull-Bear,high,1.3913,0.0719,839,1.2776,0.0381
ADBE,market_beta,Bull-Bear,low,1.3078,0.0642,241,1.2776,0.0381
ADBE,momentum,VIX,high,0.7423,0.2234,312,0.4363,0.1001
ADBE,momentum,VIX,low,1.3052,0.2701,254,0.4363,0.1001
ADBE,momentum,Rates,high,-0.0319,0.6029,63,0.4363,0.1001
ADBE,momentum,Rates,low,-0.0758,0.5520,63,0.4363,0.1001
ADBE,momentum,Bull-Bear,high,0.6791,0.1041,839,0.4363,0.1001
ADBE,momentum,Bull-Bear,low,0.1588,0.2576,241,0.4363,0.1001
ADBE,natural_gas,VIX,high,0.0099,0.0449,312,-0.0054,0.0181
ADBE,natural_gas,VIX,low,-0.0255,0.0406,254,-0.0054,0.0181
ADBE,natural_gas,Rates,high,0.0151,0.0854,63,-0.0054,0.0181
ADBE,natural_gas,Rates,low,-0.0110,0.1148,63,-0.0054,0.0181
ADBE,natural_gas,Bull-Bear,high,0.0005,0.0205,839,-0.0054,0.0181
ADBE,natural_gas,Bull-Bear,low,-0.0203,0.0399,241,-0.0054,0.0181
ADBE,quality,VIX,high,-1.5021,0.6698,312,0.7566,0.3104
ADBE,quality,VIX,low,2.7794,0.7471,254,0.7566,0.3104
ADBE,quality,Rates,high,-1.9245,1.3311,63,0.7566,0.3104
ADBE,quality,Rates,low,-0.5889,1.2807,63,0.7566,0.3104
ADBE,quality,Bull-Bear,high,1.1674,0.3746,839,0.7566,0.3104
ADBE,quality,Bull-Bear,low,3.0067,0.6961,241,0.7566,0.3104
ADBE,rates,VIX,high,-0.1650,0.3124,312,0.3034,0.1394
ADBE,rates,VIX,low,0.4379,0.3244,254,0.3034,0.1394
ADBE,rates,Rates,high,-1.3138,1.2751,63,0.3034,0.1394
ADBE,rates,Rates,low,-1.0600,1.1277,63,0.3034,0.1394
ADBE,rates,Bull-Bear,high,0.7255,0.1834,839,0.3034,0.1394
ADBE,rates,Bull-Bear,low,0.6454,0.2671,241,0.3034,0.1394
ADBE,rates_30y,VIX,high,-0.1300,0.1330,312,0.1516,0.0622
ADBE,rates_30y,VIX,low,0.2043,0.1559,254,0.1516,0.0622
ADBE,rates_30y,Rates,high,-0.1248,0.3611,63,0.1516,0.0622
ADBE,rates_30y,Rates,low,-0.5721,0.3871,63,0.1516,0.0622
ADBE,rates_30y,Bull-Bear,high,0.3397,0.0828,839,0.1516,0.0622
ADBE,rates_30y,Bull-Bear,low,0.3006,0.1295,241,0.1516,0.0622
ADBE,semiconductors,VIX,high,-0.1199,0.1360,312,0.2381,0.0546
ADBE,semiconductors,VIX,low,0.2204,0.1156,254,0.2381,0.0546
ADBE,semiconductors,Rates,high,0.0642,0.3264,63,0.2381,0.0546
ADBE,semiconductors,Rates,low,0.0474,0.2477,63,0.2381,0.0546
ADBE,semiconductors,Bull-Bear,high,0.3727,0.0597,839,0.2381,0.0546
ADBE,semiconductors,Bull-Bear,low,0.3152,0.1347,241,0.2381,0.0546
ADBE,uranium,VIX,high,-0.1104,0.0882,312,0.0045,0.0328
ADBE,uranium,VIX,low,-0.0380,0.0812,254,0.0045,0.0328
ADBE,uranium,Rates,high,0.0712,0.1690,63,0.0045,0.0328
ADBE,uranium,Rates,low,-0.2934,0.1829,63,0.0045,0.0328
ADBE,uranium,Bull-Bear,high,0.0374,0.0365,839,0.0045,0.0328
ADBE,uranium,Bull-Bear,low,0.0058,0.0792,241,0.0045,0.0328
ADBE,usd_strength,VIX,high,1.2353,0.2927,312,0.2776,0.1507
ADBE,usd_strength,VIX,low,0.1291,0.3896,254,0.2776,0.1507
ADBE,usd_strength,Rates,high,1.6994,0.7288,63,0.2776,0.1507
ADBE,usd_strength,Rates,low,1.3341,0.5654,63,0.2776,0.1507
ADBE,usd_strength,Bull-Bear,high,-0.4734,0.1991,839,0.2776,0.1507
ADBE,usd_strength,Bull-Bear,low,-0.9028,0.3341,241,0.2776,0.1507
ADBE,value,VIX,high,-0.9379,0.2932,312,-1.7132,0.1350
ADBE,value,VIX,low,-1.7812,0.2911,254,-1.7132,0.1350
ADBE,value,Rates,high,0.2305,0.6999,63,-1.7132,0.1350
ADBE,value,Rates,low,-0.7024,0.7119,63,-1.7132,0.1350
ADBE,value,Bull-Bear,high,-2.1397,0.1412,839,-1.7132,0.1350
ADBE,value,Bull-Bear,low,-2.2970,0.3122,241,-1.7132,0.1350
ADBE,volatility,VIX,high,0.0420,0.0235,312,-0.0109,0.0125
ADBE,volatility,VIX,low,0.0421,0.0426,254,-0.0109,0.0125
ADBE,volatility,Rates,high,-0.0251,0.0430,63,-0.0109,0.0125
ADBE,volatility,Rates,low,0.0466,0.0543,63,-0.0109,0.0125
ADBE,volatility,Bull-Bear,high,-0.0637,0.0147,839,-0.0109,0.0125
ADBE,volatility,Bull-Bear,low,0.1561,0.0346,241,-0.0109,0.0125
ADBE,xl_consumer_defensive,VIX,high,0.1880,0.2007,312,-0.4678,0.0988
ADBE,xl_consumer_defensive,VIX,low,-0.6094,0.2560,254,-0.4678,0.0988
ADBE,xl_consumer_defensive,Rates,high,-0.1961,0.4043,63,-0.4678,0.0988
ADBE,xl_consumer_defensive,Rates,low,-0.5447,0.4464,63,-0.4678,0.0988
ADBE,xl_consumer_defensive,Bull-Bear,high,-0.9307,0.1260,839,-0.4678,0.0988
ADBE,xl_consumer_defensive,Bull-Bear,low,-0.8754,0.1974,241,-0.4678,0.0988
ADBE,xl_financials,VIX,high,-0.3247,0.2744,312,0.0096,0.1377
ADBE,xl_financials,VIX,low,1.0432,0.3626,254,0.0096,0.1377
ADBE,xl_financials,Rates,high,0.1462,0.5483,63,0.0096,0.1377
ADBE,xl_financials,Rates,low,0.2629,0.7198,63,0.0096,0.1377
ADBE,xl_financials,Bull-Bear,high,-0.2020,0.1682,839,0.0096,0.1377
ADBE,xl_financials,Bull-Bear,low,0.2964,0.2942,241,0.0096,0.1377
ADBE,xl_healthcare,VIX,high,0.3699,0.2353,312,-0.3798,0.1070
ADBE,xl_healthcare,VIX,low,-0.8399,0.2468,254,-0.3798,0.1070
ADBE,xl_healthcare,Rates,high,-0.4372,0.5338,63,-0.3798,0.1070
ADBE,xl_healthcare,Rates,low,0.1955,0.4954,63,-0.3798,0.1070
ADBE,xl_healthcare,Bull-Bear,high,-0.6705,0.1248,839,-0.3798,0.1070
ADBE,xl_healthcare,Bull-Bear,low,-0.4676,0.2382,241,-0.3798,0.1070
ADBE,xl_industrials,VIX,high,-0.8891,0.3240,312,-0.2983,0.1572
ADBE,xl_industrials,VIX,low,0.4363,0.3947,254,-0.2983,0.1572
ADBE,xl_industrials,Rates,high,-0.7222,0.7628,63,-0.2983,0.1572
ADBE,xl_industrials,Rates,low,-1.6806,0.8267,63,-0.2983,0.1572
ADBE,xl_industrials,Bull-Bear,high,0.1343,0.1908,839,-0.2983,0.1572
ADBE,xl_industrials,Bull-Bear,low,-0.6684,0.3410,241,-0.2983,0.1572
ADBE,xl_real_estate,VIX,high,-0.0789,0.1544,312,-0.3434,0.0722
ADBE,xl_real_estate,VIX,low,-0.7030,0.1621,254,-0.3434,0.0722
ADBE,xl_real_estate,Rates,high,-0.2987,0.3301,63,-0.3434,0.0722
ADBE,xl_real_estate,Rates,low,0.5481,0.2543,63,-0.3434,0.0722
ADBE,xl_real_estate,Bull-Bear,high,-0.5836,0.0868,839,-0.3434,0.0722
ADBE,xl_real_estate,Bull-Bear,low,-0.4428,0.1543,241,-0.3434,0.0722
ADBE,xl_utilities,VIX,high,-0.0797,0.1271,312,-0.4185,0.0623
ADBE,xl_utilities,VIX,low,-0.6254,0.1542,254,-0.4185,0.0623
ADBE,xl_utilities,Rates,high,-0.0655,0.2213,63,-0.4185,0.0623
ADBE,xl_utilities,Rates,low,0.3081,0.2791,63,-0.4185,0.0623
ADBE,xl_utilities,Bull-Bear,high,-0.7002,0.0780,839,-0.4185,0.0623
ADBE,xl_utilities,Bull-Bear,low,-0.5652,0.1274,241,-0.4185,0.0623
AMD,biotech,VIX,high,0.6509,0.1888,312,0.2023,0.0888
AMD,biotech,VIX,low,-0.1576,0.2000,254,0.2023,0.0888
AMD,biotech,Rates,high,-0.0041,0.4747,63,0.2023,0.0888
AMD,biotech,Rates,low,0.1536,0.4795,63,0.2023,0.0888
AMD,biotech,Bull-Bear,high,0.1651,0.0997,839,0.2023,0.0888
AMD,biotech,Bull-Bear,low,0.4554,0.2214,241,0.2023,0.0888
AMD,china_a_shares,VIX,high,0.0653,0.1450,312,0.0539,0.0612
AMD,china_a_shares,VIX,low,0.0219,0.1297,254,0.0539,0.0612
AMD,china_a_shares,Rates,high,-0.0284,0.2907,63,0.0539,0.0612
AMD,china_a_shares,Rates,low,0.8885,0.3488,63,0.0539,0.0612
AMD,china_a_shares,Bull-Bear,high,0.0615,0.0681,839,0.0539,0.0612
AMD,china_a_shares,Bull-Bear,low,-0.0488,0.1674,241,0.0539,0.0612
AMD,china_exposure,VIX,high,0.0775,0.1170,312,0.0871,0.0524
AMD,china_exposure,VIX,low,0.0474,0.0974,254,0.0871,0.0524
AMD,china_exposure,Rates,high,-0.2394,0.2376,63,0.0871,0.0524
AMD,china_exposure,Rates,low,0.4978,0.2909,63,0.0871,0.0524
AMD,china_exposure,Bull-Bear,high,0.0519,0.0614,839,0.0871,0.0524
AMD,china_exposure,Bull-Bear,low,0.2322,0.1139,241,0.0871,0.0524
AMD,copper,VIX,high,-0.2639,0.1468,312,0.0042,0.0668
AMD,copper,VIX,low,0.1810,0.1381,254,0.0042,0.0668
AMD,copper,Rates,high,-0.3754,0.2903,63,0.0042,0.0668
AMD,copper,Rates,low,0.1261,0.3430,63,0.0042,0.0668
AMD,copper,Bull-Bear,high,0.1172,0.0775,839,0.0042,0.0668
AMD,copper,Bull-Bear,low,-0.0379,0.1611,241,0.0042,0.0668
AMD,credit_hy_spread,VIX,high,0.0119,0.3081,312,-0.6653,0.1873
AMD,credit_hy_spread,VIX,low,-1.9164,0.4833,254,-0.6653,0.1873
AMD,credit_hy_spread,Rates,high,1.4097,1.2256,63,-0.6653,0.1873
AMD,credit_hy_spread,Rates,low,0.9064,0.8786,63,-0.6653,0.1873
AMD,credit_hy_spread,Bull-Bear,high,-1.7844,0.2728,839,-0.6653,0.1873
AMD,credit_hy_spread,Bull-Bear,low,-0.4596,0.3754,241,-0.6653,0.1873
AMD,defense,VIX,high,-0.2068,0.1908,312,-0.1861,0.1034
AMD,defense,VIX,low,-0.3362,0.2154,254,-0.1861,0.1034
AMD,defense,Rates,high,-0.6649,0.4269,63,-0.1861,0.1034
AMD,defense,Rates,low,0.0067,0.4116,63,-0.1861,0.1034
AMD,defense,Bull-Bear,high,-0.0702,0.1287,839,-0.1861,0.1034
AMD,defense,Bull-Bear,low,-0.4970,0.2452,241,-0.1861,0.1034
AMD,energy_oil,VIX,high,-0.0457,0.0546,312,-0.0810,0.0341
AMD,energy_oil,VIX,low,-0.3648,0.0993,254,-0.0810,0.0341
AMD,energy_oil,Rates,high,-0.0923,0.1639,63,-0.0810,0.0341
AMD,energy_oil,Rates,low,-0.0896,0.1540,63,-0.0810,0.0341
AMD,energy_oil,Bull-Bear,high,-0.1349,0.0565,839,-0.0810,0.0341
AMD,energy_oil,Bull-Bear,low,-0.1462,0.0585,241,-0.0810,0.0341
AMD,gold,VIX,high,0.1552,0.1990,312,0.2290,0.0962
AMD,gold,VIX,low,0.1222,0.1967,254,0.2290,0.0962
AMD,gold,Rates,high,-0.3885,0.4596,63,0.2290,0.0962
AMD,gold,Rates,low,-0.1536,0.3847,63,0.2290,0.0962
AMD,gold,Bull-Bear,high,0.4548,0.1108,839,0.2290,0.0962
AMD,gold,Bull-Bear,low,-0.0858,0.2455,241,0.2290,0.0962
AMD,growth,VIX,high,2.6765,0.9999,312,2.8140,0.5475
AMD,growth,VIX,low,-1.0973,1.4420,254,2.8140,0.5475
AMD,growth,Rates,high,5.6911,1.9774,63,2.8140,0.5475
AMD,growth,Rates,low,4.3414,2.0900,63,2.8140,0.5475
AMD,growth,Bull-Bear,high,3.0875,0.6765,839,2.8140,0.5475
AMD,growth,Bull-Bear,low,3.8808,1.3337,241,2.8140,0.5475
AMD,inflation,VIX,high,0.2039,0.4830,312,-0.2978,0.2852
AMD,inflation,VIX,low,-2.2274,0.8050,254,-0.2978,0.2852
AMD,inflation,Rates,high,-4.1976,1.1572,63,-0.2978,0.2852
AMD,inflation,Rates,low,0.8441,0.8869,63,-0.2978,0.2852
AMD,inflation,Bull-Bear,high,-0.9628,0.4359,839,-0.2978,0.2852
AMD,inflation,Bull-Bear,low,-0.7381,0.5481,241,-0.2978,0.2852
AMD,lithium,VIX,high,-0.0485,0.1244,312,0.0834,0.0559
AMD,lithium,VIX,low,0.0062,0.1080,254,0.0834,0.0559
AMD,lithium,Rates,high,-0.3816,0.2701,63,0.0834,0.0559
AMD,lithium,Rates,low,-0.1225,0.3842,63,0.0834,0.0559
AMD,lithium,Bull-Bear,high,0.1065,0.0611,839,0.0834,0.0559
AMD,lithium,Bull-Bear,low,0.0818,0.1696,241,0.0834,0.0559
AMD,market_beta,VIX,high,1.3522,0.0729,312,1.5861,0.0540
AMD,market_beta,VIX,low,2.3456,0.2477,254,1.5861,0.0540
AMD,market_beta,Rates,high,1.4329,0.1922,63,1.5861,0.0540
AMD,market_beta,Rates,low,1.2421,0.1664,63,1.5861,0.0540
AMD,market_beta,Bull-Bear,high,1.8295,0.0977,839,1.5861,0.0540
AMD,market_beta,Bull-Bear,low,1.8295,0.1014,241,1.5861,0.0540
AMD,momentum,VIX,high,1.0832,0.2752,312,0.8321,0.1328
AMD,momentum,VIX,low,2.3953,0.2854,254,0.8321,0.1328
AMD,momentum,Rates,high,0.2079,0.7428,63,0.8321,0.1328
AMD,momentum,Rates,low,-0.2635,0.6454,63,0.8321,0.1328
AMD,momentum,Bull-Bear,high,1.1394,0.1381,839,0.8321,0.1328
AMD,momentum,Bull-Bear,low,0.4605,0.3773,241,0.8321,0.1328
AMD,natural_gas,VIX,high,0.0276,0.0556,312,0.0107,0.0242
AMD,natural_gas,VIX,low,-0.0704,0.0463,254,0.0107,0.0242
AMD,natural_gas,Rates,high,-0.1034,0.1045,63,0.0107,0.0242
AMD,natural_gas,Rates,low,-0.1521,0.1330,63,0.0107,0.0242
AMD,natural_gas,Bull-Bear,high,0.0024,0.0275,839,0.0107,0.0242
AMD,natural_gas,Bull-Bear,low,0.0205,0.0585,241,0.0107,0.0242
AMD,quality,VIX,high,-2.0947,0.8290,312,0.7113,0.4155
AMD,quality,VIX,low,2.3122,0.8653,254,0.7113,0.4155
AMD,quality,Rates,high,-2.5674,1.6362,63,0.7113,0.4155
AMD,quality,Rates,low,-0.0014,1.5018,63,0.7113,0.4155
AMD,quality,Bull-Bear,high,1.1335,0.5053,839,0.7113,0.4155
AMD,quality,Bull-Bear,low,2.5124,1.0483,241,0.7113,0.4155
AMD,rates,VIX,high,-0.1314,0.3875,312,0.3610,0.1864
AMD,rates,VIX,low,0.6859,0.3698,254,0.3610,0.1864
AMD,rates,Rates,high,-0.1793,1.5853,63,0.3610,0.1864
AMD,rates,Rates,low,0.8457,1.3252,63,0.3610,0.1864
AMD,rates,Bull-Bear,high,0.8801,0.2472,839,0.3610,0.1864
AMD,rates,Bull-Bear,low,0.4486,0.3957,241,0.3610,0.1864
AMD,rates_30y,VIX,high,0.0138,0.1653,312,0.2416,0.0831
AMD,rates_30y,VIX,low,0.4141,0.1770,254,0.2416,0.0831
AMD,rates_30y,Rates,high,0.0127,0.4455,63,0.2416,0.0831
AMD,rates_30y,Rates,low,0.4311,0.4579,63,0.2416,0.0831
AMD,rates_30y,Bull-Bear,high,0.4615,0.1113,839,0.2416,0.0831
AMD,rates_30y,Bull-Bear,low,0.2932,0.1912,241,0.2416,0.0831
AMD,semiconductors,VIX,high,0.4697,0.1667,312,1.1771,0.0656
AMD,semiconductors,VIX,low,1.2034,0.1094,254,1.1771,0.0656
AMD,semiconductors,Rates,high,1.2787,0.3677,63,1.1771,0.0656
AMD,semiconductors,Rates,low,0.7751,0.2726,63,1.1771,0.0656
AMD,semiconductors,Bull-Bear,high,1.3788,0.0670,839,1.1771,0.0656
AMD,semiconductors,Bull-Bear,low,1.3302,0.1805,241,1.1771,0.0656
AMD,uranium,VIX,high,0.0356,0.1097,312,0.1582,0.0436
AMD,uranium,VIX,low,0.0796,0.0928,254,0.1582,0.0436
AMD,uranium,Rates,high,0.3183,0.2047,63,0.1582,0.0436
AMD,uranium,Rates,low,-0.1339,0.2179,63,0.1582,0.0436
AMD,uranium,Bull-Bear,high,0.2036,0.0486,839,0.1582,0.0436
AMD,uranium,Bull-Bear,low,0.1602,0.1157,241,0.1582,0.0436
AMD,usd_strength,VIX,high,0.3688,0.3727,312,-0.4315,0.2014
AMD,usd_strength,VIX,low,-0.6386,0.4438,254,-0.4315,0.2014
AMD,usd_strength,Rates,high,1.2524,0.9238,63,-0.4315,0.2014
AMD,usd_strength,Rates,low,-0.1105,0.6913,63,-0.4315,0.2014
AMD,usd_strength,Bull-Bear,high,-1.1625,0.2658,839,-0.4315,0.2014
AMD,usd_strength,Bull-Bear,low,-1.8632,0.4830,241,-0.4315,0.2014
AMD,value,VIX,high,-1.1092,0.3642,312,-2.0919,0.1824
AMD,value,VIX,low,-1.6800,0.3407,254,-2.0919,0.1824
AMD,value,Rates,high,-0.6313,0.8598,63,-2.0919,0.1824
AMD,value,Rates,low,-1.5187,0.8172,63,-2.0919,0.1824
AMD,value,Bull-Bear,high,-2.5065,0.1962,839,-2.0919,0.1824
AMD,value,Bull-Bear,low,-2.8996,0.4716,241,-2.0919,0.1824
AMD,volatility,VIX,high,0.0607,0.0291,312,-0.0207,0.0168
AMD,volatility,VIX,low,0.0365,0.0487,254,-0.0207,0.0168
AMD,volatility,Rates,high,0.0006,0.0532,63,-0.0207,0.0168
AMD,volatility,Rates,low,-0.0071,0.0640,63,-0.0207,0.0168
AMD,volatility,Bull-Bear,high,-0.0970,0.0197,839,-0.0207,0.0168
AMD,volatility,Bull-Bear,low,0.1781,0.0516,241,-0.0207,0.0168
AMD,xl_consumer_defensive,VIX,high,0.0405,0.2492,312,-1.0739,0.1298
AMD,xl_consumer_defensive,VIX,low,-1.5423,0.2797,254,-1.0739,0.1298
AMD,xl_consumer_defensive,Rates,high,-0.7676,0.4896,63,-1.0739,0.1298
AMD,xl_consumer_defensive,Rates,low,-1.3303,0.5008,63,-1.0739,0.1298
AMD,xl_consumer_defensive,Bull-Bear,high,-1.8781,0.1625,839,-1.0739,0.1298
AMD,xl_consumer_defensive,Bull-Bear,low,-1.2758,0.2899,241,-1.0739,0.1298
AMD,xl_financials,VIX,high,-0.3549,0.3405,312,-0.1503,0.1840
AMD,xl_financials,VIX,low,0.4963,0.4202,254,-0.1503,0.1840
AMD,xl_financials,Rates,high,0.4830,0.6735,63,-0.1503,0.1840
AMD,xl_financials,Rates,low,1.0164,0.8335,63,-0.1503,0.1840
AMD,xl_financials,Bull-Bear,high,-0.3065,0.2262,839,-0.1503,0.1840
AMD,xl_financials,Bull-Bear,low,0.1241,0.4327,241,-0.1503,0.1840
AMD,xl_healthcare,VIX,high,0.2307,0.2928,312,-0.9276,0.1414
AMD,xl_healthcare,VIX,low,-1.5657,0.2712,254,-0.9276,0.1414
AMD,xl_healthcare,Rates,high,-1.6233,0.6281,63,-0.9276,0.1414
AMD,xl_healthcare,Rates,low,-0.7000,0.5737,63,-0.9276,0.1414
AMD,xl_healthcare,Bull-Bear,high,-1.2005,0.1656,839,-0.9276,0.1414
AMD,xl_healthcare,Bull-Bear,low,-1.2385,0.3432,241,-0.9276,0.1414
AMD,xl_industrials,VIX,high,-0.8621,0.4038,312,-0.2022,0.2104
AMD,xl_industrials,VIX,low,0.3044,0.4520,254,-0.2022,0.2104
AMD,xl_industrials,Rates,high,-1.4029,0.9301,63,-0.2022,0.2104
AMD,xl_industrials,Rates,low,-1.2776,0.9865,63,-0.2022,0.2104
AMD,xl_industrials,Bull-Bear,high,0.2279,0.2567,839,-0.2022,0.2104
AMD,xl_industrials,Bull-Bear,low,-0.7065,0.5024,241,-0.2022,0.2104
AMD,xl_real_estate,VIX,high,-0.4033,0.1902,312,-0.6678,0.0955
AMD,xl_real_estate,VIX,low,-0.7491,0.1863,254,-0.6678,0.0955
AMD,xl_real_estate,Rates,high,-0.5985,0.4024,63,-0.6678,0.0955
AMD,xl_real_estate,Rates,low,0.3020,0.3064,63,-0.6678,0.0955
AMD,xl_real_estate,Bull-Bear,high,-0.9417,0.1154,839,-0.6678,0.0955
AMD,xl_real_estate,Bull-Bear,low,-0.6820,0.2260,241,-0.6678,0.0955
AMD,xl_utilities,VIX,high,-0.1170,0.1576,312,-0.6830,0.0825
AMD,xl_utilities,VIX,low,-0.7832,0.1752,254,-0.6830,0.0825
AMD,xl_utilities,Rates,high,-0.2125,0.2716,63,-0.6830,0.0825
AMD,xl_utilities,Rates,low,-0.2157,0.3288,63,-0.6830,0.0825
AMD,xl_utilities,Bull-Bear,high,-1.1888,0.1019,839,-0.6830,0.0825
AMD,xl_utilities,Bull-Bear,low,-0.6347,0.1902,241,-0.6830,0.0825
AMT,biotech,VIX,high,0.1860,0.1301,312,0.1293,0.0518
AMT,biotech,VIX,low,0.2717,0.1044,254,0.1293,0.0518
AMT,biotech,Rates,high,0.5058,0.3340,63,0.1293,0.0518
AMT,biotech,Rates,low,-0.1536,0.4189,63,0.1293,0.0518
AMT,biotech,Bull-Bear,high,0.1292,0.0500,839,0.1293,0.0518
AMT,biotech,Bull-Bear,low,0.3031,0.1294,241,0.1293,0.0518
AMT,china_a_shares,VIX,high,0.0649,0.0983,312,0.0326,0.0358
AMT,china_a_shares,VIX,low,0.0603,0.0684,254,0.0326,0.0358
AMT,china_a_shares,Rates,high,0.1770,0.2071,63,0.0326,0.0358
AMT,china_a_shares,Rates,low,0.6331,0.3102,63,0.0326,0.0358
AMT,china_a_shares,Bull-Bear,high,0.0236,0.0342,839,0.0326,0.0358
AMT,china_a_shares,Bull-Bear,low,-0.0114,0.0981,241,0.0326,0.0358
AMT,china_exposure,VIX,high,-0.1237,0.0791,312,-0.0175,0.0306
AMT,china_exposure,VIX,low,0.0439,0.0514,254,-0.0175,0.0306
AMT,china_exposure,Rates,high,0.0284,0.1716,63,-0.0175,0.0306
AMT,china_exposure,Rates,low,-0.1459,0.2596,63,-0.0175,0.0306
AMT,china_exposure,Bull-Bear,high,0.0299,0.0308,839,-0.0175,0.0306
AMT,china_exposure,Bull-Bear,low,0.0078,0.0673,241,-0.0175,0.0306
AMT,copper,VIX,high,-0.1756,0.0996,312,-0.0385,0.0390
AMT,copper,VIX,low,-0.0087,0.0732,254,-0.0385,0.0390
AMT,copper,Rates,high,-0.0703,0.2107,63,-0.0385,0.0390
AMT,copper,Rates,low,0.2273,0.2986,63,-0.0385,0.0390
AMT,copper,Bull-Bear,high,0.0292,0.0390,839,-0.0385,0.0390
AMT,copper,Bull-Bear,low,-0.0765,0.0943,241,-0.0385,0.0390
AMT,credit_hy_spread,VIX,high,0.7726,0.2043,312,-0.0785,0.1099
AMT,credit_hy_spread,VIX,low,-1.4122,0.2478,254,-0.0785,0.1099
AMT,credit_hy_spread,Rates,high,2.2228,0.8410,63,-0.0785,0.1099
AMT,credit_hy_spread,Rates,low,3.1064,0.6645,63,-0.0785,0.1099
AMT,credit_hy_spread,Bull-Bear,high,-1.1718,0.1346,839,-0.0785,0.1099
AMT,credit_hy_spread,Bull-Bear,low,-0.2170,0.2202,241,-0.0785,0.1099
AMT,defense,VIX,high,-0.0446,0.1296,312,-0.2603,0.0600
AMT,defense,VIX,low,-0.3284,0.1125,254,-0.2603,0.0600
AMT,defense,Rates,high,-0.9382,0.2879,63,-0.2603,0.0600
AMT,defense,Rates,low,-0.4345,0.3554,63,-0.2603,0.0600
AMT,defense,Bull-Bear,high,-0.2926,0.0639,839,-0.2603,0.0600
AMT,defense,Bull-Bear,low,-0.3465,0.1431,241,-0.2603,0.0600
AMT,energy_oil,VIX,high,-0.0031,0.0371,312,-0.0451,0.0199
AMT,energy_oil,VIX,low,-0.0416,0.0538,254,-0.0451,0.0199
AMT,energy_oil,Rates,high,-0.0590,0.1175,63,-0.0451,0.0199
AMT,energy_oil,Rates,low,0.1250,0.1340,63,-0.0451,0.0199
AMT,energy_oil,Bull-Bear,high,-0.0848,0.0283,839,-0.0451,0.0199
AMT,energy_oil,Bull-Bear,low,-0.0398,0.0346,241,-0.0451,0.0199
AMT,gold,VIX,high,0.0803,0.1350,312,0.2225,0.0560
AMT,gold,VIX,low,0.3392,0.1018,254,0.2225,0.0560
AMT,gold,Rates,high,0.4827,0.3255,63,0.2225,0.0560
AMT,gold,Rates,low,0.0111,0.3366,63,0.2225,0.0560
AMT,gold,Bull-Bear,high,0.3169,0.0551,839,0.2225,0.0560
AMT,gold,Bull-Bear,low,0.1957,0.1433,241,0.2225,0.0560
AMT,growth,VIX,high,1.1696,0.6827,312,0.5863,0.3227
AMT,growth,VIX,low,1.2521,0.7590,254,0.5863,0.3227
AMT,growth,Rates,high,3.5965,1.4384,63,0.5863,0.3227
AMT,growth,Rates,low,5.7932,1.7382,63,0.5863,0.3227
AMT,growth,Bull-Bear,high,0.0782,0.3441,839,0.5863,0.3227
AMT,growth,Bull-Bear,low,-0.3862,0.7948,241,0.5863,0.3227
AMT,inflation,VIX,high,-0.0632,0.3277,312,-0.7158,0.1654
AMT,inflation,VIX,low,-2.2809,0.4073,254,-0.7158,0.1654
AMT,inflation,Rates,high,-2.8888,0.8362,63,-0.7158,0.1654
AMT,inflation,Rates,low,-0.2240,0.7802,63,-0.7158,0.1654
AMT,inflation,Bull-Bear,high,-1.7699,0.2110,839,-0.7158,0.1654
AMT,inflation,Bull-Bear,low,-0.6252,0.3198,241,-0.7158,0.1654
AMT,lithium,VIX,high,-0.1862,0.0837,312,-0.0350,0.0327
AMT,lithium,VIX,low,0.1535,0.0563,254,-0.0350,0.0327
AMT,lithium,Rates,high,-0.1727,0.1955,63,-0.0350,0.0327
AMT,lithium,Rates,low,-0.6009,0.3271,63,-0.0350,0.0327
AMT,lithium,Bull-Bear,high,0.0290,0.0307,839,-0.0350,0.0327
AMT,lithium,Bull-Bear,low,-0.1501,0.0989,241,-0.0350,0.0327
AMT,market_beta,VIX,high,0.9622,0.0466,312,0.8535,0.0331
AMT,market_beta,VIX,low,0.4635,0.1496,254,0.8535,0.0331
AMT,market_beta,Rates,high,0.8448,0.1567,63,0.8535,0.0331
AMT,market_beta,Rates,low,1.2990,0.1131,63,0.8535,0.0331
AMT,market_beta,Bull-Bear,high,0.5999,0.0547,839,0.8535,0.0331
AMT,market_beta,Bull-Bear,low,0.8724,0.0718,241,0.8535,0.0331
AMT,momentum,VIX,high,0.1973,0.1909,312,-0.0894,0.0787
AMT,momentum,VIX,low,-0.4850,0.1679,254,-0.0894,0.0787
AMT,momentum,Rates,high,-0.3218,0.5311,63,-0.0894,0.0787
AMT,momentum,Rates,low,-0.5454,0.5604,63,-0.0894,0.0787
AMT,momentum,Bull-Bear,high,-0.0265,0.0721,839,-0.0894,0.0787
AMT,momentum,Bull-Bear,low,-0.5214,0.2192,241,-0.0894,0.0787
AMT,natural_gas,VIX,high,0.0101,0.0377,312,0.0058,0.0141
AMT,natural_gas,VIX,low,-0.0181,0.0245,254,0.0058,0.0141
AMT,natural_gas,Rates,high,-0.0083,0.0755,63,0.0058,0.0141
AMT,natural_gas,Rates,low,0.2031,0.1146,63,0.0058,0.0141
AMT,natural_gas,Bull-Bear,high,0.0040,0.0138,839,0.0058,0.0141
AMT,natural_gas,Bull-Bear,low,0.0447,0.0342,241,0.0058,0.0141
AMT,quality,VIX,high,-0.7513,0.5664,312,-0.3409,0.2427
AMT,quality,VIX,low,-1.9391,0.4474,254,-0.3409,0.2427
AMT,quality,Rates,high,-1.9001,1.1710,63,-0.3409,0.2427
AMT,quality,Rates,low,1.8827,1.2900,63,-0.3409,0.2427
AMT,quality,Bull-Bear,high,-0.4662,0.2542,839,-0.3409,0.2427
AMT,quality,Bull-Bear,low,0.3179,0.6212,241,-0.3409,0.2427
AMT,rates,VIX,high,-0.3126,0.2623,312,0.6841,0.1073
AMT,rates,VIX,low,1.3731,0.1767,254,0.6841,0.1073
AMT,rates,Rates,high,-2.8256,1.0771,63,0.6841,0.1073
AMT,rates,Rates,low,-1.3804,1.1484,63,0.6841,0.1073
AMT,rates,Bull-Bear,high,1.2599,0.1173,839,0.6841,0.1073
AMT,rates,Bull-Bear,low,0.9784,0.2237,241,0.6841,0.1073
AMT,rates_30y,VIX,high,-0.2385,0.1113,312,0.2462,0.0482
AMT,rates_30y,VIX,low,0.5858,0.0870,254,0.2462,0.0482
AMT,rates_30y,Rates,high,-0.5622,0.3111,63,0.2462,0.0482
AMT,rates_30y,Rates,low,-1.0830,0.3784,63,0.2462,0.0482
AMT,rates_30y,Bull-Bear,high,0.5122,0.0537,839,0.2462,0.0482
AMT,rates_30y,Bull-Bear,low,0.4493,0.1088,241,0.2462,0.0482
AMT,semiconductors,VIX,high,-0.7870,0.1054,312,-0.3306,0.0420
AMT,semiconductors,VIX,low,-0.1789,0.0695,254,-0.3306,0.0420
AMT,semiconductors,Rates,high,-0.2861,0.2861,63,-0.3306,0.0420
AMT,semiconductors,Rates,low,-0.8147,0.2310,63,-0.3306,0.0420
AMT,semiconductors,Bull-Bear,high,-0.1701,0.0409,839,-0.3306,0.0420
AMT,semiconductors,Bull-Bear,low,-0.2395,0.1161,241,-0.3306,0.0420
AMT,uranium,VIX,high,-0.1448,0.0739,312,-0.0507,0.0256
AMT,uranium,VIX,low,-0.0433,0.0490,254,-0.0507,0.0256
AMT,uranium,Rates,high,0.0277,0.1495,63,-0.0507,0.0256
AMT,uranium,Rates,low,-0.4430,0.1824,63,-0.0507,0.0256
AMT,uranium,Bull-Bear,high,-0.0145,0.0247,839,-0.0507,0.0256
AMT,uranium,Bull-Bear,low,-0.0878,0.0678,241,-0.0507,0.0256
AMT,usd_strength,VIX,high,0.7126,0.2499,312,-0.1698,0.1177
AMT,usd_strength,VIX,low,-1.0142,0.2267,254,-0.1698,0.1177
AMT,usd_strength,Rates,high,0.6562,0.6667,63,-0.1698,0.1177
AMT,usd_strength,Rates,low,0.7152,0.5972,63,-0.1698,0.1177
AMT,usd_strength,Bull-Bear,high,-0.8562,0.1318,839,-0.1698,0.1177
AMT,usd_strength,Bull-Bear,low,-0.7539,0.2876,241,-0.1698,0.1177
AMT,value,VIX,high,1.0489,0.2435,312,0.6311,0.1106
AMT,value,VIX,low,1.1450,0.1742,254,0.6311,0.1106
AMT,value,Rates,high,1.5537,0.5861,63,0.6311,0.1106
AMT,value,Rates,low,2.4564,0.6632,63,0.6311,0.1106
AMT,value,Bull-Bear,high,0.1208,0.1077,839,0.6311,0.1106
AMT,value,Bull-Bear,low,0.6183,0.2947,241,0.6311,0.1106
AMT,volatility,VIX,high,0.0734,0.0195,312,0.0348,0.0097
AMT,volatility,VIX,low,0.0098,0.0258,254,0.0348,0.0097
AMT,volatility,Rates,high,0.0483,0.0376,63,0.0348,0.0097
AMT,volatility,Rates,low,0.1580,0.0521,63,0.0348,0.0097
AMT,volatility,Bull-Bear,high,-0.0132,0.0100,839,0.0348,0.0097
AMT,volatility,Bull-Bear,low,0.1088,0.0302,241,0.0348,0.0097
AMT,xl_consumer_defensive,VIX,high,1.0473,0.1582,312,0.6848,0.0754
AMT,xl_consumer_defensive,VIX,low,0.4858,0.1535,254,0.6848,0.0754
AMT,xl_consumer_defensive,Rates,high,1.4859,0.3032,63,0.6848,0.0754
AMT,xl_consumer_defensive,Rates,low,1.1014,0.4402,63,0.6848,0.0754
AMT,xl_consumer_defensive,Bull-Bear,high,0.4939,0.0862,839,0.6848,0.0754
AMT,xl_consumer_defensive,Bull-Bear,low,0.2253,0.1760,241,0.6848,0.0754
AMT,xl_financials,VIX,high,-0.6512,0.2284,312,-0.6153,0.1061
AMT,xl_financials,VIX,low,-1.0220,0.2132,254,-0.6153,0.1061
AMT,xl_financials,Rates,high,-1.7817,0.4276,63,-0.6153,0.1061
AMT,xl_financials,Rates,low,-0.7991,0.7300,63,-0.6153,0.1061
AMT,xl_financials,Bull-Bear,high,-0.7125,0.1111,839,-0.6153,0.1061
AMT,xl_financials,Bull-Bear,low,-0.1915,0.2533,241,-0.6153,0.1061
AMT,xl_healthcare,VIX,high,1.3984,0.1822,312,0.7427,0.0813
AMT,xl_healthcare,VIX,low,0.3748,0.1507,254,0.7427,0.0813
AMT,xl_healthcare,Rates,high,1.4961,0.4337,63,0.7427,0.0813
AMT,xl_healthcare,Rates,low,1.4110,0.4742,63,0.7427,0.0813
AMT,xl_healthcare,Bull-Bear,high,0.4452,0.0844,839,0.7427,0.0813
AMT,xl_healthcare,Bull-Bear,low,0.6666,0.2020,241,0.7427,0.0813
AMT,xl_industrials,VIX,high,-0.7985,0.2721,312,-0.6870,0.1214
AMT,xl_industrials,VIX,low,-0.5071,0.2370,254,-0.6870,0.1214
AMT,xl_industrials,Rates,high,-2.3311,0.6097,63,-0.6870,0.1214
AMT,xl_industrials,Rates,low,-1.6986,0.8464,63,-0.6870,0.1214
AMT,xl_industrials,Bull-Bear,high,-0.5592,0.1276,839,-0.6870,0.1214
AMT,xl_industrials,Bull-Bear,low,-1.1523,0.2860,241,-0.6870,0.1214
AMT,xl_real_estate,VIX,high,1.2619,0.1084,312,1.1552,0.0466
AMT,xl_real_estate,VIX,low,1.0494,0.0771,254,1.1552,0.0466
AMT,xl_real_estate,Rates,high,1.4711,0.2252,63,1.1552,0.0466
AMT,xl_real_estate,Rates,low,1.7413,0.1521,63,1.1552,0.0466
AMT,xl_real_estate,Bull-Bear,high,0.9844,0.0497,839,1.1552,0.0466
AMT,xl_real_estate,Bull-Bear,low,1.1254,0.1136,241,1.1552,0.0466
AMT,xl_utilities,VIX,high,0.8944,0.0942,312,0.6430,0.0460
AMT,xl_utilities,VIX,low,0.5703,0.0892,254,0.6430,0.0460
AMT,xl_utilities,Rates,high,0.8457,0.1629,63,0.6430,0.0460
AMT,xl_utilities,Rates,low,1.4459,0.2211,63,0.6430,0.0460
AMT,xl_utilities,Bull-Bear,high,0.3833,0.0536,839,0.6430,0.0460
AMT,xl_utilities,Bull-Bear,low,0.6179,0.1068,241,0.6430,0.0460
AMZN,biotech,VIX,high,0.3706,0.1378,312,0.0199,0.0611
AMZN,biotech,VIX,low,-0.3247,0.1074,254,0.0199,0.0611
AMZN,biotech,Rates,high,-0.1803,0.3952,63,0.0199,0.0611
AMZN,biotech,Rates,low,0.4232,0.3597,63,0.0199,0.0611
AMZN,biotech,Bull-Bear,high,-0.0413,0.0626,839,0.0199,0.0611
AMZN,biotech,Bull-Bear,low,0.1105,0.1801,241,0.0199,0.0611
AMZN,china_a_shares,VIX,high,0.0968,0.1049,312,-0.0284,0.0420
AMZN,china_a_shares,VIX,low,0.0013,0.0708,254,-0.0284,0.0420
AMZN,china_a_shares,Rates,high,-0.0824,0.2422,63,-0.0284,0.0420
AMZN,china_a_shares,Rates,low,0.4481,0.2721,63,-0.0284,0.0420
AMZN,china_a_shares,Bull-Bear,high,0.0017,0.0427,839,-0.0284,0.0420
AMZN,china_a_shares,Bull-Bear,low,-0.1418,0.1348,241,-0.0284,0.0420
AMZN,china_exposure,VIX,high,0.0257,0.0848,312,0.0038,0.0360
AMZN,china_exposure,VIX,low,0.0189,0.0532,254,0.0038,0.0360
AMZN,china_exposure,Rates,high,-0.0381,0.1997,63,0.0038,0.0360
AMZN,china_exposure,Rates,low,0.1018,0.2253,63,0.0038,0.0360
AMZN,china_exposure,Bull-Bear,high,0.0033,0.0385,839,0.0038,0.0360
AMZN,china_exposure,Bull-Bear,low,0.0571,0.0927,241,0.0038,0.0360
AMZN,copper,VIX,high,-0.1870,0.1063,312,-0.0296,0.0458
AMZN,copper,VIX,low,0.0602,0.0756,254,-0.0296,0.0458
AMZN,copper,Rates,high,-0.6426,0.2312,63,-0.0296,0.0458
AMZN,copper,Rates,low,-0.0361,0.2602,63,-0.0296,0.0458
AMZN,copper,Bull-Bear,high,0.0081,0.0487,839,-0.0296,0.0458
AMZN,copper,Bull-Bear,low,0.0158,0.1300,241,-0.0296,0.0458
AMZN,credit_hy_spread,VIX,high,-0.4413,0.2218,312,-0.7342,0.1276
AMZN,credit_hy_spread,VIX,low,-0.8763,0.2663,254,-0.7342,0.1276
AMZN,credit_hy_spread,Rates,high,0.2210,1.0326,63,-0.7342,0.1276
AMZN,credit_hy_spread,Rates,low,0.6255,0.6669,63,-0.7342,0.1276
AMZN,credit_hy_spread,Bull-Bear,high,-1.1673,0.1708,839,-0.7342,0.1276
AMZN,credit_hy_spread,Bull-Bear,low,-0.7969,0.2996,241,-0.7342,0.1276
AMZN,defense,VIX,high,-0.1992,0.1380,312,-0.0887,0.0711
AMZN,defense,VIX,low,0.1050,0.1180,254,-0.0887,0.0711
AMZN,defense,Rates,high,-0.6228,0.3542,63,-0.0887,0.0711
AMZN,defense,Rates,low,0.1543,0.3114,63,-0.0887,0.0711
AMZN,defense,Bull-Bear,high,0.0617,0.0808,839,-0.0887,0.0711
AMZN,defense,Bull-Bear,low,-0.3779,0.1981,241,-0.0887,0.0711
AMZN,energy_oil,VIX,high,-0.0446,0.0396,312,-0.0710,0.0234
AMZN,energy_oil,VIX,low,-0.1517,0.0548,254,-0.0710,0.0234
AMZN,energy_oil,Rates,high,-0.2178,0.1342,63,-0.0710,0.0234
AMZN,energy_oil,Rates,low,0.0440,0.1169,63,-0.0710,0.0234
AMZN,energy_oil,Bull-Bear,high,-0.0791,0.0355,839,-0.0710,0.0234
AMZN,energy_oil,Bull-Bear,low,-0.1065,0.0473,241,-0.0710,0.0234
AMZN,gold,VIX,high,0.0170,0.1443,312,0.1072,0.0661
AMZN,gold,VIX,low,0.0171,0.1075,254,0.1072,0.0661
AMZN,gold,Rates,high,-0.5785,0.3783,63,0.1072,0.0661
AMZN,gold,Rates,low,0.0112,0.2920,63,0.1072,0.0661
AMZN,gold,Bull-Bear,high,0.2259,0.0698,839,0.1072,0.0661
AMZN,gold,Bull-Bear,low,-0.0874,0.1982,241,0.1072,0.0661
AMZN,growth,VIX,high,0.9762,0.7306,312,1.2923,0.3780
AMZN,growth,VIX,low,-2.2492,0.7754,254,1.2923,0.3780
AMZN,growth,Rates,high,2.5199,1.7274,63,1.2923,0.3780
AMZN,growth,Rates,low,2.1439,1.6160,63,1.2923,0.3780
AMZN,growth,Bull-Bear,high,0.9498,0.4284,839,1.2923,0.3780
AMZN,growth,Bull-Bear,low,3.8905,1.0662,241,1.2923,0.3780
AMZN,inflation,VIX,high,-0.1860,0.3499,312,-0.4329,0.1955
AMZN,inflation,VIX,low,-1.2326,0.4394,254,-0.4329,0.1955
AMZN,inflation,Rates,high,-2.5159,1.0140,63,-0.4329,0.1955
AMZN,inflation,Rates,low,0.4214,0.6751,63,-0.4329,0.1955
AMZN,inflation,Bull-Bear,high,-0.7508,0.2730,839,-0.4329,0.1955
AMZN,inflation,Bull-Bear,low,-0.8067,0.4411,241,-0.4329,0.1955
AMZN,lithium,VIX,high,-0.1470,0.0897,312,-0.0558,0.0384
AMZN,lithium,VIX,low,-0.0056,0.0590,254,-0.0558,0.0384
AMZN,lithium,Rates,high,-0.4859,0.2203,63,-0.0558,0.0384
AMZN,lithium,Rates,low,-0.4576,0.2855,63,-0.0558,0.0384
AMZN,lithium,Bull-Bear,high,-0.0180,0.0384,839,-0.0558,0.0384
AMZN,lithium,Bull-Bear,low,-0.2289,0.1362,241,-0.0558,0.0384
AMZN,market_beta,VIX,high,0.9364,0.0553,312,1.1029,0.0367
AMZN,market_beta,VIX,low,1.3908,0.1309,254,1.1029,0.0367
AMZN,market_beta,Rates,high,1.2238,0.1567,63,1.1029,0.0367
AMZN,market_beta,Rates,low,0.9134,0.1295,63,1.1029,0.0367
AMZN,market_beta,Bull-Bear,high,1.3345,0.0566,839,1.1029,0.0367
AMZN,market_beta,Bull-Bear,low,1.3725,0.0892,241,1.1029,0.0367
AMZN,momentum,VIX,high,0.5361,0.2020,312,0.1797,0.0925
AMZN,momentum,VIX,low,0.8318,0.1683,254,0.1797,0.0925
AMZN,momentum,Rates,high,-0.1574,0.6195,63,0.1797,0.0925
AMZN,momentum,Rates,low,-0.2927,0.4884,63,0.1797,0.0925
AMZN,momentum,Bull-Bear,high,0.4481,0.0887,839,0.1797,0.0925
AMZN,momentum,Bull-Bear,low,-0.1571,0.3054,241,0.1797,0.0925
AMZN,natural_gas,VIX,high,-0.0078,0.0403,312,-0.0077,0.0166
AMZN,natural_gas,VIX,low,-0.0067,0.0254,254,-0.0077,0.0166
AMZN,natural_gas,Rates,high,0.0147,0.0878,63,-0.0077,0.0166
AMZN,natural_gas,Rates,low,-0.0092,0.1019,63,-0.0077,0.0166
AMZN,natural_gas,Bull-Bear,high,-0.0018,0.0173,839,-0.0077,0.0166
AMZN,natural_gas,Bull-Bear,low,-0.0405,0.0472,241,-0.0077,0.0166
AMZN,quality,VIX,high,-1.9790,0.5962,312,-1.0778,0.2839
AMZN,quality,VIX,low,-0.0564,0.4791,254,-1.0778,0.2839
AMZN,quality,Rates,high,-1.5249,1.3779,63,-1.0778,0.2839
AMZN,quality,Rates,low,-0.5412,1.1361,63,-1.0778,0.2839
AMZN,quality,Bull-Bear,high,-1.3116,0.3147,839,-1.0778,0.2839
AMZN,quality,Bull-Bear,low,0.7132,0.8551,241,-1.0778,0.2839
AMZN,rates,VIX,high,0.1449,0.2807,312,0.4511,0.1275
AMZN,rates,VIX,low,0.2757,0.2025,254,0.4511,0.1275
AMZN,rates,Rates,high,-1.9887,1.2974,63,0.4511,0.1275
AMZN,rates,Rates,low,0.8218,1.0023,63,0.4511,0.1275
AMZN,rates,Bull-Bear,high,0.6163,0.1548,839,0.4511,0.1275
AMZN,rates,Bull-Bear,low,0.7736,0.3163,241,0.4511,0.1275
AMZN,rates_30y,VIX,high,-0.0056,0.1197,312,0.1979,0.0570
AMZN,rates_30y,VIX,low,0.1332,0.0973,254,0.1979,0.0570
AMZN,rates_30y,Rates,high,-0.4307,0.3674,63,0.1979,0.0570
AMZN,rates_30y,Rates,low,0.0042,0.3496,63,0.1979,0.0570
AMZN,rates_30y,Bull-Bear,high,0.3042,0.0698,839,0.1979,0.0570
AMZN,rates_30y,Bull-Bear,low,0.3267,0.1537,241,0.1979,0.0570
AMZN,semiconductors,VIX,high,-0.1058,0.1222,312,0.1736,0.0503
AMZN,semiconductors,VIX,low,0.1659,0.0719,254,0.1736,0.0503
AMZN,semiconductors,Rates,high,0.2429,0.3342,63,0.1736,0.0503
AMZN,semiconductors,Rates,low,0.2114,0.2182,63,0.1736,0.0503
AMZN,semiconductors,Bull-Bear,high,0.2765,0.0507,839,0.1736,0.0503
AMZN,semiconductors,Bull-Bear,low,0.1876,0.1610,241,0.1736,0.0503
AMZN,uranium,VIX,high,-0.0092,0.0795,312,0.0499,0.0301
AMZN,uranium,VIX,low,0.0259,0.0507,254,0.0499,0.0301
AMZN,uranium,Rates,high,0.1082,0.1735,63,0.0499,0.0301
AMZN,uranium,Rates,low,0.0192,0.1656,63,0.0499,0.0301
AMZN,uranium,Bull-Bear,high,0.0519,0.0308,839,0.0499,0.0301
AMZN,uranium,Bull-Bear,low,0.1554,0.0933,241,0.0499,0.0301
AMZN,usd_strength,VIX,high,0.3981,0.2695,312,-0.2007,0.1384
AMZN,usd_strength,VIX,low,-0.1452,0.2431,254,-0.2007,0.1384
AMZN,usd_strength,Rates,high,1.5575,0.7560,63,-0.2007,0.1384
AMZN,usd_strength,Rates,low,0.1388,0.5238,63,-0.2007,0.1384
AMZN,usd_strength,Bull-Bear,high,-0.5289,0.1676,839,-0.2007,0.1384
AMZN,usd_strength,Bull-Bear,low,-1.0760,0.3958,241,-0.2007,0.1384
AMZN,value,VIX,high,-1.5989,0.2519,312,-2.0049,0.1188
AMZN,value,VIX,low,-1.6010,0.1667,254,-2.0049,0.1188
AMZN,value,Rates,high,-1.6404,0.6888,63,-2.0049,0.1188
AMZN,value,Rates,low,-1.1679,0.6189,63,-2.0049,0.1188
AMZN,value,Bull-Bear,high,-2.0381,0.1147,839,-2.0049,0.1188
AMZN,value,Bull-Bear,low,-3.1631,0.3550,241,-2.0049,0.1188
AMZN,volatility,VIX,high,0.0165,0.0212,312,-0.0169,0.0115
AMZN,volatility,VIX,low,-0.0033,0.0266,254,-0.0169,0.0115
AMZN,volatility,Rates,high,-0.0580,0.0437,63,-0.0169,0.0115
AMZN,volatility,Rates,low,-0.0196,0.0484,63,-0.0169,0.0115
AMZN,volatility,Bull-Bear,high,-0.0490,0.0124,839,-0.0169,0.0115
AMZN,volatility,Bull-Bear,low,0.1142,0.0420,241,-0.0169,0.0115
AMZN,xl_consumer_defensive,VIX,high,0.1111,0.1804,312,-0.6617,0.0896
AMZN,xl_consumer_defensive,VIX,low,-0.5921,0.1573,254,-0.6617,0.0896
AMZN,xl_consumer_defensive,Rates,high,-0.4726,0.4120,63,-0.6617,0.0896
AMZN,xl_consumer_defensive,Rates,low,-0.9251,0.3830,63,-0.6617,0.0896
AMZN,xl_consumer_defensive,Bull-Bear,high,-1.0479,0.1036,839,-0.6617,0.0896
AMZN,xl_consumer_defensive,Bull-Bear,low,-1.0099,0.2344,241,-0.6617,0.0896
AMZN,xl_financials,VIX,high,-0.3770,0.2462,312,0.1472,0.1263
AMZN,xl_financials,VIX,low,0.4249,0.2285,254,0.1472,0.1263
AMZN,xl_financials,Rates,high,0.5498,0.5595,63,0.1472,0.1263
AMZN,xl_financials,Rates,low,0.6960,0.6331,63,0.1472,0.1263
AMZN,xl_financials,Bull-Bear,high,0.0279,0.1421,839,0.1472,0.1263
AMZN,xl_financials,Bull-Bear,low,0.3836,0.3485,241,0.1472,0.1263
AMZN,xl_healthcare,VIX,high,0.0871,0.2122,312,-0.7568,0.0964
AMZN,xl_healthcare,VIX,low,-0.8204,0.1489,254,-0.7568,0.0964
AMZN,xl_healthcare,Rates,high,-1.4604,0.5191,63,-0.7568,0.0964
AMZN,xl_healthcare,Rates,low,-0.3461,0.4379,63,-0.7568,0.0964
AMZN,xl_healthcare,Bull-Bear,high,-0.8687,0.1028,839,-0.7568,0.0964
AMZN,xl_healthcare,Bull-Bear,low,-1.1046,0.2754,241,-0.7568,0.0964
AMZN,xl_industrials,VIX,high,-0.9040,0.2901,312,-0.3530,0.1442
AMZN,xl_industrials,VIX,low,0.3895,0.2458,254,-0.3530,0.1442
AMZN,xl_industrials,Rates,high,-0.8828,0.7818,63,-0.3530,0.1442
AMZN,xl_industrials,Rates,low,-0.7416,0.7520,63,-0.3530,0.1442
AMZN,xl_industrials,Bull-Bear,high,-0.0381,0.1611,839,-0.3530,0.1442
AMZN,xl_industrials,Bull-Bear,low,-0.9186,0.4029,241,-0.3530,0.1442
AMZN,xl_real_estate,VIX,high,-0.3675,0.1372,312,-0.5200,0.0652
AMZN,xl_real_estate,VIX,low,-0.6200,0.0974,254,-0.5200,0.0652
AMZN,xl_real_estate,Rates,high,-0.8027,0.3258,63,-0.5200,0.0652
AMZN,xl_real_estate,Rates,low,0.0956,0.2338,63,-0.5200,0.0652
AMZN,xl_real_estate,Bull-Bear,high,-0.6098,0.0722,839,-0.5200,0.0652
AMZN,xl_real_estate,Bull-Bear,low,-0.6558,0.1810,241,-0.5200,0.0652
AMZN,xl_utilities,VIX,high,-0.2632,0.1133,312,-0.4994,0.0564
AMZN,xl_utilities,VIX,low,-0.5063,0.0941,254,-0.4994,0.0564
AMZN,xl_utilities,Rates,high,-0.3194,0.2239,63,-0.4994,0.0564
AMZN,xl_utilities,Rates,low,-0.1658,0.2492,63,-0.4994,0.0564
AMZN,xl_utilities,Bull-Bear,high,-0.6928,0.0647,839,-0.4994,0.0564
AMZN,xl_utilities,Bull-Bear,low,-0.7723,0.1489,241,-0.4994,0.0564
APD,biotech,VIX,high,0.0160,0.1258,312,-0.0562,0.0517
APD,biotech,VIX,low,0.0227,0.1398,254,-0.0562,0.0517
APD,biotech,Rates,high,0.4347,0.3998,63,-0.0562,0.0517
APD,biotech,Rates,low,-0.0300,0.2964,63,-0.0562,0.0517
APD,biotech,Bull-Bear,high,-0.0960,0.0527,839,-0.0562,0.0517
APD,biotech,Bull-Bear,low,0.0868,0.1217,241,-0.0562,0.0517
APD,china_a_shares,VIX,high,0.0639,0.0948,312,0.0612,0.0356
APD,china_a_shares,VIX,low,0.0016,0.0905,254,0.0612,0.0356
APD,china_a_shares,Rates,high,-0.0639,0.2470,63,0.0612,0.0356
APD,china_a_shares,Rates,low,0.4193,0.2201,63,0.0612,0.0356
APD,china_a_shares,Bull-Bear,high,0.0230,0.0360,839,0.0612,0.0356
APD,china_a_shares,Bull-Bear,low,-0.0557,0.0913,241,0.0612,0.0356
APD,china_exposure,VIX,high,-0.0093,0.0766,312,0.0258,0.0305
APD,china_exposure,VIX,low,0.0192,0.0680,254,0.0258,0.0305
APD,china_exposure,Rates,high,-0.2675,0.2008,63,0.0258,0.0305
APD,china_exposure,Rates,low,-0.0099,0.1839,63,0.0258,0.0305
APD,china_exposure,Bull-Bear,high,0.0162,0.0325,839,0.0258,0.0305
APD,china_exposure,Bull-Bear,low,0.0545,0.0626,241,0.0258,0.0305
APD,copper,VIX,high,-0.0589,0.0964,312,0.0892,0.0388
APD,copper,VIX,low,0.1612,0.0962,254,0.0892,0.0388
APD,copper,Rates,high,-0.3491,0.2461,63,0.0892,0.0388
APD,copper,Rates,low,0.3117,0.2083,63,0.0892,0.0388
APD,copper,Bull-Bear,high,0.1605,0.0407,839,0.0892,0.0388
APD,copper,Bull-Bear,low,0.0506,0.0878,241,0.0892,0.0388
APD,credit_hy_spread,VIX,high,0.6741,0.1977,312,0.2242,0.1094
APD,credit_hy_spread,VIX,low,-0.5680,0.3459,254,0.2242,0.1094
APD,credit_hy_spread,Rates,high,1.2101,1.0418,63,0.2242,0.1094
APD,credit_hy_spread,Rates,low,2.2438,0.4659,63,0.2242,0.1094
APD,credit_hy_spread,Bull-Bear,high,-0.4744,0.1469,839,0.2242,0.1094
APD,credit_hy_spread,Bull-Bear,low,0.0076,0.2055,241,0.2242,0.1094
APD,defense,VIX,high,-0.2600,0.1241,312,-0.2305,0.0599
APD,defense,VIX,low,-0.3507,0.1494,254,-0.2305,0.0599
APD,defense,Rates,high,-1.0745,0.3436,63,-0.2305,0.0599
APD,defense,Rates,low,-0.2143,0.2528,63,-0.2305,0.0599
APD,defense,Bull-Bear,high,-0.1215,0.0679,839,-0.2305,0.0599
APD,defense,Bull-Bear,low,-0.3389,0.1331,241,-0.2305,0.0599
APD,energy_oil,VIX,high,0.0004,0.0358,312,-0.0022,0.0199
APD,energy_oil,VIX,low,-0.0086,0.0711,254,-0.0022,0.0199
APD,energy_oil,Rates,high,-0.1513,0.1384,63,-0.0022,0.0199
APD,energy_oil,Rates,low,0.1221,0.0941,63,-0.0022,0.0199
APD,energy_oil,Bull-Bear,high,0.0133,0.0300,839,-0.0022,0.0199
APD,energy_oil,Bull-Bear,low,-0.0541,0.0321,241,-0.0022,0.0199
APD,gold,VIX,high,-0.0779,0.1301,312,0.0941,0.0561
APD,gold,VIX,low,0.1239,0.1372,254,0.0941,0.0561
APD,gold,Rates,high,0.1074,0.3928,63,0.0941,0.0561
APD,gold,Rates,low,-0.0359,0.2379,63,0.0941,0.0561
APD,gold,Bull-Bear,high,0.2173,0.0586,839,0.0941,0.0561
APD,gold,Bull-Bear,low,-0.0979,0.1338,241,0.0941,0.0561
APD,growth,VIX,high,0.8214,0.6596,312,-0.0273,0.3220
APD,growth,VIX,low,1.0717,1.0055,254,-0.0273,0.3220
APD,growth,Rates,high,5.2458,1.6611,63,-0.0273,0.3220
APD,growth,Rates,low,5.2701,1.1528,63,-0.0273,0.3220
APD,growth,Bull-Bear,high,-0.9495,0.3604,839,-0.0273,0.3220
APD,growth,Bull-Bear,low,-0.3113,0.7402,241,-0.0273,0.3220
APD,inflation,VIX,high,0.0850,0.3158,312,-0.1142,0.1660
APD,inflation,VIX,low,-1.2196,0.5653,254,-0.1142,0.1660
APD,inflation,Rates,high,-2.2393,1.0462,63,-0.1142,0.1660
APD,inflation,Rates,low,0.8477,0.5411,63,-0.1142,0.1660
APD,inflation,Bull-Bear,high,-0.5521,0.2302,839,-0.1142,0.1660
APD,inflation,Bull-Bear,low,-0.6743,0.2970,241,-0.1142,0.1660
APD,lithium,VIX,high,0.0153,0.0813,312,0.0969,0.0324
APD,lithium,VIX,low,0.1772,0.0746,254,0.0969,0.0324
APD,lithium,Rates,high,-0.2650,0.2309,63,0.0969,0.0324
APD,lithium,Rates,low,-0.2381,0.2355,63,0.0969,0.0324
APD,lithium,Bull-Bear,high,0.1112,0.0321,839,0.0969,0.0324
APD,lithium,Bull-Bear,low,0.0686,0.0925,241,0.0969,0.0324
APD,market_beta,VIX,high,1.0122,0.0386,312,0.8992,0.0320
APD,market_beta,VIX,low,0.7279,0.1960,254,0.8992,0.0320
APD,market_beta,Rates,high,0.9378,0.1914,63,0.8992,0.0320
APD,market_beta,Rates,low,0.9738,0.0683,63,0.8992,0.0320
APD,market_beta,Bull-Bear,high,0.7206,0.0562,839,0.8992,0.0320
APD,market_beta,Bull-Bear,low,0.8863,0.0628,241,0.8992,0.0320
APD,momentum,VIX,high,-0.0693,0.1843,312,-0.1645,0.0784
APD,momentum,VIX,low,-0.1782,0.2251,254,-0.1645,0.0784
APD,momentum,Rates,high,0.1100,0.6318,63,-0.1645,0.0784
APD,momentum,Rates,low,0.0697,0.3991,63,-0.1645,0.0784
APD,momentum,Bull-Bear,high,-0.1689,0.0756,839,-0.1645,0.0784
APD,momentum,Bull-Bear,low,-0.2068,0.2061,241,-0.1645,0.0784
APD,natural_gas,VIX,high,-0.0473,0.0363,312,-0.0051,0.0141
APD,natural_gas,VIX,low,0.0398,0.0324,254,-0.0051,0.0141
APD,natural_gas,Rates,high,0.0143,0.0895,63,-0.0051,0.0141
APD,natural_gas,Rates,low,0.0512,0.0828,63,-0.0051,0.0141
APD,natural_gas,Bull-Bear,high,-0.0069,0.0146,839,-0.0051,0.0141
APD,natural_gas,Bull-Bear,low,0.0240,0.0319,241,-0.0051,0.0141
APD,quality,VIX,high,-0.4823,0.5468,312,0.0300,0.2421
APD,quality,VIX,low,-1.4385,0.6058,254,0.0300,0.2421
APD,quality,Rates,high,-3.3690,1.3518,63,0.0300,0.2421
APD,quality,Rates,low,0.1883,0.9273,63,0.0300,0.2421
APD,quality,Bull-Bear,high,-0.1326,0.2678,839,0.0300,0.2421
APD,quality,Bull-Bear,low,1.3671,0.5720,241,0.0300,0.2421
APD,rates,VIX,high,-0.7838,0.2495,312,-0.0393,0.1086
APD,rates,VIX,low,0.5569,0.2575,254,-0.0393,0.1086
APD,rates,Rates,high,-3.3473,1.2781,63,-0.0393,0.1086
APD,rates,Rates,low,-1.0592,0.8100,63,-0.0393,0.1086
APD,rates,Bull-Bear,high,0.4337,0.1308,839,-0.0393,0.1086
APD,rates,Bull-Bear,low,0.2430,0.2159,241,-0.0393,0.1086
APD,rates_30y,VIX,high,-0.4055,0.1056,312,-0.0466,0.0485
APD,rates_30y,VIX,low,0.3007,0.1234,254,-0.0466,0.0485
APD,rates_30y,Rates,high,-0.6854,0.3685,63,-0.0466,0.0485
APD,rates_30y,Rates,low,-0.6407,0.2728,63,-0.0466,0.0485
APD,rates_30y,Bull-Bear,high,0.1749,0.0591,839,-0.0466,0.0485
APD,rates_30y,Bull-Bear,low,0.0887,0.1047,241,-0.0466,0.0485
APD,semiconductors,VIX,high,-0.5742,0.1055,312,-0.1666,0.0426
APD,semiconductors,VIX,low,-0.1027,0.0927,254,-0.1666,0.0426
APD,semiconductors,Rates,high,-0.7583,0.3281,63,-0.1666,0.0426
APD,semiconductors,Rates,low,-0.4223,0.1708,63,-0.1666,0.0426
APD,semiconductors,Bull-Bear,high,-0.0562,0.0434,839,-0.1666,0.0426
APD,semiconductors,Bull-Bear,low,-0.0417,0.1091,241,-0.1666,0.0426
APD,uranium,VIX,high,-0.1083,0.0715,312,0.0017,0.0255
APD,uranium,VIX,low,-0.0276,0.0648,254,0.0017,0.0255
APD,uranium,Rates,high,0.0958,0.1770,63,0.0017,0.0255
APD,uranium,Rates,low,-0.0868,0.1345,63,0.0017,0.0255
APD,uranium,Bull-Bear,high,0.0562,0.0259,839,0.0017,0.0255
APD,uranium,Bull-Bear,low,-0.0816,0.0632,241,0.0017,0.0255
APD,usd_strength,VIX,high,0.5687,0.2419,312,-0.1709,0.1173
APD,usd_strength,VIX,low,-0.8337,0.3066,254,-0.1709,0.1173
APD,usd_strength,Rates,high,1.0195,0.7864,63,-0.1709,0.1173
APD,usd_strength,Rates,low,0.5556,0.4211,63,-0.1709,0.1173
APD,usd_strength,Bull-Bear,high,-0.8409,0.1390,839,-0.1709,0.1173
APD,usd_strength,Bull-Bear,low,-0.9799,0.2641,241,-0.1709,0.1173
APD,value,VIX,high,1.3302,0.2295,312,0.8878,0.1088
APD,value,VIX,low,1.0573,0.2400,254,0.8878,0.1088
APD,value,Rates,high,1.9233,0.6917,63,0.8878,0.1088
APD,value,Rates,low,1.7120,0.4703,63,0.8878,0.1088
APD,value,Bull-Bear,high,0.5661,0.1116,839,0.8878,0.1088
APD,value,Bull-Bear,low,0.6066,0.2741,241,0.8878,0.1088
APD,volatility,VIX,high,0.0503,0.0190,312,0.0110,0.0098
APD,volatility,VIX,low,-0.0195,0.0340,254,0.0110,0.0098
APD,volatility,Rates,high,0.0162,0.0452,63,0.0110,0.0098
APD,volatility,Rates,low,0.0613,0.0387,63,0.0110,0.0098
APD,volatility,Bull-Bear,high,-0.0442,0.0104,839,0.0110,0.0098
APD,volatility,Bull-Bear,low,0.0961,0.0282,241,0.0110,0.0098
APD,xl_consumer_defensive,VIX,high,0.8333,0.1559,312,0.5054,0.0763
APD,xl_consumer_defensive,VIX,low,0.5388,0.2039,254,0.5054,0.0763
APD,xl_consumer_defensive,Rates,high,1.2300,0.3943,63,0.5054,0.0763
APD,xl_consumer_defensive,Rates,low,0.1083,0.3264,63,0.5054,0.0763
APD,xl_consumer_defensive,Bull-Bear,high,0.3778,0.0915,839,0.5054,0.0763
APD,xl_consumer_defensive,Bull-Bear,low,0.0086,0.1644,241,0.5054,0.0763
APD,xl_financials,VIX,high,-0.4395,0.2216,312,-0.5002,0.1062
APD,xl_financials,VIX,low,-1.2738,0.2830,254,-0.5002,0.1062
APD,xl_financials,Rates,high,-1.3396,0.5488,63,-0.5002,0.1062
APD,xl_financials,Rates,low,0.1553,0.5207,63,-0.5002,0.1062
APD,xl_financials,Bull-Bear,high,-0.4836,0.1185,839,-0.5002,0.1062
APD,xl_financials,Bull-Bear,low,-0.2009,0.2358,241,-0.5002,0.1062
APD,xl_healthcare,VIX,high,0.9026,0.1846,312,0.3860,0.0830
APD,xl_healthcare,VIX,low,0.1494,0.2012,254,0.3860,0.0830
APD,xl_healthcare,Rates,high,0.6085,0.5571,63,0.3860,0.0830
APD,xl_healthcare,Rates,low,0.7814,0.3444,63,0.3860,0.0830
APD,xl_healthcare,Bull-Bear,high,0.1783,0.0900,839,0.3860,0.0830
APD,xl_healthcare,Bull-Bear,low,0.0024,0.1923,241,0.3860,0.0830
APD,xl_industrials,VIX,high,-0.4524,0.2647,312,-0.0304,0.1225
APD,xl_industrials,VIX,low,-0.3828,0.3149,254,-0.0304,0.1225
APD,xl_industrials,Rates,high,-1.9808,0.7644,63,-0.0304,0.1225
APD,xl_industrials,Rates,low,-1.2857,0.5953,63,-0.0304,0.1225
APD,xl_industrials,Bull-Bear,high,0.2291,0.1355,839,-0.0304,0.1225
APD,xl_industrials,Bull-Bear,low,-0.2534,0.2748,241,-0.0304,0.1225
APD,xl_real_estate,VIX,high,0.4676,0.1224,312,0.3028,0.0560
APD,xl_real_estate,VIX,low,0.4570,0.1310,254,0.3028,0.0560
APD,xl_real_estate,Rates,high,0.6972,0.3367,63,0.3028,0.0560
APD,xl_real_estate,Rates,low,0.9321,0.1488,63,0.3028,0.0560
APD,xl_real_estate,Bull-Bear,high,0.1182,0.0632,839,0.3028,0.0560
APD,xl_real_estate,Bull-Bear,low,0.2929,0.1242,241,0.3028,0.0560
APD,xl_utilities,VIX,high,0.6274,0.0968,312,0.3607,0.0482
APD,xl_utilities,VIX,low,0.4527,0.1238,254,0.3607,0.0482
APD,xl_utilities,Rates,high,0.7836,0.2093,63,0.3607,0.0482
APD,xl_utilities,Rates,low,0.6346,0.1869,63,0.3607,0.0482
APD,xl_utilities,Bull-Bear,high,0.1777,0.0578,839,0.3607,0.0482
APD,xl_utilities,Bull-Bear,low,0.2408,0.1050,241,0.3607,0.0482
AVGO,biotech,VIX,high,0.1621,0.1575,312,-0.0406,0.0708
AVGO,biotech,VIX,low,-0.4808,0.2077,254,-0.0406,0.0708
AVGO,biotech,Rates,high,-0.3376,0.4180,63,-0.0406,0.0708
AVGO,biotech,Rates,low,-0.0093,0.4474,63,-0.0406,0.0708
AVGO,biotech,Bull-Bear,high,-0.0947,0.0798,839,-0.0406,0.0708
AVGO,biotech,Bull-Bear,low,0.1095,0.1397,241,-0.0406,0.0708
AVGO,china_a_shares,VIX,high,0.2569,0.1181,312,0.0471,0.0487
AVGO,china_a_shares,VIX,low,-0.1062,0.1358,254,0.0471,0.0487
AVGO,china_a_shares,Rates,high,0.2023,0.2561,63,0.0471,0.0487
AVGO,china_a_shares,Rates,low,0.9647,0.3189,63,0.0471,0.0487
AVGO,china_a_shares,Bull-Bear,high,-0.0100,0.0545,839,0.0471,0.0487
AVGO,china_a_shares,Bull-Bear,low,-0.0176,0.1049,241,0.0471,0.0487
AVGO,china_exposure,VIX,high,0.0477,0.0960,312,0.0333,0.0417
AVGO,china_exposure,VIX,low,-0.0057,0.1021,254,0.0333,0.0417
AVGO,china_exposure,Rates,high,-0.0494,0.2120,63,0.0333,0.0417
AVGO,china_exposure,Rates,low,0.2715,0.2755,63,0.0333,0.0417
AVGO,china_exposure,Bull-Bear,high,-0.0083,0.0492,839,0.0333,0.0417
AVGO,china_exposure,Bull-Bear,low,0.1163,0.0716,241,0.0333,0.0417
AVGO,copper,VIX,high,-0.0565,0.1209,312,0.0539,0.0532
AVGO,copper,VIX,low,-0.0541,0.1452,254,0.0539,0.0532
AVGO,copper,Rates,high,0.1100,0.2601,63,0.0539,0.0532
AVGO,copper,Rates,low,0.2511,0.3185,63,0.0539,0.0532
AVGO,copper,Bull-Bear,high,0.0932,0.0620,839,0.0539,0.0532
AVGO,copper,Bull-Bear,low,0.0219,0.1009,241,0.0539,0.0532
AVGO,credit_hy_spread,VIX,high,0.3075,0.2520,312,-0.4309,0.1494
AVGO,credit_hy_spread,VIX,low,-1.7261,0.5108,254,-0.4309,0.1494
AVGO,credit_hy_spread,Rates,high,2.7838,1.0372,63,-0.4309,0.1494
AVGO,credit_hy_spread,Rates,low,2.4957,0.7619,63,-0.4309,0.1494
AVGO,credit_hy_spread,Bull-Bear,high,-1.6848,0.2161,839,-0.4309,0.1494
AVGO,credit_hy_spread,Bull-Bear,low,-0.2851,0.2352,241,-0.4309,0.1494
AVGO,defense,VIX,high,0.3489,0.1555,312,0.2427,0.0822
AVGO,defense,VIX,low,0.4191,0.2253,254,0.2427,0.0822
AVGO,defense,Rates,high,0.3054,0.3834,63,0.2427,0.0822
AVGO,defense,Rates,low,0.0775,0.3836,63,0.2427,0.0822
AVGO,defense,Bull-Bear,high,0.3723,0.1022,839,0.2427,0.0822
AVGO,defense,Bull-Bear,low,-0.3008,0.1537,241,0.2427,0.0822
AVGO,energy_oil,VIX,high,0.0921,0.0446,312,0.0291,0.0272
AVGO,energy_oil,VIX,low,-0.1260,0.1065,254,0.0291,0.0272
AVGO,energy_oil,Rates,high,0.2312,0.1424,63,0.0291,0.0272
AVGO,energy_oil,Rates,low,0.2897,0.1391,63,0.0291,0.0272
AVGO,energy_oil,Bull-Bear,high,-0.0520,0.0453,839,0.0291,0.0272
AVGO,energy_oil,Bull-Bear,low,-0.0481,0.0370,241,0.0291,0.0272
AVGO,gold,VIX,high,-0.0550,0.1633,312,0.0417,0.0768
AVGO,gold,VIX,low,-0.2127,0.2059,254,0.0417,0.0768
AVGO,gold,Rates,high,-0.0963,0.4091,63,0.0417,0.0768
AVGO,gold,Rates,low,0.1662,0.3585,63,0.0417,0.0768
AVGO,gold,Bull-Bear,high,0.1773,0.0893,839,0.0417,0.0768
AVGO,gold,Bull-Bear,low,-0.1603,0.1535,241,0.0417,0.0768
AVGO,growth,VIX,high,2.1236,0.8206,312,0.8942,0.4397
AVGO,growth,VIX,low,-3.6507,1.4959,254,0.8942,0.4397
AVGO,growth,Rates,high,6.1423,1.6919,63,0.8942,0.4397
AVGO,growth,Rates,low,6.3399,1.8456,63,0.8942,0.4397
AVGO,growth,Bull-Bear,high,0.2194,0.5479,839,0.8942,0.4397
AVGO,growth,Bull-Bear,low,0.7403,0.8489,241,0.8942,0.4397
AVGO,inflation,VIX,high,0.9972,0.3922,312,0.3114,0.2269
AVGO,inflation,VIX,low,-1.1261,0.8538,254,0.3114,0.2269
AVGO,inflation,Rates,high,-2.0460,1.0988,63,0.3114,0.2269
AVGO,inflation,Rates,low,2.5965,0.7638,63,0.3114,0.2269
AVGO,inflation,Bull-Bear,high,-0.5817,0.3492,839,0.3114,0.2269
AVGO,inflation,Bull-Bear,low,-0.4784,0.3433,241,0.3114,0.2269
AVGO,lithium,VIX,high,-0.0022,0.1020,312,0.0320,0.0445
AVGO,lithium,VIX,low,-0.0527,0.1132,254,0.0320,0.0445
AVGO,lithium,Rates,high,-0.3581,0.2386,63,0.0320,0.0445
AVGO,lithium,Rates,low,-0.2285,0.3573,63,0.0320,0.0445
AVGO,lithium,Bull-Bear,high,0.0525,0.0489,839,0.0320,0.0445
AVGO,lithium,Bull-Bear,low,0.0142,0.1063,241,0.0320,0.0445
AVGO,market_beta,VIX,high,1.2794,0.0476,312,1.4143,0.0391
AVGO,market_beta,VIX,low,2.1687,0.2698,254,1.4143,0.0391
AVGO,market_beta,Rates,high,1.5604,0.1242,63,1.4143,0.0391
AVGO,market_beta,Rates,low,1.4630,0.1047,63,1.4143,0.0391
AVGO,market_beta,Bull-Bear,high,1.6639,0.0733,839,1.4143,0.0391
AVGO,market_beta,Bull-Bear,low,1.2762,0.0522,241,1.4143,0.0391
AVGO,momentum,VIX,high,0.2878,0.2307,312,0.6749,0.1057
AVGO,momentum,VIX,low,3.0138,0.2802,254,0.6749,0.1057
AVGO,momentum,Rates,high,1.0891,0.6431,63,0.6749,0.1057
AVGO,momentum,Rates,low,-0.2837,0.6014,63,0.6749,0.1057
AVGO,momentum,Bull-Bear,high,1.0635,0.1088,839,0.6749,0.1057
AVGO,momentum,Bull-Bear,low,-0.1078,0.2370,241,0.6749,0.1057
AVGO,natural_gas,VIX,high,-0.0091,0.0456,312,-0.0157,0.0192
AVGO,natural_gas,VIX,low,-0.1119,0.0482,254,-0.0157,0.0192
AVGO,natural_gas,Rates,high,0.0200,0.0932,63,-0.0157,0.0192
AVGO,natural_gas,Rates,low,0.0714,0.1250,63,-0.0157,0.0192
AVGO,natural_gas,Bull-Bear,high,-0.0416,0.0220,839,-0.0157,0.0192
AVGO,natural_gas,Bull-Bear,low,0.0073,0.0367,241,-0.0157,0.0192
AVGO,quality,VIX,high,-1.9822,0.6775,312,0.1987,0.3311
AVGO,quality,VIX,low,2.3184,0.9083,254,0.1987,0.3311
AVGO,quality,Rates,high,-3.9549,1.3880,63,0.1987,0.3311
AVGO,quality,Rates,low,-2.0348,1.3756,63,0.1987,0.3311
AVGO,quality,Bull-Bear,high,0.9196,0.4043,839,0.1987,0.3311
AVGO,quality,Bull-Bear,low,2.2137,0.6490,241,0.1987,0.3311
AVGO,rates,VIX,high,-0.3310,0.3173,312,0.0914,0.1486
AVGO,rates,VIX,low,0.0580,0.3903,254,0.0914,0.1486
AVGO,rates,Rates,high,0.2467,1.4033,63,0.0914,0.1486
AVGO,rates,Rates,low,-1.5731,1.2232,63,0.0914,0.1486
AVGO,rates,Bull-Bear,high,0.4364,0.1987,839,0.0914,0.1486
AVGO,rates,Bull-Bear,low,0.2802,0.2479,241,0.0914,0.1486
AVGO,rates_30y,VIX,high,-0.0386,0.1355,312,0.1029,0.0663
AVGO,rates_30y,VIX,low,0.0762,0.1875,254,0.1029,0.0663
AVGO,rates_30y,Rates,high,0.7062,0.3839,63,0.1029,0.0663
AVGO,rates_30y,Rates,low,-0.4621,0.4259,63,0.1029,0.0663
AVGO,rates_30y,Bull-Bear,high,0.2024,0.0897,839,0.1029,0.0663
AVGO,rates_30y,Bull-Bear,low,0.1232,0.1201,241,0.1029,0.0663
AVGO,semiconductors,VIX,high,0.1454,0.1382,312,0.8750,0.0531
AVGO,semiconductors,VIX,low,1.3713,0.1096,254,0.8750,0.0531
AVGO,semiconductors,Rates,high,0.3309,0.3538,63,0.8750,0.0531
AVGO,semiconductors,Rates,low,0.0820,0.2702,63,0.8750,0.0531
AVGO,semiconductors,Bull-Bear,high,1.1562,0.0522,839,0.8750,0.0531
AVGO,semiconductors,Bull-Bear,low,0.7499,0.1155,241,0.8750,0.0531
AVGO,uranium,VIX,high,-0.0741,0.0899,312,0.0554,0.0349
AVGO,uranium,VIX,low,0.0024,0.0974,254,0.0554,0.0349
AVGO,uranium,Rates,high,0.1649,0.1835,63,0.0554,0.0349
AVGO,uranium,Rates,low,-0.1976,0.2022,63,0.0554,0.0349
AVGO,uranium,Bull-Bear,high,0.0937,0.0392,839,0.0554,0.0349
AVGO,uranium,Bull-Bear,low,-0.0068,0.0728,241,0.0554,0.0349
AVGO,usd_strength,VIX,high,0.9242,0.3016,312,0.1624,0.1606
AVGO,usd_strength,VIX,low,-0.1197,0.4671,254,0.1624,0.1606
AVGO,usd_strength,Rates,high,1.1009,0.8180,63,0.1624,0.1606
AVGO,usd_strength,Rates,low,1.5711,0.6125,63,0.1624,0.1606
AVGO,usd_strength,Bull-Bear,high,-0.5010,0.2144,839,0.1624,0.1606
AVGO,usd_strength,Bull-Bear,low,-0.8594,0.3069,241,0.1624,0.1606
AVGO,value,VIX,high,0.5738,0.3014,312,-1.1063,0.1494
AVGO,value,VIX,low,-2.3261,0.3442,254,-1.1063,0.1494
AVGO,value,Rates,high,1.6815,0.7336,63,-1.1063,0.1494
AVGO,value,Rates,low,1.0441,0.7716,63,-1.1063,0.1494
AVGO,value,Bull-Bear,high,-1.9205,0.1583,839,-1.1063,0.1494
AVGO,value,Bull-Bear,low,-1.3630,0.3055,241,-1.1063,0.1494
AVGO,volatility,VIX,high,0.0464,0.0239,312,-0.0273,0.0133
AVGO,volatility,VIX,low,0.0287,0.0511,254,-0.0273,0.0133
AVGO,volatility,Rates,high,-0.0147,0.0471,63,-0.0273,0.0133
AVGO,volatility,Rates,low,0.0421,0.0594,63,-0.0273,0.0133
AVGO,volatility,Bull-Bear,high,-0.1098,0.0155,839,-0.0273,0.0133
AVGO,volatility,Bull-Bear,low,0.1174,0.0322,241,-0.0273,0.0133
AVGO,xl_consumer_defensive,VIX,high,0.0168,0.2044,312,-0.7508,0.1040
AVGO,xl_consumer_defensive,VIX,low,-1.5860,0.2939,254,-0.7508,0.1040
AVGO,xl_consumer_defensive,Rates,high,-0.2214,0.4412,63,-0.7508,0.1040
AVGO,xl_consumer_defensive,Rates,low,-0.6668,0.4857,63,-0.7508,0.1040
AVGO,xl_consumer_defensive,Bull-Bear,high,-1.3306,0.1322,839,-0.7508,0.1040
AVGO,xl_consumer_defensive,Bull-Bear,low,-0.6448,0.1841,241,-0.7508,0.1040
AVGO,xl_financials,VIX,high,-0.2121,0.2795,312,-0.0160,0.1465
AVGO,xl_financials,VIX,low,0.5177,0.4406,254,-0.0160,0.1465
AVGO,xl_financials,Rates,high,0.3883,0.5967,63,-0.0160,0.1465
AVGO,xl_financials,Rates,low,-0.0568,0.7864,63,-0.0160,0.1465
AVGO,xl_financials,Bull-Bear,high,-0.1871,0.1811,839,-0.0160,0.1465
AVGO,xl_financials,Bull-Bear,low,0.0448,0.2711,241,-0.0160,0.1465
AVGO,xl_healthcare,VIX,high,0.2831,0.2398,312,-0.7324,0.1126
AVGO,xl_healthcare,VIX,low,-1.7585,0.2816,254,-0.7324,0.1126
AVGO,xl_healthcare,Rates,high,-0.6549,0.5797,63,-0.7324,0.1126
AVGO,xl_healthcare,Rates,low,0.3980,0.5389,63,-0.7324,0.1126
AVGO,xl_healthcare,Bull-Bear,high,-1.1977,0.1302,839,-0.7324,0.1126
AVGO,xl_healthcare,Bull-Bear,low,-0.7362,0.2156,241,-0.7324,0.1126
AVGO,xl_industrials,VIX,high,-0.0942,0.3335,312,0.5072,0.1670
AVGO,xl_industrials,VIX,low,1.8278,0.4601,254,0.5072,0.1670
AVGO,xl_industrials,Rates,high,0.0297,0.8386,63,0.5072,0.1670
AVGO,xl_industrials,Rates,low,-1.9605,0.8979,63,0.5072,0.1670
AVGO,xl_industrials,Bull-Bear,high,1.0488,0.2022,839,0.5072,0.1670
AVGO,xl_industrials,Bull-Bear,low,-0.3508,0.3152,241,0.5072,0.1670
AVGO,xl_real_estate,VIX,high,0.1254,0.1570,312,-0.3861,0.0767
AVGO,xl_real_estate,VIX,low,-0.8226,0.1947,254,-0.3861,0.0767
AVGO,xl_real_estate,Rates,high,-0.0206,0.3627,63,-0.3861,0.0767
AVGO,xl_real_estate,Rates,low,1.0760,0.2529,63,-0.3861,0.0767
AVGO,xl_real_estate,Bull-Bear,high,-0.7746,0.0921,839,-0.3861,0.0767
AVGO,xl_real_estate,Bull-Bear,low,-0.3785,0.1422,241,-0.3861,0.0767
AVGO,xl_utilities,VIX,high,0.0948,0.1293,312,-0.4337,0.0663
AVGO,xl_utilities,VIX,low,-0.9534,0.1811,254,-0.4337,0.0663
AVGO,xl_utilities,Rates,high,-0.0254,0.2416,63,-0.4337,0.0663
AVGO,xl_utilities,Rates,low,0.5711,0.2988,63,-0.4337,0.0663
AVGO,xl_utilities,Bull-Bear,high,-0.8782,0.0825,839,-0.4337,0.0663
AVGO,xl_utilities,Bull-Bear,low,-0.2978,0.1204,241,-0.4337,0.0663
BA,biotech,VIX,high,-0.6281,0.2447,312,-0.2329,0.0868
BA,biotech,VIX,low,0.1483,0.1514,254,-0.2329,0.0868
BA,biotech,Rates,high,-0.9940,0.5140,63,-0.2329,0.0868
BA,biotech,Rates,low,0.0213,0.5823,63,-0.2329,0.0868
BA,biotech,Bull-Bear,high,-0.1722,0.0855,839,-0.2329,0.0868
BA,biotech,Bull-Bear,low,-0.0498,0.2067,241,-0.2329,0.0868
BA,china_a_shares,VIX,high,0.2387,0.1859,312,0.1326,0.0598
BA,china_a_shares,VIX,low,0.1448,0.0978,254,0.1326,0.0598
BA,china_a_shares,Rates,high,0.4159,0.3199,63,0.1326,0.0598
BA,china_a_shares,Rates,low,1.4341,0.4055,63,0.1326,0.0598
BA,china_a_shares,Bull-Bear,high,0.1139,0.0583,839,0.1326,0.0598
BA,china_a_shares,Bull-Bear,low,-0.1392,0.1547,241,0.1326,0.0598
BA,china_exposure,VIX,high,0.0600,0.1505,312,0.1143,0.0512
BA,china_exposure,VIX,low,0.1651,0.0731,254,0.1143,0.0512
BA,china_exposure,Rates,high,0.0826,0.2670,63,0.1143,0.0512
BA,china_exposure,Rates,low,0.3083,0.3592,63,0.1143,0.0512
BA,china_exposure,Bull-Bear,high,0.1200,0.0526,839,0.1143,0.0512
BA,china_exposure,Bull-Bear,low,0.0867,0.1062,241,0.1143,0.0512
BA,copper,VIX,high,-0.1026,0.1895,312,0.1185,0.0652
BA,copper,VIX,low,0.1011,0.1048,254,0.1185,0.0652
BA,copper,Rates,high,0.6399,0.3178,63,0.1185,0.0652
BA,copper,Rates,low,-0.0761,0.4166,63,0.1185,0.0652
BA,copper,Bull-Bear,high,0.2327,0.0662,839,0.1185,0.0652
BA,copper,Bull-Bear,low,-0.1642,0.1488,241,0.1185,0.0652
BA,credit_hy_spread,VIX,high,1.6073,0.3853,312,0.8218,0.1827
BA,credit_hy_spread,VIX,low,-0.3086,0.3768,254,0.8218,0.1827
BA,credit_hy_spread,Rates,high,2.9507,1.3293,63,0.8218,0.1827
BA,credit_hy_spread,Rates,low,3.4541,0.9803,63,0.8218,0.1827
BA,credit_hy_spread,Bull-Bear,high,-0.1085,0.2401,839,0.8218,0.1827
BA,credit_hy_spread,Bull-Bear,low,0.6871,0.3458,241,0.8218,0.1827
BA,defense,VIX,high,2.2643,0.2093,312,1.7692,0.0881
BA,defense,VIX,low,1.1686,0.1465,254,1.7692,0.0881
BA,defense,Rates,high,1.9779,0.4144,63,1.7692,0.0881
BA,defense,Rates,low,1.2877,0.4715,63,1.7692,0.0881
BA,defense,Bull-Bear,high,1.8514,0.0902,839,1.7692,0.0881
BA,defense,Bull-Bear,low,1.1899,0.2156,241,1.7692,0.0881
BA,energy_oil,VIX,high,0.1094,0.0700,312,0.0822,0.0334
BA,energy_oil,VIX,low,0.0214,0.0772,254,0.0822,0.0334
BA,energy_oil,Rates,high,0.5173,0.1709,63,0.0822,0.0334
BA,energy_oil,Rates,low,0.1806,0.1860,63,0.0822,0.0334
BA,energy_oil,Bull-Bear,high,0.1687,0.0483,839,0.0822,0.0334
BA,energy_oil,Bull-Bear,low,-0.0949,0.0545,241,0.0822,0.0334
BA,gold,VIX,high,-0.0752,0.2560,312,0.1150,0.0943
BA,gold,VIX,low,0.2905,0.1480,254,0.1150,0.0943
BA,gold,Rates,high,-0.1221,0.5155,63,0.1150,0.0943
BA,gold,Rates,low,0.5203,0.4627,63,0.1150,0.0943
BA,gold,Bull-Bear,high,0.1163,0.0960,839,0.1150,0.0943
BA,gold,Bull-Bear,low,-0.1668,0.2271,241,0.1150,0.0943
BA,growth,VIX,high,1.9919,1.2949,312,1.0056,0.5403
BA,growth,VIX,low,2.5152,1.0821,254,1.0056,0.5403
BA,growth,Rates,high,3.5649,2.3062,63,1.0056,0.5403
BA,growth,Rates,low,6.6090,2.4842,63,1.0056,0.5403
BA,growth,Bull-Bear,high,-0.9772,0.5870,839,1.0056,0.5403
BA,growth,Bull-Bear,low,4.0198,1.2293,241,1.0056,0.5403
BA,inflation,VIX,high,2.0751,0.6097,312,1.1062,0.2773
BA,inflation,VIX,low,-0.5870,0.6180,254,1.1062,0.2773
BA,inflation,Rates,high,1.8245,1.4040,63,1.1062,0.2773
BA,inflation,Rates,low,3.3909,0.9935,63,1.1062,0.2773
BA,inflation,Bull-Bear,high,0.3904,0.3751,839,1.1062,0.2773
BA,inflation,Bull-Bear,low,-0.3555,0.5089,241,1.1062,0.2773
BA,lithium,VIX,high,0.3114,0.1589,312,0.2296,0.0543
BA,lithium,VIX,low,0.2090,0.0808,254,0.2296,0.0543
BA,lithium,Rates,high,-0.0176,0.3062,63,0.2296,0.0543
BA,lithium,Rates,low,-0.1363,0.4663,63,0.2296,0.0543
BA,lithium,Bull-Bear,high,0.2321,0.0519,839,0.2296,0.0543
BA,lithium,Bull-Bear,low,0.0817,0.1570,241,0.2296,0.0543
BA,market_beta,VIX,high,1.6703,0.0976,312,1.4924,0.0542
BA,market_beta,VIX,low,0.3802,0.2172,254,1.4924,0.0542
BA,market_beta,Rates,high,1.3222,0.2433,63,1.4924,0.0542
BA,market_beta,Rates,low,1.5868,0.1917,63,1.4924,0.0542
BA,market_beta,Bull-Bear,high,1.3979,0.0875,839,1.4924,0.0542
BA,market_beta,Bull-Bear,low,1.2980,0.1174,241,1.4924,0.0542
BA,momentum,VIX,high,-0.9772,0.3582,312,-0.4912,0.1312
BA,momentum,VIX,low,-0.7290,0.2402,254,-0.4912,0.1312
BA,momentum,Rates,high,0.0291,0.8292,63,-0.4912,0.1312
BA,momentum,Rates,low,-0.4245,0.7823,63,-0.4912,0.1312
BA,momentum,Bull-Bear,high,-0.5067,0.1220,839,-0.4912,0.1312
BA,momentum,Bull-Bear,low,-0.3573,0.3497,241,-0.4912,0.1312
BA,natural_gas,VIX,high,-0.0275,0.0715,312,-0.0132,0.0236
BA,natural_gas,VIX,low,0.0534,0.0351,254,-0.0132,0.0236
BA,natural_gas,Rates,high,0.1565,0.1157,63,-0.0132,0.0236
BA,natural_gas,Rates,low,0.1082,0.1625,63,-0.0132,0.0236
BA,natural_gas,Bull-Bear,high,-0.0104,0.0237,839,-0.0132,0.0236
BA,natural_gas,Bull-Bear,low,-0.0106,0.0542,241,-0.0132,0.0236
BA,quality,VIX,high,-2.0412,1.0700,312,-1.3327,0.4051
BA,quality,VIX,low,-1.7342,0.6557,254,-1.3327,0.4051
BA,quality,Rates,high,-3.2459,1.8147,63,-1.3327,0.4051
BA,quality,Rates,low,-5.0224,1.7052,63,-1.3327,0.4051
BA,quality,Bull-Bear,high,-1.0425,0.4337,839,-1.3327,0.4051
BA,quality,Bull-Bear,low,-0.7365,0.9811,241,-1.3327,0.4051
BA,rates,VIX,high,-0.5171,0.4973,312,-0.0519,0.1826
BA,rates,VIX,low,0.4610,0.2805,254,-0.0519,0.1826
BA,rates,Rates,high,4.9934,1.6491,63,-0.0519,0.1826
BA,rates,Rates,low,-2.0439,1.5922,63,-0.0519,0.1826
BA,rates,Bull-Bear,high,-0.1822,0.2138,839,-0.0519,0.1826
BA,rates,Bull-Bear,low,0.4173,0.3663,241,-0.0519,0.1826
BA,rates_30y,VIX,high,-0.1681,0.2122,312,-0.0064,0.0816
BA,rates_30y,VIX,low,0.2085,0.1349,254,-0.0064,0.0816
BA,rates_30y,Rates,high,2.2755,0.4027,63,-0.0064,0.0816
BA,rates_30y,Rates,low,-0.6010,0.5544,63,-0.0064,0.0816
BA,rates_30y,Bull-Bear,high,-0.2061,0.0963,839,-0.0064,0.0816
BA,rates_30y,Bull-Bear,low,0.2081,0.1774,241,-0.0064,0.0816
BA,semiconductors,VIX,high,-0.9959,0.2095,312,-0.1615,0.0718
BA,semiconductors,VIX,low,-0.0505,0.1008,254,-0.1615,0.0718
BA,semiconductors,Rates,high,-0.3866,0.4462,63,-0.1615,0.0718
BA,semiconductors,Rates,low,0.0856,0.3518,63,-0.1615,0.0718
BA,semiconductors,Bull-Bear,high,0.0421,0.0706,839,-0.1615,0.0718
BA,semiconductors,Bull-Bear,low,-0.0227,0.1851,241,-0.1615,0.0718
BA,uranium,VIX,high,-0.1160,0.1408,312,0.0966,0.0428
BA,uranium,VIX,low,0.0004,0.0704,254,0.0966,0.0428
BA,uranium,Rates,high,0.1877,0.2316,63,0.0966,0.0428
BA,uranium,Rates,low,0.0959,0.2649,63,0.0966,0.0428
BA,uranium,Bull-Bear,high,0.1486,0.0419,839,0.0966,0.0428
BA,uranium,Bull-Bear,low,0.0710,0.1075,241,0.0966,0.0428
BA,usd_strength,VIX,high,-0.0143,0.4797,312,-0.5633,0.1967
BA,usd_strength,VIX,low,-0.9967,0.3317,254,-0.5633,0.1967
BA,usd_strength,Rates,high,-1.3045,1.0325,63,-0.5633,0.1967
BA,usd_strength,Rates,low,2.1959,0.7906,63,-0.5633,0.1967
BA,usd_strength,Bull-Bear,high,-1.0663,0.2278,839,-0.5633,0.1967
BA,usd_strength,Bull-Bear,low,-1.7956,0.4461,241,-0.5633,0.1967
BA,value,VIX,high,3.2475,0.4378,312,1.7373,0.1810
BA,value,VIX,low,0.8391,0.2651,254,1.7373,0.1810
BA,value,Rates,high,3.3186,0.8646,63,1.7373,0.1810
BA,value,Rates,low,1.1579,1.0085,63,1.7373,0.1810
BA,value,Bull-Bear,high,1.4082,0.1776,839,1.7373,0.1810
BA,value,Bull-Bear,low,0.4720,0.4689,241,1.7373,0.1810
BA,volatility,VIX,high,0.1178,0.0371,312,0.0145,0.0164
BA,volatility,VIX,low,-0.0397,0.0369,254,0.0145,0.0164
BA,volatility,Rates,high,0.0725,0.0586,63,0.0145,0.0164
BA,volatility,Rates,low,-0.0271,0.0775,63,0.0145,0.0164
BA,volatility,Bull-Bear,high,-0.0914,0.0169,839,0.0145,0.0164
BA,volatility,Bull-Bear,low,0.1667,0.0478,241,0.0145,0.0164
BA,xl_consumer_defensive,VIX,high,-0.1017,0.3203,312,-0.2840,0.1301
BA,xl_consumer_defensive,VIX,low,0.1610,0.2240,254,-0.2840,0.1301
BA,xl_consumer_defensive,Rates,high,0.0111,0.5571,63,-0.2840,0.1301
BA,xl_consumer_defensive,Rates,low,-0.7311,0.6350,63,-0.2840,0.1301
BA,xl_consumer_defensive,Bull-Bear,high,-0.3794,0.1496,839,-0.2840,0.1301
BA,xl_consumer_defensive,Bull-Bear,low,-1.0108,0.2713,241,-0.2840,0.1301
BA,xl_financials,VIX,high,0.8192,0.4359,312,0.4457,0.1796
BA,xl_financials,VIX,low,-0.5566,0.3173,254,0.4457,0.1796
BA,xl_financials,Rates,high,0.4805,0.7519,63,0.4457,0.1796
BA,xl_financials,Rates,low,0.7141,1.0196,63,0.4457,0.1796
BA,xl_financials,Bull-Bear,high,0.2941,0.1942,839,0.4457,0.1796
BA,xl_financials,Bull-Bear,low,1.0934,0.3944,241,0.4457,0.1796
BA,xl_healthcare,VIX,high,-0.1872,0.3765,312,-0.5278,0.1398
BA,xl_healthcare,VIX,low,0.1833,0.2183,254,-0.5278,0.1398
BA,xl_healthcare,Rates,high,-0.5916,0.7342,63,-0.5278,0.1398
BA,xl_healthcare,Rates,low,0.1039,0.7045,63,-0.5278,0.1398
BA,xl_healthcare,Bull-Bear,high,-0.5470,0.1453,839,-0.5278,0.1398
BA,xl_healthcare,Bull-Bear,low,-1.4654,0.3123,241,-0.5278,0.1398
BA,xl_industrials,VIX,high,2.6611,0.5004,312,1.8618,0.1990
BA,xl_industrials,VIX,low,1.1122,0.3355,254,1.8618,0.1990
BA,xl_industrials,Rates,high,1.1482,1.0464,63,1.8618,0.1990
BA,xl_industrials,Rates,low,-0.1303,1.2134,63,1.8618,0.1990
BA,xl_industrials,Bull-Bear,high,1.6006,0.2134,839,1.8618,0.1990
BA,xl_industrials,Bull-Bear,low,1.6591,0.4546,241,1.8618,0.1990
BA,xl_real_estate,VIX,high,0.9733,0.2399,312,0.2951,0.0948
BA,xl_real_estate,VIX,low,0.2241,0.1449,254,0.2951,0.0948
BA,xl_real_estate,Rates,high,0.1067,0.4568,63,0.2951,0.0948
BA,xl_real_estate,Rates,low,1.1080,0.3469,63,0.2951,0.0948
BA,xl_real_estate,Bull-Bear,high,-0.0355,0.1029,839,0.2951,0.0948
BA,xl_real_estate,Bull-Bear,low,0.2277,0.2127,241,0.2951,0.0948
BA,xl_utilities,VIX,high,0.5070,0.2007,312,0.0447,0.0829
BA,xl_utilities,VIX,low,0.0869,0.1378,254,0.0447,0.0829
BA,xl_utilities,Rates,high,-0.0615,0.3044,63,0.0447,0.0829
BA,xl_utilities,Rates,low,0.4622,0.3961,63,0.0447,0.0829
BA,xl_utilities,Bull-Bear,high,-0.2546,0.0940,839,0.0447,0.0829
BA,xl_utilities,Bull-Bear,low,-0.0358,0.1802,241,0.0447,0.0829
BAC,biotech,VIX,high,-0.3629,0.1658,312,-0.1777,0.0603
BAC,biotech,VIX,low,0.2512,0.0974,254,-0.1777,0.0603
BAC,biotech,Rates,high,0.2344,0.3592,63,-0.1777,0.0603
BAC,biotech,Rates,low,-0.0989,0.4343,63,-0.1777,0.0603
BAC,biotech,Bull-Bear,high,-0.1591,0.0589,839,-0.1777,0.0603
BAC,biotech,Bull-Bear,low,-0.1304,0.1431,241,-0.1777,0.0603
BAC,china_a_shares,VIX,high,0.0710,0.1259,312,0.0027,0.0417
BAC,china_a_shares,VIX,low,0.0146,0.0639,254,0.0027,0.0417
BAC,china_a_shares,Rates,high,-0.1544,0.2198,63,0.0027,0.0417
BAC,china_a_shares,Rates,low,0.2971,0.3299,63,0.0027,0.0417
BAC,china_a_shares,Bull-Bear,high,0.0035,0.0403,839,0.0027,0.0417
BAC,china_a_shares,Bull-Bear,low,-0.1387,0.1071,241,0.0027,0.0417
BAC,china_exposure,VIX,high,-0.0392,0.1017,312,0.0037,0.0357
BAC,china_exposure,VIX,low,0.0271,0.0480,254,0.0037,0.0357
BAC,china_exposure,Rates,high,-0.2480,0.1791,63,0.0037,0.0357
BAC,china_exposure,Rates,low,-0.1455,0.2690,63,0.0037,0.0357
BAC,china_exposure,Bull-Bear,high,0.0255,0.0364,839,0.0037,0.0357
BAC,china_exposure,Bull-Bear,low,0.0275,0.0737,241,0.0037,0.0357
BAC,copper,VIX,high,-0.1016,0.1280,312,0.0329,0.0454
BAC,copper,VIX,low,0.0934,0.0681,254,0.0329,0.0454
BAC,copper,Rates,high,-0.4527,0.2157,63,0.0329,0.0454
BAC,copper,Rates,low,0.1183,0.3105,63,0.0329,0.0454
BAC,copper,Bull-Bear,high,0.0806,0.0459,839,0.0329,0.0454
BAC,copper,Bull-Bear,low,0.0127,0.1034,241,0.0329,0.0454
BAC,credit_hy_spread,VIX,high,1.5631,0.2523,312,1.0096,0.1249
BAC,credit_hy_spread,VIX,low,-0.5502,0.2431,254,1.0096,0.1249
BAC,credit_hy_spread,Rates,high,1.3951,0.9234,63,1.0096,0.1249
BAC,credit_hy_spread,Rates,low,3.5891,0.6577,63,1.0096,0.1249
BAC,credit_hy_spread,Bull-Bear,high,0.6548,0.1640,839,1.0096,0.1249
BAC,credit_hy_spread,Bull-Bear,low,0.6124,0.2384,241,1.0096,0.1249
BAC,defense,VIX,high,0.0515,0.1659,312,-0.1204,0.0704
BAC,defense,VIX,low,-0.4866,0.1022,254,-0.1204,0.0704
BAC,defense,Rates,high,-0.6190,0.3209,63,-0.1204,0.0704
BAC,defense,Rates,low,-0.5613,0.3657,63,-0.1204,0.0704
BAC,defense,Bull-Bear,high,-0.0171,0.0762,839,-0.1204,0.0704
BAC,defense,Bull-Bear,low,-0.3394,0.1572,241,-0.1204,0.0704
BAC,energy_oil,VIX,high,0.0759,0.0473,312,0.0688,0.0232
BAC,energy_oil,VIX,low,0.0233,0.0502,254,0.0688,0.0232
BAC,energy_oil,Rates,high,0.0302,0.1247,63,0.0688,0.0232
BAC,energy_oil,Rates,low,0.1682,0.1382,63,0.0688,0.0232
BAC,energy_oil,Bull-Bear,high,0.1035,0.0334,839,0.0688,0.0232
BAC,energy_oil,Bull-Bear,low,-0.0479,0.0379,241,0.0688,0.0232
BAC,gold,VIX,high,-0.5800,0.1698,312,-0.2962,0.0651
BAC,gold,VIX,low,0.1737,0.0964,254,-0.2962,0.0651
BAC,gold,Rates,high,-0.6492,0.3410,63,-0.2962,0.0651
BAC,gold,Rates,low,-0.2574,0.3472,63,-0.2962,0.0651
BAC,gold,Bull-Bear,high,-0.2251,0.0658,839,-0.2962,0.0651
BAC,gold,Bull-Bear,low,-0.2875,0.1565,241,-0.2962,0.0651
BAC,growth,VIX,high,0.4916,0.8778,312,-0.1043,0.3765
BAC,growth,VIX,low,3.1712,0.6829,254,-0.1043,0.3765
BAC,growth,Rates,high,3.9971,1.5159,63,-0.1043,0.3765
BAC,growth,Rates,low,5.4829,1.8278,63,-0.1043,0.3765
BAC,growth,Bull-Bear,high,-1.5020,0.4022,839,-0.1043,0.3765
BAC,growth,Bull-Bear,low,0.8676,0.8692,241,-0.1043,0.3765
BAC,inflation,VIX,high,1.0369,0.4154,312,0.8337,0.1927
BAC,inflation,VIX,low,-0.7039,0.4003,254,0.8337,0.1927
BAC,inflation,Rates,high,-1.8161,0.9404,63,0.8337,0.1927
BAC,inflation,Rates,low,0.7512,0.8032,63,0.8337,0.1927
BAC,inflation,Bull-Bear,high,0.9732,0.2567,839,0.8337,0.1927
BAC,inflation,Bull-Bear,low,0.0251,0.3531,241,0.8337,0.1927
BAC,lithium,VIX,high,0.0293,0.1080,312,0.0536,0.0380
BAC,lithium,VIX,low,0.1178,0.0527,254,0.0536,0.0380
BAC,lithium,Rates,high,-0.4251,0.2012,63,0.0536,0.0380
BAC,lithium,Rates,low,-0.2633,0.3465,63,0.0536,0.0380
BAC,lithium,Bull-Bear,high,0.1063,0.0360,839,0.0536,0.0380
BAC,lithium,Bull-Bear,low,-0.0451,0.1088,241,0.0536,0.0380
BAC,market_beta,VIX,high,1.3040,0.0545,312,1.2070,0.0334
BAC,market_beta,VIX,low,0.9106,0.1301,254,1.2070,0.0334
BAC,market_beta,Rates,high,1.2881,0.1162,63,1.2070,0.0334
BAC,market_beta,Rates,low,1.3965,0.1071,63,1.2070,0.0334
BAC,market_beta,Bull-Bear,high,1.0091,0.0594,839,1.2070,0.0334
BAC,market_beta,Bull-Bear,low,1.1332,0.0681,241,1.2070,0.0334
BAC,momentum,VIX,high,-1.0917,0.2369,312,-0.6236,0.0901
BAC,momentum,VIX,low,-0.4335,0.1568,254,-0.6236,0.0901
BAC,momentum,Rates,high,-0.1417,0.5641,63,-0.6236,0.0901
BAC,momentum,Rates,low,-0.4876,0.5817,63,-0.6236,0.0901
BAC,momentum,Bull-Bear,high,-0.5781,0.0826,839,-0.6236,0.0901
BAC,momentum,Bull-Bear,low,-0.6950,0.2387,241,-0.6236,0.0901
BAC,natural_gas,VIX,high,-0.0123,0.0483,312,0.0138,0.0165
BAC,natural_gas,VIX,low,0.0216,0.0229,254,0.0138,0.0165
BAC,natural_gas,Rates,high,0.1016,0.0789,63,0.0138,0.0165
BAC,natural_gas,Rates,low,0.0569,0.1215,63,0.0138,0.0165
BAC,natural_gas,Bull-Bear,high,0.0108,0.0163,839,0.0138,0.0165
BAC,natural_gas,Bull-Bear,low,0.0096,0.0376,241,0.0138,0.0165
BAC,quality,VIX,high,-0.1813,0.7271,312,-1.0140,0.2816
BAC,quality,VIX,low,-2.0506,0.4128,254,-1.0140,0.2816
BAC,quality,Rates,high,-5.5101,1.0525,63,-1.0140,0.2816
BAC,quality,Rates,low,-0.4036,1.3586,63,-1.0140,0.2816
BAC,quality,Bull-Bear,high,-1.1421,0.2975,839,-1.0140,0.2816
BAC,quality,Bull-Bear,low,-0.7251,0.6792,241,-1.0140,0.2816
BAC,rates,VIX,high,-1.6770,0.3228,312,-0.7840,0.1251
BAC,rates,VIX,low,0.5667,0.1800,254,-0.7840,0.1251
BAC,rates,Rates,high,-1.1796,1.1943,63,-0.7840,0.1251
BAC,rates,Rates,low,-1.3735,1.1909,63,-0.7840,0.1251
BAC,rates,Bull-Bear,high,-0.7689,0.1451,839,-0.7840,0.1251
BAC,rates,Bull-Bear,low,-0.0740,0.2546,241,-0.7840,0.1251
BAC,rates_30y,VIX,high,-0.7620,0.1368,312,-0.3612,0.0558
BAC,rates_30y,VIX,low,0.3033,0.0861,254,-0.3612,0.0558
BAC,rates_30y,Rates,high,-0.1999,0.3373,63,-0.3612,0.0558
BAC,rates_30y,Rates,low,-0.8997,0.4014,63,-0.3612,0.0558
BAC,rates_30y,Bull-Bear,high,-0.3967,0.0652,839,-0.3612,0.0558
BAC,rates_30y,Bull-Bear,low,-0.0029,0.1233,241,-0.3612,0.0558
BAC,semiconductors,VIX,high,-0.9916,0.1354,312,-0.3150,0.0493
BAC,semiconductors,VIX,low,-0.0991,0.0653,254,-0.3150,0.0493
BAC,semiconductors,Rates,high,-0.7126,0.2916,63,-0.3150,0.0493
BAC,semiconductors,Rates,low,-0.5495,0.2530,63,-0.3150,0.0493
BAC,semiconductors,Bull-Bear,high,-0.1383,0.0484,839,-0.3150,0.0493
BAC,semiconductors,Bull-Bear,low,-0.2715,0.1271,241,-0.3150,0.0493
BAC,uranium,VIX,high,-0.2608,0.0941,312,-0.0282,0.0298
BAC,uranium,VIX,low,-0.0307,0.0457,254,-0.0282,0.0298
BAC,uranium,Rates,high,0.1444,0.1574,63,-0.0282,0.0298
BAC,uranium,Rates,low,-0.2570,0.1951,63,-0.0282,0.0298
BAC,uranium,Bull-Bear,high,0.0340,0.0291,839,-0.0282,0.0298
BAC,uranium,Bull-Bear,low,-0.0769,0.0744,241,-0.0282,0.0298
BAC,usd_strength,VIX,high,0.9310,0.3198,312,0.2393,0.1371
BAC,usd_strength,VIX,low,-0.7840,0.2140,254,0.2393,0.1371
BAC,usd_strength,Rates,high,0.9698,0.7009,63,0.2393,0.1371
BAC,usd_strength,Rates,low,0.6944,0.6197,63,0.2393,0.1371
BAC,usd_strength,Bull-Bear,high,-0.1623,0.1590,839,0.2393,0.1371
BAC,usd_strength,Bull-Bear,low,-1.6295,0.3016,241,0.2393,0.1371
BAC,value,VIX,high,3.0930,0.2686,312,2.0848,0.1164
BAC,value,VIX,low,1.3547,0.1538,254,2.0848,0.1164
BAC,value,Rates,high,2.1414,0.5956,63,2.0848,0.1164
BAC,value,Rates,low,3.2899,0.6332,63,2.0848,0.1164
BAC,value,Bull-Bear,high,1.7919,0.1109,839,2.0848,0.1164
BAC,value,Bull-Bear,low,1.5258,0.3104,241,2.0848,0.1164
BAC,volatility,VIX,high,0.0933,0.0249,312,0.0131,0.0114
BAC,volatility,VIX,low,-0.0332,0.0240,254,0.0131,0.0114
BAC,volatility,Rates,high,-0.0473,0.0399,63,0.0131,0.0114
BAC,volatility,Rates,low,0.1112,0.0561,63,0.0131,0.0114
BAC,volatility,Bull-Bear,high,-0.0558,0.0117,839,0.0131,0.0114
BAC,volatility,Bull-Bear,low,0.1130,0.0331,241,0.0131,0.0114
BAC,xl_consumer_defensive,VIX,high,0.5724,0.2140,312,0.0837,0.0907
BAC,xl_consumer_defensive,VIX,low,0.0773,0.1458,254,0.0837,0.0907
BAC,xl_consumer_defensive,Rates,high,0.0835,0.3790,63,0.0837,0.0907
BAC,xl_consumer_defensive,Rates,low,0.1932,0.4782,63,0.0837,0.0907
BAC,xl_consumer_defensive,Bull-Bear,high,-0.1708,0.1034,839,0.0837,0.0907
BAC,xl_consumer_defensive,Bull-Bear,low,-0.3539,0.1921,241,0.0837,0.0907
BAC,xl_financials,VIX,high,1.6531,0.2809,312,1.5079,0.1178
BAC,xl_financials,VIX,low,-0.0816,0.2076,254,1.5079,0.1178
BAC,xl_financials,Rates,high,1.1012,0.4937,63,1.5079,0.1178
BAC,xl_financials,Rates,low,0.6384,0.7593,63,1.5079,0.1178
BAC,xl_financials,Bull-Bear,high,1.6622,0.1212,839,1.5079,0.1178
BAC,xl_financials,Bull-Bear,low,1.6945,0.2552,241,1.5079,0.1178
BAC,xl_healthcare,VIX,high,0.4623,0.2531,312,-0.0522,0.0978
BAC,xl_healthcare,VIX,low,0.0394,0.1422,254,-0.0522,0.0978
BAC,xl_healthcare,Rates,high,-0.1728,0.5018,63,-0.0522,0.0978
BAC,xl_healthcare,Rates,low,0.4378,0.5227,63,-0.0522,0.0978
BAC,xl_healthcare,Bull-Bear,high,-0.2738,0.1006,839,-0.0522,0.0978
BAC,xl_healthcare,Bull-Bear,low,-0.4703,0.2241,241,-0.0522,0.0978
BAC,xl_industrials,VIX,high,-0.3278,0.3527,312,-0.2720,0.1430
BAC,xl_industrials,VIX,low,-0.5019,0.2207,254,-0.2720,0.1430
BAC,xl_industrials,Rates,high,-1.1593,0.7037,63,-0.2720,0.1430
BAC,xl_industrials,Rates,low,-1.9543,0.8701,63,-0.2720,0.1430
BAC,xl_industrials,Bull-Bear,high,-0.0433,0.1520,839,-0.2720,0.1430
BAC,xl_industrials,Bull-Bear,low,-0.8161,0.3194,241,-0.2720,0.1430
BAC,xl_real_estate,VIX,high,0.7489,0.1608,312,0.3021,0.0657
BAC,xl_real_estate,VIX,low,0.4271,0.0908,254,0.3021,0.0657
BAC,xl_real_estate,Rates,high,-0.1929,0.3100,63,0.3021,0.0657
BAC,xl_real_estate,Rates,low,1.3447,0.2203,63,0.3021,0.0657
BAC,xl_real_estate,Bull-Bear,high,0.0978,0.0709,839,0.3021,0.0657
BAC,xl_real_estate,Bull-Bear,low,0.2670,0.1468,241,0.3021,0.0657
BAC,xl_utilities,VIX,high,0.5260,0.1337,312,0.1443,0.0575
BAC,xl_utilities,VIX,low,0.2586,0.0882,254,0.1443,0.0575
BAC,xl_utilities,Rates,high,0.0890,0.2069,63,0.1443,0.0575
BAC,xl_utilities,Rates,low,1.0269,0.2683,63,0.1443,0.0575
BAC,xl_utilities,Bull-Bear,high,-0.0815,0.0650,839,0.1443,0.0575
BAC,xl_utilities,Bull-Bear,low,0.0852,0.1248,241,0.1443,0.0575
BLK,biotech,VIX,high,0.1356,0.1454,312,0.0145,0.0534
BLK,biotech,VIX,low,0.1509,0.0825,254,0.0145,0.0534
BLK,biotech,Rates,high,0.0969,0.3326,63,0.0145,0.0534
BLK,biotech,Rates,low,-0.2366,0.4554,63,0.0145,0.0534
BLK,biotech,Bull-Bear,high,0.0086,0.0464,839,0.0145,0.0534
BLK,biotech,Bull-Bear,low,0.1232,0.1423,241,0.0145,0.0534
BLK,china_a_shares,VIX,high,0.0807,0.1097,312,0.0373,0.0368
BLK,china_a_shares,VIX,low,0.0706,0.0536,254,0.0373,0.0368
BLK,china_a_shares,Rates,high,0.0090,0.2038,63,0.0373,0.0368
BLK,china_a_shares,Rates,low,0.6338,0.3393,63,0.0373,0.0368
BLK,china_a_shares,Bull-Bear,high,0.0520,0.0316,839,0.0373,0.0368
BLK,china_a_shares,Bull-Bear,low,-0.1439,0.1064,241,0.0373,0.0368
BLK,china_exposure,VIX,high,-0.0498,0.0886,312,0.0167,0.0315
BLK,china_exposure,VIX,low,0.0918,0.0400,254,0.0167,0.0315
BLK,china_exposure,Rates,high,-0.1280,0.1672,63,0.0167,0.0315
BLK,china_exposure,Rates,low,-0.1264,0.2828,63,0.0167,0.0315
BLK,china_exposure,Bull-Bear,high,0.0408,0.0285,839,0.0167,0.0315
BLK,china_exposure,Bull-Bear,low,0.0498,0.0732,241,0.0167,0.0315
BLK,copper,VIX,high,-0.2307,0.1109,312,-0.0077,0.0401
BLK,copper,VIX,low,0.0702,0.0573,254,-0.0077,0.0401
BLK,copper,Rates,high,-0.3453,0.2015,63,-0.0077,0.0401
BLK,copper,Rates,low,0.0772,0.3264,63,-0.0077,0.0401
BLK,copper,Bull-Bear,high,0.0877,0.0360,839,-0.0077,0.0401
BLK,copper,Bull-Bear,low,-0.1025,0.1026,241,-0.0077,0.0401
BLK,credit_hy_spread,VIX,high,0.8765,0.2278,312,0.1802,0.1130
BLK,credit_hy_spread,VIX,low,-1.0410,0.1960,254,0.1802,0.1130
BLK,credit_hy_spread,Rates,high,1.9090,0.8335,63,0.1802,0.1130
BLK,credit_hy_spread,Rates,low,3.5071,0.7133,63,0.1802,0.1130
BLK,credit_hy_spread,Bull-Bear,high,-0.7575,0.1274,839,0.1802,0.1130
BLK,credit_hy_spread,Bull-Bear,low,-0.0711,0.2403,241,0.1802,0.1130
BLK,defense,VIX,high,0.0908,0.1445,312,-0.0931,0.0622
BLK,defense,VIX,low,-0.2782,0.0881,254,-0.0931,0.0622
BLK,defense,Rates,high,-0.6264,0.2945,63,-0.0931,0.0622
BLK,defense,Rates,low,-0.4921,0.3864,63,-0.0931,0.0622
BLK,defense,Bull-Bear,high,-0.1001,0.0598,839,-0.0931,0.0622
BLK,defense,Bull-Bear,low,-0.4754,0.1548,241,-0.0931,0.0622
BLK,energy_oil,VIX,high,-0.0046,0.0414,312,-0.0289,0.0205
BLK,energy_oil,VIX,low,-0.0863,0.0419,254,-0.0289,0.0205
BLK,energy_oil,Rates,high,-0.0504,0.1150,63,-0.0289,0.0205
BLK,energy_oil,Rates,low,0.1969,0.1447,63,-0.0289,0.0205
BLK,energy_oil,Bull-Bear,high,-0.0055,0.0264,839,-0.0289,0.0205
BLK,energy_oil,Bull-Bear,low,-0.1223,0.0370,241,-0.0289,0.0205
BLK,gold,VIX,high,-0.2311,0.1502,312,-0.0035,0.0579
BLK,gold,VIX,low,0.2816,0.0797,254,-0.0035,0.0579
BLK,gold,Rates,high,-0.6464,0.3134,63,-0.0035,0.0579
BLK,gold,Rates,low,-0.1050,0.3661,63,-0.0035,0.0579
BLK,gold,Bull-Bear,high,0.1429,0.0518,839,-0.0035,0.0579
BLK,gold,Bull-Bear,low,-0.1213,0.1565,241,-0.0035,0.0579
BLK,growth,VIX,high,0.4863,0.7650,312,0.4006,0.3322
BLK,growth,VIX,low,2.0336,0.5852,254,0.4006,0.3322
BLK,growth,Rates,high,2.6547,1.4380,63,0.4006,0.3322
BLK,growth,Rates,low,5.6068,1.9274,63,0.4006,0.3322
BLK,growth,Bull-Bear,high,0.0433,0.3184,839,0.4006,0.3322
BLK,growth,Bull-Bear,low,0.4879,0.8655,241,0.4006,0.3322
BLK,inflation,VIX,high,0.1334,0.3656,312,-0.1908,0.1713
BLK,inflation,VIX,low,-1.4342,0.3269,254,-0.1908,0.1713
BLK,inflation,Rates,high,-2.6792,0.8262,63,-0.1908,0.1713
BLK,inflation,Rates,low,-0.5052,0.8473,63,-0.1908,0.1713
BLK,inflation,Bull-Bear,high,-0.4754,0.2026,839,-0.1908,0.1713
BLK,inflation,Bull-Bear,low,-0.6861,0.3483,241,-0.1908,0.1713
BLK,lithium,VIX,high,-0.0250,0.0942,312,0.0508,0.0336
BLK,lithium,VIX,low,0.0880,0.0445,254,0.0508,0.0336
BLK,lithium,Rates,high,-0.4149,0.1850,63,0.0508,0.0336
BLK,lithium,Rates,low,-0.4293,0.3615,63,0.0508,0.0336
BLK,lithium,Bull-Bear,high,0.0891,0.0283,839,0.0508,0.0336
BLK,lithium,Bull-Bear,low,-0.0215,0.1083,241,0.0508,0.0336
BLK,market_beta,VIX,high,1.2199,0.0403,312,1.2094,0.0247
BLK,market_beta,VIX,low,1.0385,0.1002,254,1.2094,0.0247
BLK,market_beta,Rates,high,1.2810,0.0884,63,1.2094,0.0247
BLK,market_beta,Rates,low,1.5127,0.1020,63,1.2094,0.0247
BLK,market_beta,Bull-Bear,high,1.1020,0.0384,839,1.2094,0.0247
BLK,market_beta,Bull-Bear,low,1.2350,0.0593,241,1.2094,0.0247
BLK,momentum,VIX,high,0.1070,0.2133,312,-0.0721,0.0810
BLK,momentum,VIX,low,0.0419,0.1340,254,-0.0721,0.0810
BLK,momentum,Rates,high,-0.2076,0.5205,63,-0.0721,0.0810
BLK,momentum,Rates,low,-0.2406,0.6138,63,-0.0721,0.0810
BLK,momentum,Bull-Bear,high,0.0377,0.0667,839,-0.0721,0.0810
BLK,momentum,Bull-Bear,low,-0.4505,0.2398,241,-0.0721,0.0810
BLK,natural_gas,VIX,high,-0.0253,0.0421,312,-0.0008,0.0145
BLK,natural_gas,VIX,low,0.0069,0.0193,254,-0.0008,0.0145
BLK,natural_gas,Rates,high,0.0148,0.0738,63,-0.0008,0.0145
BLK,natural_gas,Rates,low,0.0522,0.1277,63,-0.0008,0.0145
BLK,natural_gas,Bull-Bear,high,0.0020,0.0128,839,-0.0008,0.0145
BLK,natural_gas,Bull-Bear,low,-0.0158,0.0374,241,-0.0008,0.0145
BLK,quality,VIX,high,0.5015,0.6332,312,0.6083,0.2493
BLK,quality,VIX,low,-0.7800,0.3608,254,0.6083,0.2493
BLK,quality,Rates,high,-2.2721,1.1334,63,0.6083,0.2493
BLK,quality,Rates,low,2.5483,1.3905,63,0.6083,0.2493
BLK,quality,Bull-Bear,high,0.2315,0.2355,839,0.6083,0.2493
BLK,quality,Bull-Bear,low,1.6634,0.6684,241,0.6083,0.2493
BLK,rates,VIX,high,-0.8075,0.2897,312,0.0794,0.1121
BLK,rates,VIX,low,0.8741,0.1443,254,0.0794,0.1121
BLK,rates,Rates,high,-2.3893,1.0688,63,0.0794,0.1121
BLK,rates,Rates,low,-1.1812,1.2555,63,0.0794,0.1121
BLK,rates,Bull-Bear,high,0.4868,0.1146,839,0.0794,0.1121
BLK,rates,Bull-Bear,low,0.6024,0.2502,241,0.0794,0.1121
BLK,rates_30y,VIX,high,-0.3964,0.1230,312,0.0121,0.0501
BLK,rates_30y,VIX,low,0.4245,0.0692,254,0.0121,0.0501
BLK,rates_30y,Rates,high,-0.4787,0.3063,63,0.0121,0.0501
BLK,rates_30y,Rates,low,-1.0631,0.4170,63,0.0121,0.0501
BLK,rates_30y,Bull-Bear,high,0.1788,0.0519,839,0.0121,0.0501
BLK,rates_30y,Bull-Bear,low,0.2990,0.1211,241,0.0121,0.0501
BLK,semiconductors,VIX,high,-0.7137,0.1212,312,-0.0996,0.0441
BLK,semiconductors,VIX,low,0.0442,0.0552,254,-0.0996,0.0441
BLK,semiconductors,Rates,high,-0.3331,0.2790,63,-0.0996,0.0441
BLK,semiconductors,Rates,low,-0.5330,0.2673,63,-0.0996,0.0441
BLK,semiconductors,Bull-Bear,high,0.1103,0.0380,839,-0.0996,0.0441
BLK,semiconductors,Bull-Bear,low,-0.0329,0.1276,241,-0.0996,0.0441
BLK,uranium,VIX,high,-0.1842,0.0824,312,-0.0081,0.0263
BLK,uranium,VIX,low,-0.0125,0.0385,254,-0.0081,0.0263
BLK,uranium,Rates,high,0.0265,0.1463,63,-0.0081,0.0263
BLK,uranium,Rates,low,-0.2628,0.2051,63,-0.0081,0.0263
BLK,uranium,Bull-Bear,high,0.0368,0.0228,839,-0.0081,0.0263
BLK,uranium,Bull-Bear,low,-0.0104,0.0741,241,-0.0081,0.0263
BLK,usd_strength,VIX,high,0.6014,0.2804,312,-0.1959,0.1211
BLK,usd_strength,VIX,low,-0.9264,0.1755,254,-0.1959,0.1211
BLK,usd_strength,Rates,high,1.3060,0.6358,63,-0.1959,0.1211
BLK,usd_strength,Rates,low,0.1697,0.6572,63,-0.1959,0.1211
BLK,usd_strength,Bull-Bear,high,-0.7208,0.1225,839,-0.1959,0.1211
BLK,usd_strength,Bull-Bear,low,-1.5734,0.3010,241,-0.1959,0.1211
BLK,value,VIX,high,1.1897,0.2715,312,0.5852,0.1140
BLK,value,VIX,low,0.6275,0.1427,254,0.5852,0.1140
BLK,value,Rates,high,0.8621,0.5954,63,0.5852,0.1140
BLK,value,Rates,low,1.9131,0.7604,63,0.5852,0.1140
BLK,value,Bull-Bear,high,0.3060,0.0992,839,0.5852,0.1140
BLK,value,Bull-Bear,low,-0.1965,0.3237,241,0.5852,0.1140
BLK,volatility,VIX,high,0.0812,0.0217,312,0.0070,0.0101
BLK,volatility,VIX,low,-0.0211,0.0202,254,0.0070,0.0101
BLK,volatility,Rates,high,-0.0176,0.0372,63,0.0070,0.0101
BLK,volatility,Rates,low,0.1420,0.0580,63,0.0070,0.0101
BLK,volatility,Bull-Bear,high,-0.0723,0.0089,839,0.0070,0.0101
BLK,volatility,Bull-Bear,low,0.1440,0.0324,241,0.0070,0.0101
BLK,xl_consumer_defensive,VIX,high,0.6663,0.1848,312,0.0788,0.0801
BLK,xl_consumer_defensive,VIX,low,-0.0108,0.1229,254,0.0788,0.0801
BLK,xl_consumer_defensive,Rates,high,0.3756,0.3469,63,0.0788,0.0801
BLK,xl_consumer_defensive,Rates,low,0.4402,0.4999,63,0.0788,0.0801
BLK,xl_consumer_defensive,Bull-Bear,high,-0.2751,0.0808,839,0.0788,0.0801
BLK,xl_consumer_defensive,Bull-Bear,low,-0.3041,0.1913,241,0.0788,0.0801
BLK,xl_financials,VIX,high,0.2129,0.2579,312,0.4143,0.1099
BLK,xl_financials,VIX,low,-0.2233,0.1743,254,0.4143,0.1099
BLK,xl_financials,Rates,high,0.2144,0.4734,63,0.4143,0.1099
BLK,xl_financials,Rates,low,0.1798,0.8019,63,0.4143,0.1099
BLK,xl_financials,Bull-Bear,high,0.3427,0.1046,839,0.4143,0.1099
BLK,xl_financials,Bull-Bear,low,1.0208,0.2682,241,0.4143,0.1099
BLK,xl_healthcare,VIX,high,0.9083,0.2157,312,0.0740,0.0863
BLK,xl_healthcare,VIX,low,-0.0972,0.1196,254,0.0740,0.0863
BLK,xl_healthcare,Rates,high,0.0690,0.4638,63,0.0740,0.0863
BLK,xl_healthcare,Rates,low,0.4564,0.5491,63,0.0740,0.0863
BLK,xl_healthcare,Bull-Bear,high,-0.1593,0.0792,839,0.0740,0.0863
BLK,xl_healthcare,Bull-Bear,low,-0.3886,0.2235,241,0.0740,0.0863
BLK,xl_industrials,VIX,high,-0.1918,0.3076,312,0.0986,0.1264
BLK,xl_industrials,VIX,low,0.1683,0.1874,254,0.0986,0.1264
BLK,xl_industrials,Rates,high,-0.7514,0.6572,63,0.0986,0.1264
BLK,xl_industrials,Rates,low,-1.4408,0.9330,63,0.0986,0.1264
BLK,xl_industrials,Bull-Bear,high,0.3184,0.1189,839,0.0986,0.1264
BLK,xl_industrials,Bull-Bear,low,-0.7774,0.3180,241,0.0986,0.1264
BLK,xl_real_estate,VIX,high,0.5340,0.1418,312,0.2130,0.0582
BLK,xl_real_estate,VIX,low,0.3077,0.0774,254,0.2130,0.0582
BLK,xl_real_estate,Rates,high,0.1215,0.2868,63,0.2130,0.0582
BLK,xl_real_estate,Rates,low,1.3437,0.2381,63,0.2130,0.0582
BLK,xl_real_estate,Bull-Bear,high,-0.0745,0.0557,839,0.2130,0.0582
BLK,xl_real_estate,Bull-Bear,low,0.1581,0.1466,241,0.2130,0.0582
BLK,xl_utilities,VIX,high,0.5151,0.1157,312,0.1256,0.0508
BLK,xl_utilities,VIX,low,0.0892,0.0753,254,0.1256,0.0508
BLK,xl_utilities,Rates,high,0.1254,0.1907,63,0.1256,0.0508
BLK,xl_utilities,Rates,low,1.0430,0.2840,63,0.1256,0.0508
BLK,xl_utilities,Bull-Bear,high,-0.1635,0.0508,839,0.1256,0.0508
BLK,xl_utilities,Bull-Bear,low,-0.0295,0.1242,241,0.1256,0.0508
CAT,biotech,VIX,high,-0.2222,0.1382,312,-0.1081,0.0552
CAT,biotech,VIX,low,0.2560,0.1131,254,-0.1081,0.0552
CAT,biotech,Rates,high,0.2865,0.3203,63,-0.1081,0.0552
CAT,biotech,Rates,low,-0.4076,0.3333,63,-0.1081,0.0552
CAT,biotech,Bull-Bear,high,-0.1160,0.0577,839,-0.1081,0.0552
CAT,biotech,Bull-Bear,low,-0.0327,0.1375,241,-0.1081,0.0552
CAT,china_a_shares,VIX,high,-0.0189,0.1046,312,0.0615,0.0380
CAT,china_a_shares,VIX,low,0.1108,0.0736,254,0.0615,0.0380
CAT,china_a_shares,Rates,high,-0.1322,0.1967,63,0.0615,0.0380
CAT,china_a_shares,Rates,low,-0.1053,0.2576,63,0.0615,0.0380
CAT,china_a_shares,Bull-Bear,high,0.0632,0.0394,839,0.0615,0.0380
CAT,china_a_shares,Bull-Bear,low,-0.0422,0.1030,241,0.0615,0.0380
CAT,china_exposure,VIX,high,-0.0513,0.0844,312,0.0452,0.0326
CAT,china_exposure,VIX,low,0.1046,0.0552,254,0.0452,0.0326
CAT,china_exposure,Rates,high,-0.1582,0.1614,63,0.0452,0.0326
CAT,china_exposure,Rates,low,-0.3150,0.2055,63,0.0452,0.0326
CAT,china_exposure,Bull-Bear,high,0.0756,0.0355,839,0.0452,0.0326
CAT,china_exposure,Bull-Bear,low,0.0371,0.0707,241,0.0452,0.0326
CAT,copper,VIX,high,0.1425,0.1061,312,0.2256,0.0410
CAT,copper,VIX,low,0.1979,0.0781,254,0.2256,0.0410
CAT,copper,Rates,high,-0.4363,0.1919,63,0.2256,0.0410
CAT,copper,Rates,low,0.4078,0.2357,63,0.2256,0.0410
CAT,copper,Bull-Bear,high,0.2386,0.0442,839,0.2256,0.0410
CAT,copper,Bull-Bear,low,0.3155,0.0971,241,0.2256,0.0410
CAT,credit_hy_spread,VIX,high,0.9353,0.2157,312,0.5449,0.1160
CAT,credit_hy_spread,VIX,low,-0.0659,0.2841,254,0.5449,0.1160
CAT,credit_hy_spread,Rates,high,0.0191,0.8414,63,0.5449,0.1160
CAT,credit_hy_spread,Rates,low,2.1092,0.5615,63,0.5449,0.1160
CAT,credit_hy_spread,Bull-Bear,high,0.2682,0.1616,839,0.5449,0.1160
CAT,credit_hy_spread,Bull-Bear,low,0.3706,0.2306,241,0.5449,0.1160
CAT,defense,VIX,high,0.1389,0.1376,312,0.0268,0.0644
CAT,defense,VIX,low,-0.4701,0.1198,254,0.0268,0.0644
CAT,defense,Rates,high,-0.3338,0.2926,63,0.0268,0.0644
CAT,defense,Rates,low,-0.3359,0.2862,63,0.0268,0.0644
CAT,defense,Bull-Bear,high,0.1256,0.0744,839,0.0268,0.0644
CAT,defense,Bull-Bear,low,-0.1689,0.1519,241,0.0268,0.0644
CAT,energy_oil,VIX,high,0.1311,0.0387,312,0.1303,0.0209
CAT,energy_oil,VIX,low,0.0980,0.0578,254,0.1303,0.0209
CAT,energy_oil,Rates,high,-0.0669,0.1113,63,0.1303,0.0209
CAT,energy_oil,Rates,low,0.1386,0.1071,63,0.1303,0.0209
CAT,energy_oil,Bull-Bear,high,0.1579,0.0324,839,0.1303,0.0209
CAT,energy_oil,Bull-Bear,low,0.0660,0.0362,241,0.1303,0.0209
CAT,gold,VIX,high,-0.1848,0.1432,312,-0.0484,0.0599
CAT,gold,VIX,low,0.1222,0.1120,254,-0.0484,0.0599
CAT,gold,Rates,high,-0.4713,0.3081,63,-0.0484,0.0599
CAT,gold,Rates,low,-0.1038,0.2705,63,-0.0484,0.0599
CAT,gold,Bull-Bear,high,0.0198,0.0648,839,-0.0484,0.0599
CAT,gold,Bull-Bear,low,-0.0300,0.1512,241,-0.0484,0.0599
CAT,growth,VIX,high,-1.0932,0.7266,312,-0.8998,0.3428
CAT,growth,VIX,low,3.1208,0.7997,254,-0.8998,0.3428
CAT,growth,Rates,high,2.9778,1.3796,63,-0.8998,0.3428
CAT,growth,Rates,low,1.2816,1.5116,63,-0.8998,0.3428
CAT,growth,Bull-Bear,high,-1.1026,0.3945,839,-0.8998,0.3428
CAT,growth,Bull-Bear,low,-0.5767,0.8348,241,-0.8998,0.3428
CAT,inflation,VIX,high,1.0232,0.3435,312,0.8412,0.1757
CAT,inflation,VIX,low,-0.4227,0.4654,254,0.8412,0.1757
CAT,inflation,Rates,high,0.2424,0.8660,63,0.8412,0.1757
CAT,inflation,Rates,low,-0.0903,0.6281,63,0.8412,0.1757
CAT,inflation,Bull-Bear,high,0.8063,0.2515,839,0.8412,0.1757
CAT,inflation,Bull-Bear,low,0.4886,0.3373,241,0.8412,0.1757
CAT,lithium,VIX,high,0.1101,0.0895,312,0.1342,0.0346
CAT,lithium,VIX,low,0.1586,0.0608,254,0.1342,0.0346
CAT,lithium,Rates,high,-0.5279,0.1737,63,0.1342,0.0346
CAT,lithium,Rates,low,0.0363,0.2703,63,0.1342,0.0346
CAT,lithium,Bull-Bear,high,0.1463,0.0351,839,0.1342,0.0346
CAT,lithium,Bull-Bear,low,0.1556,0.1040,241,0.1342,0.0346
CAT,market_beta,VIX,high,0.9801,0.0523,312,0.9699,0.0339
CAT,market_beta,VIX,low,1.1031,0.1491,254,0.9699,0.0339
CAT,market_beta,Rates,high,0.9762,0.1302,63,0.9699,0.0339
CAT,market_beta,Rates,low,0.8204,0.1231,63,0.9699,0.0339
CAT,market_beta,Bull-Bear,high,0.9921,0.0580,839,0.9699,0.0339
CAT,market_beta,Bull-Bear,low,0.8764,0.0774,241,0.9699,0.0339
CAT,momentum,VIX,high,-0.7666,0.1986,312,-0.3473,0.0832
CAT,momentum,VIX,low,0.0247,0.1842,254,-0.3473,0.0832
CAT,momentum,Rates,high,0.4483,0.5016,63,-0.3473,0.0832
CAT,momentum,Rates,low,-0.8364,0.4415,63,-0.3473,0.0832
CAT,momentum,Bull-Bear,high,-0.2588,0.0826,839,-0.3473,0.0832
CAT,momentum,Bull-Bear,low,-0.4944,0.2308,241,-0.3473,0.0832
CAT,natural_gas,VIX,high,-0.0263,0.0401,312,-0.0012,0.0150
CAT,natural_gas,VIX,low,0.0113,0.0265,254,-0.0012,0.0150
CAT,natural_gas,Rates,high,0.1372,0.0693,63,-0.0012,0.0150
CAT,natural_gas,Rates,low,0.1071,0.0935,63,-0.0012,0.0150
CAT,natural_gas,Bull-Bear,high,-0.0121,0.0159,839,-0.0012,0.0150
CAT,natural_gas,Bull-Bear,low,0.0237,0.0360,241,-0.0012,0.0150
CAT,quality,VIX,high,0.0636,0.6038,312,0.0082,0.2585
CAT,quality,VIX,low,-0.1417,0.5005,254,0.0082,0.2585
CAT,quality,Rates,high,-1.7727,1.1105,63,0.0082,0.2585
CAT,quality,Rates,low,0.7971,1.0509,63,0.0082,0.2585
CAT,quality,Bull-Bear,high,-0.1714,0.2933,839,0.0082,0.2585
CAT,quality,Bull-Bear,low,0.9284,0.6504,241,0.0082,0.2585
CAT,rates,VIX,high,-1.1279,0.2720,312,-0.5619,0.1149
CAT,rates,VIX,low,0.0689,0.2123,254,-0.5619,0.1149
CAT,rates,Rates,high,-0.5449,1.0746,63,-0.5619,0.1149
CAT,rates,Rates,low,-0.9593,0.9267,63,-0.5619,0.1149
CAT,rates,Bull-Bear,high,-0.5661,0.1428,839,-0.5619,0.1149
CAT,rates,Bull-Bear,low,-0.1877,0.2440,241,-0.5619,0.1149
CAT,rates_30y,VIX,high,-0.5462,0.1150,312,-0.2717,0.0513
CAT,rates_30y,VIX,low,0.0669,0.1019,254,-0.2717,0.0513
CAT,rates_30y,Rates,high,-0.1841,0.3017,63,-0.2717,0.0513
CAT,rates_30y,Rates,low,-0.5733,0.3158,63,-0.2717,0.0513
CAT,rates_30y,Bull-Bear,high,-0.2903,0.0643,839,-0.2717,0.0513
CAT,rates_30y,Bull-Bear,low,-0.1138,0.1181,241,-0.2717,0.0513
CAT,semiconductors,VIX,high,-0.5198,0.1181,312,-0.0405,0.0457
CAT,semiconductors,VIX,low,0.1065,0.0756,254,-0.0405,0.0457
CAT,semiconductors,Rates,high,-0.3464,0.2697,63,-0.0405,0.0457
CAT,semiconductors,Rates,low,-0.2443,0.2015,63,-0.0405,0.0457
CAT,semiconductors,Bull-Bear,high,0.0847,0.0475,839,-0.0405,0.0457
CAT,semiconductors,Bull-Bear,low,0.0624,0.1230,241,-0.0405,0.0457
CAT,uranium,VIX,high,-0.0023,0.0791,312,0.0762,0.0272
CAT,uranium,VIX,low,0.0314,0.0530,254,0.0762,0.0272
CAT,uranium,Rates,high,0.0763,0.1414,63,0.0762,0.0272
CAT,uranium,Rates,low,0.0147,0.1536,63,0.0762,0.0272
CAT,uranium,Bull-Bear,high,0.1132,0.0282,839,0.0762,0.0272
CAT,uranium,Bull-Bear,low,0.1041,0.0712,241,0.0762,0.0272
CAT,usd_strength,VIX,high,0.3797,0.2683,312,-0.0989,0.1254
CAT,usd_strength,VIX,low,-0.5003,0.2522,254,-0.0989,0.1254
CAT,usd_strength,Rates,high,1.0234,0.6232,63,-0.0989,0.1254
CAT,usd_strength,Rates,low,-0.2269,0.4853,63,-0.0989,0.1254
CAT,usd_strength,Bull-Bear,high,-0.4413,0.1548,839,-0.0989,0.1254
CAT,usd_strength,Bull-Bear,low,-0.9705,0.3001,241,-0.0989,0.1254
CAT,value,VIX,high,2.1470,0.2370,312,1.4616,0.1118
CAT,value,VIX,low,0.9288,0.1949,254,1.4616,0.1118
CAT,value,Rates,high,1.0501,0.5709,63,1.4616,0.1118
CAT,value,Rates,low,2.5431,0.4927,63,1.4616,0.1118
CAT,value,Bull-Bear,high,1.2863,0.1159,839,1.4616,0.1118
CAT,value,Bull-Bear,low,1.0641,0.3048,241,1.4616,0.1118
CAT,volatility,VIX,high,0.0389,0.0210,312,-0.0113,0.0104
CAT,volatility,VIX,low,0.0004,0.0278,254,-0.0113,0.0104
CAT,volatility,Rates,high,-0.0679,0.0351,63,-0.0113,0.0104
CAT,volatility,Rates,low,0.0755,0.0439,63,-0.0113,0.0104
CAT,volatility,Bull-Bear,high,-0.0590,0.0114,839,-0.0113,0.0104
CAT,volatility,Bull-Bear,low,0.0637,0.0323,241,-0.0113,0.0104
CAT,xl_consumer_defensive,VIX,high,0.4984,0.1775,312,-0.0399,0.0828
CAT,xl_consumer_defensive,VIX,low,-0.3977,0.1670,254,-0.0399,0.0828
CAT,xl_consumer_defensive,Rates,high,0.0417,0.3391,63,-0.0399,0.0828
CAT,xl_consumer_defensive,Rates,low,0.3251,0.3695,63,-0.0399,0.0828
CAT,xl_consumer_defensive,Bull-Bear,high,-0.3155,0.1007,839,-0.0399,0.0828
CAT,xl_consumer_defensive,Bull-Bear,low,-0.2844,0.1847,241,-0.0399,0.0828
CAT,xl_financials,VIX,high,0.0308,0.2459,312,0.0524,0.1144
CAT,xl_financials,VIX,low,-1.0696,0.2307,254,0.0524,0.1144
CAT,xl_financials,Rates,high,0.2795,0.4579,63,0.0524,0.1144
CAT,xl_financials,Rates,low,-0.4806,0.5899,63,0.0524,0.1144
CAT,xl_financials,Bull-Bear,high,0.2398,0.1308,839,0.0524,0.1144
CAT,xl_financials,Bull-Bear,low,-0.1315,0.2663,241,0.0524,0.1144
CAT,xl_healthcare,VIX,high,0.3880,0.2101,312,-0.1344,0.0893
CAT,xl_healthcare,VIX,low,-0.2135,0.1641,254,-0.1344,0.0893
CAT,xl_healthcare,Rates,high,-0.2908,0.4478,63,-0.1344,0.0893
CAT,xl_healthcare,Rates,low,-0.4978,0.4032,63,-0.1344,0.0893
CAT,xl_healthcare,Bull-Bear,high,-0.3672,0.0980,839,-0.1344,0.0893
CAT,xl_healthcare,Bull-Bear,low,-0.3171,0.2160,241,-0.1344,0.0893
CAT,xl_industrials,VIX,high,0.9539,0.2882,312,1.2386,0.1260
CAT,xl_industrials,VIX,low,1.2153,0.2465,254,1.2386,0.1260
CAT,xl_industrials,Rates,high,0.3525,0.6418,63,1.2386,0.1260
CAT,xl_industrials,Rates,low,0.7705,0.6961,63,1.2386,0.1260
CAT,xl_industrials,Bull-Bear,high,1.5708,0.1383,839,1.2386,0.1260
CAT,xl_industrials,Bull-Bear,low,0.8270,0.3060,241,1.2386,0.1260
CAT,xl_real_estate,VIX,high,0.2907,0.1371,312,0.0687,0.0605
CAT,xl_real_estate,VIX,low,0.3863,0.1069,254,0.0687,0.0605
CAT,xl_real_estate,Rates,high,-0.3317,0.2750,63,0.0687,0.0605
CAT,xl_real_estate,Rates,low,0.8532,0.1877,63,0.0687,0.0605
CAT,xl_real_estate,Bull-Bear,high,-0.0801,0.0693,839,0.0687,0.0605
CAT,xl_real_estate,Bull-Bear,low,0.0472,0.1418,241,0.0687,0.0605
CAT,xl_utilities,VIX,high,0.4413,0.1109,312,0.0175,0.0526
CAT,xl_utilities,VIX,low,-0.0607,0.1037,254,0.0175,0.0526
CAT,xl_utilities,Rates,high,0.0573,0.1853,63,0.0175,0.0526
CAT,xl_utilities,Rates,low,0.7399,0.2118,63,0.0175,0.0526
CAT,xl_utilities,Bull-Bear,high,-0.2418,0.0631,839,0.0175,0.0526
CAT,xl_utilities,Bull-Bear,low,0.1172,0.1196,241,0.0175,0.0526
COF,biotech,VIX,high,-0.4950,0.2069,312,-0.2798,0.0758
COF,biotech,VIX,low,0.3052,0.1073,254,-0.2798,0.0758
COF,biotech,Rates,high,-0.9985,0.5071,63,-0.2798,0.0758
COF,biotech,Rates,low,-0.0525,0.5650,63,-0.2798,0.0758
COF,biotech,Bull-Bear,high,-0.1717,0.0730,839,-0.2798,0.0758
COF,biotech,Bull-Bear,low,-0.2779,0.1978,241,-0.2798,0.0758
COF,china_a_shares,VIX,high,0.0506,0.1574,312,-0.0054,0.0525
COF,china_a_shares,VIX,low,0.0284,0.0706,254,-0.0054,0.0525
COF,china_a_shares,Rates,high,-0.0499,0.3202,63,-0.0054,0.0525
COF,china_a_shares,Rates,low,0.4786,0.4276,63,-0.0054,0.0525
COF,china_a_shares,Bull-Bear,high,-0.0213,0.0500,839,-0.0054,0.0525
COF,china_a_shares,Bull-Bear,low,-0.2178,0.1482,241,-0.0054,0.0525
COF,china_exposure,VIX,high,-0.0817,0.1270,312,-0.0214,0.0449
COF,china_exposure,VIX,low,0.0298,0.0530,254,-0.0214,0.0449
COF,china_exposure,Rates,high,-0.3665,0.2597,63,-0.0214,0.0449
COF,china_exposure,Rates,low,-0.0415,0.3506,63,-0.0214,0.0449
COF,china_exposure,Bull-Bear,high,-0.0241,0.0451,839,-0.0214,0.0449
COF,china_exposure,Bull-Bear,low,0.0054,0.1022,241,-0.0214,0.0449
COF,copper,VIX,high,-0.0635,0.1600,312,0.0536,0.0572
COF,copper,VIX,low,0.0472,0.0754,254,0.0536,0.0572
COF,copper,Rates,high,-0.1376,0.3237,63,0.0536,0.0572
COF,copper,Rates,low,-0.2202,0.4033,63,0.0536,0.0572
COF,copper,Bull-Bear,high,0.0354,0.0570,839,0.0536,0.0572
COF,copper,Bull-Bear,low,0.0268,0.1433,241,0.0536,0.0572
COF,credit_hy_spread,VIX,high,1.5550,0.3224,312,1.0031,0.1588
COF,credit_hy_spread,VIX,low,0.0835,0.2712,254,1.0031,0.1588
COF,credit_hy_spread,Rates,high,2.4294,1.3288,63,1.0031,0.1588
COF,credit_hy_spread,Rates,low,4.0023,0.9089,63,1.0031,0.1588
COF,credit_hy_spread,Bull-Bear,high,0.6509,0.2039,839,1.0031,0.1588
COF,credit_hy_spread,Bull-Bear,low,0.5216,0.3333,241,1.0031,0.1588
COF,defense,VIX,high,0.6325,0.2042,312,0.2014,0.0886
COF,defense,VIX,low,-0.3995,0.1151,254,0.2014,0.0886
COF,defense,Rates,high,0.7060,0.4710,63,0.2014,0.0886
COF,defense,Rates,low,-0.1866,0.4841,63,0.2014,0.0886
COF,defense,Bull-Bear,high,0.1844,0.0943,839,0.2014,0.0886
COF,defense,Bull-Bear,low,-0.1864,0.2196,241,0.2014,0.0886
COF,energy_oil,VIX,high,0.0808,0.0592,312,0.0717,0.0292
COF,energy_oil,VIX,low,0.0060,0.0555,254,0.0717,0.0292
COF,energy_oil,Rates,high,0.3555,0.1752,63,0.0717,0.0292
COF,energy_oil,Rates,low,0.1760,0.1805,63,0.0717,0.0292
COF,energy_oil,Bull-Bear,high,0.1154,0.0414,839,0.0717,0.0292
COF,energy_oil,Bull-Bear,low,-0.0898,0.0524,241,0.0717,0.0292
COF,gold,VIX,high,-0.4199,0.2148,312,-0.2618,0.0823
COF,gold,VIX,low,0.0033,0.1072,254,-0.2618,0.0823
COF,gold,Rates,high,-1.2775,0.4823,63,-0.2618,0.0823
COF,gold,Rates,low,-0.1887,0.4529,63,-0.2618,0.0823
COF,gold,Bull-Bear,high,-0.2733,0.0815,839,-0.2618,0.0823
COF,gold,Bull-Bear,low,-0.1258,0.2183,241,-0.2618,0.0823
COF,growth,VIX,high,2.3277,1.0894,312,1.0135,0.4732
COF,growth,VIX,low,4.6088,0.7306,254,1.0135,0.4732
COF,growth,Rates,high,4.9035,2.2351,63,1.0135,0.4732
COF,growth,Rates,low,9.4140,2.2430,63,1.0135,0.4732
COF,growth,Bull-Bear,high,-0.9810,0.5013,839,1.0135,0.4732
COF,growth,Bull-Bear,low,2.8925,1.1926,241,1.0135,0.4732
COF,inflation,VIX,high,1.5572,0.5168,312,1.1035,0.2425
COF,inflation,VIX,low,-0.3079,0.4446,254,1.1035,0.2425
COF,inflation,Rates,high,-0.2582,1.4052,63,1.1035,0.2425
COF,inflation,Rates,low,2.3637,1.0075,63,1.1035,0.2425
COF,inflation,Bull-Bear,high,0.9876,0.3189,839,1.1035,0.2425
COF,inflation,Bull-Bear,low,-0.0163,0.4894,241,1.1035,0.2425
COF,lithium,VIX,high,0.0148,0.1350,312,0.0619,0.0479
COF,lithium,VIX,low,0.0884,0.0586,254,0.0619,0.0479
COF,lithium,Rates,high,-0.6266,0.2915,63,0.0619,0.0479
COF,lithium,Rates,low,-0.5104,0.4480,63,0.0619,0.0479
COF,lithium,Bull-Bear,high,0.0942,0.0448,839,0.0619,0.0479
COF,lithium,Bull-Bear,low,0.0122,0.1509,241,0.0619,0.0479
COF,market_beta,VIX,high,1.5643,0.0729,312,1.4706,0.0435
COF,market_beta,VIX,low,0.8651,0.1473,254,1.4706,0.0435
COF,market_beta,Rates,high,1.5981,0.2093,63,1.4706,0.0435
COF,market_beta,Rates,low,1.8561,0.1303,63,1.4706,0.0435
COF,market_beta,Bull-Bear,high,1.2692,0.0733,839,1.4706,0.0435
COF,market_beta,Bull-Bear,low,1.5169,0.0980,241,1.4706,0.0435
COF,momentum,VIX,high,-1.3000,0.2970,312,-0.7882,0.1134
COF,momentum,VIX,low,-0.1353,0.1756,254,-0.7882,0.1134
COF,momentum,Rates,high,-0.5964,0.8153,63,-0.7882,0.1134
COF,momentum,Rates,low,-0.6254,0.7567,63,-0.7882,0.1134
COF,momentum,Bull-Bear,high,-0.6906,0.1026,839,-0.7882,0.1134
COF,momentum,Bull-Bear,low,-1.1794,0.3279,241,-0.7882,0.1134
COF,natural_gas,VIX,high,0.0012,0.0604,312,0.0145,0.0207
COF,natural_gas,VIX,low,-0.0206,0.0253,254,0.0145,0.0207
COF,natural_gas,Rates,high,0.1906,0.1134,63,0.0145,0.0207
COF,natural_gas,Rates,low,0.0866,0.1579,63,0.0145,0.0207
COF,natural_gas,Bull-Bear,high,0.0012,0.0202,839,0.0145,0.0207
COF,natural_gas,Bull-Bear,low,0.0100,0.0521,241,0.0145,0.0207
COF,quality,VIX,high,-0.3061,0.9085,312,-0.4971,0.3561
COF,quality,VIX,low,-1.3330,0.4704,254,-0.4971,0.3561
COF,quality,Rates,high,-6.0008,1.6703,63,-0.4971,0.3561
COF,quality,Rates,low,-1.7913,1.7532,63,-0.4971,0.3561
COF,quality,Bull-Bear,high,-0.5164,0.3714,839,-0.4971,0.3561
COF,quality,Bull-Bear,low,1.3574,0.9396,241,-0.4971,0.3561
COF,rates,VIX,high,-0.9644,0.4170,312,-0.5346,0.1593
COF,rates,VIX,low,0.1589,0.2025,254,-0.5346,0.1593
COF,rates,Rates,high,3.5076,1.6880,63,-0.5346,0.1593
COF,rates,Rates,low,-1.0049,1.5603,63,-0.5346,0.1593
COF,rates,Bull-Bear,high,-0.7686,0.1808,839,-0.5346,0.1593
COF,rates,Bull-Bear,low,0.2344,0.3526,241,-0.5346,0.1593
COF,rates_30y,VIX,high,-0.3287,0.1783,312,-0.2127,0.0712
COF,rates_30y,VIX,low,0.0863,0.0973,254,-0.2127,0.0712
COF,rates_30y,Rates,high,1.4424,0.4548,63,-0.2127,0.0712
COF,rates_30y,Rates,low,-0.4939,0.5393,63,-0.2127,0.0712
COF,rates_30y,Bull-Bear,high,-0.4452,0.0811,839,-0.2127,0.0712
COF,rates_30y,Bull-Bear,low,0.1710,0.1706,241,-0.2127,0.0712
COF,semiconductors,VIX,high,-0.9647,0.1748,312,-0.2363,0.0627
COF,semiconductors,VIX,low,-0.0456,0.0724,254,-0.2363,0.0627
COF,semiconductors,Rates,high,-0.6973,0.4343,63,-0.2363,0.0627
COF,semiconductors,Rates,low,-0.3274,0.3389,63,-0.2363,0.0627
COF,semiconductors,Bull-Bear,high,-0.0790,0.0602,839,-0.2363,0.0627
COF,semiconductors,Bull-Bear,low,-0.1306,0.1777,241,-0.2363,0.0627
COF,uranium,VIX,high,-0.2803,0.1180,312,-0.0274,0.0376
COF,uranium,VIX,low,-0.0641,0.0504,254,-0.0274,0.0376
COF,uranium,Rates,high,0.0479,0.2298,63,-0.0274,0.0376
COF,uranium,Rates,low,-0.1890,0.2562,63,-0.0274,0.0376
COF,uranium,Bull-Bear,high,0.0275,0.0360,839,-0.0274,0.0376
COF,uranium,Bull-Bear,low,-0.0839,0.1032,241,-0.0274,0.0376
COF,usd_strength,VIX,high,0.5682,0.4038,312,0.0185,0.1729
COF,usd_strength,VIX,low,-0.4969,0.2406,254,0.0185,0.1729
COF,usd_strength,Rates,high,0.4536,1.0313,63,0.0185,0.1729
COF,usd_strength,Rates,low,1.5699,0.7889,63,0.0185,0.1729
COF,usd_strength,Bull-Bear,high,-0.2208,0.1970,839,0.0185,0.1729
COF,usd_strength,Bull-Bear,low,-2.1858,0.4197,241,0.0185,0.1729
COF,value,VIX,high,3.6853,0.3421,312,2.2392,0.1516
COF,value,VIX,low,1.0502,0.1827,254,2.2392,0.1516
COF,value,Rates,high,3.0259,0.8689,63,2.2392,0.1516
COF,value,Rates,low,3.3352,0.8921,63,2.2392,0.1516
COF,value,Bull-Bear,high,1.8406,0.1439,839,2.2392,0.1516
COF,value,Bull-Bear,low,1.4706,0.4413,241,2.2392,0.1516
COF,volatility,VIX,high,0.1347,0.0309,312,0.0358,0.0143
COF,volatility,VIX,low,-0.0176,0.0265,254,0.0358,0.0143
COF,volatility,Rates,high,-0.0272,0.0585,63,0.0358,0.0143
COF,volatility,Rates,low,0.1012,0.0742,63,0.0358,0.0143
COF,volatility,Bull-Bear,high,-0.0496,0.0146,839,0.0358,0.0143
COF,volatility,Bull-Bear,low,0.2102,0.0450,241,0.0358,0.0143
COF,xl_consumer_defensive,VIX,high,0.0403,0.2704,312,-0.3618,0.1138
COF,xl_consumer_defensive,VIX,low,-0.1519,0.1609,254,-0.3618,0.1138
COF,xl_consumer_defensive,Rates,high,-1.3260,0.5233,63,-0.3618,0.1138
COF,xl_consumer_defensive,Rates,low,-0.5822,0.6183,63,-0.3618,0.1138
COF,xl_consumer_defensive,Bull-Bear,high,-0.5620,0.1269,839,-0.3618,0.1138
COF,xl_consumer_defensive,Bull-Bear,low,-0.8152,0.2629,241,-0.3618,0.1138
COF,xl_financials,VIX,high,1.9318,0.3535,312,1.6402,0.1507
COF,xl_financials,VIX,low,0.0173,0.2295,254,1.6402,0.1507
COF,xl_financials,Rates,high,2.7840,0.6542,63,1.6402,0.1507
COF,xl_financials,Rates,low,1.2142,0.9810,63,1.6402,0.1507
COF,xl_financials,Bull-Bear,high,1.5927,0.1568,839,1.6402,0.1507
COF,xl_financials,Bull-Bear,low,1.9351,0.3640,241,1.6402,0.1507
COF,xl_healthcare,VIX,high,0.1222,0.3179,312,-0.4611,0.1225
COF,xl_healthcare,VIX,low,-0.1596,0.1568,254,-0.4611,0.1225
COF,xl_healthcare,Rates,high,-1.6683,0.6969,63,-0.4611,0.1225
COF,xl_healthcare,Rates,low,0.2807,0.6827,63,-0.4611,0.1225
COF,xl_healthcare,Bull-Bear,high,-0.5907,0.1236,839,-0.4611,0.1225
COF,xl_healthcare,Bull-Bear,low,-1.2366,0.3031,241,-0.4611,0.1225
COF,xl_industrials,VIX,high,0.3846,0.4408,312,0.1890,0.1803
COF,xl_industrials,VIX,low,-0.1928,0.2461,254,0.1890,0.1803
COF,xl_industrials,Rates,high,1.2148,1.0319,63,0.1890,0.1803
COF,xl_industrials,Rates,low,-2.7383,1.1240,63,0.1890,0.1803
COF,xl_industrials,Bull-Bear,high,0.4002,0.1879,839,0.1890,0.1803
COF,xl_industrials,Bull-Bear,low,-0.5332,0.4474,241,0.1890,0.1803
COF,xl_real_estate,VIX,high,0.9021,0.2015,312,0.2958,0.0830
COF,xl_real_estate,VIX,low,0.2974,0.1030,254,0.2958,0.0830
COF,xl_real_estate,Rates,high,-0.6350,0.4439,63,0.2958,0.0830
COF,xl_real_estate,Rates,low,1.5683,0.3032,63,0.2958,0.0830
COF,xl_real_estate,Bull-Bear,high,-0.0351,0.0879,839,0.2958,0.0830
COF,xl_real_estate,Bull-Bear,low,0.2816,0.2041,241,0.2958,0.0830
COF,xl_utilities,VIX,high,0.4353,0.1694,312,-0.0151,0.0726
COF,xl_utilities,VIX,low,0.0268,0.0991,254,-0.0151,0.0726
COF,xl_utilities,Rates,high,-0.5644,0.2919,63,-0.0151,0.0726
COF,xl_utilities,Rates,low,0.8896,0.3715,63,-0.0151,0.0726
COF,xl_utilities,Bull-Bear,high,-0.2817,0.0800,839,-0.0151,0.0726
COF,xl_utilities,Bull-Bear,low,0.0239,0.1731,241,-0.0151,0.0726
COP,biotech,VIX,high,-0.3672,0.2048,312,-0.2414,0.0750
COP,biotech,VIX,low,0.0450,0.0981,254,-0.2414,0.0750
COP,biotech,Rates,high,-0.5827,0.3496,63,-0.2414,0.0750
COP,biotech,Rates,low,-0.3304,0.4576,63,-0.2414,0.0750
COP,biotech,Bull-Bear,high,-0.1698,0.0730,839,-0.2414,0.0750
COP,biotech,Bull-Bear,low,-0.2625,0.1780,241,-0.2414,0.0750
COP,china_a_shares,VIX,high,0.1915,0.1548,312,0.1445,0.0517
COP,china_a_shares,VIX,low,0.1180,0.0632,254,0.1445,0.0517
COP,china_a_shares,Rates,high,0.2618,0.2164,63,0.1445,0.0517
COP,china_a_shares,Rates,low,0.3504,0.3484,63,0.1445,0.0517
COP,china_a_shares,Bull-Bear,high,0.1317,0.0497,839,0.1445,0.0517
COP,china_a_shares,Bull-Bear,low,0.0768,0.1340,241,0.1445,0.0517
COP,china_exposure,VIX,high,0.0570,0.1252,312,0.0854,0.0443
COP,china_exposure,VIX,low,0.1229,0.0471,254,0.0854,0.0443
COP,china_exposure,Rates,high,-0.0746,0.1802,63,0.0854,0.0443
COP,china_exposure,Rates,low,0.1240,0.2847,63,0.0854,0.0443
COP,china_exposure,Bull-Bear,high,0.1004,0.0449,839,0.0854,0.0443
COP,china_exposure,Bull-Bear,low,0.0914,0.0918,241,0.0854,0.0443
COP,copper,VIX,high,0.3688,0.1564,312,0.3420,0.0557
COP,copper,VIX,low,0.2287,0.0664,254,0.3420,0.0557
COP,copper,Rates,high,0.4595,0.2136,63,0.3420,0.0557
COP,copper,Rates,low,0.4976,0.3226,63,0.3420,0.0557
COP,copper,Bull-Bear,high,0.3065,0.0560,839,0.3420,0.0557
COP,copper,Bull-Bear,low,0.5112,0.1247,241,0.3420,0.0557
COP,credit_hy_spread,VIX,high,1.0083,0.3246,312,0.8064,0.1577
COP,credit_hy_spread,VIX,low,0.5523,0.2418,254,0.8064,0.1577
COP,credit_hy_spread,Rates,high,2.5600,0.8735,63,0.8064,0.1577
COP,credit_hy_spread,Rates,low,2.4715,0.7874,63,0.8064,0.1577
COP,credit_hy_spread,Bull-Bear,high,0.7834,0.2033,839,0.8064,0.1577
COP,credit_hy_spread,Bull-Bear,low,0.2502,0.3012,241,0.8064,0.1577
COP,defense,VIX,high,0.5131,0.2024,312,0.3391,0.0871
COP,defense,VIX,low,-0.2554,0.1049,254,0.3391,0.0871
COP,defense,Rates,high,0.8289,0.3102,63,0.3391,0.0871
COP,defense,Rates,low,0.4919,0.3891,63,0.3391,0.0871
COP,defense,Bull-Bear,high,0.3974,0.0934,839,0.3391,0.0871
COP,defense,Bull-Bear,low,0.0514,0.1980,241,0.3391,0.0871
COP,energy_oil,VIX,high,0.4331,0.0531,312,0.4708,0.0257
COP,energy_oil,VIX,low,0.4488,0.0412,254,0.4708,0.0257
COP,energy_oil,Rates,high,0.5120,0.1050,63,0.4708,0.0257
COP,energy_oil,Rates,low,0.5780,0.1281,63,0.4708,0.0257
COP,energy_oil,Bull-Bear,high,0.6263,0.0355,839,0.4708,0.0257
COP,energy_oil,Bull-Bear,low,0.2790,0.0439,241,0.4708,0.0257
COP,gold,VIX,high,-0.1085,0.2130,312,0.0473,0.0816
COP,gold,VIX,low,0.2882,0.0948,254,0.0473,0.0816
COP,gold,Rates,high,0.0898,0.3480,63,0.0473,0.0816
COP,gold,Rates,low,0.2757,0.3672,63,0.0473,0.0816
COP,gold,Bull-Bear,high,-0.0454,0.0820,839,0.0473,0.0816
COP,gold,Bull-Bear,low,0.3324,0.1955,241,0.0473,0.0816
COP,growth,VIX,high,-0.1955,1.0820,312,-1.1156,0.4671
COP,growth,VIX,low,1.1235,0.7044,254,-1.1156,0.4671
COP,growth,Rates,high,4.7506,1.4659,63,-1.1156,0.4671
COP,growth,Rates,low,6.6986,1.8849,63,-1.1156,0.4671
COP,growth,Bull-Bear,high,-2.4682,0.4949,839,-1.1156,0.4671
COP,growth,Bull-Bear,low,-2.0001,1.0791,241,-1.1156,0.4671
COP,inflation,VIX,high,2.9297,0.4894,312,2.3620,0.2320
COP,inflation,VIX,low,0.9043,0.3967,254,2.3620,0.2320
COP,inflation,Rates,high,0.9145,0.9537,63,2.3620,0.2320
COP,inflation,Rates,low,2.7621,0.7790,63,2.3620,0.2320
COP,inflation,Bull-Bear,high,1.9400,0.3135,839,2.3620,0.2320
COP,inflation,Bull-Bear,low,1.4090,0.4311,241,2.3620,0.2320
COP,lithium,VIX,high,0.2233,0.1325,312,0.1741,0.0471
COP,lithium,VIX,low,0.1264,0.0524,254,0.1741,0.0471
COP,lithium,Rates,high,0.0399,0.2066,63,0.1741,0.0471
COP,lithium,Rates,low,-0.3171,0.3659,63,0.1741,0.0471
COP,lithium,Bull-Bear,high,0.1849,0.0444,839,0.1741,0.0471
COP,lithium,Bull-Bear,low,0.1902,0.1353,241,0.1741,0.0471
COP,market_beta,VIX,high,1.3059,0.0857,312,1.1207,0.0503
COP,market_beta,VIX,low,0.2074,0.1408,254,1.1207,0.0503
COP,market_beta,Rates,high,0.9920,0.1546,63,1.1207,0.0503
COP,market_beta,Rates,low,1.1000,0.1696,63,1.1207,0.0503
COP,market_beta,Bull-Bear,high,0.9505,0.0788,839,1.1207,0.0503
COP,market_beta,Bull-Bear,low,0.8407,0.1123,241,1.1207,0.0503
COP,momentum,VIX,high,-0.8203,0.2981,312,-0.3039,0.1138
COP,momentum,VIX,low,-0.3808,0.1565,254,-0.3039,0.1138
COP,momentum,Rates,high,0.5239,0.5558,63,-0.3039,0.1138
COP,momentum,Rates,low,0.3201,0.6175,63,-0.3039,0.1138
COP,momentum,Bull-Bear,high,-0.3052,0.1048,839,-0.3039,0.1138
COP,momentum,Bull-Bear,low,-0.2027,0.3028,241,-0.3039,0.1138
COP,natural_gas,VIX,high,0.0569,0.0594,312,0.0424,0.0204
COP,natural_gas,VIX,low,0.0397,0.0227,254,0.0424,0.0204
COP,natural_gas,Rates,high,0.1527,0.0769,63,0.0424,0.0204
COP,natural_gas,Rates,low,0.0578,0.1285,63,0.0424,0.0204
COP,natural_gas,Bull-Bear,high,0.0372,0.0202,839,0.0424,0.0204
COP,natural_gas,Bull-Bear,low,0.0848,0.0466,241,0.0424,0.0204
COP,quality,VIX,high,-1.5595,0.8915,312,-1.0282,0.3508
COP,quality,VIX,low,-0.8619,0.4269,254,-1.0282,0.3508
COP,quality,Rates,high,-4.2827,1.1309,63,-1.0282,0.3508
COP,quality,Rates,low,-1.6065,1.4232,63,-1.0282,0.3508
COP,quality,Bull-Bear,high,-0.7704,0.3707,839,-1.0282,0.3508
COP,quality,Bull-Bear,low,-0.0805,0.8495,241,-1.0282,0.3508
COP,rates,VIX,high,-1.0081,0.4107,312,-0.7080,0.1567
COP,rates,VIX,low,-0.2170,0.1820,254,-0.7080,0.1567
COP,rates,Rates,high,1.9466,1.1678,63,-0.7080,0.1567
COP,rates,Rates,low,-0.3322,1.2725,63,-0.7080,0.1567
COP,rates,Bull-Bear,high,-0.8319,0.1804,839,-0.7080,0.1567
COP,rates,Bull-Bear,low,-0.2222,0.3174,241,-0.7080,0.1567
COP,rates_30y,VIX,high,-0.4086,0.1753,312,-0.3111,0.0700
COP,rates_30y,VIX,low,-0.1043,0.0875,254,-0.3111,0.0700
COP,rates_30y,Rates,high,1.1103,0.3039,63,-0.3111,0.0700
COP,rates_30y,Rates,low,-0.5221,0.4365,63,-0.3111,0.0700
COP,rates_30y,Bull-Bear,high,-0.4475,0.0810,839,-0.3111,0.0700
COP,rates_30y,Bull-Bear,low,-0.1553,0.1535,241,-0.3111,0.0700
COP,semiconductors,VIX,high,-0.9423,0.1725,312,-0.3099,0.0617
COP,semiconductors,VIX,low,-0.2003,0.0640,254,-0.3099,0.0617
COP,semiconductors,Rates,high,-0.3655,0.2995,63,-0.3099,0.0617
COP,semiconductors,Rates,low,-0.6209,0.2661,63,-0.3099,0.0617
COP,semiconductors,Bull-Bear,high,-0.1566,0.0600,839,-0.3099,0.0617
COP,semiconductors,Bull-Bear,low,-0.1958,0.1596,241,-0.3099,0.0617
COP,uranium,VIX,high,0.1993,0.1168,312,0.2097,0.0366
COP,uranium,VIX,low,0.1300,0.0448,254,0.2097,0.0366
COP,uranium,Rates,high,0.4181,0.1478,63,0.2097,0.0366
COP,uranium,Rates,low,0.2112,0.2075,63,0.2097,0.0366
COP,uranium,Bull-Bear,high,0.1713,0.0356,839,0.2097,0.0366
COP,uranium,Bull-Bear,low,0.3701,0.0899,241,0.2097,0.0366
COP,usd_strength,VIX,high,1.1896,0.3936,312,0.2476,0.1706
COP,usd_strength,VIX,low,-0.2336,0.2180,254,0.2476,0.1706
COP,usd_strength,Rates,high,-0.5903,0.7021,63,0.2476,0.1706
COP,usd_strength,Rates,low,1.4663,0.6349,63,0.2476,0.1706
COP,usd_strength,Bull-Bear,high,-0.4694,0.1964,839,0.2476,0.1706
COP,usd_strength,Bull-Bear,low,-0.8699,0.3947,241,0.2476,0.1706
COP,value,VIX,high,3.4788,0.3426,312,2.3918,0.1475
COP,value,VIX,low,1.0427,0.1622,254,2.3918,0.1475
COP,value,Rates,high,2.8353,0.5397,63,2.3918,0.1475
COP,value,Rates,low,2.9235,0.7119,63,2.3918,0.1475
COP,value,Bull-Bear,high,1.8628,0.1435,839,2.3918,0.1475
COP,value,Bull-Bear,low,1.8764,0.3879,241,2.3918,0.1475
COP,volatility,VIX,high,0.0713,0.0311,312,0.0033,0.0142
COP,volatility,VIX,low,-0.0268,0.0239,254,0.0033,0.0142
COP,volatility,Rates,high,-0.0048,0.0401,63,0.0033,0.0142
COP,volatility,Rates,low,0.0372,0.0611,63,0.0033,0.0142
COP,volatility,Bull-Bear,high,-0.0669,0.0145,839,0.0033,0.0142
COP,volatility,Bull-Bear,low,0.0712,0.0421,241,0.0033,0.0142
COP,xl_consumer_defensive,VIX,high,0.0257,0.2666,312,-0.1731,0.1127
COP,xl_consumer_defensive,VIX,low,0.0432,0.1451,254,-0.1731,0.1127
COP,xl_consumer_defensive,Rates,high,-0.2424,0.3748,63,-0.1731,0.1127
COP,xl_consumer_defensive,Rates,low,-0.7494,0.4973,63,-0.1731,0.1127
COP,xl_consumer_defensive,Bull-Bear,high,-0.2369,0.1280,839,-0.1731,0.1127
COP,xl_consumer_defensive,Bull-Bear,low,-0.3271,0.2404,241,-0.1731,0.1127
COP,xl_financials,VIX,high,-0.0518,0.3649,312,-0.0627,0.1557
COP,xl_financials,VIX,low,-0.8189,0.2001,254,-0.0627,0.1557
COP,xl_financials,Rates,high,0.1644,0.5089,63,-0.0627,0.1557
COP,xl_financials,Rates,low,-0.3512,0.8065,63,-0.0627,0.1557
COP,xl_financials,Bull-Bear,high,0.2850,0.1658,839,-0.0627,0.1557
COP,xl_financials,Bull-Bear,low,-1.1731,0.3382,241,-0.0627,0.1557
COP,xl_healthcare,VIX,high,0.4269,0.3126,312,-0.1124,0.1216
COP,xl_healthcare,VIX,low,-0.0489,0.1415,254,-0.1124,0.1216
COP,xl_healthcare,Rates,high,-0.6046,0.4922,63,-0.1124,0.1216
COP,xl_healthcare,Rates,low,0.6913,0.5489,63,-0.1124,0.1216
COP,xl_healthcare,Bull-Bear,high,-0.2423,0.1249,839,-0.1124,0.1216
COP,xl_healthcare,Bull-Bear,low,-0.3644,0.2813,241,-0.1124,0.1216
COP,xl_industrials,VIX,high,-0.0834,0.4351,312,-0.1298,0.1781
COP,xl_industrials,VIX,low,-0.3792,0.2206,254,-0.1298,0.1781
COP,xl_industrials,Rates,high,-0.0544,0.7134,63,-0.1298,0.1781
COP,xl_industrials,Rates,low,-1.4675,0.9390,63,-0.1298,0.1781
COP,xl_industrials,Bull-Bear,high,-0.0737,0.1883,839,-0.1298,0.1781
COP,xl_industrials,Bull-Bear,low,-0.5160,0.4026,241,-0.1298,0.1781
COP,xl_real_estate,VIX,high,0.3561,0.2040,312,0.0515,0.0824
COP,xl_real_estate,VIX,low,0.2142,0.0933,254,0.0515,0.0824
COP,xl_real_estate,Rates,high,-0.0606,0.3084,63,0.0515,0.0824
COP,xl_real_estate,Rates,low,0.8708,0.2739,63,0.0515,0.0824
COP,xl_real_estate,Bull-Bear,high,-0.1186,0.0878,839,0.0515,0.0824
COP,xl_real_estate,Bull-Bear,low,-0.0834,0.1844,241,0.0515,0.0824
COP,xl_utilities,VIX,high,0.3225,0.1678,312,0.0567,0.0717
COP,xl_utilities,VIX,low,0.2569,0.0878,254,0.0567,0.0717
COP,xl_utilities,Rates,high,0.0177,0.2056,63,0.0567,0.0717
COP,xl_utilities,Rates,low,0.4541,0.3106,63,0.0567,0.0717
COP,xl_utilities,Bull-Bear,high,-0.1536,0.0804,839,0.0567,0.0717
COP,xl_utilities,Bull-Bear,low,0.1654,0.1555,241,0.0567,0.0717
COST,biotech,VIX,high,0.2085,0.1004,312,-0.0071,0.0410
COST,biotech,VIX,low,-0.1537,0.0868,254,-0.0071,0.0410
COST,biotech,Rates,high,0.4751,0.2141,63,-0.0071,0.0410
COST,biotech,Rates,low,-0.0968,0.2577,63,-0.0071,0.0410
COST,biotech,Bull-Bear,high,-0.0952,0.0413,839,-0.0071,0.0410
COST,biotech,Bull-Bear,low,0.1043,0.1083,241,-0.0071,0.0410
COST,china_a_shares,VIX,high,-0.0075,0.0762,312,-0.0644,0.0282
COST,china_a_shares,VIX,low,-0.1175,0.0561,254,-0.0644,0.0282
COST,china_a_shares,Rates,high,-0.0495,0.1362,63,-0.0644,0.0282
COST,china_a_shares,Rates,low,0.5042,0.1864,63,-0.0644,0.0282
COST,china_a_shares,Bull-Bear,high,-0.0632,0.0282,839,-0.0644,0.0282
COST,china_a_shares,Bull-Bear,low,-0.1873,0.0804,241,-0.0644,0.0282
COST,china_exposure,VIX,high,-0.1208,0.0611,312,-0.0783,0.0241
COST,china_exposure,VIX,low,-0.0535,0.0423,254,-0.0783,0.0241
COST,china_exposure,Rates,high,-0.0392,0.1122,63,-0.0783,0.0241
COST,china_exposure,Rates,low,0.0045,0.1601,63,-0.0783,0.0241
COST,china_exposure,Bull-Bear,high,-0.0625,0.0254,839,-0.0783,0.0241
COST,china_exposure,Bull-Bear,low,-0.0680,0.0556,241,-0.0783,0.0241
COST,copper,VIX,high,-0.2110,0.0765,312,-0.0793,0.0307
COST,copper,VIX,low,-0.0505,0.0603,254,-0.0793,0.0307
COST,copper,Rates,high,-0.4275,0.1266,63,-0.0793,0.0307
COST,copper,Rates,low,0.2224,0.1824,63,-0.0793,0.0307
COST,copper,Bull-Bear,high,-0.0121,0.0322,839,-0.0793,0.0307
COST,copper,Bull-Bear,low,-0.1560,0.0776,241,-0.0793,0.0307
COST,credit_hy_spread,VIX,high,-0.0620,0.1617,312,-0.4329,0.0860
COST,credit_hy_spread,VIX,low,-0.9550,0.2087,254,-0.4329,0.0860
COST,credit_hy_spread,Rates,high,0.5647,0.5764,63,-0.4329,0.0860
COST,credit_hy_spread,Rates,low,1.2210,0.4501,63,-0.4329,0.0860
COST,credit_hy_spread,Bull-Bear,high,-1.0236,0.1106,839,-0.4329,0.0860
COST,credit_hy_spread,Bull-Bear,low,-0.4196,0.1809,241,-0.4329,0.0860
COST,defense,VIX,high,-0.1859,0.0998,312,-0.0780,0.0477
COST,defense,VIX,low,0.2319,0.0932,254,-0.0780,0.0477
COST,defense,Rates,high,-0.4714,0.1950,63,-0.0780,0.0477
COST,defense,Rates,low,-0.0621,0.2212,63,-0.0780,0.0477
COST,defense,Bull-Bear,high,0.0049,0.0535,839,-0.0780,0.0477
COST,defense,Bull-Bear,low,-0.1364,0.1198,241,-0.0780,0.0477
COST,energy_oil,VIX,high,-0.0150,0.0287,312,-0.0459,0.0157
COST,energy_oil,VIX,low,-0.0959,0.0440,254,-0.0459,0.0157
COST,energy_oil,Rates,high,-0.2230,0.0716,63,-0.0459,0.0157
COST,energy_oil,Rates,low,0.0043,0.0830,63,-0.0459,0.0157
COST,energy_oil,Bull-Bear,high,-0.1096,0.0232,839,-0.0459,0.0157
COST,energy_oil,Bull-Bear,low,-0.0423,0.0287,241,-0.0459,0.0157
COST,gold,VIX,high,0.0335,0.1046,312,0.0584,0.0445
COST,gold,VIX,low,0.0084,0.0858,254,0.0584,0.0445
COST,gold,Rates,high,-0.2307,0.2148,63,0.0584,0.0445
COST,gold,Rates,low,0.1535,0.2062,63,0.0584,0.0445
COST,gold,Bull-Bear,high,0.1582,0.0461,839,0.0584,0.0445
COST,gold,Bull-Bear,low,-0.0845,0.1192,241,0.0584,0.0445
COST,growth,VIX,high,-0.3336,0.5308,312,-0.6363,0.2547
COST,growth,VIX,low,-1.9524,0.6173,254,-0.6363,0.2547
COST,growth,Rates,high,2.9867,0.9112,63,-0.6363,0.2547
COST,growth,Rates,low,0.5705,1.1605,63,-0.6363,0.2547
COST,growth,Bull-Bear,high,-0.8713,0.2828,839,-0.6363,0.2547
COST,growth,Bull-Bear,low,-0.7492,0.6574,241,-0.6363,0.2547
COST,inflation,VIX,high,-0.1306,0.2536,312,-0.4033,0.1312
COST,inflation,VIX,low,-0.6268,0.3541,254,-0.4033,0.1312
COST,inflation,Rates,high,-1.0555,0.5828,63,-0.4033,0.1312
COST,inflation,Rates,low,-0.3251,0.4786,63,-0.4033,0.1312
COST,inflation,Bull-Bear,high,-0.8759,0.1790,839,-0.4033,0.1312
COST,inflation,Bull-Bear,low,-0.4434,0.2657,241,-0.4033,0.1312
COST,lithium,VIX,high,-0.1403,0.0649,312,-0.0799,0.0257
COST,lithium,VIX,low,-0.0517,0.0470,254,-0.0799,0.0257
COST,lithium,Rates,high,-0.3214,0.1219,63,-0.0799,0.0257
COST,lithium,Rates,low,-0.1825,0.2054,63,-0.0799,0.0257
COST,lithium,Bull-Bear,high,-0.0304,0.0254,839,-0.0799,0.0257
COST,lithium,Bull-Bear,low,-0.2188,0.0812,241,-0.0799,0.0257
COST,market_beta,VIX,high,0.6929,0.0393,312,0.7313,0.0249
COST,market_beta,VIX,low,0.9305,0.1112,254,0.7313,0.0249
COST,market_beta,Rates,high,0.7195,0.0839,63,0.7313,0.0249
COST,market_beta,Rates,low,0.6702,0.0892,63,0.7313,0.0249
COST,market_beta,Bull-Bear,high,0.7434,0.0410,839,0.7313,0.0249
COST,market_beta,Bull-Bear,low,0.7829,0.0563,241,0.7313,0.0249
COST,momentum,VIX,high,0.3950,0.1464,312,0.2023,0.0620
COST,momentum,VIX,low,0.7657,0.1322,254,0.2023,0.0620
COST,momentum,Rates,high,0.3345,0.3459,63,0.2023,0.0620
COST,momentum,Rates,low,-0.1616,0.3469,63,0.2023,0.0620
COST,momentum,Bull-Bear,high,0.2877,0.0588,839,0.2023,0.0620
COST,momentum,Bull-Bear,low,0.0625,0.1838,241,0.2023,0.0620
COST,natural_gas,VIX,high,-0.0215,0.0292,312,-0.0034,0.0112
COST,natural_gas,VIX,low,-0.0055,0.0203,254,-0.0034,0.0112
COST,natural_gas,Rates,high,-0.0038,0.0494,63,-0.0034,0.0112
COST,natural_gas,Rates,low,-0.0030,0.0723,63,-0.0034,0.0112
COST,natural_gas,Bull-Bear,high,0.0103,0.0114,839,-0.0034,0.0112
COST,natural_gas,Bull-Bear,low,-0.0208,0.0284,241,-0.0034,0.0112
COST,quality,VIX,high,0.0680,0.4398,312,0.7991,0.1906
COST,quality,VIX,low,1.5346,0.3702,254,0.7991,0.1906
COST,quality,Rates,high,-1.1452,0.7687,63,0.7991,0.1906
COST,quality,Rates,low,1.4042,0.7872,63,0.7991,0.1906
COST,quality,Bull-Bear,high,0.6867,0.2092,839,0.7991,0.1906
COST,quality,Bull-Bear,low,2.0720,0.4976,241,0.7991,0.1906
COST,rates,VIX,high,-0.3055,0.2028,312,0.1389,0.0861
COST,rates,VIX,low,0.2578,0.1615,254,0.1389,0.0861
COST,rates,Rates,high,-2.0551,0.6954,63,0.1389,0.0861
COST,rates,Rates,low,-0.2855,0.7140,63,0.1389,0.0861
COST,rates,Bull-Bear,high,0.4591,0.1022,839,0.1389,0.0861
COST,rates,Bull-Bear,low,0.3143,0.1916,241,0.1389,0.0861
COST,rates_30y,VIX,high,-0.1923,0.0861,312,0.0464,0.0385
COST,rates_30y,VIX,low,0.1660,0.0773,254,0.0464,0.0385
COST,rates_30y,Rates,high,-0.3658,0.2036,63,0.0464,0.0385
COST,rates_30y,Rates,low,-0.6568,0.2333,63,0.0464,0.0385
COST,rates_30y,Bull-Bear,high,0.2014,0.0462,839,0.0464,0.0385
COST,rates_30y,Bull-Bear,low,0.1411,0.0929,241,0.0464,0.0385
COST,semiconductors,VIX,high,-0.1890,0.0880,312,0.0706,0.0339
COST,semiconductors,VIX,low,0.1878,0.0568,254,0.0706,0.0339
COST,semiconductors,Rates,high,-0.1779,0.1873,63,0.0706,0.0339
COST,semiconductors,Rates,low,-0.2094,0.1536,63,0.0706,0.0339
COST,semiconductors,Bull-Bear,high,0.2057,0.0334,839,0.0706,0.0339
COST,semiconductors,Bull-Bear,low,0.0660,0.0970,241,0.0706,0.0339
COST,uranium,VIX,high,-0.1332,0.0571,312,-0.0264,0.0202
COST,uranium,VIX,low,0.0031,0.0405,254,-0.0264,0.0202
COST,uranium,Rates,high,0.0117,0.0978,63,-0.0264,0.0202
COST,uranium,Rates,low,-0.0951,0.1169,63,-0.0264,0.0202
COST,uranium,Bull-Bear,high,-0.0106,0.0204,839,-0.0264,0.0202
COST,uranium,Bull-Bear,low,0.0153,0.0564,241,-0.0264,0.0202
COST,usd_strength,VIX,high,0.5493,0.1935,312,0.0999,0.0931
COST,usd_strength,VIX,low,-0.1653,0.1940,254,0.0999,0.0931
COST,usd_strength,Rates,high,1.4316,0.3996,63,0.0999,0.0931
COST,usd_strength,Rates,low,0.3514,0.3690,63,0.0999,0.0931
COST,usd_strength,Bull-Bear,high,-0.2678,0.1112,839,0.0999,0.0931
COST,usd_strength,Bull-Bear,low,-0.4818,0.2398,241,0.0999,0.0931
COST,value,VIX,high,-0.3852,0.1929,312,-0.6386,0.0866
COST,value,VIX,low,-0.7318,0.1486,254,-0.6386,0.0866
COST,value,Rates,high,0.1196,0.4047,63,-0.6386,0.0866
COST,value,Rates,low,0.4276,0.4483,63,-0.6386,0.0866
COST,value,Bull-Bear,high,-0.8339,0.0843,839,-0.6386,0.0866
COST,value,Bull-Bear,low,-1.0815,0.2364,241,-0.6386,0.0866
COST,volatility,VIX,high,0.0309,0.0153,312,-0.0014,0.0077
COST,volatility,VIX,low,-0.0090,0.0213,254,-0.0014,0.0077
COST,volatility,Rates,high,-0.0220,0.0248,63,-0.0014,0.0077
COST,volatility,Rates,low,0.0868,0.0325,63,-0.0014,0.0077
COST,volatility,Bull-Bear,high,-0.0332,0.0082,839,-0.0014,0.0077
COST,volatility,Bull-Bear,low,0.1065,0.0247,241,-0.0014,0.0077
COST,xl_consumer_defensive,VIX,high,1.1190,0.1144,312,0.6419,0.0588
COST,xl_consumer_defensive,VIX,low,0.4318,0.1262,254,0.6419,0.0588
COST,xl_consumer_defensive,Rates,high,0.7057,0.2160,63,0.6419,0.0588
COST,xl_consumer_defensive,Rates,low,0.8333,0.2636,63,0.6419,0.0588
COST,xl_consumer_defensive,Bull-Bear,high,0.3159,0.0718,839,0.6419,0.0588
COST,xl_consumer_defensive,Bull-Bear,low,0.6002,0.1412,241,0.6419,0.0588
COST,xl_financials,VIX,high,-0.6427,0.1754,312,-0.2972,0.0845
COST,xl_financials,VIX,low,0.3125,0.1827,254,-0.2972,0.0845
COST,xl_financials,Rates,high,-0.3562,0.3138,63,-0.2972,0.0845
COST,xl_financials,Rates,low,-0.1047,0.4534,63,-0.2972,0.0845
COST,xl_financials,Bull-Bear,high,-0.1689,0.0939,839,-0.2972,0.0845
COST,xl_financials,Bull-Bear,low,-0.5000,0.2077,241,-0.2972,0.0845
COST,xl_healthcare,VIX,high,0.6620,0.1492,312,0.0962,0.0663
COST,xl_healthcare,VIX,low,-0.1574,0.1254,254,0.0962,0.0663
COST,xl_healthcare,Rates,high,0.2946,0.3079,63,0.0962,0.0663
COST,xl_healthcare,Rates,low,0.3326,0.3093,63,0.0962,0.0663
COST,xl_healthcare,Bull-Bear,high,-0.1954,0.0706,839,0.0962,0.0663
COST,xl_healthcare,Bull-Bear,low,0.0575,0.1712,241,0.0962,0.0663
COST,xl_industrials,VIX,high,-0.2999,0.2129,312,-0.0007,0.0971
COST,xl_industrials,VIX,low,0.3420,0.1961,254,-0.0007,0.0971
COST,xl_industrials,Rates,high,-0.9137,0.4285,63,-0.0007,0.0971
COST,xl_industrials,Rates,low,-0.1834,0.5372,63,-0.0007,0.0971
COST,xl_industrials,Bull-Bear,high,0.2657,0.1063,839,-0.0007,0.0971
COST,xl_industrials,Bull-Bear,low,-0.1563,0.2448,241,-0.0007,0.0971
COST,xl_real_estate,VIX,high,0.0060,0.1006,312,-0.0667,0.0449
COST,xl_real_estate,VIX,low,-0.2624,0.0821,254,-0.0667,0.0449
COST,xl_real_estate,Rates,high,-0.0147,0.1921,63,-0.0667,0.0449
COST,xl_real_estate,Rates,low,0.6051,0.1469,63,-0.0667,0.0449
COST,xl_real_estate,Bull-Bear,high,-0.1941,0.0493,839,-0.0667,0.0449
COST,xl_real_estate,Bull-Bear,low,-0.1777,0.1113,241,-0.0667,0.0449
COST,xl_utilities,VIX,high,0.2427,0.0817,312,0.0442,0.0391
COST,xl_utilities,VIX,low,-0.1475,0.0788,254,0.0442,0.0391
COST,xl_utilities,Rates,high,0.2414,0.1242,63,0.0442,0.0391
COST,xl_utilities,Rates,low,0.6484,0.1568,63,0.0442,0.0391
COST,xl_utilities,Bull-Bear,high,-0.1567,0.0453,839,0.0442,0.0391
COST,xl_utilities,Bull-Bear,low,-0.0761,0.0944,241,0.0442,0.0391
CRM,biotech,VIX,high,0.4164,0.1491,312,0.1852,0.0677
CRM,biotech,VIX,low,-0.2103,0.1732,254,0.1852,0.0677
CRM,biotech,Rates,high,0.5635,0.3733,63,0.1852,0.0677
CRM,biotech,Rates,low,0.3091,0.4330,63,0.1852,0.0677
CRM,biotech,Bull-Bear,high,0.0962,0.0749,839,0.1852,0.0677
CRM,biotech,Bull-Bear,low,0.3853,0.1645,241,0.1852,0.0677
CRM,china_a_shares,VIX,high,0.0674,0.1137,312,-0.0630,0.0467
CRM,china_a_shares,VIX,low,-0.1913,0.1118,254,-0.0630,0.0467
CRM,china_a_shares,Rates,high,0.0908,0.2326,63,-0.0630,0.0467
CRM,china_a_shares,Rates,low,0.9793,0.3078,63,-0.0630,0.0467
CRM,china_a_shares,Bull-Bear,high,-0.0318,0.0511,839,-0.0630,0.0467
CRM,china_a_shares,Bull-Bear,low,-0.3014,0.1232,241,-0.0630,0.0467
CRM,china_exposure,VIX,high,-0.0485,0.0918,312,-0.0214,0.0400
CRM,china_exposure,VIX,low,-0.1121,0.0842,254,-0.0214,0.0400
CRM,china_exposure,Rates,high,0.0725,0.1916,63,-0.0214,0.0400
CRM,china_exposure,Rates,low,0.5221,0.2614,63,-0.0214,0.0400
CRM,china_exposure,Bull-Bear,high,-0.0152,0.0461,839,-0.0214,0.0400
CRM,china_exposure,Bull-Bear,low,-0.0065,0.0856,241,-0.0214,0.0400
CRM,copper,VIX,high,-0.1746,0.1153,312,-0.0544,0.0510
CRM,copper,VIX,low,0.0686,0.1201,254,-0.0544,0.0510
CRM,copper,Rates,high,-0.3080,0.2323,63,-0.0544,0.0510
CRM,copper,Rates,low,0.2870,0.3089,63,-0.0544,0.0510
CRM,copper,Bull-Bear,high,0.0431,0.0582,839,-0.0544,0.0510
CRM,copper,Bull-Bear,low,-0.1980,0.1194,241,-0.0544,0.0510
CRM,credit_hy_spread,VIX,high,0.2655,0.2412,312,-0.2757,0.1435
CRM,credit_hy_spread,VIX,low,-1.3994,0.4229,254,-0.2757,0.1435
CRM,credit_hy_spread,Rates,high,1.3915,0.9761,63,-0.2757,0.1435
CRM,credit_hy_spread,Rates,low,1.9822,0.7618,63,-0.2757,0.1435
CRM,credit_hy_spread,Bull-Bear,high,-1.0463,0.2067,839,-0.2757,0.1435
CRM,credit_hy_spread,Bull-Bear,low,-0.2549,0.2802,241,-0.2757,0.1435
CRM,defense,VIX,high,0.1299,0.1497,312,0.0200,0.0791
CRM,defense,VIX,low,0.2536,0.1870,254,0.0200,0.0791
CRM,defense,Rates,high,-0.5435,0.3417,63,0.0200,0.0791
CRM,defense,Rates,low,0.1196,0.3726,63,0.0200,0.0791
CRM,defense,Bull-Bear,high,0.0201,0.0966,839,0.0200,0.0791
CRM,defense,Bull-Bear,low,-0.0517,0.1842,241,0.0200,0.0791
CRM,energy_oil,VIX,high,0.0216,0.0429,312,-0.0351,0.0261
CRM,energy_oil,VIX,low,-0.1640,0.0878,254,-0.0351,0.0261
CRM,energy_oil,Rates,high,-0.1404,0.1304,63,-0.0351,0.0261
CRM,energy_oil,Rates,low,0.0971,0.1394,63,-0.0351,0.0261
CRM,energy_oil,Bull-Bear,high,-0.0652,0.0425,839,-0.0351,0.0261
CRM,energy_oil,Bull-Bear,low,-0.1088,0.0436,241,-0.0351,0.0261
CRM,gold,VIX,high,0.0509,0.1562,312,0.0723,0.0736
CRM,gold,VIX,low,0.1131,0.1706,254,0.0723,0.0736
CRM,gold,Rates,high,-0.2788,0.3686,63,0.0723,0.0736
CRM,gold,Rates,low,0.2888,0.3471,63,0.0723,0.0736
CRM,gold,Bull-Bear,high,0.1900,0.0837,839,0.0723,0.0736
CRM,gold,Bull-Bear,low,-0.2413,0.1823,241,0.0723,0.0736
CRM,growth,VIX,high,2.9693,0.7751,312,2.8393,0.4146
CRM,growth,VIX,low,-2.0776,1.2452,254,2.8393,0.4146
CRM,growth,Rates,high,3.9550,1.6102,63,2.8393,0.4146
CRM,growth,Rates,low,4.8870,1.8568,63,2.8393,0.4146
CRM,growth,Bull-Bear,high,1.7586,0.5102,839,2.8393,0.4146
CRM,growth,Bull-Bear,low,4.8838,0.9607,241,2.8393,0.4146
CRM,inflation,VIX,high,0.5891,0.3775,312,-0.0167,0.2177
CRM,inflation,VIX,low,-1.2421,0.7044,254,-0.0167,0.2177
CRM,inflation,Rates,high,-2.3790,0.9755,63,-0.0167,0.2177
CRM,inflation,Rates,low,1.3118,0.7919,63,-0.0167,0.2177
CRM,inflation,Bull-Bear,high,-0.6425,0.3273,839,-0.0167,0.2177
CRM,inflation,Bull-Bear,low,-0.7493,0.4071,241,-0.0167,0.2177
CRM,lithium,VIX,high,-0.1586,0.0972,312,-0.0505,0.0427
CRM,lithium,VIX,low,-0.0716,0.0936,254,-0.0505,0.0427
CRM,lithium,Rates,high,-0.2985,0.2165,63,-0.0505,0.0427
CRM,lithium,Rates,low,-0.4402,0.3438,63,-0.0505,0.0427
CRM,lithium,Bull-Bear,high,0.0379,0.0459,839,-0.0505,0.0427
CRM,lithium,Bull-Bear,low,-0.3402,0.1245,241,-0.0505,0.0427
CRM,market_beta,VIX,high,1.1620,0.0504,312,1.2365,0.0406
CRM,market_beta,VIX,low,1.5228,0.2310,254,1.2365,0.0406
CRM,market_beta,Rates,high,1.3695,0.1206,63,1.2365,0.0406
CRM,market_beta,Rates,low,1.3509,0.1165,63,1.2365,0.0406
CRM,market_beta,Bull-Bear,high,1.2876,0.0752,839,1.2365,0.0406
CRM,market_beta,Bull-Bear,low,1.4112,0.0718,241,1.2365,0.0406
CRM,momentum,VIX,high,0.4867,0.2195,312,0.4227,0.1023
CRM,momentum,VIX,low,1.1368,0.2707,254,0.4227,0.1023
CRM,momentum,Rates,high,0.9112,0.5838,63,0.4227,0.1023
CRM,momentum,Rates,low,-0.5203,0.5817,63,0.4227,0.1023
CRM,momentum,Bull-Bear,high,0.6603,0.1053,839,0.4227,0.1023
CRM,momentum,Bull-Bear,low,-0.0353,0.2820,241,0.4227,0.1023
CRM,natural_gas,VIX,high,0.0291,0.0436,312,0.0151,0.0185
CRM,natural_gas,VIX,low,0.0390,0.0402,254,0.0151,0.0185
CRM,natural_gas,Rates,high,0.0202,0.0843,63,0.0151,0.0185
CRM,natural_gas,Rates,low,0.0305,0.1217,63,0.0151,0.0185
CRM,natural_gas,Bull-Bear,high,0.0179,0.0207,839,0.0151,0.0185
CRM,natural_gas,Bull-Bear,low,-0.0010,0.0436,241,0.0151,0.0185
CRM,quality,VIX,high,-1.3503,0.6523,312,-0.1678,0.3174
CRM,quality,VIX,low,-0.0482,0.7611,254,-0.1678,0.3174
CRM,quality,Rates,high,-2.4112,1.3006,63,-0.1678,0.3174
CRM,quality,Rates,low,-1.2507,1.3512,63,-0.1678,0.3174
CRM,quality,Bull-Bear,high,-0.3899,0.3801,839,-0.1678,0.3174
CRM,quality,Bull-Bear,low,2.0983,0.7788,241,-0.1678,0.3174
CRM,rates,VIX,high,-0.3583,0.3033,312,0.1491,0.1424
CRM,rates,VIX,low,0.4050,0.3219,254,0.1491,0.1424
CRM,rates,Rates,high,-1.1340,1.2616,63,0.1491,0.1424
CRM,rates,Rates,low,-0.7594,1.2008,63,0.1491,0.1424
CRM,rates,Bull-Bear,high,0.4015,0.1864,839,0.1491,0.1424
CRM,rates,Bull-Bear,low,0.6945,0.2922,241,0.1491,0.1424
CRM,rates_30y,VIX,high,-0.1667,0.1293,312,0.0797,0.0636
CRM,rates_30y,VIX,low,0.2089,0.1546,254,0.0797,0.0636
CRM,rates_30y,Rates,high,-0.2711,0.3552,63,0.0797,0.0636
CRM,rates_30y,Rates,low,-0.7299,0.4073,63,0.0797,0.0636
CRM,rates_30y,Bull-Bear,high,0.1904,0.0841,839,0.0797,0.0636
CRM,rates_30y,Bull-Bear,low,0.3448,0.1414,241,0.0797,0.0636
CRM,semiconductors,VIX,high,-0.4293,0.1302,312,0.0641,0.0561
CRM,semiconductors,VIX,low,0.0864,0.1153,254,0.0641,0.0561
CRM,semiconductors,Rates,high,0.0689,0.3222,63,0.0641,0.0561
CRM,semiconductors,Rates,low,-0.0332,0.2628,63,0.0641,0.0561
CRM,semiconductors,Bull-Bear,high,0.2291,0.0612,839,0.0641,0.0561
CRM,semiconductors,Bull-Bear,low,0.0533,0.1490,241,0.0641,0.0561
CRM,uranium,VIX,high,-0.0360,0.0860,312,0.0460,0.0335
CRM,uranium,VIX,low,-0.0003,0.0806,254,0.0460,0.0335
CRM,uranium,Rates,high,0.2081,0.1650,63,0.0460,0.0335
CRM,uranium,Rates,low,0.0175,0.1980,63,0.0460,0.0335
CRM,uranium,Bull-Bear,high,0.0409,0.0369,839,0.0460,0.0335
CRM,uranium,Bull-Bear,low,0.0763,0.0864,241,0.0460,0.0335
CRM,usd_strength,VIX,high,0.9153,0.2881,312,0.2793,0.1538
CRM,usd_strength,VIX,low,0.3218,0.3860,254,0.2793,0.1538
CRM,usd_strength,Rates,high,0.8302,0.7434,63,0.2793,0.1538
CRM,usd_strength,Rates,low,1.0919,0.6107,63,0.2793,0.1538
CRM,usd_strength,Bull-Bear,high,-0.2548,0.2015,839,0.2793,0.1538
CRM,usd_strength,Bull-Bear,low,-0.5094,0.3695,241,0.2793,0.1538
CRM,value,VIX,high,-0.3618,0.2892,312,-1.1957,0.1424
CRM,value,VIX,low,-1.1619,0.3007,254,-1.1957,0.1424
CRM,value,Rates,high,0.0656,0.6917,63,-1.1957,0.1424
CRM,value,Rates,low,0.2452,0.7604,63,-1.1957,0.1424
CRM,value,Bull-Bear,high,-1.5642,0.1516,839,-1.1957,0.1424
CRM,value,Bull-Bear,low,-1.9245,0.3572,241,-1.1957,0.1424
CRM,volatility,VIX,high,0.0555,0.0228,312,0.0018,0.0128
CRM,volatility,VIX,low,0.0106,0.0423,254,0.0018,0.0128
CRM,volatility,Rates,high,-0.0575,0.0420,63,0.0018,0.0128
CRM,volatility,Rates,low,0.0414,0.0577,63,0.0018,0.0128
CRM,volatility,Bull-Bear,high,-0.0554,0.0149,839,0.0018,0.0128
CRM,volatility,Bull-Bear,low,0.1756,0.0377,241,0.0018,0.0128
CRM,xl_consumer_defensive,VIX,high,0.0954,0.1954,312,-0.5435,0.1006
CRM,xl_consumer_defensive,VIX,low,-0.6996,0.2530,254,-0.5435,0.1006
CRM,xl_consumer_defensive,Rates,high,0.0140,0.4000,63,-0.5435,0.1006
CRM,xl_consumer_defensive,Rates,low,-0.5757,0.4735,63,-0.5435,0.1006
CRM,xl_consumer_defensive,Bull-Bear,high,-0.8870,0.1276,839,-0.5435,0.1006
CRM,xl_consumer_defensive,Bull-Bear,low,-1.0190,0.2147,241,-0.5435,0.1006
CRM,xl_financials,VIX,high,-0.3406,0.2669,312,-0.0262,0.1405
CRM,xl_financials,VIX,low,0.3779,0.3647,254,-0.0262,0.1405
CRM,xl_financials,Rates,high,0.0288,0.5417,63,-0.0262,0.1405
CRM,xl_financials,Rates,low,0.2892,0.7634,63,-0.0262,0.1405
CRM,xl_financials,Bull-Bear,high,-0.0398,0.1699,839,-0.0262,0.1405
CRM,xl_financials,Bull-Bear,low,0.2819,0.3220,241,-0.0262,0.1405
CRM,xl_healthcare,VIX,high,0.3451,0.2290,312,-0.4358,0.1090
CRM,xl_healthcare,VIX,low,-0.4823,0.2485,254,-0.4358,0.1090
CRM,xl_healthcare,Rates,high,-0.4715,0.5265,63,-0.4358,0.1090
CRM,xl_healthcare,Rates,low,0.3025,0.5247,63,-0.4358,0.1090
CRM,xl_healthcare,Bull-Bear,high,-0.6168,0.1263,839,-0.4358,0.1090
CRM,xl_healthcare,Bull-Bear,low,-0.8479,0.2569,241,-0.4358,0.1090
CRM,xl_industrials,VIX,high,-0.7832,0.3159,312,-0.2703,0.1605
CRM,xl_industrials,VIX,low,0.6944,0.3900,254,-0.2703,0.1605
CRM,xl_industrials,Rates,high,-1.2350,0.7421,63,-0.2703,0.1605
CRM,xl_industrials,Rates,low,-1.9475,0.8711,63,-0.2703,0.1605
CRM,xl_industrials,Bull-Bear,high,0.0006,0.1927,839,-0.2703,0.1605
CRM,xl_industrials,Bull-Bear,low,-0.6396,0.3737,241,-0.2703,0.1605
CRM,xl_real_estate,VIX,high,0.0985,0.1502,312,-0.2440,0.0740
CRM,xl_real_estate,VIX,low,-0.4806,0.1639,254,-0.2440,0.0740
CRM,xl_real_estate,Rates,high,-0.6178,0.3184,63,-0.2440,0.0740
CRM,xl_real_estate,Rates,low,0.9047,0.2547,63,-0.2440,0.0740
CRM,xl_real_estate,Bull-Bear,high,-0.4679,0.0885,839,-0.2440,0.0740
CRM,xl_real_estate,Bull-Bear,low,-0.3235,0.1703,241,-0.2440,0.0740
CRM,xl_utilities,VIX,high,0.0776,0.1236,312,-0.3388,0.0640
CRM,xl_utilities,VIX,low,-0.5127,0.1545,254,-0.3388,0.0640
CRM,xl_utilities,Rates,high,-0.1040,0.2182,63,-0.3388,0.0640
CRM,xl_utilities,Rates,low,0.4230,0.2940,63,-0.3388,0.0640
CRM,xl_utilities,Bull-Bear,high,-0.6509,0.0793,839,-0.3388,0.0640
CRM,xl_utilities,Bull-Bear,low,-0.4742,0.1417,241,-0.3388,0.0640
CVX,biotech,VIX,high,-0.4682,0.1690,312,-0.2347,0.0605
CVX,biotech,VIX,low,0.0584,0.0862,254,-0.2347,0.0605
CVX,biotech,Rates,high,-1.1163,0.4378,63,-0.2347,0.0605
CVX,biotech,Rates,low,-0.1130,0.3860,63,-0.2347,0.0605
CVX,biotech,Bull-Bear,high,-0.1816,0.0546,839,-0.2347,0.0605
CVX,biotech,Bull-Bear,low,-0.0984,0.1392,241,-0.2347,0.0605
CVX,china_a_shares,VIX,high,0.1989,0.1284,312,0.1049,0.0418
CVX,china_a_shares,VIX,low,0.0571,0.0558,254,0.1049,0.0418
CVX,china_a_shares,Rates,high,0.1694,0.2812,63,0.1049,0.0418
CVX,china_a_shares,Rates,low,0.2398,0.2937,63,0.1049,0.0418
CVX,china_a_shares,Bull-Bear,high,0.0701,0.0374,839,0.1049,0.0418
CVX,china_a_shares,Bull-Bear,low,0.0330,0.1044,241,0.1049,0.0418
CVX,china_exposure,VIX,high,0.0321,0.1041,312,0.0588,0.0359
CVX,china_exposure,VIX,low,0.1036,0.0415,254,0.0588,0.0359
CVX,china_exposure,Rates,high,-0.1212,0.2318,63,0.0588,0.0359
CVX,china_exposure,Rates,low,-0.0457,0.2397,63,0.0588,0.0359
CVX,china_exposure,Bull-Bear,high,0.0813,0.0337,839,0.0588,0.0359
CVX,china_exposure,Bull-Bear,low,0.0360,0.0716,241,0.0588,0.0359
CVX,copper,VIX,high,0.3120,0.1299,312,0.2639,0.0451
CVX,copper,VIX,low,0.1574,0.0589,254,0.2639,0.0451
CVX,copper,Rates,high,0.6342,0.2736,63,0.2639,0.0451
CVX,copper,Rates,low,0.3991,0.2717,63,0.2639,0.0451
CVX,copper,Bull-Bear,high,0.2156,0.0421,839,0.2639,0.0451
CVX,copper,Bull-Bear,low,0.2974,0.0987,241,0.2639,0.0451
CVX,credit_hy_spread,VIX,high,1.0696,0.2670,312,0.7658,0.1271
CVX,credit_hy_spread,VIX,low,0.4712,0.2126,254,0.7658,0.1271
CVX,credit_hy_spread,Rates,high,4.7146,1.0391,63,0.7658,0.1271
CVX,credit_hy_spread,Rates,low,2.3638,0.6460,63,0.7658,0.1271
CVX,credit_hy_spread,Bull-Bear,high,0.5437,0.1528,839,0.7658,0.1271
CVX,credit_hy_spread,Bull-Bear,low,0.1374,0.2348,241,0.7658,0.1271
CVX,defense,VIX,high,0.4128,0.1683,312,0.1955,0.0707
CVX,defense,VIX,low,-0.3865,0.0900,254,0.1955,0.0707
CVX,defense,Rates,high,0.7228,0.4120,63,0.1955,0.0707
CVX,defense,Rates,low,0.2107,0.3303,63,0.1955,0.0707
CVX,defense,Bull-Bear,high,0.1911,0.0706,839,0.1955,0.0707
CVX,defense,Bull-Bear,low,-0.2148,0.1537,241,0.1955,0.0707
CVX,energy_oil,VIX,high,0.2824,0.0459,312,0.3026,0.0218
CVX,energy_oil,VIX,low,0.2885,0.0400,254,0.3026,0.0218
CVX,energy_oil,Rates,high,0.6854,0.1331,63,0.3026,0.0218
CVX,energy_oil,Rates,low,0.4018,0.1132,63,0.3026,0.0218
CVX,energy_oil,Bull-Bear,high,0.3989,0.0280,839,0.3026,0.0218
CVX,energy_oil,Bull-Bear,low,0.1740,0.0352,241,0.3026,0.0218
CVX,gold,VIX,high,0.1259,0.1769,312,0.0766,0.0660
CVX,gold,VIX,low,0.1056,0.0846,254,0.0766,0.0660
CVX,gold,Rates,high,0.1011,0.4483,63,0.0766,0.0660
CVX,gold,Rates,low,0.2267,0.3088,63,0.0766,0.0660
CVX,gold,Bull-Bear,high,-0.0463,0.0616,839,0.0766,0.0660
CVX,gold,Bull-Bear,low,0.4272,0.1507,241,0.0766,0.0660
CVX,growth,VIX,high,0.8442,0.8977,312,-0.5984,0.3784
CVX,growth,VIX,low,0.8860,0.6196,254,-0.5984,0.3784
CVX,growth,Rates,high,6.7447,1.8529,63,-0.5984,0.3784
CVX,growth,Rates,low,6.9891,1.4934,63,-0.5984,0.3784
CVX,growth,Bull-Bear,high,-2.3838,0.3679,839,-0.5984,0.3784
CVX,growth,Bull-Bear,low,-1.6191,0.8403,241,-0.5984,0.3784
CVX,inflation,VIX,high,1.9194,0.4154,312,1.6335,0.1898
CVX,inflation,VIX,low,0.9469,0.3471,254,1.6335,0.1898
CVX,inflation,Rates,high,-0.7961,1.2335,63,1.6335,0.1898
CVX,inflation,Rates,low,2.4587,0.6467,63,1.6335,0.1898
CVX,inflation,Bull-Bear,high,1.5241,0.2348,839,1.6335,0.1898
CVX,inflation,Bull-Bear,low,1.0322,0.3367,241,1.6335,0.1898
CVX,lithium,VIX,high,0.1543,0.1103,312,0.1136,0.0382
CVX,lithium,VIX,low,0.0620,0.0464,254,0.1136,0.0382
CVX,lithium,Rates,high,-0.1563,0.2655,63,0.1136,0.0382
CVX,lithium,Rates,low,-0.2450,0.3079,63,0.1136,0.0382
CVX,lithium,Bull-Bear,high,0.1219,0.0334,839,0.1136,0.0382
CVX,lithium,Bull-Bear,low,0.0658,0.1058,241,0.1136,0.0382
CVX,market_beta,VIX,high,1.1598,0.0672,312,1.0062,0.0387
CVX,market_beta,VIX,low,0.1865,0.1237,254,1.0062,0.0387
CVX,market_beta,Rates,high,1.2175,0.2053,63,1.0062,0.0387
CVX,market_beta,Rates,low,0.9815,0.1362,63,1.0062,0.0387
CVX,market_beta,Bull-Bear,high,0.7941,0.0579,839,1.0062,0.0387
CVX,market_beta,Bull-Bear,low,0.7591,0.0839,241,1.0062,0.0387
CVX,momentum,VIX,high,-0.6765,0.2477,312,-0.3689,0.0918
CVX,momentum,VIX,low,-0.5557,0.1347,254,-0.3689,0.0918
CVX,momentum,Rates,high,0.6142,0.7167,63,-0.3689,0.0918
CVX,momentum,Rates,low,0.2242,0.5194,63,-0.3689,0.0918
CVX,momentum,Bull-Bear,high,-0.4148,0.0777,839,-0.3689,0.0918
CVX,momentum,Bull-Bear,low,-0.3655,0.2350,241,-0.3689,0.0918
CVX,natural_gas,VIX,high,0.0332,0.0494,312,0.0308,0.0165
CVX,natural_gas,VIX,low,0.0301,0.0199,254,0.0308,0.0165
CVX,natural_gas,Rates,high,0.1725,0.0997,63,0.0308,0.0165
CVX,natural_gas,Rates,low,0.1159,0.1072,63,0.0308,0.0165
CVX,natural_gas,Bull-Bear,high,0.0236,0.0151,839,0.0308,0.0165
CVX,natural_gas,Bull-Bear,low,0.0477,0.0364,241,0.0308,0.0165
CVX,quality,VIX,high,-0.7958,0.7430,312,-0.6906,0.2841
CVX,quality,VIX,low,-0.7291,0.3753,254,-0.6906,0.2841
CVX,quality,Rates,high,-5.5899,1.4521,63,-0.6906,0.2841
CVX,quality,Rates,low,-1.2000,1.1991,63,-0.6906,0.2841
CVX,quality,Bull-Bear,high,-0.4726,0.2785,839,-0.6906,0.2841
CVX,quality,Bull-Bear,low,0.0941,0.6619,241,-0.6906,0.2841
CVX,rates,VIX,high,-0.7226,0.3421,312,-0.5353,0.1269
CVX,rates,VIX,low,-0.1951,0.1600,254,-0.5353,0.1269
CVX,rates,Rates,high,1.9924,1.5167,63,-0.5353,0.1269
CVX,rates,Rates,low,-1.0928,1.0612,63,-0.5353,0.1269
CVX,rates,Bull-Bear,high,-0.6767,0.1351,839,-0.5353,0.1269
CVX,rates,Bull-Bear,low,-0.0890,0.2475,241,-0.5353,0.1269
CVX,rates_30y,VIX,high,-0.2541,0.1462,312,-0.2124,0.0568
CVX,rates_30y,VIX,low,-0.0597,0.0770,254,-0.2124,0.0568
CVX,rates_30y,Rates,high,1.4400,0.3909,63,-0.2124,0.0568
CVX,rates_30y,Rates,low,-0.6001,0.3632,63,-0.2124,0.0568
CVX,rates_30y,Bull-Bear,high,-0.3518,0.0607,839,-0.2124,0.0568
CVX,rates_30y,Bull-Bear,low,-0.0728,0.1198,241,-0.2124,0.0568
CVX,semiconductors,VIX,high,-0.7874,0.1433,312,-0.2618,0.0498
CVX,semiconductors,VIX,low,-0.2038,0.0559,254,-0.2618,0.0498
CVX,semiconductors,Rates,high,-0.3720,0.3875,63,-0.2618,0.0498
CVX,semiconductors,Rates,low,-0.6831,0.2165,63,-0.2618,0.0498
CVX,semiconductors,Bull-Bear,high,-0.1139,0.0451,839,-0.2618,0.0498
CVX,semiconductors,Bull-Bear,low,-0.1086,0.1246,241,-0.2618,0.0498
CVX,uranium,VIX,high,0.1357,0.0972,312,0.1367,0.0298
CVX,uranium,VIX,low,0.0566,0.0399,254,0.1367,0.0298
CVX,uranium,Rates,high,0.4337,0.1947,63,0.1367,0.0298
CVX,uranium,Rates,low,0.1809,0.1744,63,0.1367,0.0298
CVX,uranium,Bull-Bear,high,0.1063,0.0268,839,0.1367,0.0298
CVX,uranium,Bull-Bear,low,0.2557,0.0706,241,0.1367,0.0298
CVX,usd_strength,VIX,high,0.8144,0.3286,312,0.1576,0.1381
CVX,usd_strength,VIX,low,-0.1493,0.1918,254,0.1576,0.1381
CVX,usd_strength,Rates,high,-0.6456,0.9057,63,0.1576,0.1381
CVX,usd_strength,Rates,low,1.4819,0.5233,63,0.1576,0.1381
CVX,usd_strength,Bull-Bear,high,-0.3094,0.1476,839,0.1576,0.1381
CVX,usd_strength,Bull-Bear,low,-0.5268,0.3088,241,0.1576,0.1381
CVX,value,VIX,high,3.1662,0.2750,312,2.0760,0.1175
CVX,value,VIX,low,1.0039,0.1401,254,2.0760,0.1175
CVX,value,Rates,high,3.5982,0.6997,63,2.0760,0.1175
CVX,value,Rates,low,2.9518,0.5607,63,2.0760,0.1175
CVX,value,Bull-Bear,high,1.4850,0.1063,839,2.0760,0.1175
CVX,value,Bull-Bear,low,1.7106,0.2967,241,2.0760,0.1175
CVX,volatility,VIX,high,0.1008,0.0254,312,0.0266,0.0115
CVX,volatility,VIX,low,0.0093,0.0210,254,0.0266,0.0115
CVX,volatility,Rates,high,0.0651,0.0509,63,0.0266,0.0115
CVX,volatility,Rates,low,0.0701,0.0507,63,0.0266,0.0115
CVX,volatility,Bull-Bear,high,-0.0440,0.0109,839,0.0266,0.0115
CVX,volatility,Bull-Bear,low,0.0816,0.0326,241,0.0266,0.0115
CVX,xl_consumer_defensive,VIX,high,0.1277,0.2214,312,-0.0184,0.0913
CVX,xl_consumer_defensive,VIX,low,0.2069,0.1269,254,-0.0184,0.0913
CVX,xl_consumer_defensive,Rates,high,-0.4236,0.4814,63,-0.0184,0.0913
CVX,xl_consumer_defensive,Rates,low,-0.2927,0.4242,63,-0.0184,0.0913
CVX,xl_consumer_defensive,Bull-Bear,high,-0.0536,0.0963,839,-0.0184,0.0913
CVX,xl_consumer_defensive,Bull-Bear,low,-0.1053,0.1879,241,-0.0184,0.0913
CVX,xl_financials,VIX,high,-0.1559,0.3031,312,-0.1724,0.1259
CVX,xl_financials,VIX,low,-0.7225,0.1758,254,-0.1724,0.1259
CVX,xl_financials,Rates,high,0.3867,0.6542,63,-0.1724,0.1259
CVX,xl_financials,Rates,low,-0.8191,0.6709,63,-0.1724,0.1259
CVX,xl_financials,Bull-Bear,high,0.1065,0.1246,839,-0.1724,0.1259
CVX,xl_financials,Bull-Bear,low,-1.1072,0.2604,241,-0.1724,0.1259
CVX,xl_healthcare,VIX,high,0.6715,0.2577,312,0.1126,0.0984
CVX,xl_healthcare,VIX,low,0.0423,0.1243,254,0.1126,0.0984
CVX,xl_healthcare,Rates,high,-0.5349,0.6381,63,0.1126,0.0984
CVX,xl_healthcare,Rates,low,1.0153,0.4490,63,0.1126,0.0984
CVX,xl_healthcare,Bull-Bear,high,-0.1431,0.0938,839,0.1126,0.0984
CVX,xl_healthcare,Bull-Bear,low,-0.0349,0.2199,241,0.1126,0.0984
CVX,xl_industrials,VIX,high,-0.0220,0.3615,312,-0.1402,0.1441
CVX,xl_industrials,VIX,low,-0.5259,0.1921,254,-0.1402,0.1441
CVX,xl_industrials,Rates,high,0.0922,0.9188,63,-0.1402,0.1441
CVX,xl_industrials,Rates,low,-1.3163,0.7872,63,-0.1402,0.1441
CVX,xl_industrials,Bull-Bear,high,-0.1283,0.1413,839,-0.1402,0.1441
CVX,xl_industrials,Bull-Bear,low,-0.8631,0.3098,241,-0.1402,0.1441
CVX,xl_real_estate,VIX,high,0.5745,0.1671,312,0.1761,0.0665
CVX,xl_real_estate,VIX,low,0.3176,0.0804,254,0.1761,0.0665
CVX,xl_real_estate,Rates,high,0.2396,0.3962,63,0.1761,0.0665
CVX,xl_real_estate,Rates,low,1.0343,0.2104,63,0.1761,0.0665
CVX,xl_real_estate,Bull-Bear,high,-0.0470,0.0660,839,0.1761,0.0665
CVX,xl_real_estate,Bull-Bear,low,0.1202,0.1435,241,0.1761,0.0665
CVX,xl_utilities,VIX,high,0.4873,0.1375,312,0.1720,0.0578
CVX,xl_utilities,VIX,low,0.2504,0.0768,254,0.1720,0.0578
CVX,xl_utilities,Rates,high,-0.0216,0.2648,63,0.1720,0.0578
CVX,xl_utilities,Rates,low,0.6690,0.2515,63,0.1720,0.0578
CVX,xl_utilities,Bull-Bear,high,-0.0535,0.0605,839,0.1720,0.0578
CVX,xl_utilities,Bull-Bear,low,0.2923,0.1199,241,0.1720,0.0578
DAL,biotech,VIX,high,-0.8590,0.2308,312,-0.3443,0.0832
DAL,biotech,VIX,low,0.2541,0.1388,254,-0.3443,0.0832
DAL,biotech,Rates,high,-1.7711,0.5544,63,-0.3443,0.0832
DAL,biotech,Rates,low,-0.0085,0.3988,63,-0.3443,0.0832
DAL,biotech,Bull-Bear,high,-0.2314,0.0828,839,-0.3443,0.0832
DAL,biotech,Bull-Bear,low,-0.1099,0.2018,241,-0.3443,0.0832
DAL,china_a_shares,VIX,high,0.0847,0.1778,312,0.0105,0.0576
DAL,china_a_shares,VIX,low,-0.0141,0.0905,254,0.0105,0.0576
DAL,china_a_shares,Rates,high,0.1171,0.3665,63,0.0105,0.0576
DAL,china_a_shares,Rates,low,0.2415,0.3033,63,0.0105,0.0576
DAL,china_a_shares,Bull-Bear,high,-0.0074,0.0568,839,0.0105,0.0576
DAL,china_a_shares,Bull-Bear,low,-0.1453,0.1511,241,0.0105,0.0576
DAL,china_exposure,VIX,high,0.0879,0.1435,312,0.0463,0.0493
DAL,china_exposure,VIX,low,0.0240,0.0680,254,0.0463,0.0493
DAL,china_exposure,Rates,high,-0.2072,0.3011,63,0.0463,0.0493
DAL,china_exposure,Rates,low,0.2546,0.2454,63,0.0463,0.0493
DAL,china_exposure,Bull-Bear,high,0.0099,0.0512,839,0.0463,0.0493
DAL,china_exposure,Bull-Bear,low,0.1104,0.1037,241,0.0463,0.0493
DAL,copper,VIX,high,0.1748,0.1806,312,0.1640,0.0627
DAL,copper,VIX,low,0.0483,0.0967,254,0.1640,0.0627
DAL,copper,Rates,high,0.9048,0.3527,63,0.1640,0.0627
DAL,copper,Rates,low,0.0186,0.2854,63,0.1640,0.0627
DAL,copper,Bull-Bear,high,0.1381,0.0645,839,0.1640,0.0627
DAL,copper,Bull-Bear,low,-0.0403,0.1457,241,0.1640,0.0627
DAL,credit_hy_spread,VIX,high,1.4225,0.3689,312,0.8065,0.1757
DAL,credit_hy_spread,VIX,low,-0.6246,0.3454,254,0.8065,0.1757
DAL,credit_hy_spread,Rates,high,4.5119,1.4525,63,0.8065,0.1757
DAL,credit_hy_spread,Rates,low,0.8694,0.7281,63,0.8065,0.1757
DAL,credit_hy_spread,Bull-Bear,high,0.2671,0.2329,839,0.8065,0.1757
DAL,credit_hy_spread,Bull-Bear,low,0.7939,0.3367,241,0.8065,0.1757
DAL,defense,VIX,high,1.3882,0.2206,312,0.8379,0.0946
DAL,defense,VIX,low,-0.2027,0.1505,254,0.8379,0.0946
DAL,defense,Rates,high,1.8896,0.4932,63,0.8379,0.0946
DAL,defense,Rates,low,-0.0832,0.3420,63,0.8379,0.0946
DAL,defense,Bull-Bear,high,0.9354,0.1023,839,0.8379,0.0946
DAL,defense,Bull-Bear,low,0.1863,0.2233,241,0.8379,0.0946
DAL,energy_oil,VIX,high,0.0247,0.0671,312,-0.0073,0.0322
DAL,energy_oil,VIX,low,-0.2109,0.0699,254,-0.0073,0.0322
DAL,energy_oil,Rates,high,0.8056,0.1799,63,-0.0073,0.0322
DAL,energy_oil,Rates,low,-0.0358,0.1283,63,-0.0073,0.0322
DAL,energy_oil,Bull-Bear,high,0.0473,0.0472,839,-0.0073,0.0322
DAL,energy_oil,Bull-Bear,low,-0.1820,0.0523,241,-0.0073,0.0322
DAL,gold,VIX,high,-0.4569,0.2428,312,-0.2147,0.0905
DAL,gold,VIX,low,0.0034,0.1374,254,-0.2147,0.0905
DAL,gold,Rates,high,-0.6526,0.5773,63,-0.2147,0.0905
DAL,gold,Rates,low,0.0060,0.3202,63,-0.2147,0.0905
DAL,gold,Bull-Bear,high,-0.1004,0.0932,839,-0.2147,0.0905
DAL,gold,Bull-Bear,low,-0.8159,0.2157,241,-0.2147,0.0905
DAL,growth,VIX,high,1.3956,1.2374,312,1.0485,0.5198
DAL,growth,VIX,low,3.6911,0.9804,254,1.0485,0.5198
DAL,growth,Rates,high,4.9931,2.5811,63,1.0485,0.5198
DAL,growth,Rates,low,3.1769,1.7508,63,1.0485,0.5198
DAL,growth,Bull-Bear,high,-0.7903,0.5700,839,1.0485,0.5198
DAL,growth,Bull-Bear,low,5.0943,1.1823,241,1.0485,0.5198
DAL,inflation,VIX,high,0.5122,0.5916,312,0.2828,0.2684
DAL,inflation,VIX,low,-1.8092,0.5589,254,0.2828,0.2684
DAL,inflation,Rates,high,0.6569,1.6077,63,0.2828,0.2684
DAL,inflation,Rates,low,1.0192,0.7310,63,0.2828,0.2684
DAL,inflation,Bull-Bear,high,0.5203,0.3639,839,0.2828,0.2684
DAL,inflation,Bull-Bear,low,-0.5090,0.4965,241,0.2828,0.2684
DAL,lithium,VIX,high,0.3389,0.1513,312,0.1938,0.0524
DAL,lithium,VIX,low,0.1951,0.0744,254,0.1938,0.0524
DAL,lithium,Rates,high,-0.2262,0.3451,63,0.1938,0.0524
DAL,lithium,Rates,low,0.1190,0.3192,63,0.1938,0.0524
DAL,lithium,Bull-Bear,high,0.1900,0.0506,839,0.1938,0.0524
DAL,lithium,Bull-Bear,low,0.0599,0.1534,241,0.1938,0.0524
DAL,market_beta,VIX,high,1.4130,0.1021,312,1.3376,0.0542
DAL,market_beta,VIX,low,1.2749,0.1846,254,1.3376,0.0542
DAL,market_beta,Rates,high,1.2828,0.2923,63,1.3376,0.0542
DAL,market_beta,Rates,low,0.8028,0.1614,63,1.3376,0.0542
DAL,market_beta,Bull-Bear,high,1.3235,0.0855,839,1.3376,0.0542
DAL,market_beta,Bull-Bear,low,1.3618,0.1100,241,1.3376,0.0542
DAL,momentum,VIX,high,-1.5992,0.3336,312,-0.7615,0.1251
DAL,momentum,VIX,low,0.2268,0.2249,254,-0.7615,0.1251
DAL,momentum,Rates,high,-0.4603,0.9360,63,-0.7615,0.1251
DAL,momentum,Rates,low,-0.6765,0.5301,63,-0.7615,0.1251
DAL,momentum,Bull-Bear,high,-0.7121,0.1171,839,-0.7615,0.1251
DAL,momentum,Bull-Bear,low,-0.6732,0.3395,241,-0.7615,0.1251
DAL,natural_gas,VIX,high,-0.0241,0.0682,312,-0.0197,0.0228
DAL,natural_gas,VIX,low,-0.0020,0.0324,254,-0.0197,0.0228
DAL,natural_gas,Rates,high,0.1980,0.1304,63,-0.0197,0.0228
DAL,natural_gas,Rates,low,-0.0444,0.1116,63,-0.0197,0.0228
DAL,natural_gas,Bull-Bear,high,-0.0435,0.0229,839,-0.0197,0.0228
DAL,natural_gas,Bull-Bear,low,-0.0127,0.0530,241,-0.0197,0.0228
DAL,quality,VIX,high,0.8225,1.0256,312,-0.2416,0.3914
DAL,quality,VIX,low,-1.4691,0.6054,254,-0.2416,0.3914
DAL,quality,Rates,high,-4.7313,2.0167,63,-0.2416,0.3914
DAL,quality,Rates,low,-1.5181,1.2329,63,-0.2416,0.3914
DAL,quality,Bull-Bear,high,-0.5185,0.4220,839,-0.2416,0.3914
DAL,quality,Bull-Bear,low,0.7507,0.9582,241,-0.2416,0.3914
DAL,rates,VIX,high,-0.3512,0.4748,312,-0.1021,0.1757
DAL,rates,VIX,low,0.5827,0.2572,254,-0.1021,0.1757
DAL,rates,Rates,high,6.8855,1.7959,63,-0.1021,0.1757
DAL,rates,Rates,low,0.5162,1.1031,63,-0.1021,0.1757
DAL,rates,Bull-Bear,high,-0.3270,0.2073,839,-0.1021,0.1757
DAL,rates,Bull-Bear,low,0.0566,0.3588,241,-0.1021,0.1757
DAL,rates_30y,VIX,high,-0.0926,0.2025,312,0.0224,0.0785
DAL,rates_30y,VIX,low,0.3929,0.1224,254,0.0224,0.0785
DAL,rates_30y,Rates,high,2.7535,0.4379,63,0.0224,0.0785
DAL,rates_30y,Rates,low,0.4495,0.3790,63,0.0224,0.0785
DAL,rates_30y,Bull-Bear,high,-0.1573,0.0936,839,0.0224,0.0785
DAL,rates_30y,Bull-Bear,low,0.0246,0.1738,241,0.0224,0.0785
DAL,semiconductors,VIX,high,-0.8845,0.2008,312,-0.1510,0.0691
DAL,semiconductors,VIX,low,0.0687,0.0928,254,-0.1510,0.0691
DAL,semiconductors,Rates,high,-0.3869,0.5054,63,-0.1510,0.0691
DAL,semiconductors,Rates,low,0.2373,0.2391,63,-0.1510,0.0691
DAL,semiconductors,Bull-Bear,high,-0.0337,0.0685,839,-0.1510,0.0691
DAL,semiconductors,Bull-Bear,low,0.0809,0.1808,241,-0.1510,0.0691
DAL,uranium,VIX,high,-0.1104,0.1343,312,0.0517,0.0413
DAL,uranium,VIX,low,-0.0528,0.0648,254,0.0517,0.0413
DAL,uranium,Rates,high,0.4131,0.2579,63,0.0517,0.0413
DAL,uranium,Rates,low,0.0747,0.1814,63,0.0517,0.0413
DAL,uranium,Bull-Bear,high,0.0855,0.0409,839,0.0517,0.0413
DAL,uranium,Bull-Bear,low,0.0137,0.1051,241,0.0517,0.0413
DAL,usd_strength,VIX,high,-0.9157,0.4547,312,-0.7967,0.1886
DAL,usd_strength,VIX,low,-0.8301,0.3066,254,-0.7967,0.1886
DAL,usd_strength,Rates,high,-1.8271,1.1597,63,-0.7967,0.1886
DAL,usd_strength,Rates,low,-0.5300,0.5707,63,-0.7967,0.1886
DAL,usd_strength,Bull-Bear,high,-0.7021,0.2227,839,-0.7967,0.1886
DAL,usd_strength,Bull-Bear,low,-1.9607,0.4320,241,-0.7967,0.1886
DAL,value,VIX,high,3.5990,0.4044,312,1.9872,0.1715
DAL,value,VIX,low,0.6190,0.2459,254,1.9872,0.1715
DAL,value,Rates,high,3.5871,0.9882,63,1.9872,0.1715
DAL,value,Rates,low,0.8588,0.6894,63,1.9872,0.1715
DAL,value,Bull-Bear,high,1.7738,0.1679,839,1.9872,0.1715
DAL,value,Bull-Bear,low,0.6580,0.4570,241,1.9872,0.1715
DAL,volatility,VIX,high,0.0613,0.0358,312,-0.0114,0.0158
DAL,volatility,VIX,low,-0.0493,0.0339,254,-0.0114,0.0158
DAL,volatility,Rates,high,0.0270,0.0670,63,-0.0114,0.0158
DAL,volatility,Rates,low,-0.1113,0.0512,63,-0.0114,0.0158
DAL,volatility,Bull-Bear,high,-0.0839,0.0164,839,-0.0114,0.0158
DAL,volatility,Bull-Bear,low,0.1020,0.0474,241,-0.0114,0.0158
DAL,xl_consumer_defensive,VIX,high,-0.1763,0.3054,312,-0.4222,0.1249
DAL,xl_consumer_defensive,VIX,low,-0.1669,0.2064,254,-0.4222,0.1249
DAL,xl_consumer_defensive,Rates,high,-1.8145,0.5858,63,-0.4222,0.1249
DAL,xl_consumer_defensive,Rates,low,-0.9630,0.4220,63,-0.4222,0.1249
DAL,xl_consumer_defensive,Bull-Bear,high,-0.5782,0.1444,839,-0.4222,0.1249
DAL,xl_consumer_defensive,Bull-Bear,low,-0.8384,0.2671,241,-0.4222,0.1249
DAL,xl_financials,VIX,high,1.6023,0.4082,312,0.9916,0.1709
DAL,xl_financials,VIX,low,-0.6516,0.2912,254,0.9916,0.1709
DAL,xl_financials,Rates,high,2.5130,0.7904,63,0.9916,0.1709
DAL,xl_financials,Rates,low,1.9568,0.6548,63,0.9916,0.1709
DAL,xl_financials,Bull-Bear,high,0.6741,0.1873,839,0.9916,0.1709
DAL,xl_financials,Bull-Bear,low,1.5316,0.3787,241,0.9916,0.1709
DAL,xl_healthcare,VIX,high,-0.5433,0.3579,312,-0.7806,0.1335
DAL,xl_healthcare,VIX,low,-0.2804,0.2007,254,-0.7806,0.1335
DAL,xl_healthcare,Rates,high,-1.8149,0.8018,63,-0.7806,0.1335
DAL,xl_healthcare,Rates,low,-1.0408,0.4638,63,-0.7806,0.1335
DAL,xl_healthcare,Bull-Bear,high,-0.7647,0.1398,839,-0.7806,0.1335
DAL,xl_healthcare,Bull-Bear,low,-1.4547,0.3045,241,-0.7806,0.1335
DAL,xl_industrials,VIX,high,2.2318,0.4823,312,1.5190,0.1934
DAL,xl_industrials,VIX,low,0.9838,0.3096,254,1.5190,0.1934
DAL,xl_industrials,Rates,high,2.4555,1.1531,63,1.5190,0.1934
DAL,xl_industrials,Rates,low,0.2917,0.8303,63,1.5190,0.1934
DAL,xl_industrials,Bull-Bear,high,1.3642,0.2087,839,1.5190,0.1934
DAL,xl_industrials,Bull-Bear,low,0.6415,0.4544,241,1.5190,0.1934
DAL,xl_real_estate,VIX,high,0.5972,0.2324,312,0.1328,0.0915
DAL,xl_real_estate,VIX,low,0.0059,0.1341,254,0.1328,0.0915
DAL,xl_real_estate,Rates,high,-0.2206,0.5161,63,0.1328,0.0915
DAL,xl_real_estate,Rates,low,0.4323,0.2507,63,0.1328,0.0915
DAL,xl_real_estate,Bull-Bear,high,-0.0652,0.0999,839,0.1328,0.0915
DAL,xl_real_estate,Bull-Bear,low,0.1049,0.2082,241,0.1328,0.0915
DAL,xl_utilities,VIX,high,0.1049,0.1933,312,-0.1674,0.0796
DAL,xl_utilities,VIX,low,-0.0626,0.1270,254,-0.1674,0.0796
DAL,xl_utilities,Rates,high,-0.6964,0.3327,63,-0.1674,0.0796
DAL,xl_utilities,Rates,low,-0.1518,0.2736,63,-0.1674,0.0796
DAL,xl_utilities,Bull-Bear,high,-0.2488,0.0912,839,-0.1674,0.0796
DAL,xl_utilities,Bull-Bear,low,-0.3303,0.1747,241,-0.1674,0.0796
DIA,biotech,VIX,high,-0.0510,0.1063,312,-0.0347,0.0353
DIA,biotech,VIX,low,0.1341,0.0409,254,-0.0347,0.0353
DIA,biotech,Rates,high,0.0211,0.2343,63,-0.0347,0.0353
DIA,biotech,Rates,low,0.0064,0.2725,63,-0.0347,0.0353
DIA,biotech,Bull-Bear,high,-0.0469,0.0282,839,-0.0347,0.0353
DIA,biotech,Bull-Bear,low,0.0550,0.0812,241,-0.0347,0.0353
DIA,china_a_shares,VIX,high,0.0629,0.0801,312,0.0048,0.0243
DIA,china_a_shares,VIX,low,0.0070,0.0270,254,0.0048,0.0243
DIA,china_a_shares,Rates,high,0.0227,0.1435,63,0.0048,0.0243
DIA,china_a_shares,Rates,low,0.4625,0.1997,63,0.0048,0.0243
DIA,china_a_shares,Bull-Bear,high,0.0029,0.0192,839,0.0048,0.0243
DIA,china_a_shares,Bull-Bear,low,-0.1211,0.0605,241,0.0048,0.0243
DIA,china_exposure,VIX,high,-0.0532,0.0646,312,-0.0098,0.0208
DIA,china_exposure,VIX,low,0.0244,0.0203,254,-0.0098,0.0208
DIA,china_exposure,Rates,high,-0.1003,0.1176,63,-0.0098,0.0208
DIA,china_exposure,Rates,low,-0.0797,0.1688,63,-0.0098,0.0208
DIA,china_exposure,Bull-Bear,high,0.0071,0.0173,839,-0.0098,0.0208
DIA,china_exposure,Bull-Bear,low,-0.0003,0.0418,241,-0.0098,0.0208
DIA,copper,VIX,high,-0.0926,0.0813,312,0.0061,0.0265
DIA,copper,VIX,low,0.0379,0.0288,254,0.0061,0.0265
DIA,copper,Rates,high,-0.1329,0.1443,63,0.0061,0.0265
DIA,copper,Rates,low,0.1278,0.1943,63,0.0061,0.0265
DIA,copper,Bull-Bear,high,0.0555,0.0218,839,0.0061,0.0265
DIA,copper,Bull-Bear,low,-0.0492,0.0586,241,0.0061,0.0265
DIA,credit_hy_spread,VIX,high,0.6096,0.1666,312,0.1793,0.0745
DIA,credit_hy_spread,VIX,low,-0.4679,0.0996,254,0.1793,0.0745
DIA,credit_hy_spread,Rates,high,1.4518,0.5827,63,0.1793,0.0745
DIA,credit_hy_spread,Rates,low,2.2079,0.4163,63,0.1793,0.0745
DIA,credit_hy_spread,Bull-Bear,high,-0.3751,0.0779,839,0.1793,0.0745
DIA,credit_hy_spread,Bull-Bear,low,-0.0421,0.1371,241,0.1793,0.0745
DIA,defense,VIX,high,0.1744,0.1051,312,0.0571,0.0410
DIA,defense,VIX,low,-0.0994,0.0447,254,0.0571,0.0410
DIA,defense,Rates,high,-0.0694,0.2147,63,0.0571,0.0410
DIA,defense,Rates,low,0.0613,0.2336,63,0.0571,0.0410
DIA,defense,Bull-Bear,high,0.1139,0.0362,839,0.0571,0.0410
DIA,defense,Bull-Bear,low,-0.1734,0.0893,241,0.0571,0.0410
DIA,energy_oil,VIX,high,0.0400,0.0301,312,0.0195,0.0136
DIA,energy_oil,VIX,low,-0.0489,0.0210,254,0.0195,0.0136
DIA,energy_oil,Rates,high,0.0765,0.0805,63,0.0195,0.0136
DIA,energy_oil,Rates,low,0.1430,0.0858,63,0.0195,0.0136
DIA,energy_oil,Bull-Bear,high,0.0261,0.0160,839,0.0195,0.0136
DIA,energy_oil,Bull-Bear,low,-0.0424,0.0214,241,0.0195,0.0136
DIA,gold,VIX,high,-0.1275,0.1098,312,-0.0242,0.0382
DIA,gold,VIX,low,0.0507,0.0409,254,-0.0242,0.0382
DIA,gold,Rates,high,-0.2980,0.2250,63,-0.0242,0.0382
DIA,gold,Rates,low,-0.0485,0.2187,63,-0.0242,0.0382
DIA,gold,Bull-Bear,high,0.0354,0.0316,839,-0.0242,0.0382
DIA,gold,Bull-Bear,low,-0.1042,0.0892,241,-0.0242,0.0382
DIA,growth,VIX,high,0.1628,0.5587,312,-0.3306,0.2191
DIA,growth,VIX,low,0.2267,0.3007,254,-0.3306,0.2191
DIA,growth,Rates,high,3.3481,0.9480,63,-0.3306,0.2191
DIA,growth,Rates,low,3.4939,1.1437,63,-0.3306,0.2191
DIA,growth,Bull-Bear,high,-1.0101,0.1902,839,-0.3306,0.2191
DIA,growth,Bull-Bear,low,-0.2478,0.4940,241,-0.3306,0.2191
DIA,inflation,VIX,high,0.4376,0.2658,312,0.2042,0.1130
DIA,inflation,VIX,low,-0.5907,0.1663,254,0.2042,0.1130
DIA,inflation,Rates,high,-0.9065,0.6191,63,0.2042,0.1130
DIA,inflation,Rates,low,0.7467,0.4983,63,0.2042,0.1130
DIA,inflation,Bull-Bear,high,-0.0295,0.1235,839,0.2042,0.1130
DIA,inflation,Bull-Bear,low,-0.2913,0.1995,241,0.2042,0.1130
DIA,lithium,VIX,high,-0.0422,0.0687,312,-0.0043,0.0222
DIA,lithium,VIX,low,0.0384,0.0224,254,-0.0043,0.0222
DIA,lithium,Rates,high,-0.3247,0.1290,63,-0.0043,0.0222
DIA,lithium,Rates,low,-0.3610,0.2134,63,-0.0043,0.0222
DIA,lithium,Bull-Bear,high,0.0324,0.0172,839,-0.0043,0.0222
DIA,lithium,Bull-Bear,low,-0.0951,0.0615,241,-0.0043,0.0222
DIA,market_beta,VIX,high,1.0054,0.0127,312,0.9340,0.0088
DIA,market_beta,VIX,low,0.7102,0.0402,254,0.9340,0.0088
DIA,market_beta,Rates,high,0.9859,0.0357,63,0.9340,0.0088
DIA,market_beta,Rates,low,0.9933,0.0302,63,0.9340,0.0088
DIA,market_beta,Bull-Bear,high,0.8414,0.0153,839,0.9340,0.0088
DIA,market_beta,Bull-Bear,low,0.8459,0.0151,241,0.9340,0.0088
DIA,momentum,VIX,high,-0.2211,0.1553,312,-0.1511,0.0533
DIA,momentum,VIX,low,-0.0361,0.0673,254,-0.1511,0.0533
DIA,momentum,Rates,high,0.1795,0.3662,63,-0.1511,0.0533
DIA,momentum,Rates,low,0.0018,0.3670,63,-0.1511,0.0533
DIA,momentum,Bull-Bear,high,-0.1149,0.0404,839,-0.1511,0.0533
DIA,momentum,Bull-Bear,low,-0.2200,0.1371,241,-0.1511,0.0533
DIA,natural_gas,VIX,high,-0.0140,0.0307,312,-0.0019,0.0096
DIA,natural_gas,VIX,low,0.0024,0.0097,254,-0.0019,0.0096
DIA,natural_gas,Rates,high,0.0571,0.0515,63,-0.0019,0.0096
DIA,natural_gas,Rates,low,0.0497,0.0761,63,-0.0019,0.0096
DIA,natural_gas,Bull-Bear,high,-0.0053,0.0078,839,-0.0019,0.0096
DIA,natural_gas,Bull-Bear,low,0.0035,0.0213,241,-0.0019,0.0096
DIA,quality,VIX,high,-0.3809,0.4621,312,-0.1287,0.1649
DIA,quality,VIX,low,-0.3837,0.1814,254,-0.1287,0.1649
DIA,quality,Rates,high,-2.8537,0.7385,63,-0.1287,0.1649
DIA,quality,Rates,low,-0.3230,0.8518,63,-0.1287,0.1649
DIA,quality,Bull-Bear,high,-0.1293,0.1431,839,-0.1287,0.1649
DIA,quality,Bull-Bear,low,0.6057,0.3843,241,-0.1287,0.1649
DIA,rates,VIX,high,-0.6096,0.2113,312,-0.1331,0.0739
DIA,rates,VIX,low,0.2604,0.0759,254,-0.1331,0.0739
DIA,rates,Rates,high,-0.5016,0.7801,63,-0.1331,0.0739
DIA,rates,Rates,low,-1.3474,0.7351,63,-0.1331,0.0739
DIA,rates,Bull-Bear,high,0.0292,0.0703,839,-0.1331,0.0739
DIA,rates,Bull-Bear,low,0.2155,0.1438,241,-0.1331,0.0739
DIA,rates_30y,VIX,high,-0.2778,0.0899,312,-0.0616,0.0330
DIA,rates_30y,VIX,low,0.1442,0.0362,254,-0.0616,0.0330
DIA,rates_30y,Rates,high,0.1661,0.2189,63,-0.0616,0.0330
DIA,rates_30y,Rates,low,-0.6693,0.2475,63,-0.0616,0.0330
DIA,rates_30y,Bull-Bear,high,-0.0178,0.0318,839,-0.0616,0.0330
DIA,rates_30y,Bull-Bear,low,0.1015,0.0697,241,-0.0616,0.0330
DIA,semiconductors,VIX,high,-0.5616,0.0877,312,-0.1432,0.0289
DIA,semiconductors,VIX,low,-0.0563,0.0275,254,-0.1432,0.0289
DIA,semiconductors,Rates,high,-0.3280,0.1942,63,-0.1432,0.0289
DIA,semiconductors,Rates,low,-0.3795,0.1574,63,-0.1432,0.0289
DIA,semiconductors,Bull-Bear,high,-0.0180,0.0232,839,-0.1432,0.0289
DIA,semiconductors,Bull-Bear,low,-0.0572,0.0727,241,-0.1432,0.0289
DIA,uranium,VIX,high,-0.1672,0.0599,312,-0.0198,0.0174
DIA,uranium,VIX,low,-0.0273,0.0193,254,-0.0198,0.0174
DIA,uranium,Rates,high,0.0777,0.1025,63,-0.0198,0.0174
DIA,uranium,Rates,low,-0.1961,0.1215,63,-0.0198,0.0174
DIA,uranium,Bull-Bear,high,0.0120,0.0139,839,-0.0198,0.0174
DIA,uranium,Bull-Bear,low,-0.0356,0.0423,241,-0.0198,0.0174
DIA,usd_strength,VIX,high,0.6497,0.2029,312,0.1208,0.0799
DIA,usd_strength,VIX,low,-0.2570,0.0915,254,0.1208,0.0799
DIA,usd_strength,Rates,high,0.8388,0.4503,63,0.1208,0.0799
DIA,usd_strength,Rates,low,1.0030,0.3710,63,0.1208,0.0799
DIA,usd_strength,Bull-Bear,high,-0.3190,0.0751,839,0.1208,0.0799
DIA,usd_strength,Bull-Bear,low,-0.6941,0.1757,241,0.1208,0.0799
DIA,value,VIX,high,1.2452,0.1916,312,0.6191,0.0740
DIA,value,VIX,low,0.2996,0.0720,254,0.6191,0.0740
DIA,value,Rates,high,1.4636,0.3830,63,0.6191,0.0740
DIA,value,Rates,low,1.2825,0.4478,63,0.6191,0.0740
DIA,value,Bull-Bear,high,0.3332,0.0595,839,0.6191,0.0740
DIA,value,Bull-Bear,low,0.0503,0.1848,241,0.6191,0.0740
DIA,volatility,VIX,high,0.0612,0.0158,312,0.0078,0.0066
DIA,volatility,VIX,low,-0.0094,0.0102,254,0.0078,0.0066
DIA,volatility,Rates,high,-0.0066,0.0263,63,0.0078,0.0066
DIA,volatility,Rates,low,0.0643,0.0354,63,0.0078,0.0066
DIA,volatility,Bull-Bear,high,-0.0454,0.0054,839,0.0078,0.0066
DIA,volatility,Bull-Bear,low,0.1025,0.0181,241,0.0078,0.0066
DIA,xl_consumer_defensive,VIX,high,0.6173,0.1332,312,0.2227,0.0525
DIA,xl_consumer_defensive,VIX,low,0.1512,0.0610,254,0.2227,0.0525
DIA,xl_consumer_defensive,Rates,high,0.2250,0.2449,63,0.2227,0.0525
DIA,xl_consumer_defensive,Rates,low,0.2475,0.2987,63,0.2227,0.0525
DIA,xl_consumer_defensive,Bull-Bear,high,-0.0215,0.0494,839,0.2227,0.0525
DIA,xl_consumer_defensive,Bull-Bear,low,-0.0269,0.1097,241,0.2227,0.0525
DIA,xl_financials,VIX,high,-0.0170,0.1885,312,0.0534,0.0730
DIA,xl_financials,VIX,low,-0.2377,0.0866,254,0.0534,0.0730
DIA,xl_financials,Rates,high,0.1364,0.3334,63,0.0534,0.0730
DIA,xl_financials,Rates,low,-0.2047,0.4783,63,0.0534,0.0730
DIA,xl_financials,Bull-Bear,high,0.0874,0.0639,839,0.0534,0.0730
DIA,xl_financials,Bull-Bear,low,0.1621,0.1573,241,0.0534,0.0730
DIA,xl_healthcare,VIX,high,0.7135,0.1567,312,0.2185,0.0567
DIA,xl_healthcare,VIX,low,0.1820,0.0591,254,0.2185,0.0567
DIA,xl_healthcare,Rates,high,0.0195,0.3266,63,0.2185,0.0567
DIA,xl_healthcare,Rates,low,0.7510,0.3154,63,0.2185,0.0567
DIA,xl_healthcare,Bull-Bear,high,0.0050,0.0482,839,0.2185,0.0567
DIA,xl_healthcare,Bull-Bear,low,-0.0131,0.1284,241,0.2185,0.0567
DIA,xl_industrials,VIX,high,-0.0221,0.2247,312,0.1096,0.0834
DIA,xl_industrials,VIX,low,0.1576,0.0938,254,0.1096,0.0834
DIA,xl_industrials,Rates,high,-0.4057,0.4648,63,0.1096,0.0834
DIA,xl_industrials,Rates,low,-0.9102,0.5558,63,0.1096,0.0834
DIA,xl_industrials,Bull-Bear,high,0.3059,0.0717,839,0.1096,0.0834
DIA,xl_industrials,Bull-Bear,low,-0.3378,0.1824,241,0.1096,0.0834
DIA,xl_real_estate,VIX,high,0.3773,0.1037,312,0.1169,0.0385
DIA,xl_real_estate,VIX,low,0.1007,0.0396,254,0.1169,0.0385
DIA,xl_real_estate,Rates,high,0.0254,0.2022,63,0.1169,0.0385
DIA,xl_real_estate,Rates,low,0.8226,0.1402,63,0.1169,0.0385
DIA,xl_real_estate,Bull-Bear,high,-0.0588,0.0338,839,0.1169,0.0385
DIA,xl_real_estate,Bull-Bear,low,0.0374,0.0838,241,0.1169,0.0385
DIA,xl_utilities,VIX,high,0.4045,0.0841,312,0.1219,0.0334
DIA,xl_utilities,VIX,low,0.0536,0.0378,254,0.1219,0.0334
DIA,xl_utilities,Rates,high,0.1235,0.1338,63,0.1219,0.0334
DIA,xl_utilities,Rates,low,0.6666,0.1668,63,0.1219,0.0334
DIA,xl_utilities,Bull-Bear,high,-0.0960,0.0309,839,0.1219,0.0334
DIA,xl_utilities,Bull-Bear,low,0.0702,0.0707,241,0.1219,0.0334
DLTR,biotech,VIX,high,-0.0281,0.1499,312,0.0276,0.0681
DLTR,biotech,VIX,low,0.4453,0.1390,254,0.0276,0.0681
DLTR,biotech,Rates,high,0.3556,0.4152,63,0.0276,0.0681
DLTR,biotech,Rates,low,0.1244,0.2986,63,0.0276,0.0681
DLTR,biotech,Bull-Bear,high,0.0441,0.0761,839,0.0276,0.0681
DLTR,biotech,Bull-Bear,low,-0.0762,0.1502,241,0.0276,0.0681
DLTR,china_a_shares,VIX,high,-0.1399,0.1127,312,-0.0021,0.0469
DLTR,china_a_shares,VIX,low,0.1543,0.0913,254,-0.0021,0.0469
DLTR,china_a_shares,Rates,high,0.4851,0.2482,63,-0.0021,0.0469
DLTR,china_a_shares,Rates,low,0.3712,0.2236,63,-0.0021,0.0469
DLTR,china_a_shares,Bull-Bear,high,0.0484,0.0519,839,-0.0021,0.0469
DLTR,china_a_shares,Bull-Bear,low,-0.2727,0.1112,241,-0.0021,0.0469
DLTR,china_exposure,VIX,high,-0.1310,0.0909,312,-0.0079,0.0401
DLTR,china_exposure,VIX,low,0.0863,0.0688,254,-0.0079,0.0401
DLTR,china_exposure,Rates,high,0.0872,0.2105,63,-0.0079,0.0401
DLTR,china_exposure,Rates,low,0.2699,0.1823,63,-0.0079,0.0401
DLTR,china_exposure,Bull-Bear,high,0.0322,0.0468,839,-0.0079,0.0401
DLTR,china_exposure,Bull-Bear,low,-0.0946,0.0770,241,-0.0079,0.0401
DLTR,copper,VIX,high,-0.1703,0.1145,312,-0.0333,0.0511
DLTR,copper,VIX,low,-0.1123,0.0979,254,-0.0333,0.0511
DLTR,copper,Rates,high,0.3932,0.2540,63,-0.0333,0.0511
DLTR,copper,Rates,low,0.1871,0.2126,63,-0.0333,0.0511
DLTR,copper,Bull-Bear,high,0.0578,0.0591,839,-0.0333,0.0511
DLTR,copper,Bull-Bear,low,-0.1910,0.1077,241,-0.0333,0.0511
DLTR,credit_hy_spread,VIX,high,-0.0560,0.2400,312,-0.2395,0.1440
DLTR,credit_hy_spread,VIX,low,-0.3885,0.3519,254,-0.2395,0.1440
DLTR,credit_hy_spread,Rates,high,3.7142,0.9809,63,-0.2395,0.1440
DLTR,credit_hy_spread,Rates,low,0.1518,0.5519,63,-0.2395,0.1440
DLTR,credit_hy_spread,Bull-Bear,high,-0.5311,0.2123,839,-0.2395,0.1440
DLTR,credit_hy_spread,Bull-Bear,low,-0.1720,0.2531,241,-0.2395,0.1440
DLTR,defense,VIX,high,-0.0247,0.1489,312,-0.1358,0.0792
DLTR,defense,VIX,low,-0.3942,0.1512,254,-0.1358,0.0792
DLTR,defense,Rates,high,-0.3395,0.3806,63,-0.1358,0.0792
DLTR,defense,Rates,low,0.0750,0.2563,63,-0.1358,0.0792
DLTR,defense,Bull-Bear,high,-0.2058,0.0978,839,-0.1358,0.0792
DLTR,defense,Bull-Bear,low,-0.1302,0.1661,241,-0.1358,0.0792
DLTR,energy_oil,VIX,high,-0.0129,0.0426,312,0.0025,0.0262
DLTR,energy_oil,VIX,low,-0.1523,0.0715,254,0.0025,0.0262
DLTR,energy_oil,Rates,high,0.2062,0.1422,63,0.0025,0.0262
DLTR,energy_oil,Rates,low,0.0526,0.0960,63,0.0025,0.0262
DLTR,energy_oil,Bull-Bear,high,0.0600,0.0432,839,0.0025,0.0262
DLTR,energy_oil,Bull-Bear,low,-0.0812,0.0395,241,0.0025,0.0262
DLTR,gold,VIX,high,0.0802,0.1551,312,0.0440,0.0738
DLTR,gold,VIX,low,-0.0414,0.1394,254,0.0440,0.0738
DLTR,gold,Rates,high,0.6555,0.3981,63,0.0440,0.0738
DLTR,gold,Rates,low,0.1347,0.2394,63,0.0440,0.0738
DLTR,gold,Bull-Bear,high,-0.0042,0.0852,839,0.0440,0.0738
DLTR,gold,Bull-Bear,low,-0.0456,0.1652,241,0.0440,0.0738
DLTR,growth,VIX,high,1.2767,0.7846,312,0.7448,0.4230
DLTR,growth,VIX,low,3.0434,1.0042,254,0.7448,0.4230
DLTR,growth,Rates,high,7.5946,1.5790,63,0.7448,0.4230
DLTR,growth,Rates,low,3.8331,1.2550,63,0.7448,0.4230
DLTR,growth,Bull-Bear,high,-0.5570,0.5213,839,0.7448,0.4230
DLTR,growth,Bull-Bear,low,1.5262,0.9077,241,0.7448,0.4230
DLTR,inflation,VIX,high,0.1099,0.3764,312,0.0365,0.2184
DLTR,inflation,VIX,low,-1.6279,0.5695,254,0.0365,0.2184
DLTR,inflation,Rates,high,-2.2338,1.0857,63,0.0365,0.2184
DLTR,inflation,Rates,low,1.8123,0.5061,63,0.0365,0.2184
DLTR,inflation,Bull-Bear,high,-0.0776,0.3330,839,0.0365,0.2184
DLTR,inflation,Bull-Bear,low,-0.3610,0.3694,241,0.0365,0.2184
DLTR,lithium,VIX,high,-0.2465,0.0959,312,-0.0360,0.0428
DLTR,lithium,VIX,low,0.0882,0.0763,254,-0.0360,0.0428
DLTR,lithium,Rates,high,0.0124,0.2415,63,-0.0360,0.0428
DLTR,lithium,Rates,low,0.0082,0.2396,63,-0.0360,0.0428
DLTR,lithium,Bull-Bear,high,0.0308,0.0466,839,-0.0360,0.0428
DLTR,lithium,Bull-Bear,low,-0.2006,0.1134,241,-0.0360,0.0428
DLTR,market_beta,VIX,high,0.8082,0.0686,312,0.7421,0.0495
DLTR,market_beta,VIX,low,0.4156,0.2026,254,0.7421,0.0495
DLTR,market_beta,Rates,high,1.1551,0.1811,63,0.7421,0.0495
DLTR,market_beta,Rates,low,0.7168,0.1102,63,0.7421,0.0495
DLTR,market_beta,Bull-Bear,high,0.6268,0.0860,839,0.7421,0.0495
DLTR,market_beta,Bull-Bear,low,0.8101,0.0908,241,0.7421,0.0495
DLTR,momentum,VIX,high,-0.1335,0.2196,312,-0.1114,0.1032
DLTR,momentum,VIX,low,-0.5352,0.2261,254,-0.1114,0.1032
DLTR,momentum,Rates,high,0.9801,0.6419,63,-0.1114,0.1032
DLTR,momentum,Rates,low,-0.4968,0.3976,63,-0.1114,0.1032
DLTR,momentum,Bull-Bear,high,-0.0440,0.1094,839,-0.1114,0.1032
DLTR,momentum,Bull-Bear,low,-0.0844,0.2546,241,-0.1114,0.1032
DLTR,natural_gas,VIX,high,-0.0347,0.0433,312,-0.0131,0.0185
DLTR,natural_gas,VIX,low,-0.0299,0.0329,254,-0.0131,0.0185
DLTR,natural_gas,Rates,high,0.0476,0.0925,63,-0.0131,0.0185
DLTR,natural_gas,Rates,low,0.0008,0.0838,63,-0.0131,0.0185
DLTR,natural_gas,Bull-Bear,high,-0.0016,0.0210,839,-0.0131,0.0185
DLTR,natural_gas,Bull-Bear,low,-0.0279,0.0394,241,-0.0131,0.0185
DLTR,quality,VIX,high,-0.3684,0.6521,312,-0.3950,0.3183
DLTR,quality,VIX,low,-0.3588,0.6210,254,-0.3950,0.3183
DLTR,quality,Rates,high,-4.6711,1.3412,63,-0.3950,0.3183
DLTR,quality,Rates,low,-1.6936,0.9103,63,-0.3950,0.3183
DLTR,quality,Bull-Bear,high,-0.5614,0.3856,839,-0.3950,0.3183
DLTR,quality,Bull-Bear,low,2.8913,0.6888,241,-0.3950,0.3183
DLTR,rates,VIX,high,-0.1822,0.3018,312,0.0560,0.1429
DLTR,rates,VIX,low,0.5844,0.2611,254,0.0560,0.1429
DLTR,rates,Rates,high,-2.0681,1.3698,63,0.0560,0.1429
DLTR,rates,Rates,low,0.7007,0.8237,63,0.0560,0.1429
DLTR,rates,Bull-Bear,high,0.1430,0.1897,839,0.0560,0.1429
DLTR,rates,Bull-Bear,low,0.1613,0.2667,241,0.0560,0.1429
DLTR,rates_30y,VIX,high,0.0034,0.1287,312,0.0666,0.0638
DLTR,rates_30y,VIX,low,0.2907,0.1253,254,0.0666,0.0638
DLTR,rates_30y,Rates,high,0.2019,0.3912,63,0.0666,0.0638
DLTR,rates_30y,Rates,low,0.4178,0.2824,63,0.0666,0.0638
DLTR,rates_30y,Bull-Bear,high,0.0617,0.0856,839,0.0666,0.0638
DLTR,rates_30y,Bull-Bear,low,0.0391,0.1292,241,0.0666,0.0638
DLTR,semiconductors,VIX,high,-0.3153,0.1303,312,-0.1230,0.0562
DLTR,semiconductors,VIX,low,-0.0640,0.0942,254,-0.1230,0.0562
DLTR,semiconductors,Rates,high,-0.3760,0.3509,63,-0.1230,0.0562
DLTR,semiconductors,Rates,low,-0.0388,0.1807,63,-0.1230,0.0562
DLTR,semiconductors,Bull-Bear,high,-0.0483,0.0626,839,-0.1230,0.0562
DLTR,semiconductors,Bull-Bear,low,-0.0552,0.1345,241,-0.1230,0.0562
DLTR,uranium,VIX,high,-0.0804,0.0853,312,0.0147,0.0336
DLTR,uranium,VIX,low,-0.0320,0.0658,254,0.0147,0.0336
DLTR,uranium,Rates,high,0.3048,0.1794,63,0.0147,0.0336
DLTR,uranium,Rates,low,0.0315,0.1361,63,0.0147,0.0336
DLTR,uranium,Bull-Bear,high,0.0322,0.0374,839,0.0147,0.0336
DLTR,uranium,Bull-Bear,low,-0.0377,0.0781,241,0.0147,0.0336
DLTR,usd_strength,VIX,high,0.6214,0.2887,312,-0.0237,0.1545
DLTR,usd_strength,VIX,low,-0.8638,0.3108,254,-0.0237,0.1545
DLTR,usd_strength,Rates,high,0.5428,0.8221,63,-0.0237,0.1545
DLTR,usd_strength,Rates,low,0.4373,0.4272,63,-0.0237,0.1545
DLTR,usd_strength,Bull-Bear,high,-0.5842,0.2037,839,-0.0237,0.1545
DLTR,usd_strength,Bull-Bear,low,-0.6185,0.3325,241,-0.0237,0.1545
DLTR,value,VIX,high,0.9761,0.2826,312,0.6169,0.1458
DLTR,value,VIX,low,0.8893,0.2464,254,0.6169,0.1458
DLTR,value,Rates,high,2.9374,0.6603,63,0.6169,0.1458
DLTR,value,Rates,low,1.0174,0.5069,63,0.6169,0.1458
DLTR,value,Bull-Bear,high,0.3287,0.1630,839,0.6169,0.1458
DLTR,value,Bull-Bear,low,0.0845,0.3414,241,0.6169,0.1458
DLTR,volatility,VIX,high,0.0336,0.0228,312,0.0015,0.0128
DLTR,volatility,VIX,low,-0.0187,0.0345,254,0.0015,0.0128
DLTR,volatility,Rates,high,0.1162,0.0444,63,0.0015,0.0128
DLTR,volatility,Rates,low,-0.0207,0.0398,63,0.0015,0.0128
DLTR,volatility,Bull-Bear,high,-0.0363,0.0152,839,0.0015,0.0128
DLTR,volatility,Bull-Bear,low,0.1276,0.0346,241,0.0015,0.0128
DLTR,xl_consumer_defensive,VIX,high,0.8764,0.1877,312,0.6258,0.1005
DLTR,xl_consumer_defensive,VIX,low,0.8648,0.2025,254,0.6258,0.1005
DLTR,xl_consumer_defensive,Rates,high,1.4973,0.3954,63,0.6258,0.1005
DLTR,xl_consumer_defensive,Rates,low,-0.2360,0.3282,63,0.6258,0.1005
DLTR,xl_consumer_defensive,Bull-Bear,high,0.5356,0.1320,839,0.6258,0.1005
DLTR,xl_consumer_defensive,Bull-Bear,low,0.4249,0.2009,241,0.6258,0.1005
DLTR,xl_financials,VIX,high,-0.2143,0.2655,312,-0.4316,0.1404
DLTR,xl_financials,VIX,low,-1.0994,0.2903,254,-0.4316,0.1404
DLTR,xl_financials,Rates,high,-1.5225,0.5623,63,-0.4316,0.1404
DLTR,xl_financials,Rates,low,0.4875,0.5219,63,-0.4316,0.1404
DLTR,xl_financials,Bull-Bear,high,-0.7025,0.1708,839,-0.4316,0.1404
DLTR,xl_financials,Bull-Bear,low,-0.0325,0.2911,241,-0.4316,0.1404
DLTR,xl_healthcare,VIX,high,0.3301,0.2275,312,0.0590,0.1101
DLTR,xl_healthcare,VIX,low,0.3286,0.2033,254,0.0590,0.1101
DLTR,xl_healthcare,Rates,high,1.0665,0.5659,63,0.0590,0.1101
DLTR,xl_healthcare,Rates,low,0.3020,0.3597,63,0.0590,0.1101
DLTR,xl_healthcare,Bull-Bear,high,0.0191,0.1300,839,0.0590,0.1101
DLTR,xl_healthcare,Bull-Bear,low,-0.5076,0.2348,241,0.0590,0.1101
DLTR,xl_industrials,VIX,high,-0.2043,0.3166,312,-0.2748,0.1610
DLTR,xl_industrials,VIX,low,-0.2543,0.3200,254,-0.2748,0.1610
DLTR,xl_industrials,Rates,high,-1.6751,0.8055,63,-0.2748,0.1610
DLTR,xl_industrials,Rates,low,-1.0752,0.6077,63,-0.2748,0.1610
DLTR,xl_industrials,Bull-Bear,high,-0.3246,0.1953,839,-0.2748,0.1610
DLTR,xl_industrials,Bull-Bear,low,0.2057,0.3391,241,-0.2748,0.1610
DLTR,xl_real_estate,VIX,high,0.2341,0.1487,312,0.1430,0.0744
DLTR,xl_real_estate,VIX,low,0.4318,0.1334,254,0.1430,0.0744
DLTR,xl_real_estate,Rates,high,0.9481,0.3394,63,0.1430,0.0744
DLTR,xl_real_estate,Rates,low,0.5651,0.1783,63,0.1430,0.0744
DLTR,xl_real_estate,Bull-Bear,high,0.0452,0.0913,839,0.1430,0.0744
DLTR,xl_real_estate,Bull-Bear,low,0.0165,0.1549,241,0.1430,0.0744
DLTR,xl_utilities,VIX,high,0.3175,0.1216,312,0.1467,0.0647
DLTR,xl_utilities,VIX,low,0.1821,0.1284,254,0.1467,0.0647
DLTR,xl_utilities,Rates,high,0.7052,0.2226,63,0.1467,0.0647
DLTR,xl_utilities,Rates,low,0.2589,0.2029,63,0.1467,0.0647
DLTR,xl_utilities,Bull-Bear,high,0.0678,0.0837,839,0.1467,0.0647
DLTR,xl_utilities,Bull-Bear,low,-0.0359,0.1309,241,0.1467,0.0647
DUK,biotech,VIX,high,-0.1657,0.1167,312,-0.0818,0.0418
DUK,biotech,VIX,low,0.1966,0.0757,254,-0.0818,0.0418
DUK,biotech,Rates,high,0.5473,0.2898,63,-0.0818,0.0418
DUK,biotech,Rates,low,-0.2750,0.3063,63,-0.0818,0.0418
DUK,biotech,Bull-Bear,high,-0.0522,0.0375,839,-0.0818,0.0418
DUK,biotech,Bull-Bear,low,-0.0996,0.0985,241,-0.0818,0.0418
DUK,china_a_shares,VIX,high,-0.0453,0.0882,312,-0.0611,0.0288
DUK,china_a_shares,VIX,low,-0.0066,0.0497,254,-0.0611,0.0288
DUK,china_a_shares,Rates,high,0.0160,0.1826,63,-0.0611,0.0288
DUK,china_a_shares,Rates,low,0.2254,0.2340,63,-0.0611,0.0288
DUK,china_a_shares,Bull-Bear,high,-0.0674,0.0255,839,-0.0611,0.0288
DUK,china_a_shares,Bull-Bear,low,-0.1055,0.0737,241,-0.0611,0.0288
DUK,china_exposure,VIX,high,-0.1715,0.0706,312,-0.0807,0.0246
DUK,china_exposure,VIX,low,0.0004,0.0373,254,-0.0807,0.0246
DUK,china_exposure,Rates,high,-0.1109,0.1498,63,-0.0807,0.0246
DUK,china_exposure,Rates,low,-0.3683,0.1855,63,-0.0807,0.0246
DUK,china_exposure,Bull-Bear,high,-0.0358,0.0230,839,-0.0807,0.0246
DUK,china_exposure,Bull-Bear,low,-0.0673,0.0506,241,-0.0807,0.0246
DUK,copper,VIX,high,-0.1249,0.0895,312,-0.0758,0.0314
DUK,copper,VIX,low,0.0337,0.0531,254,-0.0758,0.0314
DUK,copper,Rates,high,-0.1921,0.1832,63,-0.0758,0.0314
DUK,copper,Rates,low,0.0726,0.2205,63,-0.0758,0.0314
DUK,copper,Bull-Bear,high,-0.0455,0.0291,839,-0.0758,0.0314
DUK,copper,Bull-Bear,low,-0.0447,0.0711,241,-0.0758,0.0314
DUK,credit_hy_spread,VIX,high,0.8723,0.1808,312,0.2558,0.0883
DUK,credit_hy_spread,VIX,low,-0.7042,0.1857,254,0.2558,0.0883
DUK,credit_hy_spread,Rates,high,2.0901,0.7306,63,0.2558,0.0883
DUK,credit_hy_spread,Rates,low,2.3523,0.4833,63,0.2558,0.0883
DUK,credit_hy_spread,Bull-Bear,high,-0.4130,0.1041,839,0.2558,0.0883
DUK,credit_hy_spread,Bull-Bear,low,-0.0379,0.1664,241,0.2558,0.0883
DUK,defense,VIX,high,0.0254,0.1163,312,-0.1295,0.0486
DUK,defense,VIX,low,-0.2598,0.0813,254,-0.1295,0.0486
DUK,defense,Rates,high,-0.5704,0.2635,63,-0.1295,0.0486
DUK,defense,Rates,low,-0.2092,0.2632,63,-0.1295,0.0486
DUK,defense,Bull-Bear,high,-0.1584,0.0481,839,-0.1295,0.0486
DUK,defense,Bull-Bear,low,-0.1389,0.1089,241,-0.1295,0.0486
DUK,energy_oil,VIX,high,-0.0088,0.0333,312,-0.0279,0.0161
DUK,energy_oil,VIX,low,-0.0460,0.0389,254,-0.0279,0.0161
DUK,energy_oil,Rates,high,0.0184,0.1032,63,-0.0279,0.0161
DUK,energy_oil,Rates,low,0.1546,0.0973,63,-0.0279,0.0161
DUK,energy_oil,Bull-Bear,high,-0.0501,0.0212,839,-0.0279,0.0161
DUK,energy_oil,Bull-Bear,low,-0.0320,0.0261,241,-0.0279,0.0161
DUK,gold,VIX,high,0.1684,0.1209,312,0.1612,0.0451
DUK,gold,VIX,low,0.2511,0.0738,254,0.1612,0.0451
DUK,gold,Rates,high,0.5144,0.2828,63,0.1612,0.0451
DUK,gold,Rates,low,0.0235,0.2475,63,0.1612,0.0451
DUK,gold,Bull-Bear,high,0.0871,0.0419,839,0.1612,0.0451
DUK,gold,Bull-Bear,low,0.2385,0.1074,241,0.1612,0.0451
DUK,growth,VIX,high,-0.0261,0.6155,312,-0.8631,0.2592
DUK,growth,VIX,low,0.0978,0.5533,254,-0.8631,0.2592
DUK,growth,Rates,high,5.1968,1.1442,63,-0.8631,0.2592
DUK,growth,Rates,low,2.6208,1.3486,63,-0.8631,0.2592
DUK,growth,Bull-Bear,high,-1.5534,0.2516,839,-0.8631,0.2592
DUK,growth,Bull-Bear,low,-2.1871,0.5829,241,-0.8631,0.2592
DUK,inflation,VIX,high,-0.0657,0.2940,312,-0.3459,0.1339
DUK,inflation,VIX,low,-0.9930,0.3069,254,-0.3459,0.1339
DUK,inflation,Rates,high,-0.9322,0.7924,63,-0.3459,0.1339
DUK,inflation,Rates,low,-0.1173,0.5740,63,-0.3459,0.1339
DUK,inflation,Bull-Bear,high,-0.6159,0.1628,839,-0.3459,0.1339
DUK,inflation,Bull-Bear,low,-0.3954,0.2418,241,-0.3459,0.1339
DUK,lithium,VIX,high,-0.1200,0.0754,312,-0.0892,0.0262
DUK,lithium,VIX,low,0.0319,0.0414,254,-0.0892,0.0262
DUK,lithium,Rates,high,-0.3690,0.1658,63,-0.0892,0.0262
DUK,lithium,Rates,low,-0.5318,0.2375,63,-0.0892,0.0262
DUK,lithium,Bull-Bear,high,-0.0509,0.0229,839,-0.0892,0.0262
DUK,lithium,Bull-Bear,low,-0.1062,0.0747,241,-0.0892,0.0262
DUK,market_beta,VIX,high,0.8150,0.0448,312,0.6446,0.0276
DUK,market_beta,VIX,low,0.2812,0.1091,254,0.6446,0.0276
DUK,market_beta,Rates,high,0.7975,0.1320,63,0.6446,0.0276
DUK,market_beta,Rates,low,0.8965,0.0933,63,0.6446,0.0276
DUK,market_beta,Bull-Bear,high,0.2788,0.0426,839,0.6446,0.0276
DUK,market_beta,Bull-Bear,low,0.5778,0.0579,241,0.6446,0.0276
DUK,momentum,VIX,high,-0.1737,0.1714,312,-0.2685,0.0630
DUK,momentum,VIX,low,-0.4460,0.1205,254,-0.2685,0.0630
DUK,momentum,Rates,high,0.5069,0.4623,63,-0.2685,0.0630
DUK,momentum,Rates,low,-0.1270,0.4150,63,-0.2685,0.0630
DUK,momentum,Bull-Bear,high,-0.3511,0.0526,839,-0.2685,0.0630
DUK,momentum,Bull-Bear,low,-0.4554,0.1647,241,-0.2685,0.0630
DUK,natural_gas,VIX,high,-0.0299,0.0338,312,0.0031,0.0114
DUK,natural_gas,VIX,low,0.0148,0.0178,254,0.0031,0.0114
DUK,natural_gas,Rates,high,0.0009,0.0661,63,0.0031,0.0114
DUK,natural_gas,Rates,low,0.0953,0.0855,63,0.0031,0.0114
DUK,natural_gas,Bull-Bear,high,0.0151,0.0103,839,0.0031,0.0114
DUK,natural_gas,Bull-Bear,low,0.0038,0.0259,241,0.0031,0.0114
DUK,quality,VIX,high,-0.3081,0.5094,312,-0.4243,0.1954
DUK,quality,VIX,low,-1.4445,0.3238,254,-0.4243,0.1954
DUK,quality,Rates,high,-3.8496,0.9250,63,-0.4243,0.1954
DUK,quality,Rates,low,1.6129,0.9427,63,-0.4243,0.1954
DUK,quality,Bull-Bear,high,-0.4280,0.1898,839,-0.4243,0.1954
DUK,quality,Bull-Bear,low,-0.2162,0.4686,241,-0.4243,0.1954
DUK,rates,VIX,high,-0.3248,0.2352,312,0.2399,0.0876
DUK,rates,VIX,low,0.6658,0.1364,254,0.2399,0.0876
DUK,rates,Rates,high,-1.7317,0.9708,63,0.2399,0.0876
DUK,rates,Rates,low,-1.5930,0.8298,63,0.2399,0.0876
DUK,rates,Bull-Bear,high,0.4443,0.0923,839,0.2399,0.0876
DUK,rates,Bull-Bear,low,0.7064,0.1693,241,0.2399,0.0876
DUK,rates_30y,VIX,high,-0.2217,0.0998,312,0.0625,0.0392
DUK,rates_30y,VIX,low,0.3165,0.0656,254,0.0625,0.0392
DUK,rates_30y,Rates,high,-0.1697,0.2790,63,0.0625,0.0392
DUK,rates_30y,Rates,low,-1.1276,0.2588,63,0.0625,0.0392
DUK,rates_30y,Bull-Bear,high,0.1606,0.0419,839,0.0625,0.0392
DUK,rates_30y,Bull-Bear,low,0.3166,0.0824,241,0.0625,0.0392
DUK,semiconductors,VIX,high,-0.8375,0.0911,312,-0.4408,0.0323
DUK,semiconductors,VIX,low,-0.2583,0.0484,254,-0.4408,0.0323
DUK,semiconductors,Rates,high,-0.5070,0.2443,63,-0.4408,0.0323
DUK,semiconductors,Rates,low,-0.7481,0.1599,63,-0.4408,0.0323
DUK,semiconductors,Bull-Bear,high,-0.3049,0.0290,839,-0.4408,0.0323
DUK,semiconductors,Bull-Bear,low,-0.3705,0.0851,241,-0.4408,0.0323
DUK,uranium,VIX,high,-0.2261,0.0655,312,-0.0723,0.0205
DUK,uranium,VIX,low,0.0416,0.0355,254,-0.0723,0.0205
DUK,uranium,Rates,high,0.0835,0.1306,63,-0.0723,0.0205
DUK,uranium,Rates,low,-0.3245,0.1342,63,-0.0723,0.0205
DUK,uranium,Bull-Bear,high,-0.0305,0.0184,839,-0.0723,0.0205
DUK,uranium,Bull-Bear,low,-0.1320,0.0506,241,-0.0723,0.0205
DUK,usd_strength,VIX,high,0.3993,0.2260,312,0.0313,0.0950
DUK,usd_strength,VIX,low,-0.5941,0.1666,254,0.0313,0.0950
DUK,usd_strength,Rates,high,0.7191,0.5816,63,0.0313,0.0950
DUK,usd_strength,Rates,low,0.9338,0.4279,63,0.0313,0.0950
DUK,usd_strength,Bull-Bear,high,-0.2844,0.1005,839,0.0313,0.0950
DUK,usd_strength,Bull-Bear,low,-0.3892,0.2186,241,0.0313,0.0950
DUK,value,VIX,high,1.8691,0.1983,312,1.2718,0.0828
DUK,value,VIX,low,1.0053,0.1212,254,1.2718,0.0828
DUK,value,Rates,high,2.6888,0.4191,63,1.2718,0.0828
DUK,value,Rates,low,2.1450,0.4647,63,1.2718,0.0828
DUK,value,Bull-Bear,high,0.8218,0.0754,839,1.2718,0.0828
DUK,value,Bull-Bear,low,1.3763,0.2059,241,1.2718,0.0828
DUK,volatility,VIX,high,0.0947,0.0170,312,0.0484,0.0078
DUK,volatility,VIX,low,0.0034,0.0187,254,0.0484,0.0078
DUK,volatility,Rates,high,0.0305,0.0332,63,0.0484,0.0078
DUK,volatility,Rates,low,0.1604,0.0356,63,0.0484,0.0078
DUK,volatility,Bull-Bear,high,-0.0026,0.0075,839,0.0484,0.0078
DUK,volatility,Bull-Bear,low,0.1080,0.0223,241,0.0484,0.0078
DUK,xl_consumer_defensive,VIX,high,1.3388,0.1313,312,1.0136,0.0558
DUK,xl_consumer_defensive,VIX,low,0.8372,0.1005,254,1.0136,0.0558
DUK,xl_consumer_defensive,Rates,high,1.4213,0.2555,63,1.0136,0.0558
DUK,xl_consumer_defensive,Rates,low,1.2816,0.2977,63,1.0136,0.0558
DUK,xl_consumer_defensive,Bull-Bear,high,0.8586,0.0586,839,1.0136,0.0558
DUK,xl_consumer_defensive,Bull-Bear,low,0.6025,0.1274,241,1.0136,0.0558
DUK,xl_financials,VIX,high,-0.8194,0.2023,312,-0.6026,0.0849
DUK,xl_financials,VIX,low,-0.7431,0.1546,254,-0.6026,0.0849
DUK,xl_financials,Rates,high,-1.4217,0.3838,63,-0.6026,0.0849
DUK,xl_financials,Rates,low,-0.9552,0.5281,63,-0.6026,0.0849
DUK,xl_financials,Bull-Bear,high,-0.4481,0.0837,839,-0.6026,0.0849
DUK,xl_financials,Bull-Bear,low,-0.4239,0.1893,241,-0.6026,0.0849
DUK,xl_healthcare,VIX,high,1.2190,0.1644,312,0.7357,0.0644
DUK,xl_healthcare,VIX,low,0.5590,0.1049,254,0.7357,0.0644
DUK,xl_healthcare,Rates,high,1.5018,0.3684,63,0.7357,0.0644
DUK,xl_healthcare,Rates,low,0.9855,0.3512,63,0.7357,0.0644
DUK,xl_healthcare,Bull-Bear,high,0.4507,0.0622,839,0.7357,0.0644
DUK,xl_healthcare,Bull-Bear,low,0.6535,0.1499,241,0.7357,0.0644
DUK,xl_industrials,VIX,high,-0.4171,0.2464,312,-0.4657,0.0982
DUK,xl_industrials,VIX,low,-0.5821,0.1695,254,-0.4657,0.0982
DUK,xl_industrials,Rates,high,-1.8564,0.5454,63,-0.4657,0.0982
DUK,xl_industrials,Rates,low,-0.7499,0.6354,63,-0.4657,0.0982
DUK,xl_industrials,Bull-Bear,high,-0.4712,0.0951,839,-0.4657,0.0982
DUK,xl_industrials,Bull-Bear,low,-0.5458,0.2201,241,-0.4657,0.0982
DUK,xl_real_estate,VIX,high,0.9848,0.1023,312,0.7219,0.0410
DUK,xl_real_estate,VIX,low,0.5929,0.0635,254,0.7219,0.0410
DUK,xl_real_estate,Rates,high,0.9641,0.2257,63,0.7219,0.0410
DUK,xl_real_estate,Rates,low,1.1723,0.1299,63,0.7219,0.0410
DUK,xl_real_estate,Bull-Bear,high,0.5487,0.0408,839,0.7219,0.0410
DUK,xl_real_estate,Bull-Bear,low,0.7388,0.0899,241,0.7219,0.0410
DUK,xl_utilities,VIX,high,1.2724,0.0632,312,1.0298,0.0273
DUK,xl_utilities,VIX,low,0.8545,0.0444,254,1.0298,0.0273
DUK,xl_utilities,Rates,high,1.0037,0.1135,63,1.0298,0.0273
DUK,xl_utilities,Rates,low,1.3810,0.1171,63,1.0298,0.0273
DUK,xl_utilities,Bull-Bear,high,0.8602,0.0286,839,1.0298,0.0273
DUK,xl_utilities,Bull-Bear,low,0.9894,0.0575,241,1.0298,0.0273
ESTC,biotech,VIX,high,0.9407,0.2094,312,0.7257,0.0992
ESTC,biotech,VIX,low,0.1034,0.2563,254,0.7257,0.0992
ESTC,biotech,Rates,high,0.1680,0.5077,63,0.7257,0.0992
ESTC,biotech,Rates,low,1.0419,0.7083,63,0.7257,0.0992
ESTC,biotech,Bull-Bear,high,0.6312,0.1118,839,0.7257,0.0992
ESTC,biotech,Bull-Bear,low,1.0542,0.2445,241,0.7257,0.0992
ESTC,china_a_shares,VIX,high,0.0927,0.1628,312,-0.0333,0.0697
ESTC,china_a_shares,VIX,low,-0.0510,0.1660,254,-0.0333,0.0697
ESTC,china_a_shares,Rates,high,-0.0534,0.3111,63,-0.0333,0.0697
ESTC,china_a_shares,Rates,low,0.2482,0.5501,63,-0.0333,0.0697
ESTC,china_a_shares,Bull-Bear,high,-0.0361,0.0776,839,-0.0333,0.0697
ESTC,china_a_shares,Bull-Bear,low,-0.2230,0.1897,241,-0.0333,0.0697
ESTC,china_exposure,VIX,high,0.0999,0.1314,312,0.0406,0.0597
ESTC,china_exposure,VIX,low,-0.1113,0.1245,254,0.0406,0.0597
ESTC,china_exposure,Rates,high,-0.2700,0.2541,63,0.0406,0.0597
ESTC,china_exposure,Rates,low,-0.0184,0.4473,63,0.0406,0.0597
ESTC,china_exposure,Bull-Bear,high,-0.0619,0.0700,839,0.0406,0.0597
ESTC,china_exposure,Bull-Bear,low,0.1963,0.1299,241,0.0406,0.0597
ESTC,copper,VIX,high,-0.1672,0.1654,312,0.0420,0.0761
ESTC,copper,VIX,low,0.1767,0.1771,254,0.0420,0.0761
ESTC,copper,Rates,high,-0.0663,0.3149,63,0.0420,0.0761
ESTC,copper,Rates,low,0.1399,0.5155,63,0.0420,0.0761
ESTC,copper,Bull-Bear,high,0.0776,0.0885,839,0.0420,0.0761
ESTC,copper,Bull-Bear,low,-0.1316,0.1829,241,0.0420,0.0761
ESTC,credit_hy_spread,VIX,high,-0.3635,0.3454,312,-0.6354,0.2137
ESTC,credit_hy_spread,VIX,low,-1.2955,0.6325,254,-0.6354,0.2137
ESTC,credit_hy_spread,Rates,high,-0.4294,1.3250,63,-0.6354,0.2137
ESTC,credit_hy_spread,Rates,low,1.7409,1.3124,63,-0.6354,0.2137
ESTC,credit_hy_spread,Bull-Bear,high,-1.3097,0.3156,839,-0.6354,0.2137
ESTC,credit_hy_spread,Bull-Bear,low,-0.7214,0.4255,241,-0.6354,0.2137
ESTC,defense,VIX,high,0.2251,0.2143,312,0.1485,0.1179
ESTC,defense,VIX,low,-0.2214,0.2767,254,0.1485,0.1179
ESTC,defense,Rates,high,0.3424,0.4640,63,0.1485,0.1179
ESTC,defense,Rates,low,-0.4300,0.6158,63,0.1485,0.1179
ESTC,defense,Bull-Bear,high,0.1549,0.1467,839,0.1485,0.1179
ESTC,defense,Bull-Bear,low,0.0103,0.2810,241,0.1485,0.1179
ESTC,energy_oil,VIX,high,0.0016,0.0614,312,-0.0377,0.0390
ESTC,energy_oil,VIX,low,-0.2577,0.1294,254,-0.0377,0.0390
ESTC,energy_oil,Rates,high,-0.0456,0.1758,63,-0.0377,0.0390
ESTC,energy_oil,Rates,low,-0.1324,0.2314,63,-0.0377,0.0390
ESTC,energy_oil,Bull-Bear,high,-0.0654,0.0646,839,-0.0377,0.0390
ESTC,energy_oil,Bull-Bear,low,-0.1611,0.0665,241,-0.0377,0.0390
ESTC,gold,VIX,high,-0.0190,0.2237,312,0.0931,0.1098
ESTC,gold,VIX,low,0.1022,0.2519,254,0.0931,0.1098
ESTC,gold,Rates,high,-0.4795,0.4911,63,0.0931,0.1098
ESTC,gold,Rates,low,-0.2018,0.5781,63,0.0931,0.1098
ESTC,gold,Bull-Bear,high,0.2429,0.1273,839,0.0931,0.1098
ESTC,gold,Bull-Bear,low,-0.2774,0.2785,241,0.0931,0.1098
ESTC,growth,VIX,high,7.5473,1.0520,312,8.4725,0.5828
ESTC,growth,VIX,low,3.9224,1.8317,254,8.4725,0.5828
ESTC,growth,Rates,high,5.3187,2.1507,63,8.4725,0.5828
ESTC,growth,Rates,low,8.8260,3.0456,63,8.4725,0.5828
ESTC,growth,Bull-Bear,high,8.1330,0.7284,839,8.4725,0.5828
ESTC,growth,Bull-Bear,low,12.1655,1.3266,241,8.4725,0.5828
ESTC,inflation,VIX,high,0.1321,0.5426,312,-0.4332,0.3247
ESTC,inflation,VIX,low,-3.8521,1.0177,254,-0.4332,0.3247
ESTC,inflation,Rates,high,-1.1119,1.3584,63,-0.4332,0.3247
ESTC,inflation,Rates,low,0.5074,1.3405,63,-0.4332,0.3247
ESTC,inflation,Bull-Bear,high,-1.2257,0.4966,839,-0.4332,0.3247
ESTC,inflation,Bull-Bear,low,-1.7037,0.6155,241,-0.4332,0.3247
ESTC,lithium,VIX,high,0.0184,0.1398,312,0.0418,0.0637
ESTC,lithium,VIX,low,0.0331,0.1383,254,0.0418,0.0637
ESTC,lithium,Rates,high,-0.2644,0.2919,63,0.0418,0.0637
ESTC,lithium,Rates,low,-0.7836,0.5688,63,0.0418,0.0637
ESTC,lithium,Bull-Bear,high,0.0666,0.0697,839,0.0418,0.0637
ESTC,lithium,Bull-Bear,low,-0.2836,0.1920,241,0.0418,0.0637
ESTC,market_beta,VIX,high,1.2109,0.0971,312,1.3825,0.0697
ESTC,market_beta,VIX,low,1.7462,0.3525,254,1.3825,0.0697
ESTC,market_beta,Rates,high,1.4606,0.2143,63,1.3825,0.0697
ESTC,market_beta,Rates,low,1.4642,0.2905,63,1.3825,0.0697
ESTC,market_beta,Bull-Bear,high,1.4892,0.1223,839,1.3825,0.0697
ESTC,market_beta,Bull-Bear,low,1.8055,0.1332,241,1.3825,0.0697
ESTC,momentum,VIX,high,1.2426,0.3088,312,0.6816,0.1524
ESTC,momentum,VIX,low,0.4574,0.4124,254,0.6816,0.1524
ESTC,momentum,Rates,high,1.5154,0.7717,63,0.6816,0.1524
ESTC,momentum,Rates,low,-1.0432,0.9615,63,0.6816,0.1524
ESTC,momentum,Bull-Bear,high,1.0251,0.1598,839,0.6816,0.1524
ESTC,momentum,Bull-Bear,low,0.3149,0.4297,241,0.6816,0.1524
ESTC,natural_gas,VIX,high,0.0435,0.0624,312,-0.0216,0.0275
ESTC,natural_gas,VIX,low,-0.1017,0.0592,254,-0.0216,0.0275
ESTC,natural_gas,Rates,high,0.0289,0.1127,63,-0.0216,0.0275
ESTC,natural_gas,Rates,low,0.0894,0.2016,63,-0.0216,0.0275
ESTC,natural_gas,Bull-Bear,high,-0.0502,0.0314,839,-0.0216,0.0275
ESTC,natural_gas,Bull-Bear,low,-0.0151,0.0666,241,-0.0216,0.0275
ESTC,quality,VIX,high,-0.1898,0.9406,312,0.6223,0.4734
ESTC,quality,VIX,low,-0.2833,1.1233,254,0.6223,0.4734
ESTC,quality,Rates,high,-0.7833,1.7837,63,0.6223,0.4734
ESTC,quality,Rates,low,-0.2016,2.2556,63,0.6223,0.4734
ESTC,quality,Bull-Bear,high,-0.0215,0.5779,839,0.6223,0.4734
ESTC,quality,Bull-Bear,low,3.1340,1.1885,241,0.6223,0.4734
ESTC,rates,VIX,high,0.8746,0.4325,312,0.8343,0.2113
ESTC,rates,VIX,low,1.0931,0.4716,254,0.8343,0.2113
ESTC,rates,Rates,high,1.3879,1.6879,63,0.8343,0.2113
ESTC,rates,Rates,low,0.5164,1.9961,63,0.8343,0.2113
ESTC,rates,Bull-Bear,high,1.1416,0.2812,839,0.8343,0.2113
ESTC,rates,Bull-Bear,low,1.0775,0.4455,241,0.8343,0.2113
ESTC,rates_30y,VIX,high,0.2565,0.1850,312,0.3707,0.0944
ESTC,rates_30y,VIX,low,0.5320,0.2265,254,0.3707,0.0944
ESTC,rates_30y,Rates,high,0.4352,0.4737,63,0.3707,0.0944
ESTC,rates_30y,Rates,low,-0.2152,0.6922,63,0.3707,0.0944
ESTC,rates_30y,Bull-Bear,high,0.5308,0.1269,839,0.3707,0.0944
ESTC,rates_30y,Bull-Bear,low,0.4958,0.2160,241,0.3707,0.0944
ESTC,semiconductors,VIX,high,-0.0128,0.1896,312,0.2475,0.0835
ESTC,semiconductors,VIX,low,0.0076,0.1704,254,0.2475,0.0835
ESTC,semiconductors,Rates,high,0.4798,0.4264,63,0.2475,0.0835
ESTC,semiconductors,Rates,low,-0.2875,0.4341,63,0.2475,0.0835
ESTC,semiconductors,Bull-Bear,high,0.4067,0.0927,839,0.2475,0.0835
ESTC,semiconductors,Bull-Bear,low,0.2420,0.2267,241,0.2475,0.0835
ESTC,uranium,VIX,high,0.2168,0.1226,312,0.1940,0.0497
ESTC,uranium,VIX,low,0.0019,0.1189,254,0.1940,0.0497
ESTC,uranium,Rates,high,0.1832,0.2222,63,0.1940,0.0497
ESTC,uranium,Rates,low,-0.1598,0.3276,63,0.1940,0.0497
ESTC,uranium,Bull-Bear,high,0.1018,0.0559,839,0.1940,0.0497
ESTC,uranium,Bull-Bear,low,0.4263,0.1291,241,0.1940,0.0497
ESTC,usd_strength,VIX,high,0.3540,0.4188,312,-0.2661,0.2297
ESTC,usd_strength,VIX,low,-0.2286,0.5703,254,-0.2661,0.2297
ESTC,usd_strength,Rates,high,1.6833,0.9803,63,-0.2661,0.2297
ESTC,usd_strength,Rates,low,0.9475,1.0315,63,-0.2661,0.2297
ESTC,usd_strength,Bull-Bear,high,-0.6893,0.3055,839,-0.2661,0.2297
ESTC,usd_strength,Bull-Bear,low,-1.0877,0.5615,241,-0.2661,0.2297
ESTC,value,VIX,high,-1.2292,0.4093,312,-1.6626,0.2133
ESTC,value,VIX,low,-0.3793,0.4562,254,-1.6626,0.2133
ESTC,value,Rates,high,-1.0456,0.9147,63,-1.6626,0.2133
ESTC,value,Rates,low,0.4835,1.2602,63,-1.6626,0.2133
ESTC,value,Bull-Bear,high,-1.7472,0.2370,839,-1.6626,0.2133
ESTC,value,Bull-Bear,low,-3.4087,0.5331,241,-1.6626,0.2133
ESTC,volatility,VIX,high,0.0460,0.0329,312,-0.0310,0.0191
ESTC,volatility,VIX,low,-0.0715,0.0623,254,-0.0310,0.0191
ESTC,volatility,Rates,high,-0.0776,0.0561,63,-0.0310,0.0191
ESTC,volatility,Rates,low,0.0088,0.0961,63,-0.0310,0.0191
ESTC,volatility,Bull-Bear,high,-0.1384,0.0223,839,-0.0310,0.0191
ESTC,volatility,Bull-Bear,low,0.2398,0.0581,241,-0.0310,0.0191
ESTC,xl_consumer_defensive,VIX,high,-1.0450,0.2736,312,-1.4693,0.1460
ESTC,xl_consumer_defensive,VIX,low,-1.0276,0.3735,254,-1.4693,0.1460
ESTC,xl_consumer_defensive,Rates,high,-0.9237,0.5214,63,-1.4693,0.1460
ESTC,xl_consumer_defensive,Rates,low,-1.4883,0.7713,63,-1.4693,0.1460
ESTC,xl_consumer_defensive,Bull-Bear,high,-1.6960,0.1907,839,-1.4693,0.1460
ESTC,xl_consumer_defensive,Bull-Bear,low,-1.9796,0.3177,241,-1.4693,0.1460
ESTC,xl_financials,VIX,high,-0.0534,0.3831,312,-0.0551,0.2096
ESTC,xl_financials,VIX,low,-0.1038,0.5394,254,-0.0551,0.2096
ESTC,xl_financials,Rates,high,0.8012,0.7167,63,-0.0551,0.2096
ESTC,xl_financials,Rates,low,0.3934,1.2661,63,-0.0551,0.2096
ESTC,xl_financials,Bull-Bear,high,-0.4580,0.2577,839,-0.0551,0.2096
ESTC,xl_financials,Bull-Bear,low,0.1385,0.4918,241,-0.0551,0.2096
ESTC,xl_healthcare,VIX,high,-0.0985,0.3291,312,-0.7593,0.1623
ESTC,xl_healthcare,VIX,low,-0.6724,0.3671,254,-0.7593,0.1623
ESTC,xl_healthcare,Rates,high,-1.9151,0.6644,63,-0.7593,0.1623
ESTC,xl_healthcare,Rates,low,0.1366,0.8720,63,-0.7593,0.1623
ESTC,xl_healthcare,Bull-Bear,high,-0.7381,0.1929,839,-0.7593,0.1623
ESTC,xl_healthcare,Bull-Bear,low,-1.4790,0.3890,241,-0.7593,0.1623
ESTC,xl_industrials,VIX,high,-0.5372,0.4558,312,-0.1319,0.2397
ESTC,xl_industrials,VIX,low,0.9487,0.5761,254,-0.1319,0.2397
ESTC,xl_industrials,Rates,high,0.1266,1.0139,63,-0.1319,0.2397
ESTC,xl_industrials,Rates,low,-2.4598,1.4687,63,-0.1319,0.2397
ESTC,xl_industrials,Bull-Bear,high,0.1777,0.2927,839,-0.1319,0.2397
ESTC,xl_industrials,Bull-Bear,low,-0.8618,0.5707,241,-0.1319,0.2397
ESTC,xl_real_estate,VIX,high,-0.2868,0.2146,312,-0.4162,0.1102
ESTC,xl_real_estate,VIX,low,-0.1468,0.2459,254,-0.4162,0.1102
ESTC,xl_real_estate,Rates,high,-1.2360,0.4090,63,-0.4162,0.1102
ESTC,xl_real_estate,Rates,low,0.9546,0.4475,63,-0.4162,0.1102
ESTC,xl_real_estate,Bull-Bear,high,-0.5452,0.1354,839,-0.4162,0.1102
ESTC,xl_real_estate,Bull-Bear,low,-0.4728,0.2600,241,-0.4162,0.1102
ESTC,xl_utilities,VIX,high,-0.5147,0.1748,312,-0.7554,0.0941
ESTC,xl_utilities,VIX,low,-0.4678,0.2311,254,-0.7554,0.0941
ESTC,xl_utilities,Rates,high,-0.5897,0.2823,63,-0.7554,0.0941
ESTC,xl_utilities,Rates,low,0.1631,0.4952,63,-0.7554,0.0941
ESTC,xl_utilities,Bull-Bear,high,-0.9585,0.1208,839,-0.7554,0.0941
ESTC,xl_utilities,Bull-Bear,low,-0.9397,0.2127,241,-0.7554,0.0941
FCX,biotech,VIX,high,-0.2205,0.2128,312,0.0019,0.0867
FCX,biotech,VIX,low,0.2030,0.1672,254,0.0019,0.0867
FCX,biotech,Rates,high,-0.4626,0.4961,63,0.0019,0.0867
FCX,biotech,Rates,low,-0.1208,0.5184,63,0.0019,0.0867
FCX,biotech,Bull-Bear,high,0.0678,0.0915,839,0.0019,0.0867
FCX,biotech,Bull-Bear,low,0.0594,0.2005,241,0.0019,0.0867
FCX,china_a_shares,VIX,high,0.5639,0.1575,312,0.4960,0.0580
FCX,china_a_shares,VIX,low,0.5106,0.1037,254,0.4960,0.0580
FCX,china_a_shares,Rates,high,0.7707,0.2896,63,0.4960,0.0580
FCX,china_a_shares,Rates,low,0.9521,0.3773,63,0.4960,0.0580
FCX,china_a_shares,Bull-Bear,high,0.4456,0.0605,839,0.4960,0.0580
FCX,china_a_shares,Bull-Bear,low,0.4025,0.1480,241,0.4960,0.0580
FCX,china_exposure,VIX,high,0.3322,0.1283,312,0.4174,0.0497
FCX,china_exposure,VIX,low,0.4944,0.0754,254,0.4174,0.0497
FCX,china_exposure,Rates,high,0.2478,0.2501,63,0.4174,0.0497
FCX,china_exposure,Rates,low,0.3884,0.3180,63,0.4174,0.0497
FCX,china_exposure,Bull-Bear,high,0.4433,0.0542,839,0.4174,0.0497
FCX,china_exposure,Bull-Bear,low,0.3898,0.1000,241,0.4174,0.0497
FCX,copper,VIX,high,0.9622,0.1540,312,1.1161,0.0570
FCX,copper,VIX,low,1.2327,0.0862,254,1.1161,0.0570
FCX,copper,Rates,high,0.8516,0.2898,63,1.1161,0.0570
FCX,copper,Rates,low,1.0852,0.3441,63,1.1161,0.0570
FCX,copper,Bull-Bear,high,1.1948,0.0580,839,1.1161,0.0570
FCX,copper,Bull-Bear,low,0.9941,0.1296,241,1.1161,0.0570
FCX,credit_hy_spread,VIX,high,0.9263,0.3371,312,0.5072,0.1830
FCX,credit_hy_spread,VIX,low,-0.3679,0.4164,254,0.5072,0.1830
FCX,credit_hy_spread,Rates,high,3.8400,1.2076,63,0.5072,0.1830
FCX,credit_hy_spread,Rates,low,3.2995,0.8595,63,0.5072,0.1830
FCX,credit_hy_spread,Bull-Bear,high,-0.0345,0.2563,839,0.5072,0.1830
FCX,credit_hy_spread,Bull-Bear,low,0.2146,0.3378,241,0.5072,0.1830
FCX,defense,VIX,high,0.4172,0.2104,312,0.1407,0.1009
FCX,defense,VIX,low,-0.8313,0.1735,254,0.1407,0.1009
FCX,defense,Rates,high,0.9299,0.4425,63,0.1407,0.1009
FCX,defense,Rates,low,-0.2808,0.4434,63,0.1407,0.1009
FCX,defense,Bull-Bear,high,0.0911,0.1180,839,0.1407,0.1009
FCX,defense,Bull-Bear,low,-0.1520,0.2218,241,0.1407,0.1009
FCX,energy_oil,VIX,high,0.2245,0.0592,312,0.2395,0.0327
FCX,energy_oil,VIX,low,0.1282,0.0849,254,0.2395,0.0327
FCX,energy_oil,Rates,high,0.5695,0.1568,63,0.2395,0.0327
FCX,energy_oil,Rates,low,0.4144,0.1583,63,0.2395,0.0327
FCX,energy_oil,Bull-Bear,high,0.3047,0.0509,839,0.2395,0.0327
FCX,energy_oil,Bull-Bear,low,0.0923,0.0529,241,0.2395,0.0327
FCX,gold,VIX,high,0.4073,0.2194,312,0.5365,0.0928
FCX,gold,VIX,low,0.8042,0.1568,254,0.5365,0.0928
FCX,gold,Rates,high,0.5034,0.4823,63,0.5365,0.0928
FCX,gold,Rates,low,0.4300,0.4127,63,0.5365,0.0928
FCX,gold,Bull-Bear,high,0.6707,0.0999,839,0.5365,0.0928
FCX,gold,Bull-Bear,low,0.5240,0.2179,241,0.5365,0.0928
FCX,growth,VIX,high,2.0630,1.1141,312,1.2693,0.5381
FCX,growth,VIX,low,2.3888,1.1993,254,1.2693,0.5381
FCX,growth,Rates,high,6.9367,2.0324,63,1.2693,0.5381
FCX,growth,Rates,low,5.6212,2.2236,63,1.2693,0.5381
FCX,growth,Bull-Bear,high,0.3798,0.6276,839,1.2693,0.5381
FCX,growth,Bull-Bear,low,1.2205,1.2159,241,1.2693,0.5381
FCX,inflation,VIX,high,1.3691,0.5295,312,1.2198,0.2759
FCX,inflation,VIX,low,-0.1884,0.6841,254,1.2198,0.2759
FCX,inflation,Rates,high,-1.0208,1.3365,63,1.2198,0.2759
FCX,inflation,Rates,low,1.6446,0.9423,63,1.2198,0.2759
FCX,inflation,Bull-Bear,high,1.1394,0.3988,839,1.2198,0.2759
FCX,inflation,Bull-Bear,low,0.3480,0.4935,241,1.2198,0.2759
FCX,lithium,VIX,high,0.6174,0.1333,312,0.5609,0.0522
FCX,lithium,VIX,low,0.5320,0.0840,254,0.5609,0.0522
FCX,lithium,Rates,high,0.1446,0.2883,63,0.5609,0.0522
FCX,lithium,Rates,low,0.2633,0.4142,63,0.5609,0.0522
FCX,lithium,Bull-Bear,high,0.5465,0.0528,839,0.5609,0.0522
FCX,lithium,Bull-Bear,low,0.6023,0.1473,241,0.5609,0.0522
FCX,market_beta,VIX,high,1.5363,0.0784,312,1.5322,0.0530
FCX,market_beta,VIX,low,1.4067,0.2246,254,1.5322,0.0530
FCX,market_beta,Rates,high,1.5579,0.1960,63,1.5322,0.0530
FCX,market_beta,Rates,low,1.5530,0.1495,63,1.5322,0.0530
FCX,market_beta,Bull-Bear,high,1.5525,0.0922,839,1.5322,0.0530
FCX,market_beta,Bull-Bear,low,1.4177,0.1057,241,1.5322,0.0530
FCX,momentum,VIX,high,-0.2297,0.3121,312,-0.0421,0.1315
FCX,momentum,VIX,low,-0.4885,0.2686,254,-0.0421,0.1315
FCX,momentum,Rates,high,0.9356,0.7731,63,-0.0421,0.1315
FCX,momentum,Rates,low,-1.2670,0.6793,63,-0.0421,0.1315
FCX,momentum,Bull-Bear,high,0.1065,0.1316,839,-0.0421,0.1315
FCX,momentum,Bull-Bear,low,-0.3700,0.3390,241,-0.0421,0.1315
FCX,natural_gas,VIX,high,0.0645,0.0615,312,0.0310,0.0236
FCX,natural_gas,VIX,low,0.0486,0.0388,254,0.0310,0.0236
FCX,natural_gas,Rates,high,0.1602,0.1089,63,0.0310,0.0236
FCX,natural_gas,Rates,low,0.0614,0.1451,63,0.0310,0.0236
FCX,natural_gas,Bull-Bear,high,-0.0064,0.0252,839,0.0310,0.0236
FCX,natural_gas,Bull-Bear,low,0.1063,0.0521,241,0.0310,0.0236
FCX,quality,VIX,high,-0.7875,0.9265,312,-0.4456,0.4052
FCX,quality,VIX,low,-1.0925,0.7315,254,-0.4456,0.4052
FCX,quality,Rates,high,-5.0558,1.6328,63,-0.4456,0.4052
FCX,quality,Rates,low,-0.7784,1.6199,63,-0.4456,0.4052
FCX,quality,Bull-Bear,high,-0.8036,0.4637,839,-0.4456,0.4052
FCX,quality,Bull-Bear,low,1.0125,0.9502,241,-0.4456,0.4052
FCX,rates,VIX,high,-0.9697,0.4258,312,-0.3941,0.1816
FCX,rates,VIX,low,0.5291,0.3099,254,-0.3941,0.1816
FCX,rates,Rates,high,0.8848,1.6649,63,-0.3941,0.1816
FCX,rates,Rates,low,-1.1398,1.4295,63,-0.3941,0.1816
FCX,rates,Bull-Bear,high,-0.1076,0.2283,839,-0.3941,0.1816
FCX,rates,Bull-Bear,low,-0.0147,0.3562,241,-0.3941,0.1816
FCX,rates_30y,VIX,high,-0.4315,0.1814,312,-0.1938,0.0811
FCX,rates_30y,VIX,low,0.2097,0.1492,254,-0.1938,0.0811
FCX,rates_30y,Rates,high,1.2743,0.4396,63,-0.1938,0.0811
FCX,rates_30y,Rates,low,-1.0326,0.4806,63,-0.1938,0.0811
FCX,rates_30y,Bull-Bear,high,-0.1512,0.1030,839,-0.1938,0.0811
FCX,rates_30y,Bull-Bear,low,-0.0870,0.1724,241,-0.1938,0.0811
FCX,semiconductors,VIX,high,-0.5666,0.1842,312,0.1320,0.0716
FCX,semiconductors,VIX,low,0.1553,0.1110,254,0.1320,0.0716
FCX,semiconductors,Rates,high,-0.5871,0.4169,63,0.1320,0.0716
FCX,semiconductors,Rates,low,-0.1038,0.3132,63,0.1320,0.0716
FCX,semiconductors,Bull-Bear,high,0.3415,0.0744,839,0.1320,0.0716
FCX,semiconductors,Bull-Bear,low,0.1866,0.1791,241,0.1320,0.0716
FCX,uranium,VIX,high,0.3722,0.1197,312,0.4022,0.0412
FCX,uranium,VIX,low,0.2523,0.0761,254,0.4022,0.0412
FCX,uranium,Rates,high,0.5631,0.2075,63,0.4022,0.0412
FCX,uranium,Rates,low,0.1824,0.2350,63,0.4022,0.0412
FCX,uranium,Bull-Bear,high,0.4194,0.0427,839,0.4022,0.0412
FCX,uranium,Bull-Bear,low,0.4439,0.1003,241,0.4022,0.0412
FCX,usd_strength,VIX,high,-0.1776,0.4133,312,-1.2548,0.1935
FCX,usd_strength,VIX,low,-2.0801,0.3493,254,-1.2548,0.1935
FCX,usd_strength,Rates,high,-0.2392,0.9863,63,-1.2548,0.1935
FCX,usd_strength,Rates,low,0.3851,0.7456,63,-1.2548,0.1935
FCX,usd_strength,Bull-Bear,high,-2.2730,0.2335,839,-1.2548,0.1935
FCX,usd_strength,Bull-Bear,low,-2.6784,0.4120,241,-1.2548,0.1935
FCX,value,VIX,high,2.5562,0.3828,312,1.4754,0.1822
FCX,value,VIX,low,0.9949,0.2921,254,1.4754,0.1822
FCX,value,Rates,high,3.4810,0.7921,63,1.4754,0.1822
FCX,value,Rates,low,2.8481,0.8313,63,1.4754,0.1822
FCX,value,Bull-Bear,high,0.9998,0.1935,839,1.4754,0.1822
FCX,value,Bull-Bear,low,0.8353,0.4525,241,1.4754,0.1822
FCX,volatility,VIX,high,0.0769,0.0322,312,-0.0174,0.0163
FCX,volatility,VIX,low,0.0104,0.0408,254,-0.0174,0.0163
FCX,volatility,Rates,high,0.0274,0.0559,63,-0.0174,0.0163
FCX,volatility,Rates,low,0.1168,0.0675,63,-0.0174,0.0163
FCX,volatility,Bull-Bear,high,-0.1148,0.0179,839,-0.0174,0.0163
FCX,volatility,Bull-Bear,low,0.1280,0.0467,241,-0.0174,0.0163
FCX,xl_consumer_defensive,VIX,high,-0.0882,0.2760,312,-0.5631,0.1290
FCX,xl_consumer_defensive,VIX,low,-0.2465,0.2474,254,-0.5631,0.1290
FCX,xl_consumer_defensive,Rates,high,0.3106,0.5241,63,-0.5631,0.1290
FCX,xl_consumer_defensive,Rates,low,-0.2660,0.5706,63,-0.5631,0.1290
FCX,xl_consumer_defensive,Bull-Bear,high,-0.7639,0.1582,839,-0.5631,0.1290
FCX,xl_consumer_defensive,Bull-Bear,low,-0.8043,0.2655,241,-0.5631,0.1290
FCX,xl_financials,VIX,high,-0.0377,0.3778,312,-0.1462,0.1793
FCX,xl_financials,VIX,low,-1.5320,0.3393,254,-0.1462,0.1793
FCX,xl_financials,Rates,high,-0.6482,0.7069,63,-0.1462,0.1793
FCX,xl_financials,Rates,low,-0.8339,0.9054,63,-0.1462,0.1793
FCX,xl_financials,Bull-Bear,high,-0.0897,0.2076,839,-0.1462,0.1793
FCX,xl_financials,Bull-Bear,low,-0.4020,0.3877,241,-0.1462,0.1793
FCX,xl_healthcare,VIX,high,0.2721,0.3242,312,-0.3990,0.1397
FCX,xl_healthcare,VIX,low,-0.3271,0.2408,254,-0.3990,0.1397
FCX,xl_healthcare,Rates,high,-0.2498,0.6956,63,-0.3990,0.1397
FCX,xl_healthcare,Rates,low,-0.3577,0.6258,63,-0.3990,0.1397
FCX,xl_healthcare,Bull-Bear,high,-0.5720,0.1552,839,-0.3990,0.1397
FCX,xl_healthcare,Bull-Bear,low,-0.7982,0.3122,241,-0.3990,0.1397
FCX,xl_industrials,VIX,high,0.8265,0.4481,312,0.5303,0.2046
FCX,xl_industrials,VIX,low,-0.4394,0.3778,254,0.5303,0.2046
FCX,xl_industrials,Rates,high,-0.5111,0.9948,63,0.5303,0.2046
FCX,xl_industrials,Rates,low,-1.2116,1.0695,63,0.5303,0.2046
FCX,xl_industrials,Bull-Bear,high,0.5805,0.2345,839,0.5303,0.2046
FCX,xl_industrials,Bull-Bear,low,-0.1572,0.4528,241,0.5303,0.2046
FCX,xl_real_estate,VIX,high,0.3009,0.2115,312,-0.0765,0.0949
FCX,xl_real_estate,VIX,low,0.3431,0.1595,254,-0.0765,0.0949
FCX,xl_real_estate,Rates,high,0.4011,0.4281,63,-0.0765,0.0949
FCX,xl_real_estate,Rates,low,1.2909,0.2900,63,-0.0765,0.0949
FCX,xl_real_estate,Bull-Bear,high,-0.3734,0.1091,839,-0.0765,0.0949
FCX,xl_real_estate,Bull-Bear,low,-0.0981,0.2067,241,-0.0765,0.0949
FCX,xl_utilities,VIX,high,0.2094,0.1743,312,-0.2128,0.0824
FCX,xl_utilities,VIX,low,0.2863,0.1513,254,-0.2128,0.0824
FCX,xl_utilities,Rates,high,0.1441,0.2867,63,-0.2128,0.0824
FCX,xl_utilities,Rates,low,0.8170,0.3409,63,-0.2128,0.0824
FCX,xl_utilities,Bull-Bear,high,-0.5781,0.0987,839,-0.2128,0.0824
FCX,xl_utilities,Bull-Bear,low,-0.0812,0.1746,241,-0.2128,0.0824
GE,biotech,VIX,high,-0.2415,0.1769,312,-0.1817,0.0668
GE,biotech,VIX,low,-0.0779,0.1190,254,-0.1817,0.0668
GE,biotech,Rates,high,0.0295,0.3264,63,-0.1817,0.0668
GE,biotech,Rates,low,-0.2231,0.3875,63,-0.1817,0.0668
GE,biotech,Bull-Bear,high,-0.1975,0.0703,839,-0.1817,0.0668
GE,biotech,Bull-Bear,low,0.1452,0.1559,241,-0.1817,0.0668
GE,china_a_shares,VIX,high,0.0576,0.1337,312,-0.0392,0.0461
GE,china_a_shares,VIX,low,-0.1449,0.0766,254,-0.0392,0.0461
GE,china_a_shares,Rates,high,0.1073,0.1994,63,-0.0392,0.0461
GE,china_a_shares,Rates,low,0.3657,0.2933,63,-0.0392,0.0461
GE,china_a_shares,Bull-Bear,high,-0.0850,0.0481,839,-0.0392,0.0461
GE,china_a_shares,Bull-Bear,low,-0.0300,0.1171,241,-0.0392,0.0461
GE,china_exposure,VIX,high,0.0096,0.1080,312,-0.0094,0.0395
GE,china_exposure,VIX,low,-0.0871,0.0577,254,-0.0094,0.0395
GE,china_exposure,Rates,high,-0.0831,0.1644,63,-0.0094,0.0395
GE,china_exposure,Rates,low,0.1832,0.2400,63,-0.0094,0.0395
GE,china_exposure,Bull-Bear,high,-0.0355,0.0434,839,-0.0094,0.0395
GE,china_exposure,Bull-Bear,low,0.0900,0.0801,241,-0.0094,0.0395
GE,copper,VIX,high,-0.1444,0.1358,312,0.0294,0.0503
GE,copper,VIX,low,0.0078,0.0824,254,0.0294,0.0503
GE,copper,Rates,high,-0.0686,0.2022,63,0.0294,0.0503
GE,copper,Rates,low,-0.0574,0.2779,63,0.0294,0.0503
GE,copper,Bull-Bear,high,0.0880,0.0548,839,0.0294,0.0503
GE,copper,Bull-Bear,low,-0.0258,0.1127,241,0.0294,0.0503
GE,credit_hy_spread,VIX,high,1.3491,0.2735,312,0.7412,0.1403
GE,credit_hy_spread,VIX,low,-0.5148,0.2944,254,0.7412,0.1403
GE,credit_hy_spread,Rates,high,2.2122,0.8035,63,0.7412,0.1403
GE,credit_hy_spread,Rates,low,2.8894,0.6149,63,0.7412,0.1403
GE,credit_hy_spread,Bull-Bear,high,0.2430,0.1977,839,0.7412,0.1403
GE,credit_hy_spread,Bull-Bear,low,0.4499,0.2618,241,0.7412,0.1403
GE,defense,VIX,high,0.7329,0.1712,312,0.6583,0.0758
GE,defense,VIX,low,0.4424,0.1256,254,0.6583,0.0758
GE,defense,Rates,high,0.0516,0.2993,63,0.6583,0.0758
GE,defense,Rates,low,0.0867,0.3331,63,0.6583,0.0758
GE,defense,Bull-Bear,high,0.9203,0.0854,839,0.6583,0.0758
GE,defense,Bull-Bear,low,0.1626,0.1726,241,0.6583,0.0758
GE,energy_oil,VIX,high,0.0603,0.0503,312,0.0506,0.0257
GE,energy_oil,VIX,low,-0.0773,0.0604,254,0.0506,0.0257
GE,energy_oil,Rates,high,0.1416,0.1116,63,0.0506,0.0257
GE,energy_oil,Rates,low,0.1494,0.1236,63,0.0506,0.0257
GE,energy_oil,Bull-Bear,high,0.1467,0.0398,839,0.0506,0.0257
GE,energy_oil,Bull-Bear,low,-0.0905,0.0410,241,0.0506,0.0257
GE,gold,VIX,high,-0.5669,0.1808,312,-0.2325,0.0723
GE,gold,VIX,low,0.0143,0.1170,254,-0.2325,0.0723
GE,gold,Rates,high,-0.4405,0.3129,63,-0.2325,0.0723
GE,gold,Rates,low,-0.2553,0.3102,63,-0.2325,0.0723
GE,gold,Bull-Bear,high,-0.0993,0.0791,839,-0.2325,0.0723
GE,gold,Bull-Bear,low,-0.4703,0.1690,241,-0.2325,0.0723
GE,growth,VIX,high,1.0205,0.9306,312,-0.0404,0.4168
GE,growth,VIX,low,0.6536,0.8575,254,-0.0404,0.4168
GE,growth,Rates,high,3.9213,1.3595,63,-0.0404,0.4168
GE,growth,Rates,low,5.3244,1.6130,63,-0.0404,0.4168
GE,growth,Bull-Bear,high,-1.7959,0.4805,839,-0.0404,0.4168
GE,growth,Bull-Bear,low,1.8493,0.9416,241,-0.0404,0.4168
GE,inflation,VIX,high,0.9927,0.4419,312,0.6343,0.2142
GE,inflation,VIX,low,-0.6885,0.4840,254,0.6343,0.2142
GE,inflation,Rates,high,-1.2174,0.8635,63,0.6343,0.2142
GE,inflation,Rates,low,1.6071,0.6936,63,0.6343,0.2142
GE,inflation,Bull-Bear,high,0.5211,0.3087,839,0.6343,0.2142
GE,inflation,Bull-Bear,low,-0.1888,0.3846,241,0.6343,0.2142
GE,lithium,VIX,high,0.1246,0.1145,312,0.0588,0.0421
GE,lithium,VIX,low,0.0126,0.0642,254,0.0588,0.0421
GE,lithium,Rates,high,-0.3753,0.1825,63,0.0588,0.0421
GE,lithium,Rates,low,-0.2416,0.3098,63,0.0588,0.0421
GE,lithium,Bull-Bear,high,0.0421,0.0433,839,0.0588,0.0421
GE,lithium,Bull-Bear,low,0.1535,0.1182,241,0.0588,0.0421
GE,market_beta,VIX,high,1.2457,0.0673,312,1.1644,0.0414
GE,market_beta,VIX,low,1.1204,0.1563,254,1.1644,0.0414
GE,market_beta,Rates,high,1.2821,0.0803,63,1.1644,0.0414
GE,market_beta,Rates,low,1.1356,0.1166,63,1.1644,0.0414
GE,market_beta,Bull-Bear,high,1.1537,0.0720,839,1.1644,0.0414
GE,market_beta,Bull-Bear,low,1.0486,0.0853,241,1.1644,0.0414
GE,momentum,VIX,high,-1.1587,0.2515,312,-0.4121,0.1009
GE,momentum,VIX,low,1.0011,0.1813,254,-0.4121,0.1009
GE,momentum,Rates,high,0.2176,0.5104,63,-0.4121,0.1009
GE,momentum,Rates,low,-0.1458,0.5229,63,-0.4121,0.1009
GE,momentum,Bull-Bear,high,-0.3706,0.1008,839,-0.4121,0.1009
GE,momentum,Bull-Bear,low,-0.4478,0.2631,241,-0.4121,0.1009
GE,natural_gas,VIX,high,-0.0102,0.0513,312,-0.0073,0.0182
GE,natural_gas,VIX,low,-0.0125,0.0276,254,-0.0073,0.0182
GE,natural_gas,Rates,high,0.0875,0.0715,63,-0.0073,0.0182
GE,natural_gas,Rates,low,0.0096,0.1088,63,-0.0073,0.0182
GE,natural_gas,Bull-Bear,high,-0.0160,0.0195,839,-0.0073,0.0182
GE,natural_gas,Bull-Bear,low,0.0273,0.0409,241,-0.0073,0.0182
GE,quality,VIX,high,-0.5098,0.7715,312,0.0407,0.3134
GE,quality,VIX,low,0.4379,0.5211,254,0.0407,0.3134
GE,quality,Rates,high,-3.1995,1.0721,63,0.0407,0.3134
GE,quality,Rates,low,-1.9822,1.1892,63,0.0407,0.3134
GE,quality,Bull-Bear,high,0.5408,0.3581,839,0.0407,0.3134
GE,quality,Bull-Bear,low,0.3829,0.7415,241,0.0407,0.3134
GE,rates,VIX,high,-1.3408,0.3491,312,-0.6189,0.1396
GE,rates,VIX,low,0.0529,0.2213,254,-0.6189,0.1396
GE,rates,Rates,high,-0.6137,1.0875,63,-0.6189,0.1396
GE,rates,Rates,low,-0.9735,1.0694,63,-0.6189,0.1396
GE,rates,Bull-Bear,high,-0.6332,0.1748,839,-0.6189,0.1396
GE,rates,Bull-Bear,low,-0.2085,0.2771,241,-0.6189,0.1396
GE,rates_30y,VIX,high,-0.6547,0.1477,312,-0.3046,0.0622
GE,rates_30y,VIX,low,0.0691,0.1063,254,-0.3046,0.0622
GE,rates_30y,Rates,high,0.1411,0.3059,63,-0.3046,0.0622
GE,rates_30y,Rates,low,-0.7541,0.3608,63,-0.3046,0.0622
GE,rates_30y,Bull-Bear,high,-0.3432,0.0787,839,-0.3046,0.0622
GE,rates_30y,Bull-Bear,low,-0.0975,0.1342,241,-0.3046,0.0622
GE,semiconductors,VIX,high,-0.8124,0.1487,312,-0.1247,0.0553
GE,semiconductors,VIX,low,0.1737,0.0784,254,-0.1247,0.0553
GE,semiconductors,Rates,high,-0.3466,0.2732,63,-0.1247,0.0553
GE,semiconductors,Rates,low,-0.1988,0.2335,63,-0.1247,0.0553
GE,semiconductors,Bull-Bear,high,0.0358,0.0581,839,-0.1247,0.0553
GE,semiconductors,Bull-Bear,low,0.0252,0.1398,241,-0.1247,0.0553
GE,uranium,VIX,high,-0.1277,0.1009,312,0.0526,0.0330
GE,uranium,VIX,low,0.0828,0.0550,254,0.0526,0.0330
GE,uranium,Rates,high,0.1261,0.1426,63,0.0526,0.0330
GE,uranium,Rates,low,-0.0843,0.1766,63,0.0526,0.0330
GE,uranium,Bull-Bear,high,0.0932,0.0346,839,0.0526,0.0330
GE,uranium,Bull-Bear,low,0.0603,0.0812,241,0.0526,0.0330
GE,usd_strength,VIX,high,0.4673,0.3431,312,-0.0049,0.1520
GE,usd_strength,VIX,low,-0.1908,0.2647,254,-0.0049,0.1520
GE,usd_strength,Rates,high,0.7225,0.6381,63,-0.0049,0.1520
GE,usd_strength,Rates,low,1.1114,0.5415,63,-0.0049,0.1520
GE,usd_strength,Bull-Bear,high,-0.3701,0.1897,839,-0.0049,0.1520
GE,usd_strength,Bull-Bear,low,-1.3978,0.3362,241,-0.0049,0.1520
GE,value,VIX,high,2.9436,0.2970,312,1.5645,0.1375
GE,value,VIX,low,-0.1538,0.2119,254,1.5645,0.1375
GE,value,Rates,high,1.5294,0.5607,63,1.5645,0.1375
GE,value,Rates,low,1.9961,0.6303,63,1.5645,0.1375
GE,value,Bull-Bear,high,1.2595,0.1454,839,1.5645,0.1375
GE,value,Bull-Bear,low,0.8795,0.3504,241,1.5645,0.1375
GE,volatility,VIX,high,0.0793,0.0267,312,-0.0018,0.0126
GE,volatility,VIX,low,-0.0550,0.0288,254,-0.0018,0.0126
GE,volatility,Rates,high,-0.0194,0.0365,63,-0.0018,0.0126
GE,volatility,Rates,low,0.0033,0.0518,63,-0.0018,0.0126
GE,volatility,Bull-Bear,high,-0.0763,0.0139,839,-0.0018,0.0126
GE,volatility,Bull-Bear,low,0.0889,0.0365,241,-0.0018,0.0126
GE,xl_consumer_defensive,VIX,high,0.2290,0.2294,312,-0.1792,0.1003
GE,xl_consumer_defensive,VIX,low,-0.5300,0.1729,254,-0.1792,0.1003
GE,xl_consumer_defensive,Rates,high,0.1990,0.3425,63,-0.1792,0.1003
GE,xl_consumer_defensive,Rates,low,-0.6420,0.4203,63,-0.1792,0.1003
GE,xl_consumer_defensive,Bull-Bear,high,-0.4390,0.1228,839,-0.1792,0.1003
GE,xl_consumer_defensive,Bull-Bear,low,-0.4534,0.2087,241,-0.1792,0.1003
GE,xl_financials,VIX,high,0.4037,0.3137,312,0.3231,0.1384
GE,xl_financials,VIX,low,-0.3003,0.2499,254,0.3231,0.1384
GE,xl_financials,Rates,high,0.1724,0.4646,63,0.3231,0.1384
GE,xl_financials,Rates,low,0.9054,0.6731,63,0.3231,0.1384
GE,xl_financials,Bull-Bear,high,0.3700,0.1597,839,0.3231,0.1384
GE,xl_financials,Bull-Bear,low,0.4034,0.3015,241,0.3231,0.1384
GE,xl_healthcare,VIX,high,0.4017,0.2692,312,-0.1934,0.1082
GE,xl_healthcare,VIX,low,-0.1587,0.1713,254,-0.1934,0.1082
GE,xl_healthcare,Rates,high,-0.1936,0.4543,63,-0.1934,0.1082
GE,xl_healthcare,Rates,low,0.2713,0.4689,63,-0.1934,0.1082
GE,xl_healthcare,Bull-Bear,high,-0.3973,0.1200,839,-0.1934,0.1082
GE,xl_healthcare,Bull-Bear,low,-0.5204,0.2442,241,-0.1934,0.1082
GE,xl_industrials,VIX,high,1.2647,0.3680,312,1.5036,0.1528
GE,xl_industrials,VIX,low,1.9072,0.2407,254,1.5036,0.1528
GE,xl_industrials,Rates,high,-0.2767,0.6505,63,1.5036,0.1528
GE,xl_industrials,Rates,low,-1.4598,0.7879,63,1.5036,0.1528
GE,xl_industrials,Bull-Bear,high,1.8169,0.1705,839,1.5036,0.1528
GE,xl_industrials,Bull-Bear,low,0.9631,0.3473,241,1.5036,0.1528
GE,xl_real_estate,VIX,high,0.7666,0.1712,312,0.1584,0.0732
GE,xl_real_estate,VIX,low,-0.1483,0.1139,254,0.1584,0.0732
GE,xl_real_estate,Rates,high,-0.0732,0.2816,63,0.1584,0.0732
GE,xl_real_estate,Rates,low,0.8550,0.2249,63,0.1584,0.0732
GE,xl_real_estate,Bull-Bear,high,-0.1489,0.0846,839,0.1584,0.0732
GE,xl_real_estate,Bull-Bear,low,0.2767,0.1601,241,0.1584,0.0732
GE,xl_utilities,VIX,high,0.4937,0.1427,312,0.0687,0.0638
GE,xl_utilities,VIX,low,-0.1021,0.1080,254,0.0687,0.0638
GE,xl_utilities,Rates,high,0.0688,0.1875,63,0.0687,0.0638
GE,xl_utilities,Rates,low,0.3492,0.2634,63,0.0687,0.0638
GE,xl_utilities,Bull-Bear,high,-0.1915,0.0775,839,0.0687,0.0638
GE,xl_utilities,Bull-Bear,low,0.1155,0.1359,241,0.0687,0.0638
GOOGL,biotech,VIX,high,0.1620,0.1276,312,-0.0442,0.0552
GOOGL,biotech,VIX,low,-0.2869,0.1154,254,-0.0442,0.0552
GOOGL,biotech,Rates,high,0.1293,0.3196,63,-0.0442,0.0552
GOOGL,biotech,Rates,low,0.3516,0.3712,63,-0.0442,0.0552
GOOGL,biotech,Bull-Bear,high,-0.0902,0.0581,839,-0.0442,0.0552
GOOGL,biotech,Bull-Bear,low,0.1255,0.1457,241,-0.0442,0.0552
GOOGL,china_a_shares,VIX,high,0.0021,0.0965,312,-0.0097,0.0380
GOOGL,china_a_shares,VIX,low,0.0087,0.0757,254,-0.0097,0.0380
GOOGL,china_a_shares,Rates,high,0.0780,0.1957,63,-0.0097,0.0380
GOOGL,china_a_shares,Rates,low,0.6942,0.2717,63,-0.0097,0.0380
GOOGL,china_a_shares,Bull-Bear,high,0.0355,0.0396,839,-0.0097,0.0380
GOOGL,china_a_shares,Bull-Bear,low,-0.1785,0.1087,241,-0.0097,0.0380
GOOGL,china_exposure,VIX,high,-0.0302,0.0779,312,0.0384,0.0325
GOOGL,china_exposure,VIX,low,0.0515,0.0567,254,0.0384,0.0325
GOOGL,china_exposure,Rates,high,0.0791,0.1612,63,0.0384,0.0325
GOOGL,china_exposure,Rates,low,0.3134,0.2286,63,0.0384,0.0325
GOOGL,china_exposure,Bull-Bear,high,0.0612,0.0357,839,0.0384,0.0325
GOOGL,china_exposure,Bull-Bear,low,0.0507,0.0750,241,0.0384,0.0325
GOOGL,copper,VIX,high,-0.2950,0.0967,312,-0.0368,0.0415
GOOGL,copper,VIX,low,0.1232,0.0805,254,-0.0368,0.0415
GOOGL,copper,Rates,high,-0.2865,0.1949,63,-0.0368,0.0415
GOOGL,copper,Rates,low,0.2192,0.2661,63,-0.0368,0.0415
GOOGL,copper,Bull-Bear,high,0.0643,0.0452,839,-0.0368,0.0415
GOOGL,copper,Bull-Bear,low,-0.1484,0.1048,241,-0.0368,0.0415
GOOGL,credit_hy_spread,VIX,high,0.1700,0.2046,312,-0.3160,0.1165
GOOGL,credit_hy_spread,VIX,low,-0.6194,0.2880,254,-0.3160,0.1165
GOOGL,credit_hy_spread,Rates,high,0.6026,0.8316,63,-0.3160,0.1165
GOOGL,credit_hy_spread,Rates,low,1.3423,0.6689,63,-0.3160,0.1165
GOOGL,credit_hy_spread,Bull-Bear,high,-1.0538,0.1588,839,-0.3160,0.1165
GOOGL,credit_hy_spread,Bull-Bear,low,-0.3199,0.2452,241,-0.3160,0.1165
GOOGL,defense,VIX,high,0.0118,0.1271,312,-0.0594,0.0643
GOOGL,defense,VIX,low,-0.0134,0.1262,254,-0.0594,0.0643
GOOGL,defense,Rates,high,-0.2234,0.2921,63,-0.0594,0.0643
GOOGL,defense,Rates,low,-0.0446,0.3207,63,-0.0594,0.0643
GOOGL,defense,Bull-Bear,high,0.0376,0.0750,839,-0.0594,0.0643
GOOGL,defense,Bull-Bear,low,-0.2557,0.1607,241,-0.0594,0.0643
GOOGL,energy_oil,VIX,high,-0.0053,0.0364,312,-0.0323,0.0212
GOOGL,energy_oil,VIX,low,-0.0751,0.0593,254,-0.0323,0.0212
GOOGL,energy_oil,Rates,high,-0.1333,0.1095,63,-0.0323,0.0212
GOOGL,energy_oil,Rates,low,0.1539,0.1187,63,-0.0323,0.0212
GOOGL,energy_oil,Bull-Bear,high,-0.0235,0.0330,839,-0.0323,0.0212
GOOGL,energy_oil,Bull-Bear,low,-0.0817,0.0384,241,-0.0323,0.0212
GOOGL,gold,VIX,high,-0.1660,0.1321,312,0.0248,0.0599
GOOGL,gold,VIX,low,0.1908,0.1142,254,0.0248,0.0599
GOOGL,gold,Rates,high,-0.4790,0.3056,63,0.0248,0.0599
GOOGL,gold,Rates,low,-0.1620,0.2995,63,0.0248,0.0599
GOOGL,gold,Bull-Bear,high,0.1871,0.0649,839,0.0248,0.0599
GOOGL,gold,Bull-Bear,low,-0.2275,0.1597,241,0.0248,0.0599
GOOGL,growth,VIX,high,0.1751,0.6726,312,-0.1622,0.3434
GOOGL,growth,VIX,low,-3.1105,0.8191,254,-0.1622,0.3434
GOOGL,growth,Rates,high,2.3529,1.3884,63,-0.1622,0.3434
GOOGL,growth,Rates,low,4.3049,1.5926,63,-0.1622,0.3434
GOOGL,growth,Bull-Bear,high,-0.7879,0.3980,839,-0.1622,0.3434
GOOGL,growth,Bull-Bear,low,1.0367,0.8840,241,-0.1622,0.3434
GOOGL,inflation,VIX,high,0.0950,0.3213,312,-0.1874,0.1770
GOOGL,inflation,VIX,low,-1.2190,0.4705,254,-0.1874,0.1770
GOOGL,inflation,Rates,high,-1.9340,0.8238,63,-0.1874,0.1770
GOOGL,inflation,Rates,low,0.4231,0.6941,63,-0.1874,0.1770
GOOGL,inflation,Bull-Bear,high,-0.5613,0.2539,839,-0.1874,0.1770
GOOGL,inflation,Bull-Bear,low,-0.5804,0.3575,241,-0.1874,0.1770
GOOGL,lithium,VIX,high,-0.1487,0.0823,312,-0.0408,0.0347
GOOGL,lithium,VIX,low,-0.0333,0.0630,254,-0.0408,0.0347
GOOGL,lithium,Rates,high,-0.3132,0.1806,63,-0.0408,0.0347
GOOGL,lithium,Rates,low,-0.5377,0.2916,63,-0.0408,0.0347
GOOGL,lithium,Bull-Bear,high,0.0205,0.0356,839,-0.0408,0.0347
GOOGL,lithium,Bull-Bear,low,-0.1977,0.1101,241,-0.0408,0.0347
GOOGL,market_beta,VIX,high,1.0597,0.0366,312,1.1510,0.0290
GOOGL,market_beta,VIX,low,1.1843,0.1508,254,1.1510,0.0290
GOOGL,market_beta,Rates,high,1.0510,0.1182,63,1.1510,0.0290
GOOGL,market_beta,Rates,low,1.1793,0.0969,63,1.1510,0.0290
GOOGL,market_beta,Bull-Bear,high,1.2750,0.0515,839,1.1510,0.0290
GOOGL,market_beta,Bull-Bear,low,1.2676,0.0604,241,1.1510,0.0290
GOOGL,momentum,VIX,high,0.0941,0.1875,312,-0.0936,0.0837
GOOGL,momentum,VIX,low,0.2810,0.1875,254,-0.0936,0.0837
GOOGL,momentum,Rates,high,-0.0622,0.5011,63,-0.0936,0.0837
GOOGL,momentum,Rates,low,-0.2305,0.5027,63,-0.0936,0.0837
GOOGL,momentum,Bull-Bear,high,0.1040,0.0836,839,-0.0936,0.0837
GOOGL,momentum,Bull-Bear,low,-0.4521,0.2455,241,-0.0936,0.0837
GOOGL,natural_gas,VIX,high,-0.0156,0.0370,312,-0.0114,0.0150
GOOGL,natural_gas,VIX,low,-0.0226,0.0271,254,-0.0114,0.0150
GOOGL,natural_gas,Rates,high,-0.0122,0.0710,63,-0.0114,0.0150
GOOGL,natural_gas,Rates,low,-0.1003,0.1040,63,-0.0114,0.0150
GOOGL,natural_gas,Bull-Bear,high,-0.0159,0.0160,839,-0.0114,0.0150
GOOGL,natural_gas,Bull-Bear,low,0.0023,0.0383,241,-0.0114,0.0150
GOOGL,quality,VIX,high,-0.6026,0.5559,312,0.1553,0.2582
GOOGL,quality,VIX,low,-0.2268,0.5117,254,0.1553,0.2582
GOOGL,quality,Rates,high,-1.2276,1.1141,63,0.1553,0.2582
GOOGL,quality,Rates,low,0.5290,1.1683,63,0.1553,0.2582
GOOGL,quality,Bull-Bear,high,-0.0834,0.2952,839,0.1553,0.2582
GOOGL,quality,Bull-Bear,low,1.7745,0.6835,241,0.1553,0.2582
GOOGL,rates,VIX,high,-0.3410,0.2571,312,0.1703,0.1158
GOOGL,rates,VIX,low,0.2073,0.2168,254,0.1703,0.1158
GOOGL,rates,Rates,high,-0.7048,1.0651,63,0.1703,0.1158
GOOGL,rates,Rates,low,-0.2723,1.0356,63,0.1703,0.1158
GOOGL,rates,Bull-Bear,high,0.5338,0.1439,839,0.1703,0.1158
GOOGL,rates,Bull-Bear,low,0.3704,0.2581,241,0.1703,0.1158
GOOGL,rates_30y,VIX,high,-0.1798,0.1094,312,0.0729,0.0517
GOOGL,rates_30y,VIX,low,0.0446,0.1043,254,0.0729,0.0517
GOOGL,rates_30y,Rates,high,0.0916,0.3001,63,0.0729,0.0517
GOOGL,rates_30y,Rates,low,-0.3819,0.3561,63,0.0729,0.0517
GOOGL,rates_30y,Bull-Bear,high,0.2130,0.0651,839,0.0729,0.0517
GOOGL,rates_30y,Bull-Bear,low,0.1889,0.1249,241,0.0729,0.0517
GOOGL,semiconductors,VIX,high,-0.1999,0.1117,312,0.0999,0.0456
GOOGL,semiconductors,VIX,low,0.0910,0.0774,254,0.0999,0.0456
GOOGL,semiconductors,Rates,high,0.4154,0.2661,63,0.0999,0.0456
GOOGL,semiconductors,Rates,low,-0.0746,0.2258,63,0.0999,0.0456
GOOGL,semiconductors,Bull-Bear,high,0.1853,0.0474,839,0.0999,0.0456
GOOGL,semiconductors,Bull-Bear,low,0.3255,0.1289,241,0.0999,0.0456
GOOGL,uranium,VIX,high,-0.1605,0.0724,312,-0.0157,0.0272
GOOGL,uranium,VIX,low,-0.0033,0.0542,254,-0.0157,0.0272
GOOGL,uranium,Rates,high,0.0607,0.1405,63,-0.0157,0.0272
GOOGL,uranium,Rates,low,-0.1227,0.1696,63,-0.0157,0.0272
GOOGL,uranium,Bull-Bear,high,0.0149,0.0286,839,-0.0157,0.0272
GOOGL,uranium,Bull-Bear,low,-0.0183,0.0759,241,-0.0157,0.0272
GOOGL,usd_strength,VIX,high,0.7716,0.2444,312,0.0192,0.1253
GOOGL,usd_strength,VIX,low,-0.1734,0.2597,254,0.0192,0.1253
GOOGL,usd_strength,Rates,high,1.2136,0.6127,63,0.0192,0.1253
GOOGL,usd_strength,Rates,low,0.6861,0.5316,63,0.0192,0.1253
GOOGL,usd_strength,Bull-Bear,high,-0.5161,0.1555,839,0.0192,0.1253
GOOGL,usd_strength,Bull-Bear,low,-0.9625,0.3192,241,0.0192,0.1253
GOOGL,value,VIX,high,-0.4675,0.2444,312,-1.2270,0.1139
GOOGL,value,VIX,low,-1.5329,0.1844,254,-1.2270,0.1139
GOOGL,value,Rates,high,-0.7276,0.5747,63,-1.2270,0.1139
GOOGL,value,Rates,low,-0.7469,0.6475,63,-1.2270,0.1139
GOOGL,value,Bull-Bear,high,-1.4560,0.1144,839,-1.2270,0.1139
GOOGL,value,Bull-Bear,low,-2.1474,0.3011,241,-1.2270,0.1139
GOOGL,volatility,VIX,high,0.0394,0.0194,312,-0.0097,0.0104
GOOGL,volatility,VIX,low,0.0183,0.0284,254,-0.0097,0.0104
GOOGL,volatility,Rates,high,-0.0419,0.0355,63,-0.0097,0.0104
GOOGL,volatility,Rates,low,0.0486,0.0495,63,-0.0097,0.0104
GOOGL,volatility,Bull-Bear,high,-0.0639,0.0114,839,-0.0097,0.0104
GOOGL,volatility,Bull-Bear,low,0.1661,0.0328,241,-0.0097,0.0104
GOOGL,xl_consumer_defensive,VIX,high,0.1554,0.1655,312,-0.4776,0.0816
GOOGL,xl_consumer_defensive,VIX,low,-0.5467,0.1692,254,-0.4776,0.0816
GOOGL,xl_consumer_defensive,Rates,high,-0.5682,0.3287,63,-0.4776,0.0816
GOOGL,xl_consumer_defensive,Rates,low,-0.6542,0.4036,63,-0.4776,0.0816
GOOGL,xl_consumer_defensive,Bull-Bear,high,-0.8432,0.0976,839,-0.4776,0.0816
GOOGL,xl_consumer_defensive,Bull-Bear,low,-0.8922,0.1882,241,-0.4776,0.0816
GOOGL,xl_financials,VIX,high,-0.2037,0.2266,312,0.1156,0.1142
GOOGL,xl_financials,VIX,low,0.7007,0.2418,254,0.1156,0.1142
GOOGL,xl_financials,Rates,high,0.2346,0.4550,63,0.1156,0.1142
GOOGL,xl_financials,Rates,low,-0.3180,0.6561,63,0.1156,0.1142
GOOGL,xl_financials,Bull-Bear,high,0.0831,0.1319,839,0.1156,0.1142
GOOGL,xl_financials,Bull-Bear,low,0.2342,0.2823,241,0.1156,0.1142
GOOGL,xl_healthcare,VIX,high,0.3791,0.1937,312,-0.4192,0.0885
GOOGL,xl_healthcare,VIX,low,-0.8252,0.1601,254,-0.4192,0.0885
GOOGL,xl_healthcare,Rates,high,-0.7887,0.4345,63,-0.4192,0.0885
GOOGL,xl_healthcare,Rates,low,0.1915,0.4518,63,-0.4192,0.0885
GOOGL,xl_healthcare,Bull-Bear,high,-0.6539,0.0968,839,-0.4192,0.0885
GOOGL,xl_healthcare,Bull-Bear,low,-0.7416,0.2252,241,-0.4192,0.0885
GOOGL,xl_industrials,VIX,high,-0.6704,0.2678,312,-0.3864,0.1302
GOOGL,xl_industrials,VIX,low,0.0148,0.2639,254,-0.3864,0.1302
GOOGL,xl_industrials,Rates,high,-0.4116,0.6364,63,-0.3864,0.1302
GOOGL,xl_industrials,Rates,low,-1.4617,0.7565,63,-0.3864,0.1302
GOOGL,xl_industrials,Bull-Bear,high,-0.2507,0.1493,839,-0.3864,0.1302
GOOGL,xl_industrials,Bull-Bear,low,-0.5713,0.3275,241,-0.3864,0.1302
GOOGL,xl_real_estate,VIX,high,-0.1174,0.1272,312,-0.3735,0.0595
GOOGL,xl_real_estate,VIX,low,-0.6329,0.1048,254,-0.3735,0.0595
GOOGL,xl_real_estate,Rates,high,-0.6245,0.2643,63,-0.3735,0.0595
GOOGL,xl_real_estate,Rates,low,0.4160,0.2347,63,-0.3735,0.0595
GOOGL,xl_real_estate,Bull-Bear,high,-0.5503,0.0672,839,-0.3735,0.0595
GOOGL,xl_real_estate,Bull-Bear,low,-0.4871,0.1471,241,-0.3735,0.0595
GOOGL,xl_utilities,VIX,high,-0.0073,0.1049,312,-0.3110,0.0519
GOOGL,xl_utilities,VIX,low,-0.4685,0.1020,254,-0.3110,0.0519
GOOGL,xl_utilities,Rates,high,-0.2929,0.1802,63,-0.3110,0.0519
GOOGL,xl_utilities,Rates,low,0.1179,0.2567,63,-0.3110,0.0519
GOOGL,xl_utilities,Bull-Bear,high,-0.5280,0.0614,839,-0.3110,0.0519
GOOGL,xl_utilities,Bull-Bear,low,-0.5462,0.1221,241,-0.3110,0.0519
GS,biotech,VIX,high,-0.2831,0.1495,312,-0.1256,0.0560
GS,biotech,VIX,low,0.2557,0.0921,254,-0.1256,0.0560
GS,biotech,Rates,high,-0.2182,0.4155,63,-0.1256,0.0560
GS,biotech,Rates,low,0.1795,0.3652,63,-0.1256,0.0560
GS,biotech,Bull-Bear,high,-0.1189,0.0561,839,-0.1256,0.0560
GS,biotech,Bull-Bear,low,-0.0107,0.1202,241,-0.1256,0.0560
GS,china_a_shares,VIX,high,0.1482,0.1130,312,0.0057,0.0386
GS,china_a_shares,VIX,low,0.0196,0.0606,254,0.0057,0.0386
GS,china_a_shares,Rates,high,-0.2634,0.2528,63,0.0057,0.0386
GS,china_a_shares,Rates,low,0.2513,0.2779,63,0.0057,0.0386
GS,china_a_shares,Bull-Bear,high,-0.0032,0.0383,839,0.0057,0.0386
GS,china_a_shares,Bull-Bear,low,-0.1246,0.0897,241,0.0057,0.0386
GS,china_exposure,VIX,high,-0.0036,0.0915,312,-0.0016,0.0331
GS,china_exposure,VIX,low,0.0380,0.0454,254,-0.0016,0.0331
GS,china_exposure,Rates,high,-0.3937,0.2040,63,-0.0016,0.0331
GS,china_exposure,Rates,low,-0.1993,0.2256,63,-0.0016,0.0331
GS,china_exposure,Bull-Bear,high,0.0046,0.0346,839,-0.0016,0.0331
GS,china_exposure,Bull-Bear,low,0.0467,0.0617,241,-0.0016,0.0331
GS,copper,VIX,high,-0.0082,0.1153,312,0.0584,0.0421
GS,copper,VIX,low,0.1309,0.0642,254,0.0584,0.0421
GS,copper,Rates,high,-0.2492,0.2562,63,0.0584,0.0421
GS,copper,Rates,low,0.0344,0.2618,63,0.0584,0.0421
GS,copper,Bull-Bear,high,0.1030,0.0436,839,0.0584,0.0421
GS,copper,Bull-Bear,low,0.0041,0.0867,241,0.0584,0.0421
GS,credit_hy_spread,VIX,high,0.9687,0.2343,312,0.4873,0.1180
GS,credit_hy_spread,VIX,low,-0.4316,0.2311,254,0.4873,0.1180
GS,credit_hy_spread,Rates,high,1.7616,1.0632,63,0.4873,0.1180
GS,credit_hy_spread,Rates,low,3.2200,0.5354,63,0.4873,0.1180
GS,credit_hy_spread,Bull-Bear,high,0.0426,0.1574,839,0.4873,0.1180
GS,credit_hy_spread,Bull-Bear,low,0.2761,0.2019,241,0.4873,0.1180
GS,defense,VIX,high,0.1968,0.1489,312,0.0052,0.0654
GS,defense,VIX,low,-0.3221,0.0990,254,0.0052,0.0654
GS,defense,Rates,high,0.1222,0.3816,63,0.0052,0.0654
GS,defense,Rates,low,-0.2280,0.3125,63,0.0052,0.0654
GS,defense,Bull-Bear,high,0.0749,0.0724,839,0.0052,0.0654
GS,defense,Bull-Bear,low,-0.3567,0.1310,241,0.0052,0.0654
GS,energy_oil,VIX,high,0.0876,0.0425,312,0.0564,0.0215
GS,energy_oil,VIX,low,-0.0196,0.0476,254,0.0564,0.0215
GS,energy_oil,Rates,high,0.2048,0.1418,63,0.0564,0.0215
GS,energy_oil,Rates,low,0.1673,0.1158,63,0.0564,0.0215
GS,energy_oil,Bull-Bear,high,0.0717,0.0318,839,0.0564,0.0215
GS,energy_oil,Bull-Bear,low,-0.0525,0.0317,241,0.0564,0.0215
GS,gold,VIX,high,-0.3643,0.1543,312,-0.1930,0.0606
GS,gold,VIX,low,0.1357,0.0915,254,-0.1930,0.0606
GS,gold,Rates,high,-1.1174,0.3795,63,-0.1930,0.0606
GS,gold,Rates,low,-0.1446,0.2932,63,-0.1930,0.0606
GS,gold,Bull-Bear,high,-0.1247,0.0628,839,-0.1930,0.0606
GS,gold,Bull-Bear,low,-0.2252,0.1313,241,-0.1930,0.0606
GS,growth,VIX,high,0.5888,0.7895,312,0.2472,0.3490
GS,growth,VIX,low,2.5329,0.6552,254,0.2472,0.3490
GS,growth,Rates,high,5.1573,1.7270,63,0.2472,0.3490
GS,growth,Rates,low,4.4216,1.5489,63,0.2472,0.3490
GS,growth,Bull-Bear,high,-0.8345,0.3844,839,0.2472,0.3490
GS,growth,Bull-Bear,low,1.5880,0.7231,241,0.2472,0.3490
GS,inflation,VIX,high,0.6862,0.3755,312,0.5518,0.1793
GS,inflation,VIX,low,-0.2827,0.3813,254,0.5518,0.1793
GS,inflation,Rates,high,-0.4942,1.1176,63,0.5518,0.1793
GS,inflation,Rates,low,0.5180,0.6781,63,0.5518,0.1793
GS,inflation,Bull-Bear,high,0.8057,0.2445,839,0.5518,0.1793
GS,inflation,Bull-Bear,low,-0.2926,0.2955,241,0.5518,0.1793
GS,lithium,VIX,high,-0.0023,0.0972,312,0.0332,0.0353
GS,lithium,VIX,low,0.1174,0.0499,254,0.0332,0.0353
GS,lithium,Rates,high,-0.6778,0.2246,63,0.0332,0.0353
GS,lithium,Rates,low,-0.4247,0.2881,63,0.0332,0.0353
GS,lithium,Bull-Bear,high,0.0823,0.0343,839,0.0332,0.0353
GS,lithium,Bull-Bear,low,-0.0878,0.0911,241,0.0332,0.0353
GS,market_beta,VIX,high,1.2220,0.0451,312,1.1580,0.0298
GS,market_beta,VIX,low,0.9269,0.1214,254,1.1580,0.0298
GS,market_beta,Rates,high,1.4166,0.1464,63,1.1580,0.0298
GS,market_beta,Rates,low,1.1661,0.0923,63,1.1580,0.0298
GS,market_beta,Bull-Bear,high,1.0564,0.0544,839,1.1580,0.0298
GS,market_beta,Bull-Bear,low,1.0222,0.0516,241,1.1580,0.0298
GS,momentum,VIX,high,-0.6692,0.2170,312,-0.3274,0.0846
GS,momentum,VIX,low,-0.1680,0.1504,254,-0.3274,0.0846
GS,momentum,Rates,high,-0.0093,0.6521,63,-0.3274,0.0846
GS,momentum,Rates,low,0.0043,0.4928,63,-0.3274,0.0846
GS,momentum,Bull-Bear,high,-0.2477,0.0804,839,-0.3274,0.0846
GS,momentum,Bull-Bear,low,-0.4203,0.2019,241,-0.3274,0.0846
GS,natural_gas,VIX,high,0.0115,0.0435,312,0.0082,0.0153
GS,natural_gas,VIX,low,0.0089,0.0217,254,0.0082,0.0153
GS,natural_gas,Rates,high,0.1058,0.0914,63,0.0082,0.0153
GS,natural_gas,Rates,low,0.0645,0.1022,63,0.0082,0.0153
GS,natural_gas,Bull-Bear,high,-0.0020,0.0155,839,0.0082,0.0153
GS,natural_gas,Bull-Bear,low,0.0067,0.0315,241,0.0082,0.0153
GS,quality,VIX,high,-0.6106,0.6534,312,-0.7777,0.2615
GS,quality,VIX,low,-1.3408,0.4011,254,-0.7777,0.2615
GS,quality,Rates,high,-5.4446,1.2876,63,-0.7777,0.2615
GS,quality,Rates,low,-0.8098,1.1404,63,-0.7777,0.2615
GS,quality,Bull-Bear,high,-1.1200,0.2827,839,-0.7777,0.2615
GS,quality,Bull-Bear,low,0.2352,0.5707,241,-0.7777,0.2615
GS,rates,VIX,high,-0.8546,0.2989,312,-0.3225,0.1174
GS,rates,VIX,low,0.3791,0.1722,254,-0.3225,0.1174
GS,rates,Rates,high,0.2875,1.3905,63,-0.3225,0.1174
GS,rates,Rates,low,-1.9532,0.9826,63,-0.3225,0.1174
GS,rates,Bull-Bear,high,-0.3664,0.1396,839,-0.3225,0.1174
GS,rates,Bull-Bear,low,0.2018,0.2131,241,-0.3225,0.1174
GS,rates_30y,VIX,high,-0.3600,0.1275,312,-0.1479,0.0525
GS,rates_30y,VIX,low,0.1853,0.0827,254,-0.1479,0.0525
GS,rates_30y,Rates,high,0.4757,0.3861,63,-0.1479,0.0525
GS,rates_30y,Rates,low,-0.8480,0.3345,63,-0.1479,0.0525
GS,rates_30y,Bull-Bear,high,-0.2280,0.0628,839,-0.1479,0.0525
GS,rates_30y,Bull-Bear,low,0.0932,0.1032,241,-0.1479,0.0525
GS,semiconductors,VIX,high,-0.7475,0.1249,312,-0.1719,0.0462
GS,semiconductors,VIX,low,-0.0234,0.0622,254,-0.1719,0.0462
GS,semiconductors,Rates,high,-0.5128,0.3469,63,-0.1719,0.0462
GS,semiconductors,Rates,low,-0.3009,0.2178,63,-0.1719,0.0462
GS,semiconductors,Bull-Bear,high,-0.0303,0.0463,839,-0.1719,0.0462
GS,semiconductors,Bull-Bear,low,-0.1376,0.1072,241,-0.1719,0.0462
GS,uranium,VIX,high,-0.1766,0.0851,312,0.0112,0.0277
GS,uranium,VIX,low,-0.0161,0.0434,254,0.0112,0.0277
GS,uranium,Rates,high,0.1574,0.1820,63,0.0112,0.0277
GS,uranium,Rates,low,-0.2157,0.1643,63,0.0112,0.0277
GS,uranium,Bull-Bear,high,0.0607,0.0276,839,0.0112,0.0277
GS,uranium,Bull-Bear,low,-0.0254,0.0625,241,0.0112,0.0277
GS,usd_strength,VIX,high,0.6507,0.2893,312,0.0756,0.1273
GS,usd_strength,VIX,low,-0.6050,0.2046,254,0.0756,0.1273
GS,usd_strength,Rates,high,1.2138,0.8078,63,0.0756,0.1273
GS,usd_strength,Rates,low,0.7620,0.5182,63,0.0756,0.1273
GS,usd_strength,Bull-Bear,high,-0.2739,0.1510,839,0.0756,0.1273
GS,usd_strength,Bull-Bear,low,-1.3913,0.2523,241,0.0756,0.1273
GS,value,VIX,high,2.2630,0.2586,312,1.4713,0.1136
GS,value,VIX,low,1.0294,0.1535,254,1.4713,0.1136
GS,value,Rates,high,2.4098,0.6920,63,1.4713,0.1136
GS,value,Rates,low,1.8989,0.5926,63,1.4713,0.1136
GS,value,Bull-Bear,high,1.1952,0.1135,839,1.4713,0.1136
GS,value,Bull-Bear,low,0.6902,0.2695,241,1.4713,0.1136
GS,volatility,VIX,high,0.0815,0.0225,312,-0.0019,0.0106
GS,volatility,VIX,low,-0.0222,0.0227,254,-0.0019,0.0106
GS,volatility,Rates,high,-0.0443,0.0463,63,-0.0019,0.0106
GS,volatility,Rates,low,0.0430,0.0485,63,-0.0019,0.0106
GS,volatility,Bull-Bear,high,-0.0709,0.0110,839,-0.0019,0.0106
GS,volatility,Bull-Bear,low,0.1030,0.0277,241,-0.0019,0.0106
GS,xl_consumer_defensive,VIX,high,0.4296,0.1932,312,-0.0931,0.0841
GS,xl_consumer_defensive,VIX,low,-0.1265,0.1381,254,-0.0931,0.0841
GS,xl_consumer_defensive,Rates,high,-0.6038,0.4313,63,-0.0931,0.0841
GS,xl_consumer_defensive,Rates,low,-0.1228,0.4030,63,-0.0931,0.0841
GS,xl_consumer_defensive,Bull-Bear,high,-0.4447,0.0973,839,-0.0931,0.0841
GS,xl_consumer_defensive,Bull-Bear,low,-0.3973,0.1601,241,-0.0931,0.0841
GS,xl_financials,VIX,high,1.3761,0.2548,312,1.2563,0.1106
GS,xl_financials,VIX,low,-0.0897,0.1967,254,1.2563,0.1106
GS,xl_financials,Rates,high,1.8885,0.5418,63,1.2563,0.1106
GS,xl_financials,Rates,low,0.4671,0.6405,63,1.2563,0.1106
GS,xl_financials,Bull-Bear,high,1.3490,0.1187,839,1.2563,0.1106
GS,xl_financials,Bull-Bear,low,1.0910,0.2219,241,1.2563,0.1106
GS,xl_healthcare,VIX,high,0.3020,0.2283,312,-0.1563,0.0906
GS,xl_healthcare,VIX,low,0.0301,0.1348,254,-0.1563,0.0906
GS,xl_healthcare,Rates,high,-0.8406,0.5704,63,-0.1563,0.0906
GS,xl_healthcare,Rates,low,0.3547,0.4404,63,-0.1563,0.0906
GS,xl_healthcare,Bull-Bear,high,-0.3432,0.0954,839,-0.1563,0.0906
GS,xl_healthcare,Bull-Bear,low,-0.3917,0.1880,241,-0.1563,0.0906
GS,xl_industrials,VIX,high,0.0451,0.3178,312,0.0923,0.1328
GS,xl_industrials,VIX,low,-0.1936,0.2110,254,0.0923,0.1328
GS,xl_industrials,Rates,high,0.1926,0.8307,63,0.0923,0.1328
GS,xl_industrials,Rates,low,-0.9771,0.7522,63,0.0923,0.1328
GS,xl_industrials,Bull-Bear,high,0.2778,0.1442,839,0.0923,0.1328
GS,xl_industrials,Bull-Bear,low,-0.5183,0.2694,241,0.0923,0.1328
GS,xl_real_estate,VIX,high,0.4979,0.1470,312,0.1241,0.0613
GS,xl_real_estate,VIX,low,0.3725,0.0866,254,0.1241,0.0613
GS,xl_real_estate,Rates,high,-0.4464,0.3548,63,0.1241,0.0613
GS,xl_real_estate,Rates,low,1.0194,0.1960,63,0.1241,0.0613
GS,xl_real_estate,Bull-Bear,high,-0.0938,0.0674,839,0.1241,0.0613
GS,xl_real_estate,Bull-Bear,low,0.1477,0.1236,241,0.1241,0.0613
GS,xl_utilities,VIX,high,0.3266,0.1218,312,0.0143,0.0535
GS,xl_utilities,VIX,low,0.1587,0.0844,254,0.0143,0.0535
GS,xl_utilities,Rates,high,-0.1982,0.2381,63,0.0143,0.0535
GS,xl_utilities,Rates,low,0.6431,0.2378,63,0.0143,0.0535
GS,xl_utilities,Bull-Bear,high,-0.1995,0.0615,839,0.0143,0.0535
GS,xl_utilities,Bull-Bear,low,0.0029,0.1047,241,0.0143,0.0535
HD,biotech,VIX,high,0.1197,0.1337,312,0.0222,0.0496
HD,biotech,VIX,low,0.1751,0.0893,254,0.0222,0.0496
HD,biotech,Rates,high,0.1424,0.3140,63,0.0222,0.0496
HD,biotech,Rates,low,0.2854,0.4389,63,0.0222,0.0496
HD,biotech,Bull-Bear,high,-0.0428,0.0450,839,0.0222,0.0496
HD,biotech,Bull-Bear,low,0.1779,0.1157,241,0.0222,0.0496
HD,china_a_shares,VIX,high,0.0418,0.1009,312,-0.0145,0.0341
HD,china_a_shares,VIX,low,-0.0031,0.0583,254,-0.0145,0.0341
HD,china_a_shares,Rates,high,0.1102,0.1921,63,-0.0145,0.0341
HD,china_a_shares,Rates,low,1.1394,0.3035,63,-0.0145,0.0341
HD,china_a_shares,Bull-Bear,high,-0.0094,0.0307,839,-0.0145,0.0341
HD,china_a_shares,Bull-Bear,low,-0.2490,0.0857,241,-0.0145,0.0341
HD,china_exposure,VIX,high,-0.1373,0.0811,312,-0.0463,0.0292
HD,china_exposure,VIX,low,0.0031,0.0438,254,-0.0463,0.0292
HD,china_exposure,Rates,high,0.0030,0.1587,63,-0.0463,0.0292
HD,china_exposure,Rates,low,0.1792,0.2724,63,-0.0463,0.0292
HD,china_exposure,Bull-Bear,high,-0.0084,0.0277,839,-0.0463,0.0292
HD,china_exposure,Bull-Bear,low,-0.0618,0.0597,241,-0.0463,0.0292
HD,copper,VIX,high,-0.1207,0.1024,312,-0.0290,0.0372
HD,copper,VIX,low,-0.0021,0.0623,254,-0.0290,0.0372
HD,copper,Rates,high,0.0587,0.1948,63,-0.0290,0.0372
HD,copper,Rates,low,0.1343,0.3147,63,-0.0290,0.0372
HD,copper,Bull-Bear,high,0.0583,0.0350,839,-0.0290,0.0372
HD,copper,Bull-Bear,low,-0.1327,0.0835,241,-0.0290,0.0372
HD,credit_hy_spread,VIX,high,0.4146,0.2130,312,-0.2069,0.1048
HD,credit_hy_spread,VIX,low,-1.0597,0.2137,254,-0.2069,0.1048
HD,credit_hy_spread,Rates,high,2.9272,0.7302,63,-0.2069,0.1048
HD,credit_hy_spread,Rates,low,2.7312,0.7344,63,-0.2069,0.1048
HD,credit_hy_spread,Bull-Bear,high,-1.0599,0.1207,839,-0.2069,0.1048
HD,credit_hy_spread,Bull-Bear,low,-0.3701,0.1947,241,-0.2069,0.1048
HD,defense,VIX,high,0.0701,0.1329,312,-0.1158,0.0577
HD,defense,VIX,low,-0.2920,0.0955,254,-0.1158,0.0577
HD,defense,Rates,high,-0.4091,0.2836,63,-0.1158,0.0577
HD,defense,Rates,low,0.1774,0.3771,63,-0.1158,0.0577
HD,defense,Bull-Bear,high,-0.1370,0.0579,839,-0.1158,0.0577
HD,defense,Bull-Bear,low,-0.3282,0.1270,241,-0.1158,0.0577
HD,energy_oil,VIX,high,0.0319,0.0380,312,-0.0120,0.0191
HD,energy_oil,VIX,low,-0.0664,0.0456,254,-0.0120,0.0191
HD,energy_oil,Rates,high,0.1451,0.1073,63,-0.0120,0.0191
HD,energy_oil,Rates,low,0.3245,0.1355,63,-0.0120,0.0191
HD,energy_oil,Bull-Bear,high,-0.0733,0.0255,839,-0.0120,0.0191
HD,energy_oil,Bull-Bear,low,-0.0691,0.0305,241,-0.0120,0.0191
HD,gold,VIX,high,0.2056,0.1381,312,0.1001,0.0537
HD,gold,VIX,low,0.0456,0.0884,254,0.1001,0.0537
HD,gold,Rates,high,-0.2766,0.3042,63,0.1001,0.0537
HD,gold,Rates,low,0.5422,0.3467,63,0.1001,0.0537
HD,gold,Bull-Bear,high,0.1276,0.0503,839,0.1001,0.0537
HD,gold,Bull-Bear,low,-0.0739,0.1278,241,0.1001,0.0537
HD,growth,VIX,high,1.1528,0.7004,312,0.5818,0.3080
HD,growth,VIX,low,1.6430,0.6406,254,0.5818,0.3080
HD,growth,Rates,high,3.8111,1.3081,63,0.5818,0.3080
HD,growth,Rates,low,5.1707,1.8712,63,0.5818,0.3080
HD,growth,Bull-Bear,high,-0.0584,0.3089,839,0.5818,0.3080
HD,growth,Bull-Bear,low,0.7345,0.7053,241,0.5818,0.3080
HD,inflation,VIX,high,0.4309,0.3352,312,-0.2146,0.1589
HD,inflation,VIX,low,-1.4240,0.3562,254,-0.2146,0.1589
HD,inflation,Rates,high,-2.2853,0.7930,63,-0.2146,0.1589
HD,inflation,Rates,low,1.8924,0.7834,63,-0.2146,0.1589
HD,inflation,Bull-Bear,high,-1.0420,0.1939,839,-0.2146,0.1589
HD,inflation,Bull-Bear,low,-0.7047,0.2829,241,-0.2146,0.1589
HD,lithium,VIX,high,-0.1859,0.0859,312,-0.0470,0.0312
HD,lithium,VIX,low,0.0772,0.0483,254,-0.0470,0.0312
HD,lithium,Rates,high,-0.2920,0.1780,63,-0.0470,0.0312
HD,lithium,Rates,low,-0.3583,0.3499,63,-0.0470,0.0312
HD,lithium,Bull-Bear,high,0.0263,0.0276,839,-0.0470,0.0312
HD,lithium,Bull-Bear,low,-0.3089,0.0861,241,-0.0470,0.0312
HD,market_beta,VIX,high,1.0823,0.0406,312,1.0238,0.0264
HD,market_beta,VIX,low,0.9346,0.1155,254,1.0238,0.0264
HD,market_beta,Rates,high,1.0582,0.1124,63,1.0238,0.0264
HD,market_beta,Rates,low,1.3925,0.1134,63,1.0238,0.0264
HD,market_beta,Bull-Bear,high,0.8506,0.0435,839,1.0238,0.0264
HD,market_beta,Bull-Bear,low,0.9432,0.0536,241,1.0238,0.0264
HD,momentum,VIX,high,0.0994,0.1961,312,-0.0614,0.0752
HD,momentum,VIX,low,0.0027,0.1451,254,-0.0614,0.0752
HD,momentum,Rates,high,0.0291,0.4924,63,-0.0614,0.0752
HD,momentum,Rates,low,-0.2027,0.5926,63,-0.0614,0.0752
HD,momentum,Bull-Bear,high,0.0182,0.0648,839,-0.0614,0.0752
HD,momentum,Bull-Bear,low,-0.3243,0.1960,241,-0.0614,0.0752
HD,natural_gas,VIX,high,-0.0073,0.0387,312,0.0040,0.0135
HD,natural_gas,VIX,low,-0.0297,0.0208,254,0.0040,0.0135
HD,natural_gas,Rates,high,0.0553,0.0694,63,0.0040,0.0135
HD,natural_gas,Rates,low,0.1464,0.1220,63,0.0040,0.0135
HD,natural_gas,Bull-Bear,high,-0.0025,0.0124,839,0.0040,0.0135
HD,natural_gas,Bull-Bear,low,-0.0007,0.0305,241,0.0040,0.0135
HD,quality,VIX,high,-0.7880,0.5808,312,0.2112,0.2318
HD,quality,VIX,low,-0.3524,0.3938,254,0.2112,0.2318
HD,quality,Rates,high,-2.2310,1.0681,63,0.2112,0.2318
HD,quality,Rates,low,-2.1160,1.3514,63,0.2112,0.2318
HD,quality,Bull-Bear,high,0.2676,0.2284,839,0.2112,0.2318
HD,quality,Bull-Bear,low,2.6189,0.5260,241,0.2112,0.2318
HD,rates,VIX,high,-0.1617,0.2694,312,0.4572,0.1033
HD,rates,VIX,low,0.7776,0.1600,254,0.4572,0.1033
HD,rates,Rates,high,-1.3270,1.0366,63,0.4572,0.1033
HD,rates,Rates,low,-1.6783,1.2013,63,0.4572,0.1033
HD,rates,Bull-Bear,high,0.7878,0.1090,839,0.4572,0.1033
HD,rates,Bull-Bear,low,0.8352,0.1995,241,0.4572,0.1033
HD,rates_30y,VIX,high,-0.1005,0.1148,312,0.1990,0.0462
HD,rates_30y,VIX,low,0.3694,0.0770,254,0.1990,0.0462
HD,rates_30y,Rates,high,0.1315,0.2947,63,0.1990,0.0462
HD,rates_30y,Rates,low,-0.7331,0.4128,63,0.1990,0.0462
HD,rates_30y,Bull-Bear,high,0.3322,0.0494,839,0.1990,0.0462
HD,rates_30y,Bull-Bear,low,0.3481,0.0975,241,0.1990,0.0462
HD,semiconductors,VIX,high,-0.4391,0.1148,312,-0.0925,0.0409
HD,semiconductors,VIX,low,-0.0346,0.0598,254,-0.0925,0.0409
HD,semiconductors,Rates,high,-0.3977,0.2617,63,-0.0925,0.0409
HD,semiconductors,Rates,low,-0.1127,0.2658,63,-0.0925,0.0409
HD,semiconductors,Bull-Bear,high,0.0384,0.0371,839,-0.0925,0.0409
HD,semiconductors,Bull-Bear,low,-0.1799,0.1035,241,-0.0925,0.0409
HD,uranium,VIX,high,-0.2012,0.0754,312,-0.0512,0.0244
HD,uranium,VIX,low,-0.0520,0.0416,254,-0.0512,0.0244
HD,uranium,Rates,high,0.0486,0.1381,63,-0.0512,0.0244
HD,uranium,Rates,low,-0.3235,0.1963,63,-0.0512,0.0244
HD,uranium,Bull-Bear,high,-0.0137,0.0222,839,-0.0512,0.0244
HD,uranium,Bull-Bear,low,-0.1286,0.0599,241,-0.0512,0.0244
HD,usd_strength,VIX,high,0.8852,0.2547,312,0.0741,0.1125
HD,usd_strength,VIX,low,-0.6261,0.1964,254,0.0741,0.1125
HD,usd_strength,Rates,high,0.8301,0.6120,63,0.0741,0.1125
HD,usd_strength,Rates,low,1.6903,0.5966,63,0.0741,0.1125
HD,usd_strength,Bull-Bear,high,-0.6326,0.1192,839,0.0741,0.1125
HD,usd_strength,Bull-Bear,low,-0.7848,0.2543,241,0.0741,0.1125
HD,value,VIX,high,0.7831,0.2532,312,0.4079,0.1063
HD,value,VIX,low,0.7791,0.1527,254,0.4079,0.1063
HD,value,Rates,high,1.7169,0.5282,63,0.4079,0.1063
HD,value,Rates,low,1.2708,0.7536,63,0.4079,0.1063
HD,value,Bull-Bear,high,0.0864,0.0967,839,0.4079,0.1063
HD,value,Bull-Bear,low,-0.1956,0.2641,241,0.4079,0.1063
HD,volatility,VIX,high,0.0664,0.0201,312,0.0164,0.0093
HD,volatility,VIX,low,-0.0294,0.0219,254,0.0164,0.0093
HD,volatility,Rates,high,0.0292,0.0351,63,0.0164,0.0093
HD,volatility,Rates,low,0.0758,0.0579,63,0.0164,0.0093
HD,volatility,Bull-Bear,high,-0.0469,0.0089,839,0.0164,0.0093
HD,volatility,Bull-Bear,low,0.1310,0.0262,241,0.0164,0.0093
HD,xl_consumer_defensive,VIX,high,0.6962,0.1688,312,0.3129,0.0738
HD,xl_consumer_defensive,VIX,low,0.2106,0.1324,254,0.3129,0.0738
HD,xl_consumer_defensive,Rates,high,0.5151,0.3242,63,0.3129,0.0738
HD,xl_consumer_defensive,Rates,low,0.1078,0.4853,63,0.3129,0.0738
HD,xl_consumer_defensive,Bull-Bear,high,0.1257,0.0788,839,0.3129,0.0738
HD,xl_consumer_defensive,Bull-Bear,low,0.0776,0.1569,241,0.3129,0.0738
HD,xl_financials,VIX,high,-0.3739,0.2363,312,-0.2694,0.1023
HD,xl_financials,VIX,low,-0.8258,0.1821,254,-0.2694,0.1023
HD,xl_financials,Rates,high,-0.2044,0.4473,63,-0.2694,0.1023
HD,xl_financials,Rates,low,-0.8392,0.7667,63,-0.2694,0.1023
HD,xl_financials,Bull-Bear,high,-0.5027,0.1007,839,-0.2694,0.1023
HD,xl_financials,Bull-Bear,low,0.2274,0.2249,241,-0.2694,0.1023
HD,xl_healthcare,VIX,high,0.6603,0.2004,312,0.1619,0.0800
HD,xl_healthcare,VIX,low,0.1752,0.1293,254,0.1619,0.0800
HD,xl_healthcare,Rates,high,0.7034,0.4290,63,0.1619,0.0800
HD,xl_healthcare,Rates,low,0.4275,0.5301,63,0.1619,0.0800
HD,xl_healthcare,Bull-Bear,high,-0.0359,0.0770,839,0.1619,0.0800
HD,xl_healthcare,Bull-Bear,low,-0.1554,0.1833,241,0.1619,0.0800
HD,xl_industrials,VIX,high,-0.2033,0.2827,312,0.1961,0.1172
HD,xl_industrials,VIX,low,0.4228,0.2016,254,0.1961,0.1172
HD,xl_industrials,Rates,high,-0.5408,0.6237,63,0.1961,0.1172
HD,xl_industrials,Rates,low,-1.9716,0.8824,63,0.1961,0.1172
HD,xl_industrials,Bull-Bear,high,0.6231,0.1138,839,0.1961,0.1172
HD,xl_industrials,Bull-Bear,low,-0.4334,0.2613,241,0.1961,0.1172
HD,xl_real_estate,VIX,high,0.3832,0.1315,312,0.2689,0.0537
HD,xl_real_estate,VIX,low,0.5118,0.0801,254,0.2689,0.0537
HD,xl_real_estate,Rates,high,0.6601,0.2579,63,0.2689,0.0537
HD,xl_real_estate,Rates,low,1.2670,0.2325,63,0.2689,0.0537
HD,xl_real_estate,Bull-Bear,high,0.1353,0.0539,839,0.2689,0.0537
HD,xl_real_estate,Bull-Bear,low,0.0431,0.1199,241,0.2689,0.0537
HD,xl_utilities,VIX,high,0.3974,0.1074,312,0.1700,0.0470
HD,xl_utilities,VIX,low,0.2685,0.0800,254,0.1700,0.0470
HD,xl_utilities,Rates,high,0.2132,0.1788,63,0.1700,0.0470
HD,xl_utilities,Rates,low,0.8904,0.2806,63,0.1700,0.0470
HD,xl_utilities,Bull-Bear,high,0.0151,0.0496,839,0.1700,0.0470
HD,xl_utilities,Bull-Bear,low,0.0158,0.1014,241,0.1700,0.0470
IWB,biotech,VIX,high,0.1033,0.1056,312,0.0289,0.0366
IWB,biotech,VIX,low,0.0180,0.0446,254,0.0289,0.0366
IWB,biotech,Rates,high,0.1156,0.2402,63,0.0289,0.0366
IWB,biotech,Rates,low,0.1078,0.2809,63,0.0289,0.0366
IWB,biotech,Bull-Bear,high,0.0039,0.0302,839,0.0289,0.0366
IWB,biotech,Bull-Bear,low,0.1547,0.0936,241,0.0289,0.0366
IWB,china_a_shares,VIX,high,0.0609,0.0796,312,0.0014,0.0252
IWB,china_a_shares,VIX,low,0.0125,0.0289,254,0.0014,0.0252
IWB,china_a_shares,Rates,high,0.0093,0.1474,63,0.0014,0.0252
IWB,china_a_shares,Rates,low,0.5200,0.2045,63,0.0014,0.0252
IWB,china_a_shares,Bull-Bear,high,0.0028,0.0206,839,0.0014,0.0252
IWB,china_a_shares,Bull-Bear,low,-0.1185,0.0701,241,0.0014,0.0252
IWB,china_exposure,VIX,high,-0.0392,0.0643,312,-0.0007,0.0216
IWB,china_exposure,VIX,low,0.0306,0.0216,254,-0.0007,0.0216
IWB,china_exposure,Rates,high,-0.0909,0.1209,63,-0.0007,0.0216
IWB,china_exposure,Rates,low,0.0159,0.1745,63,-0.0007,0.0216
IWB,china_exposure,Bull-Bear,high,0.0073,0.0185,839,-0.0007,0.0216
IWB,china_exposure,Bull-Bear,low,0.0313,0.0484,241,-0.0007,0.0216
IWB,copper,VIX,high,-0.1281,0.0807,312,-0.0008,0.0275
IWB,copper,VIX,low,0.0527,0.0307,254,-0.0008,0.0275
IWB,copper,Rates,high,-0.1932,0.1471,63,-0.0008,0.0275
IWB,copper,Rates,low,0.1194,0.2007,63,-0.0008,0.0275
IWB,copper,Bull-Bear,high,0.0535,0.0234,839,-0.0008,0.0275
IWB,copper,Bull-Bear,low,-0.0540,0.0678,241,-0.0008,0.0275
IWB,credit_hy_spread,VIX,high,0.5120,0.1668,312,0.0229,0.0775
IWB,credit_hy_spread,VIX,low,-0.7313,0.1010,254,0.0229,0.0775
IWB,credit_hy_spread,Rates,high,1.4155,0.6013,63,0.0229,0.0775
IWB,credit_hy_spread,Rates,low,2.0834,0.4457,63,0.0229,0.0775
IWB,credit_hy_spread,Bull-Bear,high,-0.6725,0.0812,839,0.0229,0.0775
IWB,credit_hy_spread,Bull-Bear,low,-0.1145,0.1585,241,0.0229,0.0775
IWB,defense,VIX,high,0.0780,0.1049,312,0.0046,0.0426
IWB,defense,VIX,low,-0.0619,0.0481,254,0.0046,0.0426
IWB,defense,Rates,high,-0.2338,0.2187,63,0.0046,0.0426
IWB,defense,Rates,low,-0.0424,0.2412,63,0.0046,0.0426
IWB,defense,Bull-Bear,high,0.0871,0.0388,839,0.0046,0.0426
IWB,defense,Bull-Bear,low,-0.2191,0.1032,241,0.0046,0.0426
IWB,energy_oil,VIX,high,0.0226,0.0300,312,-0.0012,0.0141
IWB,energy_oil,VIX,low,-0.0722,0.0223,254,-0.0012,0.0141
IWB,energy_oil,Rates,high,0.0160,0.0833,63,-0.0012,0.0141
IWB,energy_oil,Rates,low,0.1369,0.0888,63,-0.0012,0.0141
IWB,energy_oil,Bull-Bear,high,-0.0043,0.0171,839,-0.0012,0.0141
IWB,energy_oil,Bull-Bear,low,-0.0564,0.0247,241,-0.0012,0.0141
IWB,gold,VIX,high,-0.1034,0.1093,312,0.0037,0.0397
IWB,gold,VIX,low,0.0736,0.0436,254,0.0037,0.0397
IWB,gold,Rates,high,-0.2606,0.2320,63,0.0037,0.0397
IWB,gold,Rates,low,-0.0501,0.2257,63,0.0037,0.0397
IWB,gold,Bull-Bear,high,0.0893,0.0336,839,0.0037,0.0397
IWB,gold,Bull-Bear,low,-0.1236,0.1032,241,0.0037,0.0397
IWB,growth,VIX,high,0.8550,0.5537,312,0.4230,0.2274
IWB,growth,VIX,low,-0.4321,0.3206,254,0.4230,0.2274
IWB,growth,Rates,high,3.6628,0.9600,63,0.4230,0.2274
IWB,growth,Rates,low,3.7909,1.1710,63,0.4230,0.2274
IWB,growth,Bull-Bear,high,-0.1688,0.2067,839,0.4230,0.2274
IWB,growth,Bull-Bear,low,0.9583,0.5686,241,0.4230,0.2274
IWB,inflation,VIX,high,0.2825,0.2650,312,0.0054,0.1174
IWB,inflation,VIX,low,-0.9625,0.1718,254,0.0054,0.1174
IWB,inflation,Rates,high,-1.4456,0.6198,63,0.0054,0.1174
IWB,inflation,Rates,low,0.5805,0.5184,63,0.0054,0.1174
IWB,inflation,Bull-Bear,high,-0.2779,0.1316,839,0.0054,0.1174
IWB,inflation,Bull-Bear,low,-0.4438,0.2301,241,0.0054,0.1174
IWB,lithium,VIX,high,-0.0572,0.0683,312,0.0006,0.0230
IWB,lithium,VIX,low,0.0439,0.0239,254,0.0006,0.0230
IWB,lithium,Rates,high,-0.3422,0.1321,63,0.0006,0.0230
IWB,lithium,Rates,low,-0.3622,0.2205,63,0.0006,0.0230
IWB,lithium,Bull-Bear,high,0.0394,0.0184,839,0.0006,0.0230
IWB,lithium,Bull-Bear,low,-0.0977,0.0712,241,0.0006,0.0230
IWB,market_beta,VIX,high,1.0231,0.0032,312,1.0206,0.0019
IWB,market_beta,VIX,low,1.0145,0.0070,254,1.0206,0.0019
IWB,market_beta,Rates,high,1.0499,0.0088,63,1.0206,0.0019
IWB,market_beta,Rates,low,1.0523,0.0072,63,1.0206,0.0019
IWB,market_beta,Bull-Bear,high,1.0131,0.0030,839,1.0206,0.0019
IWB,market_beta,Bull-Bear,low,1.0139,0.0036,241,1.0206,0.0019
IWB,momentum,VIX,high,0.0268,0.1550,312,0.0317,0.0555
IWB,momentum,VIX,low,0.3967,0.0675,254,0.0317,0.0555
IWB,momentum,Rates,high,0.2299,0.3757,63,0.0317,0.0555
IWB,momentum,Rates,low,-0.1046,0.3785,63,0.0317,0.0555
IWB,momentum,Bull-Bear,high,0.1398,0.0431,839,0.0317,0.0555
IWB,momentum,Bull-Bear,low,-0.2099,0.1589,241,0.0317,0.0555
IWB,natural_gas,VIX,high,-0.0096,0.0306,312,0.0001,0.0100
IWB,natural_gas,VIX,low,-0.0026,0.0104,254,0.0001,0.0100
IWB,natural_gas,Rates,high,0.0367,0.0532,63,0.0001,0.0100
IWB,natural_gas,Rates,low,0.0421,0.0786,63,0.0001,0.0100
IWB,natural_gas,Bull-Bear,high,-0.0017,0.0083,839,0.0001,0.0100
IWB,natural_gas,Bull-Bear,low,0.0023,0.0247,241,0.0001,0.0100
IWB,quality,VIX,high,-0.5209,0.4593,312,-0.0131,0.1712
IWB,quality,VIX,low,0.0094,0.1956,254,-0.0131,0.1712
IWB,quality,Rates,high,-2.5720,0.7794,63,-0.0131,0.1712
IWB,quality,Rates,low,0.0466,0.8802,63,-0.0131,0.1712
IWB,quality,Bull-Bear,high,-0.0905,0.1530,839,-0.0131,0.1712
IWB,quality,Bull-Bear,low,1.1189,0.4412,241,-0.0131,0.1712
IWB,rates,VIX,high,-0.4910,0.2112,312,-0.0003,0.0769
IWB,rates,VIX,low,0.3523,0.0800,254,-0.0003,0.0769
IWB,rates,Rates,high,-0.8106,0.7971,63,-0.0003,0.0769
IWB,rates,Rates,low,-1.0377,0.7679,63,-0.0003,0.0769
IWB,rates,Bull-Bear,high,0.2273,0.0748,839,-0.0003,0.0769
IWB,rates,Bull-Bear,low,0.3440,0.1657,241,-0.0003,0.0769
IWB,rates_30y,VIX,high,-0.2362,0.0898,312,0.0013,0.0343
IWB,rates_30y,VIX,low,0.1799,0.0382,254,0.0013,0.0343
IWB,rates_30y,Rates,high,0.0288,0.2258,63,0.0013,0.0343
IWB,rates_30y,Rates,low,-0.6013,0.2591,63,0.0013,0.0343
IWB,rates_30y,Bull-Bear,high,0.0906,0.0338,839,0.0013,0.0343
IWB,rates_30y,Bull-Bear,low,0.1651,0.0803,241,0.0013,0.0343
IWB,semiconductors,VIX,high,-0.4625,0.0890,312,-0.0033,0.0303
IWB,semiconductors,VIX,low,0.1264,0.0286,254,-0.0033,0.0303
IWB,semiconductors,Rates,high,-0.1583,0.2030,63,-0.0033,0.0303
IWB,semiconductors,Rates,low,-0.2876,0.1660,63,-0.0033,0.0303
IWB,semiconductors,Bull-Bear,high,0.1469,0.0243,839,-0.0033,0.0303
IWB,semiconductors,Bull-Bear,low,0.0428,0.0842,241,-0.0033,0.0303
IWB,uranium,VIX,high,-0.1219,0.0599,312,0.0049,0.0181
IWB,uranium,VIX,low,0.0026,0.0207,254,0.0049,0.0181
IWB,uranium,Rates,high,0.0969,0.1051,63,0.0049,0.0181
IWB,uranium,Rates,low,-0.1913,0.1257,63,0.0049,0.0181
IWB,uranium,Bull-Bear,high,0.0301,0.0148,839,0.0049,0.0181
IWB,uranium,Bull-Bear,low,0.0128,0.0490,241,0.0049,0.0181
IWB,usd_strength,VIX,high,0.5793,0.2025,312,0.0042,0.0831
IWB,usd_strength,VIX,low,-0.4078,0.0959,254,0.0042,0.0831
IWB,usd_strength,Rates,high,0.9635,0.4591,63,0.0042,0.0831
IWB,usd_strength,Rates,low,0.7696,0.3931,63,0.0042,0.0831
IWB,usd_strength,Bull-Bear,high,-0.4532,0.0796,839,0.0042,0.0831
IWB,usd_strength,Bull-Bear,low,-0.8504,0.2025,241,0.0042,0.0831
IWB,value,VIX,high,0.7484,0.1986,312,0.0238,0.0789
IWB,value,VIX,low,-0.2619,0.0778,254,0.0238,0.0789
IWB,value,Rates,high,0.9620,0.4201,63,0.0238,0.0789
IWB,value,Rates,low,0.8937,0.4789,63,0.0238,0.0789
IWB,value,Bull-Bear,high,-0.3117,0.0639,839,0.0238,0.0789
IWB,value,Bull-Bear,low,-0.4954,0.2115,241,0.0238,0.0789
IWB,volatility,VIX,high,0.0553,0.0158,312,0.0005,0.0069
IWB,volatility,VIX,low,-0.0069,0.0109,254,0.0005,0.0069
IWB,volatility,Rates,high,-0.0167,0.0269,63,0.0005,0.0069
IWB,volatility,Rates,low,0.0639,0.0366,63,0.0005,0.0069
IWB,volatility,Bull-Bear,high,-0.0555,0.0057,839,0.0005,0.0069
IWB,volatility,Bull-Bear,low,0.1128,0.0211,241,0.0005,0.0069
IWB,xl_consumer_defensive,VIX,high,0.5006,0.1340,312,-0.0162,0.0549
IWB,xl_consumer_defensive,VIX,low,-0.1885,0.0649,254,-0.0162,0.0549
IWB,xl_consumer_defensive,Rates,high,0.1805,0.2521,63,-0.0162,0.0549
IWB,xl_consumer_defensive,Rates,low,0.0351,0.3100,63,-0.0162,0.0549
IWB,xl_consumer_defensive,Bull-Bear,high,-0.3505,0.0514,839,-0.0162,0.0549
IWB,xl_consumer_defensive,Bull-Bear,low,-0.2812,0.1257,241,-0.0162,0.0549
IWB,xl_financials,VIX,high,-0.1473,0.1873,312,-0.0171,0.0758
IWB,xl_financials,VIX,low,-0.0868,0.0938,254,-0.0171,0.0758
IWB,xl_financials,Rates,high,0.0438,0.3428,63,-0.0171,0.0758
IWB,xl_financials,Rates,low,-0.1252,0.4942,63,-0.0171,0.0758
IWB,xl_financials,Bull-Bear,high,-0.0391,0.0684,839,-0.0171,0.0758
IWB,xl_financials,Bull-Bear,low,0.1730,0.1820,241,-0.0171,0.0758
IWB,xl_healthcare,VIX,high,0.6112,0.1573,312,-0.0034,0.0592
IWB,xl_healthcare,VIX,low,-0.2215,0.0628,254,-0.0034,0.0592
IWB,xl_healthcare,Rates,high,-0.1174,0.3351,63,-0.0034,0.0592
IWB,xl_healthcare,Rates,low,0.5142,0.3339,63,-0.0034,0.0592
IWB,xl_healthcare,Bull-Bear,high,-0.2333,0.0509,839,-0.0034,0.0592
IWB,xl_healthcare,Bull-Bear,low,-0.2500,0.1477,241,-0.0034,0.0592
IWB,xl_industrials,VIX,high,-0.2599,0.2230,312,-0.0082,0.0867
IWB,xl_industrials,VIX,low,0.3251,0.0987,254,-0.0082,0.0867
IWB,xl_industrials,Rates,high,-0.6886,0.4721,63,-0.0082,0.0867
IWB,xl_industrials,Rates,low,-1.0739,0.5698,63,-0.0082,0.0867
IWB,xl_industrials,Bull-Bear,high,0.2368,0.0771,839,-0.0082,0.0867
IWB,xl_industrials,Bull-Bear,low,-0.4819,0.2103,241,-0.0082,0.0867
IWB,xl_real_estate,VIX,high,0.2907,0.1040,312,0.0158,0.0401
IWB,xl_real_estate,VIX,low,-0.0930,0.0424,254,0.0158,0.0401
IWB,xl_real_estate,Rates,high,-0.0456,0.2076,63,0.0158,0.0401
IWB,xl_real_estate,Rates,low,0.7785,0.1511,63,0.0158,0.0401
IWB,xl_real_estate,Bull-Bear,high,-0.1872,0.0356,839,0.0158,0.0401
IWB,xl_real_estate,Bull-Bear,low,-0.0347,0.0970,241,0.0158,0.0401
IWB,xl_utilities,VIX,high,0.3225,0.0847,312,0.0024,0.0349
IWB,xl_utilities,VIX,low,-0.1085,0.0400,254,0.0024,0.0349
IWB,xl_utilities,Rates,high,0.0972,0.1378,63,0.0024,0.0349
IWB,xl_utilities,Rates,low,0.5722,0.1790,63,0.0024,0.0349
IWB,xl_utilities,Bull-Bear,high,-0.2479,0.0321,839,0.0024,0.0349
IWB,xl_utilities,Bull-Bear,low,-0.0755,0.0819,241,0.0024,0.0349
IWM,biotech,VIX,high,0.1279,0.1239,312,0.2412,0.0462
IWM,biotech,VIX,low,0.5399,0.0803,254,0.2412,0.0462
IWM,biotech,Rates,high,0.2393,0.2963,63,0.2412,0.0462
IWM,biotech,Rates,low,0.2170,0.3376,63,0.2412,0.0462
IWM,biotech,Bull-Bear,high,0.2511,0.0453,839,0.2412,0.0462
IWM,biotech,Bull-Bear,low,0.3167,0.1148,241,0.2412,0.0462
IWM,china_a_shares,VIX,high,0.0614,0.0935,312,0.0090,0.0322
IWM,china_a_shares,VIX,low,0.0302,0.0564,254,0.0090,0.0322
IWM,china_a_shares,Rates,high,-0.0233,0.1824,63,0.0090,0.0322
IWM,china_a_shares,Rates,low,0.4257,0.2531,63,0.0090,0.0322
IWM,china_a_shares,Bull-Bear,high,0.0039,0.0314,839,0.0090,0.0322
IWM,china_a_shares,Bull-Bear,low,-0.0966,0.0872,241,0.0090,0.0322
IWM,china_exposure,VIX,high,-0.0194,0.0755,312,0.0180,0.0275
IWM,china_exposure,VIX,low,0.0627,0.0422,254,0.0180,0.0275
IWM,china_exposure,Rates,high,-0.1429,0.1492,63,0.0180,0.0275
IWM,china_exposure,Rates,low,0.0226,0.2102,63,0.0180,0.0275
IWM,china_exposure,Bull-Bear,high,0.0074,0.0283,839,0.0180,0.0275
IWM,china_exposure,Bull-Bear,low,0.0712,0.0598,241,0.0180,0.0275
IWM,copper,VIX,high,-0.0723,0.0951,312,0.0549,0.0351
IWM,copper,VIX,low,0.1004,0.0600,254,0.0549,0.0351
IWM,copper,Rates,high,-0.1574,0.1835,63,0.0549,0.0351
IWM,copper,Rates,low,0.1050,0.2420,63,0.0549,0.0351
IWM,copper,Bull-Bear,high,0.1042,0.0357,839,0.0549,0.0351
IWM,copper,Bull-Bear,low,-0.0081,0.0841,241,0.0549,0.0351
IWM,credit_hy_spread,VIX,high,0.7246,0.1945,312,0.2109,0.0988
IWM,credit_hy_spread,VIX,low,-0.8724,0.2098,254,0.2109,0.0988
IWM,credit_hy_spread,Rates,high,1.5113,0.7528,63,0.2109,0.0988
IWM,credit_hy_spread,Rates,low,2.1992,0.5585,63,0.2109,0.0988
IWM,credit_hy_spread,Bull-Bear,high,-0.4688,0.1280,839,0.2109,0.0988
IWM,credit_hy_spread,Bull-Bear,low,0.2810,0.1959,241,0.2109,0.0988
IWM,defense,VIX,high,0.3175,0.1220,312,0.1656,0.0542
IWM,defense,VIX,low,-0.2497,0.0929,254,0.1656,0.0542
IWM,defense,Rates,high,-0.0641,0.2730,63,0.1656,0.0542
IWM,defense,Rates,low,-0.1428,0.2900,63,0.1656,0.0542
IWM,defense,Bull-Bear,high,0.2499,0.0588,839,0.1656,0.0542
IWM,defense,Bull-Bear,low,-0.1198,0.1289,241,0.1656,0.0542
IWM,energy_oil,VIX,high,0.0458,0.0352,312,0.0240,0.0180
IWM,energy_oil,VIX,low,-0.0517,0.0443,254,0.0240,0.0180
IWM,energy_oil,Rates,high,0.0713,0.1027,63,0.0240,0.0180
IWM,energy_oil,Rates,low,0.1884,0.1063,63,0.0240,0.0180
IWM,energy_oil,Bull-Bear,high,0.0439,0.0261,839,0.0240,0.0180
IWM,energy_oil,Bull-Bear,low,-0.0747,0.0306,241,0.0240,0.0180
IWM,gold,VIX,high,-0.0967,0.1284,312,0.0258,0.0507
IWM,gold,VIX,low,0.2594,0.0841,254,0.0258,0.0507
IWM,gold,Rates,high,-0.3086,0.2874,63,0.0258,0.0507
IWM,gold,Rates,low,0.0691,0.2718,63,0.0258,0.0507
IWM,gold,Bull-Bear,high,0.1086,0.0515,839,0.0258,0.0507
IWM,gold,Bull-Bear,low,-0.1581,0.1279,241,0.0258,0.0507
IWM,growth,VIX,high,1.8374,0.6442,312,2.0445,0.2849
IWM,growth,VIX,low,4.0906,0.5734,254,2.0445,0.2849
IWM,growth,Rates,high,5.0697,1.1519,63,2.0445,0.2849
IWM,growth,Rates,low,5.3542,1.3638,63,2.0445,0.2849
IWM,growth,Bull-Bear,high,1.5466,0.3115,839,2.0445,0.2849
IWM,growth,Bull-Bear,low,3.1865,0.6782,241,2.0445,0.2849
IWM,inflation,VIX,high,0.7466,0.3088,312,0.2440,0.1498
IWM,inflation,VIX,low,-1.7832,0.3377,254,0.2440,0.1498
IWM,inflation,Rates,high,-0.6779,0.7958,63,0.2440,0.1498
IWM,inflation,Rates,low,1.2929,0.6085,63,0.2440,0.1498
IWM,inflation,Bull-Bear,high,-0.1638,0.2017,839,0.2440,0.1498
IWM,inflation,Bull-Bear,low,-0.3841,0.2863,241,0.2440,0.1498
IWM,lithium,VIX,high,0.0284,0.0803,312,0.0832,0.0293
IWM,lithium,VIX,low,0.1918,0.0455,254,0.0832,0.0293
IWM,lithium,Rates,high,-0.3063,0.1677,63,0.0832,0.0293
IWM,lithium,Rates,low,-0.1601,0.2706,63,0.0832,0.0293
IWM,lithium,Bull-Bear,high,0.1205,0.0279,839,0.0832,0.0293
IWM,lithium,Bull-Bear,low,-0.0110,0.0886,241,0.0832,0.0293
IWM,market_beta,VIX,high,1.1153,0.0256,312,1.1333,0.0183
IWM,market_beta,VIX,low,1.2326,0.0987,254,1.1333,0.0183
IWM,market_beta,Rates,high,1.1920,0.0671,63,1.1333,0.0183
IWM,market_beta,Rates,low,1.1694,0.0631,63,1.1333,0.0183
IWM,market_beta,Bull-Bear,high,1.2020,0.0341,839,1.1333,0.0183
IWM,market_beta,Bull-Bear,low,1.1425,0.0341,241,1.1333,0.0183
IWM,momentum,VIX,high,-0.3227,0.1810,312,-0.0711,0.0709
IWM,momentum,VIX,low,0.0429,0.1406,254,-0.0711,0.0709
IWM,momentum,Rates,high,0.2876,0.4649,63,-0.0711,0.0709
IWM,momentum,Rates,low,-0.3783,0.4535,63,-0.0711,0.0709
IWM,momentum,Bull-Bear,high,0.0578,0.0662,839,-0.0711,0.0709
IWM,momentum,Bull-Bear,low,-0.3358,0.1965,241,-0.0711,0.0709
IWM,natural_gas,VIX,high,-0.0096,0.0359,312,-0.0009,0.0127
IWM,natural_gas,VIX,low,-0.0128,0.0202,254,-0.0009,0.0127
IWM,natural_gas,Rates,high,0.0767,0.0653,63,-0.0009,0.0127
IWM,natural_gas,Rates,low,0.0638,0.0945,63,-0.0009,0.0127
IWM,natural_gas,Bull-Bear,high,-0.0066,0.0127,839,-0.0009,0.0127
IWM,natural_gas,Bull-Bear,low,0.0016,0.0306,241,-0.0009,0.0127
IWM,quality,VIX,high,-0.4891,0.5396,312,-0.3089,0.2184
IWM,quality,VIX,low,-0.9360,0.3776,254,-0.3089,0.2184
IWM,quality,Rates,high,-3.6767,0.9353,63,-0.3089,0.2184
IWM,quality,Rates,low,-0.9355,1.0532,63,-0.3089,0.2184
IWM,quality,Bull-Bear,high,-0.5069,0.2332,839,-0.3089,0.2184
IWM,quality,Bull-Bear,low,1.4757,0.5458,241,-0.3089,0.2184
IWM,rates,VIX,high,-0.4463,0.2488,312,0.0636,0.0981
IWM,rates,VIX,low,0.8405,0.1532,254,0.0636,0.0981
IWM,rates,Rates,high,0.0803,0.9947,63,0.0636,0.0981
IWM,rates,Rates,low,-0.6615,0.9347,63,0.0636,0.0981
IWM,rates,Bull-Bear,high,0.2471,0.1146,839,0.0636,0.0981
IWM,rates,Bull-Bear,low,0.3661,0.2059,241,0.0636,0.0981
IWM,rates_30y,VIX,high,-0.2064,0.1060,312,0.0301,0.0438
IWM,rates_30y,VIX,low,0.3966,0.0738,254,0.0301,0.0438
IWM,rates_30y,Rates,high,0.3428,0.2761,63,0.0301,0.0438
IWM,rates_30y,Rates,low,-0.3925,0.3216,63,0.0301,0.0438
IWM,rates_30y,Bull-Bear,high,0.0710,0.0518,839,0.0301,0.0438
IWM,rates_30y,Bull-Bear,low,0.1664,0.0998,241,0.0301,0.0438
IWM,semiconductors,VIX,high,-0.5395,0.1045,312,-0.0220,0.0387
IWM,semiconductors,VIX,low,0.0692,0.0578,254,-0.0220,0.0387
IWM,semiconductors,Rates,high,-0.2635,0.2502,63,-0.0220,0.0387
IWM,semiconductors,Rates,low,-0.2158,0.2029,63,-0.0220,0.0387
IWM,semiconductors,Bull-Bear,high,0.1231,0.0377,839,-0.0220,0.0387
IWM,semiconductors,Bull-Bear,low,-0.0065,0.1044,241,-0.0220,0.0387
IWM,uranium,VIX,high,-0.0351,0.0707,312,0.0729,0.0230
IWM,uranium,VIX,low,0.0050,0.0405,254,0.0729,0.0230
IWM,uranium,Rates,high,0.2029,0.1283,63,0.0729,0.0230
IWM,uranium,Rates,low,-0.1180,0.1535,63,0.0729,0.0230
IWM,uranium,Bull-Bear,high,0.0897,0.0225,839,0.0729,0.0230
IWM,uranium,Bull-Bear,low,0.0670,0.0605,241,0.0729,0.0230
IWM,usd_strength,VIX,high,0.4456,0.2395,312,-0.2116,0.1059
IWM,usd_strength,VIX,low,-1.1697,0.1795,254,-0.2116,0.1059
IWM,usd_strength,Rates,high,0.6100,0.5830,63,-0.2116,0.1059
IWM,usd_strength,Rates,low,0.5949,0.4821,63,-0.2116,0.1059
IWM,usd_strength,Bull-Bear,high,-0.7351,0.1214,839,-0.2116,0.1059
IWM,usd_strength,Bull-Bear,low,-1.1260,0.2496,241,-0.2116,0.1059
IWM,value,VIX,high,1.5713,0.2212,312,0.9008,0.0975
IWM,value,VIX,low,0.9577,0.1432,254,0.9008,0.0975
IWM,value,Rates,high,1.7481,0.4934,63,0.9008,0.0975
IWM,value,Rates,low,1.8328,0.5445,63,0.9008,0.0975
IWM,value,Bull-Bear,high,0.6693,0.0962,839,0.9008,0.0975
IWM,value,Bull-Bear,low,0.2578,0.2646,241,0.9008,0.0975
IWM,volatility,VIX,high,0.0495,0.0187,312,-0.0154,0.0088
IWM,volatility,VIX,low,-0.0187,0.0212,254,-0.0154,0.0088
IWM,volatility,Rates,high,-0.0473,0.0328,63,-0.0154,0.0088
IWM,volatility,Rates,low,0.0337,0.0449,63,-0.0154,0.0088
IWM,volatility,Bull-Bear,high,-0.0803,0.0088,839,-0.0154,0.0088
IWM,volatility,Bull-Bear,low,0.1190,0.0265,241,-0.0154,0.0088
IWM,xl_consumer_defensive,VIX,high,0.2019,0.1604,312,-0.2278,0.0698
IWM,xl_consumer_defensive,VIX,low,-0.1749,0.1285,254,-0.2278,0.0698
IWM,xl_consumer_defensive,Rates,high,-0.0800,0.3132,63,-0.2278,0.0698
IWM,xl_consumer_defensive,Rates,low,-0.2822,0.3716,63,-0.2278,0.0698
IWM,xl_consumer_defensive,Bull-Bear,high,-0.5117,0.0788,839,-0.2278,0.0698
IWM,xl_consumer_defensive,Bull-Bear,low,-0.5235,0.1537,241,-0.2278,0.0698
IWM,xl_financials,VIX,high,0.1605,0.2199,312,0.0219,0.0967
IWM,xl_financials,VIX,low,-0.9630,0.1732,254,0.0219,0.0967
IWM,xl_financials,Rates,high,0.4117,0.4210,63,0.0219,0.0967
IWM,xl_financials,Rates,low,0.1818,0.5949,63,0.0219,0.0967
IWM,xl_financials,Bull-Bear,high,-0.0926,0.1045,839,0.0219,0.0967
IWM,xl_financials,Bull-Bear,low,0.2129,0.2256,241,0.0219,0.0967
IWM,xl_healthcare,VIX,high,0.2764,0.1884,312,-0.1794,0.0754
IWM,xl_healthcare,VIX,low,-0.0646,0.1256,254,-0.1794,0.0754
IWM,xl_healthcare,Rates,high,-0.4203,0.4116,63,-0.1794,0.0754
IWM,xl_healthcare,Rates,low,0.0743,0.4097,63,-0.1794,0.0754
IWM,xl_healthcare,Bull-Bear,high,-0.3328,0.0779,839,-0.1794,0.0754
IWM,xl_healthcare,Bull-Bear,low,-0.5592,0.1805,241,-0.1794,0.0754
IWM,xl_industrials,VIX,high,0.0716,0.2624,312,0.2277,0.1104
IWM,xl_industrials,VIX,low,0.4966,0.1945,254,0.2277,0.1104
IWM,xl_industrials,Rates,high,-0.5963,0.5894,63,0.2277,0.1104
IWM,xl_industrials,Rates,low,-1.2641,0.6870,63,0.2277,0.1104
IWM,xl_industrials,Bull-Bear,high,0.5159,0.1172,839,0.2277,0.1104
IWM,xl_industrials,Bull-Bear,low,-0.3223,0.2627,241,0.2277,0.1104
IWM,xl_real_estate,VIX,high,0.4520,0.1209,312,0.1812,0.0509
IWM,xl_real_estate,VIX,low,0.4375,0.0790,254,0.1812,0.0509
IWM,xl_real_estate,Rates,high,-0.1752,0.2560,63,0.1812,0.0509
IWM,xl_real_estate,Rates,low,1.0401,0.1726,63,0.1812,0.0509
IWM,xl_real_estate,Bull-Bear,high,0.0057,0.0553,839,0.1812,0.0509
IWM,xl_real_estate,Bull-Bear,low,0.1839,0.1197,241,0.1812,0.0509
IWM,xl_utilities,VIX,high,0.2916,0.1004,312,-0.0187,0.0445
IWM,xl_utilities,VIX,low,0.1306,0.0788,254,-0.0187,0.0445
IWM,xl_utilities,Rates,high,0.0410,0.1712,63,-0.0187,0.0445
IWM,xl_utilities,Rates,low,0.6205,0.2190,63,-0.0187,0.0445
IWM,xl_utilities,Bull-Bear,high,-0.2428,0.0500,839,-0.0187,0.0445
IWM,xl_utilities,Bull-Bear,low,-0.0374,0.1016,241,-0.0187,0.0445
JNJ,biotech,VIX,high,0.1048,0.0877,312,0.1158,0.0331
JNJ,biotech,VIX,low,0.3373,0.0671,254,0.1158,0.0331
JNJ,biotech,Rates,high,0.5041,0.2169,63,0.1158,0.0331
JNJ,biotech,Rates,low,-0.0513,0.2127,63,0.1158,0.0331
JNJ,biotech,Bull-Bear,high,0.1105,0.0330,839,0.1158,0.0331
JNJ,biotech,Bull-Bear,low,0.1564,0.0736,241,0.1158,0.0331
JNJ,china_a_shares,VIX,high,-0.0085,0.0663,312,-0.0018,0.0229
JNJ,china_a_shares,VIX,low,0.1125,0.0450,254,-0.0018,0.0229
JNJ,china_a_shares,Rates,high,0.1021,0.1380,63,-0.0018,0.0229
JNJ,china_a_shares,Rates,low,0.1182,0.1620,63,-0.0018,0.0229
JNJ,china_a_shares,Bull-Bear,high,0.0240,0.0227,839,-0.0018,0.0229
JNJ,china_a_shares,Bull-Bear,low,-0.1003,0.0553,241,-0.0018,0.0229
JNJ,china_exposure,VIX,high,-0.0884,0.0533,312,-0.0272,0.0196
JNJ,china_exposure,VIX,low,0.0516,0.0341,254,-0.0272,0.0196
JNJ,china_exposure,Rates,high,0.0173,0.1142,63,-0.0272,0.0196
JNJ,china_exposure,Rates,low,-0.2899,0.1267,63,-0.0272,0.0196
JNJ,china_exposure,Bull-Bear,high,0.0242,0.0204,839,-0.0272,0.0196
JNJ,china_exposure,Bull-Bear,low,-0.0667,0.0380,241,-0.0272,0.0196
JNJ,copper,VIX,high,-0.1176,0.0671,312,-0.0613,0.0249
JNJ,copper,VIX,low,-0.0124,0.0487,254,-0.0613,0.0249
JNJ,copper,Rates,high,-0.2071,0.1377,63,-0.0613,0.0249
JNJ,copper,Rates,low,0.1488,0.1511,63,-0.0613,0.0249
JNJ,copper,Bull-Bear,high,0.0156,0.0259,839,-0.0613,0.0249
JNJ,copper,Bull-Bear,low,-0.1440,0.0528,241,-0.0613,0.0249
JNJ,credit_hy_spread,VIX,high,0.3120,0.1397,312,0.0511,0.0705
JNJ,credit_hy_spread,VIX,low,-0.0459,0.1750,254,0.0511,0.0705
JNJ,credit_hy_spread,Rates,high,0.7572,0.5825,63,0.0511,0.0705
JNJ,credit_hy_spread,Rates,low,1.5436,0.3397,63,0.0511,0.0705
JNJ,credit_hy_spread,Bull-Bear,high,-0.2203,0.0928,839,0.0511,0.0705
JNJ,credit_hy_spread,Bull-Bear,low,-0.3677,0.1230,241,0.0511,0.0705
JNJ,defense,VIX,high,-0.1866,0.0867,312,-0.2250,0.0382
JNJ,defense,VIX,low,-0.2342,0.0746,254,-0.2250,0.0382
JNJ,defense,Rates,high,-0.3121,0.2036,63,-0.2250,0.0382
JNJ,defense,Rates,low,-0.1968,0.1808,63,-0.2250,0.0382
JNJ,defense,Bull-Bear,high,-0.2054,0.0423,839,-0.2250,0.0382
JNJ,defense,Bull-Bear,low,-0.2657,0.0804,241,-0.2250,0.0382
JNJ,energy_oil,VIX,high,-0.0220,0.0250,312,-0.0313,0.0128
JNJ,energy_oil,VIX,low,-0.0375,0.0357,254,-0.0313,0.0128
JNJ,energy_oil,Rates,high,-0.0396,0.0782,63,-0.0313,0.0128
JNJ,energy_oil,Rates,low,-0.0102,0.0685,63,-0.0313,0.0128
JNJ,energy_oil,Bull-Bear,high,-0.0058,0.0189,839,-0.0313,0.0128
JNJ,energy_oil,Bull-Bear,low,-0.0369,0.0196,241,-0.0313,0.0128
JNJ,gold,VIX,high,-0.0708,0.0910,312,-0.0159,0.0361
JNJ,gold,VIX,low,-0.0216,0.0691,254,-0.0159,0.0361
JNJ,gold,Rates,high,-0.0603,0.2202,63,-0.0159,0.0361
JNJ,gold,Rates,low,-0.1751,0.1694,63,-0.0159,0.0361
JNJ,gold,Bull-Bear,high,0.0217,0.0373,839,-0.0159,0.0361
JNJ,gold,Bull-Bear,low,-0.0378,0.0816,241,-0.0159,0.0361
JNJ,growth,VIX,high,-1.2649,0.4567,312,-1.2953,0.2038
JNJ,growth,VIX,low,-0.4743,0.5064,254,-1.2953,0.2038
JNJ,growth,Rates,high,1.2048,0.9926,63,-1.2953,0.2038
JNJ,growth,Rates,low,1.7595,0.9322,63,-1.2953,0.2038
JNJ,growth,Bull-Bear,high,-1.3999,0.2229,839,-1.2953,0.2038
JNJ,growth,Bull-Bear,low,-2.7847,0.4139,241,-1.2953,0.2038
JNJ,inflation,VIX,high,-0.4268,0.2195,312,-0.2985,0.1065
JNJ,inflation,VIX,low,0.3235,0.2864,254,-0.2985,0.1065
JNJ,inflation,Rates,high,-0.1128,0.6080,63,-0.2985,0.1065
JNJ,inflation,Rates,low,-0.7113,0.3856,63,-0.2985,0.1065
JNJ,inflation,Bull-Bear,high,-0.0538,0.1456,839,-0.2985,0.1065
JNJ,inflation,Bull-Bear,low,-0.5276,0.1798,241,-0.2985,0.1065
JNJ,lithium,VIX,high,-0.0886,0.0566,312,-0.0533,0.0209
JNJ,lithium,VIX,low,0.0453,0.0379,254,-0.0533,0.0209
JNJ,lithium,Rates,high,-0.1928,0.1285,63,-0.0533,0.0209
JNJ,lithium,Rates,low,-0.4010,0.1626,63,-0.0533,0.0209
JNJ,lithium,Bull-Bear,high,-0.0146,0.0204,839,-0.0533,0.0209
JNJ,lithium,Bull-Bear,low,-0.1199,0.0559,241,-0.0533,0.0209
JNJ,market_beta,VIX,high,0.6023,0.0342,312,0.4819,0.0225
JNJ,market_beta,VIX,low,0.1041,0.1011,254,0.4819,0.0225
JNJ,market_beta,Rates,high,0.5963,0.1011,63,0.4819,0.0225
JNJ,market_beta,Rates,low,0.4847,0.0811,63,0.4819,0.0225
JNJ,market_beta,Bull-Bear,high,0.3265,0.0371,839,0.4819,0.0225
JNJ,market_beta,Bull-Bear,low,0.3870,0.0454,241,0.4819,0.0225
JNJ,momentum,VIX,high,-0.0493,0.1289,312,-0.1899,0.0502
JNJ,momentum,VIX,low,-0.5485,0.1081,254,-0.1899,0.0502
JNJ,momentum,Rates,high,0.0077,0.3543,63,-0.1899,0.0502
JNJ,momentum,Rates,low,0.0592,0.2865,63,-0.1899,0.0502
JNJ,momentum,Bull-Bear,high,-0.2715,0.0469,839,-0.1899,0.0502
JNJ,momentum,Bull-Bear,low,-0.0738,0.1258,241,-0.1899,0.0502
JNJ,natural_gas,VIX,high,-0.0215,0.0254,312,-0.0029,0.0091
JNJ,natural_gas,VIX,low,0.0187,0.0163,254,-0.0029,0.0091
JNJ,natural_gas,Rates,high,0.0286,0.0501,63,-0.0029,0.0091
JNJ,natural_gas,Rates,low,0.0701,0.0589,63,-0.0029,0.0091
JNJ,natural_gas,Bull-Bear,high,0.0008,0.0092,839,-0.0029,0.0091
JNJ,natural_gas,Bull-Bear,low,0.0024,0.0195,241,-0.0029,0.0091
JNJ,quality,VIX,high,0.7306,0.3805,312,0.3150,0.1554
JNJ,quality,VIX,low,-0.3610,0.3075,254,0.3150,0.1554
JNJ,quality,Rates,high,-1.9275,0.7563,63,0.3150,0.1554
JNJ,quality,Rates,low,1.7380,0.6277,63,0.3150,0.1554
JNJ,quality,Bull-Bear,high,0.2010,0.1687,839,0.3150,0.1554
JNJ,quality,Bull-Bear,low,0.3683,0.3521,241,0.3150,0.1554
JNJ,rates,VIX,high,-0.4519,0.1753,312,-0.0481,0.0699
JNJ,rates,VIX,low,0.0850,0.1307,254,-0.0481,0.0699
JNJ,rates,Rates,high,-1.7608,0.7214,63,-0.0481,0.0699
JNJ,rates,Rates,low,-1.1928,0.5695,63,-0.0481,0.0699
JNJ,rates,Bull-Bear,high,0.1089,0.0829,839,-0.0481,0.0699
JNJ,rates,Bull-Bear,low,0.2159,0.1312,241,-0.0481,0.0699
JNJ,rates_30y,VIX,high,-0.2750,0.0739,312,-0.0638,0.0312
JNJ,rates_30y,VIX,low,0.0478,0.0628,254,-0.0638,0.0312
JNJ,rates_30y,Rates,high,-0.2274,0.2104,63,-0.0638,0.0312
JNJ,rates_30y,Rates,low,-0.6705,0.1856,63,-0.0638,0.0312
JNJ,rates_30y,Bull-Bear,high,0.0056,0.0375,839,-0.0638,0.0312
JNJ,rates_30y,Bull-Bear,low,0.0702,0.0638,241,-0.0638,0.0312
JNJ,semiconductors,VIX,high,-0.5375,0.0709,312,-0.2884,0.0263
JNJ,semiconductors,VIX,low,-0.2002,0.0450,254,-0.2884,0.0263
JNJ,semiconductors,Rates,high,-0.5384,0.1790,63,-0.2884,0.0263
JNJ,semiconductors,Rates,low,-0.6594,0.0970,63,-0.2884,0.0263
JNJ,semiconductors,Bull-Bear,high,-0.1951,0.0265,839,-0.2884,0.0263
JNJ,semiconductors,Bull-Bear,low,-0.2023,0.0652,241,-0.2884,0.0263
JNJ,uranium,VIX,high,-0.1821,0.0491,312,-0.0812,0.0163
JNJ,uranium,VIX,low,-0.0773,0.0323,254,-0.0812,0.0163
JNJ,uranium,Rates,high,-0.0753,0.0990,63,-0.0812,0.0163
JNJ,uranium,Rates,low,-0.2395,0.0919,63,-0.0812,0.0163
JNJ,uranium,Bull-Bear,high,-0.0573,0.0163,839,-0.0812,0.0163
JNJ,uranium,Bull-Bear,low,-0.0654,0.0384,241,-0.0812,0.0163
JNJ,usd_strength,VIX,high,0.4776,0.1684,312,0.1357,0.0754
JNJ,usd_strength,VIX,low,-0.1049,0.1564,254,0.1357,0.0754
JNJ,usd_strength,Rates,high,1.0543,0.4261,63,0.1357,0.0754
JNJ,usd_strength,Rates,low,0.4702,0.3007,63,0.1357,0.0754
JNJ,usd_strength,Bull-Bear,high,-0.2436,0.0891,839,0.1357,0.0754
JNJ,usd_strength,Bull-Bear,low,-0.0225,0.1656,241,0.1357,0.0754
JNJ,value,VIX,high,0.7624,0.1633,312,0.6666,0.0693
JNJ,value,VIX,low,0.7095,0.1171,254,0.6666,0.0693
JNJ,value,Rates,high,1.4887,0.3649,63,0.6666,0.0693
JNJ,value,Rates,low,1.2259,0.3378,63,0.6666,0.0693
JNJ,value,Bull-Bear,high,0.5668,0.0687,839,0.6666,0.0693
JNJ,value,Bull-Bear,low,0.1526,0.1685,241,0.6666,0.0693
JNJ,volatility,VIX,high,0.0542,0.0131,312,0.0253,0.0062
JNJ,volatility,VIX,low,0.0043,0.0171,254,0.0253,0.0062
JNJ,volatility,Rates,high,0.0244,0.0252,63,0.0253,0.0062
JNJ,volatility,Rates,low,0.1010,0.0252,63,0.0253,0.0062
JNJ,volatility,Bull-Bear,high,-0.0080,0.0066,839,0.0253,0.0062
JNJ,volatility,Bull-Bear,low,0.0568,0.0172,241,0.0253,0.0062
JNJ,xl_consumer_defensive,VIX,high,1.0612,0.0967,312,0.7574,0.0451
JNJ,xl_consumer_defensive,VIX,low,0.6173,0.0965,254,0.7574,0.0451
JNJ,xl_consumer_defensive,Rates,high,1.0451,0.1969,63,0.7574,0.0451
JNJ,xl_consumer_defensive,Rates,low,0.8747,0.2061,63,0.7574,0.0451
JNJ,xl_consumer_defensive,Bull-Bear,high,0.5923,0.0546,839,0.7574,0.0451
JNJ,xl_consumer_defensive,Bull-Bear,low,0.5607,0.0935,241,0.7574,0.0451
JNJ,xl_financials,VIX,high,-0.6142,0.1520,312,-0.4641,0.0676
JNJ,xl_financials,VIX,low,-0.4050,0.1458,254,-0.4641,0.0676
JNJ,xl_financials,Rates,high,-0.9470,0.2987,63,-0.4641,0.0676
JNJ,xl_financials,Rates,low,-0.4865,0.3689,63,-0.4641,0.0676
JNJ,xl_financials,Bull-Bear,high,-0.3267,0.0746,839,-0.4641,0.0676
JNJ,xl_financials,Bull-Bear,low,-0.4254,0.1413,241,-0.4641,0.0676
JNJ,xl_healthcare,VIX,high,1.4739,0.1046,312,1.0459,0.0450
JNJ,xl_healthcare,VIX,low,0.9369,0.0825,254,1.0459,0.0450
JNJ,xl_healthcare,Rates,high,1.3798,0.2612,63,1.0459,0.0450
JNJ,xl_healthcare,Rates,low,1.2357,0.2032,63,1.0459,0.0450
JNJ,xl_healthcare,Bull-Bear,high,0.8361,0.0490,839,1.0459,0.0450
JNJ,xl_healthcare,Bull-Bear,low,1.0553,0.0953,241,1.0459,0.0450
JNJ,xl_industrials,VIX,high,-0.5124,0.1836,312,-0.4655,0.0777
JNJ,xl_industrials,VIX,low,-0.5176,0.1556,254,-0.4655,0.0777
JNJ,xl_industrials,Rates,high,-1.2677,0.4213,63,-0.4655,0.0777
JNJ,xl_industrials,Rates,low,-0.3297,0.4414,63,-0.4655,0.0777
JNJ,xl_industrials,Bull-Bear,high,-0.4202,0.0843,839,-0.4655,0.0777
JNJ,xl_industrials,Bull-Bear,low,-0.6621,0.1623,241,-0.4655,0.0777
JNJ,xl_real_estate,VIX,high,0.3204,0.0857,312,0.2568,0.0357
JNJ,xl_real_estate,VIX,low,0.2368,0.0659,254,0.2568,0.0357
JNJ,xl_real_estate,Rates,high,0.4347,0.1872,63,0.2568,0.0357
JNJ,xl_real_estate,Rates,low,0.6390,0.1098,63,0.2568,0.0357
JNJ,xl_real_estate,Bull-Bear,high,0.2002,0.0393,839,0.2568,0.0357
JNJ,xl_real_estate,Bull-Bear,low,0.1661,0.0759,241,0.2568,0.0357
JNJ,xl_utilities,VIX,high,0.5390,0.0653,312,0.3764,0.0299
JNJ,xl_utilities,VIX,low,0.2512,0.0620,254,0.3764,0.0299
JNJ,xl_utilities,Rates,high,0.5043,0.1130,63,0.3764,0.0299
JNJ,xl_utilities,Rates,low,0.7247,0.1132,63,0.3764,0.0299
JNJ,xl_utilities,Bull-Bear,high,0.2168,0.0358,839,0.3764,0.0299
JNJ,xl_utilities,Bull-Bear,low,0.2819,0.0621,241,0.3764,0.0299
JPM,biotech,VIX,high,-0.3115,0.1537,312,-0.2145,0.0548
JPM,biotech,VIX,low,0.0436,0.0741,254,-0.2145,0.0548
JPM,biotech,Rates,high,0.0141,0.3866,63,-0.2145,0.0548
JPM,biotech,Rates,low,-0.2081,0.3646,63,-0.2145,0.0548
JPM,biotech,Bull-Bear,high,-0.2306,0.0520,839,-0.2145,0.0548
JPM,biotech,Bull-Bear,low,-0.0604,0.1266,241,-0.2145,0.0548
JPM,china_a_shares,VIX,high,0.1119,0.1165,312,0.0107,0.0379
JPM,china_a_shares,VIX,low,0.0254,0.0480,254,0.0107,0.0379
JPM,china_a_shares,Rates,high,-0.1377,0.2361,63,0.0107,0.0379
JPM,china_a_shares,Rates,low,0.2867,0.2771,63,0.0107,0.0379
JPM,china_a_shares,Bull-Bear,high,-0.0116,0.0359,839,0.0107,0.0379
JPM,china_a_shares,Bull-Bear,low,-0.0714,0.0948,241,0.0107,0.0379
JPM,china_exposure,VIX,high,0.0126,0.0942,312,0.0027,0.0325
JPM,china_exposure,VIX,low,0.0253,0.0360,254,0.0027,0.0325
JPM,china_exposure,Rates,high,-0.3283,0.1905,63,0.0027,0.0325
JPM,china_exposure,Rates,low,-0.1125,0.2264,63,0.0027,0.0325
JPM,china_exposure,Bull-Bear,high,-0.0042,0.0324,839,0.0027,0.0325
JPM,china_exposure,Bull-Bear,low,0.0550,0.0651,241,0.0027,0.0325
JPM,copper,VIX,high,-0.0375,0.1186,312,0.0272,0.0414
JPM,copper,VIX,low,0.0403,0.0513,254,0.0272,0.0414
JPM,copper,Rates,high,-0.2759,0.2370,63,0.0272,0.0414
JPM,copper,Rates,low,0.0649,0.2615,63,0.0272,0.0414
JPM,copper,Bull-Bear,high,0.0383,0.0409,839,0.0272,0.0414
JPM,copper,Bull-Bear,low,0.0409,0.0913,241,0.0272,0.0414
JPM,credit_hy_spread,VIX,high,1.4997,0.2326,312,0.9676,0.1134
JPM,credit_hy_spread,VIX,low,0.0584,0.1845,254,0.9676,0.1134
JPM,credit_hy_spread,Rates,high,2.1794,0.9696,63,0.9676,0.1134
JPM,credit_hy_spread,Rates,low,2.7362,0.5771,63,0.9676,0.1134
JPM,credit_hy_spread,Bull-Bear,high,0.5907,0.1460,839,0.9676,0.1134
JPM,credit_hy_spread,Bull-Bear,low,0.6316,0.2096,241,0.9676,0.1134
JPM,defense,VIX,high,0.1624,0.1534,312,-0.0054,0.0642
JPM,defense,VIX,low,-0.2459,0.0786,254,-0.0054,0.0642
JPM,defense,Rates,high,-0.1233,0.3542,63,-0.0054,0.0642
JPM,defense,Rates,low,-0.1903,0.3126,63,-0.0054,0.0642
JPM,defense,Bull-Bear,high,0.0998,0.0678,839,-0.0054,0.0642
JPM,defense,Bull-Bear,low,-0.3875,0.1380,241,-0.0054,0.0642
JPM,energy_oil,VIX,high,0.0844,0.0437,312,0.0622,0.0211
JPM,energy_oil,VIX,low,0.0026,0.0377,254,0.0622,0.0211
JPM,energy_oil,Rates,high,0.1406,0.1326,63,0.0622,0.0211
JPM,energy_oil,Rates,low,0.1763,0.1155,63,0.0622,0.0211
JPM,energy_oil,Bull-Bear,high,0.0685,0.0298,839,0.0622,0.0211
JPM,energy_oil,Bull-Bear,low,-0.0501,0.0335,241,0.0622,0.0211
JPM,gold,VIX,high,-0.4488,0.1581,312,-0.2670,0.0593
JPM,gold,VIX,low,-0.0327,0.0729,254,-0.2670,0.0593
JPM,gold,Rates,high,-0.8238,0.3614,63,-0.2670,0.0593
JPM,gold,Rates,low,0.0957,0.2932,63,-0.2670,0.0593
JPM,gold,Bull-Bear,high,-0.2640,0.0583,839,-0.2670,0.0593
JPM,gold,Bull-Bear,low,-0.1066,0.1391,241,-0.2670,0.0593
JPM,growth,VIX,high,0.5336,0.8127,312,-0.3162,0.3426
JPM,growth,VIX,low,1.0806,0.5304,254,-0.3162,0.3426
JPM,growth,Rates,high,5.6963,1.5537,63,-0.3162,0.3426
JPM,growth,Rates,low,4.2106,1.5568,63,-0.3162,0.3426
JPM,growth,Bull-Bear,high,-1.6870,0.3563,839,-0.3162,0.3426
JPM,growth,Bull-Bear,low,-0.0278,0.7696,241,-0.3162,0.3426
JPM,inflation,VIX,high,1.1409,0.3831,312,0.9146,0.1748
JPM,inflation,VIX,low,0.2056,0.3024,254,0.9146,0.1748
JPM,inflation,Rates,high,-1.5198,1.0208,63,0.9146,0.1748
JPM,inflation,Rates,low,1.4219,0.6559,63,0.9146,0.1748
JPM,inflation,Bull-Bear,high,1.0081,0.2278,839,0.9146,0.1748
JPM,inflation,Bull-Bear,low,-0.0601,0.3120,241,0.9146,0.1748
JPM,lithium,VIX,high,0.0149,0.1001,312,0.0182,0.0347
JPM,lithium,VIX,low,0.0097,0.0400,254,0.0182,0.0347
JPM,lithium,Rates,high,-0.6335,0.2083,63,0.0182,0.0347
JPM,lithium,Rates,low,-0.3182,0.2901,63,0.0182,0.0347
JPM,lithium,Bull-Bear,high,0.0585,0.0322,839,0.0182,0.0347
JPM,lithium,Bull-Bear,low,-0.0695,0.0961,241,0.0182,0.0347
JPM,market_beta,VIX,high,1.2119,0.0501,312,1.0926,0.0306
JPM,market_beta,VIX,low,0.5204,0.1017,254,1.0926,0.0306
JPM,market_beta,Rates,high,1.4393,0.1134,63,1.0926,0.0306
JPM,market_beta,Rates,low,1.1327,0.0986,63,1.0926,0.0306
JPM,market_beta,Bull-Bear,high,0.8949,0.0530,839,1.0926,0.0306
JPM,market_beta,Bull-Bear,low,0.9752,0.0619,241,1.0926,0.0306
JPM,momentum,VIX,high,-1.0420,0.2189,312,-0.5324,0.0822
JPM,momentum,VIX,low,-0.2083,0.1189,254,-0.5324,0.0822
JPM,momentum,Rates,high,-0.0114,0.6054,63,-0.5324,0.0822
JPM,momentum,Rates,low,-0.3211,0.4906,63,-0.5324,0.0822
JPM,momentum,Bull-Bear,high,-0.4714,0.0739,839,-0.5324,0.0822
JPM,momentum,Bull-Bear,low,-0.6642,0.2103,241,-0.5324,0.0822
JPM,natural_gas,VIX,high,-0.0223,0.0447,312,-0.0013,0.0150
JPM,natural_gas,VIX,low,-0.0186,0.0172,254,-0.0013,0.0150
JPM,natural_gas,Rates,high,0.0895,0.0850,63,-0.0013,0.0150
JPM,natural_gas,Rates,low,0.1173,0.1013,63,-0.0013,0.0150
JPM,natural_gas,Bull-Bear,high,-0.0013,0.0145,839,-0.0013,0.0150
JPM,natural_gas,Bull-Bear,low,-0.0077,0.0332,241,-0.0013,0.0150
JPM,quality,VIX,high,-0.5781,0.6726,312,-0.7664,0.2568
JPM,quality,VIX,low,-0.8030,0.3211,254,-0.7664,0.2568
JPM,quality,Rates,high,-5.1609,1.1878,63,-0.7664,0.2568
JPM,quality,Rates,low,-1.4900,1.1280,63,-0.7664,0.2568
JPM,quality,Bull-Bear,high,-0.5606,0.2665,839,-0.7664,0.2568
JPM,quality,Bull-Bear,low,-0.5376,0.6006,241,-0.7664,0.2568
JPM,rates,VIX,high,-1.2950,0.3029,312,-0.7225,0.1138
JPM,rates,VIX,low,-0.0350,0.1379,254,-0.7225,0.1138
JPM,rates,Rates,high,-0.2515,1.2909,63,-0.7225,0.1138
JPM,rates,Rates,low,-0.6492,1.0095,63,-0.7225,0.1138
JPM,rates,Bull-Bear,high,-0.8633,0.1279,839,-0.7225,0.1138
JPM,rates,Bull-Bear,low,0.0540,0.2250,241,-0.7225,0.1138
JPM,rates_30y,VIX,high,-0.5813,0.1287,312,-0.3231,0.0509
JPM,rates_30y,VIX,low,0.0229,0.0662,254,-0.3231,0.0509
JPM,rates_30y,Rates,high,0.2313,0.3617,63,-0.3231,0.0509
JPM,rates_30y,Rates,low,-0.6195,0.3423,63,-0.3231,0.0509
JPM,rates_30y,Bull-Bear,high,-0.4140,0.0575,839,-0.3231,0.0509
JPM,rates_30y,Bull-Bear,low,0.0097,0.1090,241,-0.3231,0.0509
JPM,semiconductors,VIX,high,-0.9053,0.1257,312,-0.2844,0.0449
JPM,semiconductors,VIX,low,-0.1201,0.0487,254,-0.2844,0.0449
JPM,semiconductors,Rates,high,-0.5975,0.3187,63,-0.2844,0.0449
JPM,semiconductors,Rates,low,-0.4525,0.2132,63,-0.2844,0.0449
JPM,semiconductors,Bull-Bear,high,-0.1272,0.0431,839,-0.2844,0.0449
JPM,semiconductors,Bull-Bear,low,-0.2675,0.1121,241,-0.2844,0.0449
JPM,uranium,VIX,high,-0.2426,0.0871,312,-0.0382,0.0272
JPM,uranium,VIX,low,-0.0405,0.0343,254,-0.0382,0.0272
JPM,uranium,Rates,high,0.1245,0.1692,63,-0.0382,0.0272
JPM,uranium,Rates,low,-0.2041,0.1644,63,-0.0382,0.0272
JPM,uranium,Bull-Bear,high,0.0188,0.0259,839,-0.0382,0.0272
JPM,uranium,Bull-Bear,low,-0.0983,0.0656,241,-0.0382,0.0272
JPM,usd_strength,VIX,high,0.7768,0.2969,312,0.2894,0.1247
JPM,usd_strength,VIX,low,-0.2561,0.1643,254,0.2894,0.1247
JPM,usd_strength,Rates,high,1.1400,0.7495,63,0.2894,0.1247
JPM,usd_strength,Rates,low,0.7256,0.5185,63,0.2894,0.1247
JPM,usd_strength,Bull-Bear,high,0.0114,0.1417,839,0.2894,0.1247
JPM,usd_strength,Bull-Bear,low,-1.4320,0.2667,241,0.2894,0.1247
JPM,value,VIX,high,2.9243,0.2465,312,1.8125,0.1072
JPM,value,VIX,low,0.7690,0.1229,254,1.8125,0.1072
JPM,value,Rates,high,2.4177,0.6316,63,1.8125,0.1072
JPM,value,Rates,low,2.7973,0.5303,63,1.8125,0.1072
JPM,value,Bull-Bear,high,1.4630,0.1011,839,1.8125,0.1072
JPM,value,Bull-Bear,low,1.2841,0.2756,241,1.8125,0.1072
JPM,volatility,VIX,high,0.0832,0.0231,312,0.0078,0.0104
JPM,volatility,VIX,low,-0.0380,0.0179,254,0.0078,0.0104
JPM,volatility,Rates,high,-0.0374,0.0431,63,0.0078,0.0104
JPM,volatility,Rates,low,0.0537,0.0482,63,0.0078,0.0104
JPM,volatility,Bull-Bear,high,-0.0599,0.0103,839,0.0078,0.0104
JPM,volatility,Bull-Bear,low,0.1231,0.0289,241,0.0078,0.0104
JPM,xl_consumer_defensive,VIX,high,0.4689,0.1986,312,0.0486,0.0826
JPM,xl_consumer_defensive,VIX,low,0.1455,0.1093,254,0.0486,0.0826
JPM,xl_consumer_defensive,Rates,high,-0.3377,0.4044,63,0.0486,0.0826
JPM,xl_consumer_defensive,Rates,low,0.1348,0.4026,63,0.0486,0.0826
JPM,xl_consumer_defensive,Bull-Bear,high,-0.1996,0.0920,839,0.0486,0.0826
JPM,xl_consumer_defensive,Bull-Bear,low,-0.2473,0.1702,241,0.0486,0.0826
JPM,xl_financials,VIX,high,1.6120,0.2586,312,1.5553,0.1052
JPM,xl_financials,VIX,low,0.5949,0.1515,254,1.5553,0.1052
JPM,xl_financials,Rates,high,1.5156,0.5155,63,1.5553,0.1052
JPM,xl_financials,Rates,low,1.1405,0.6258,63,1.5553,0.1052
JPM,xl_financials,Bull-Bear,high,1.6916,0.1041,839,1.5553,0.1052
JPM,xl_financials,Bull-Bear,low,1.6241,0.2218,241,1.5553,0.1052
JPM,xl_healthcare,VIX,high,0.4729,0.2341,312,-0.0070,0.0891
JPM,xl_healthcare,VIX,low,0.0788,0.1068,254,-0.0070,0.0891
JPM,xl_healthcare,Rates,high,-0.5053,0.5349,63,-0.0070,0.0891
JPM,xl_healthcare,Rates,low,0.5905,0.4358,63,-0.0070,0.0891
JPM,xl_healthcare,Bull-Bear,high,-0.2635,0.0895,839,-0.0070,0.0891
JPM,xl_healthcare,Bull-Bear,low,-0.2501,0.1992,241,-0.0070,0.0891
JPM,xl_industrials,VIX,high,-0.1640,0.3269,312,-0.0440,0.1304
JPM,xl_industrials,VIX,low,-0.2822,0.1666,254,-0.0440,0.1304
JPM,xl_industrials,Rates,high,-0.0162,0.7715,63,-0.0440,0.1304
JPM,xl_industrials,Rates,low,-1.4755,0.7380,63,-0.0440,0.1304
JPM,xl_industrials,Bull-Bear,high,0.2376,0.1351,839,-0.0440,0.1304
JPM,xl_industrials,Bull-Bear,low,-0.7676,0.2817,241,-0.0440,0.1304
JPM,xl_real_estate,VIX,high,0.7459,0.1481,312,0.2194,0.0600
JPM,xl_real_estate,VIX,low,0.2123,0.0699,254,0.2194,0.0600
JPM,xl_real_estate,Rates,high,-0.2655,0.3319,63,0.2194,0.0600
JPM,xl_real_estate,Rates,low,1.0322,0.1947,63,0.2194,0.0600
JPM,xl_real_estate,Bull-Bear,high,-0.0346,0.0632,839,0.2194,0.0600
JPM,xl_real_estate,Bull-Bear,low,0.2496,0.1296,241,0.2194,0.0600
JPM,xl_utilities,VIX,high,0.4943,0.1237,312,0.1258,0.0524
JPM,xl_utilities,VIX,low,0.0996,0.0671,254,0.1258,0.0524
JPM,xl_utilities,Rates,high,-0.0292,0.2223,63,0.1258,0.0524
JPM,xl_utilities,Rates,low,0.7246,0.2337,63,0.1258,0.0524
JPM,xl_utilities,Bull-Bear,high,-0.0955,0.0578,839,0.1258,0.0524
JPM,xl_utilities,Bull-Bear,low,0.1629,0.1099,241,0.1258,0.0524
KO,biotech,VIX,high,-0.2352,0.1003,312,-0.1389,0.0353
KO,biotech,VIX,low,0.1215,0.0528,254,-0.1389,0.0353
KO,biotech,Rates,high,0.0502,0.1654,63,-0.1389,0.0353
KO,biotech,Rates,low,-0.2299,0.2394,63,-0.1389,0.0353
KO,biotech,Bull-Bear,high,-0.1131,0.0327,839,-0.1389,0.0353
KO,biotech,Bull-Bear,low,-0.1079,0.0912,241,-0.1389,0.0353
KO,china_a_shares,VIX,high,-0.0192,0.0763,312,-0.0137,0.0244
KO,china_a_shares,VIX,low,0.0260,0.0345,254,-0.0137,0.0244
KO,china_a_shares,Rates,high,0.0806,0.1008,63,-0.0137,0.0244
KO,china_a_shares,Rates,low,0.4267,0.1761,63,-0.0137,0.0244
KO,china_a_shares,Bull-Bear,high,-0.0059,0.0225,839,-0.0137,0.0244
KO,china_a_shares,Bull-Bear,low,-0.1006,0.0683,241,-0.0137,0.0244
KO,china_exposure,VIX,high,-0.0912,0.0614,312,-0.0256,0.0209
KO,china_exposure,VIX,low,0.0313,0.0259,254,-0.0256,0.0209
KO,china_exposure,Rates,high,-0.0422,0.0833,63,-0.0256,0.0209
KO,china_exposure,Rates,low,-0.1261,0.1488,63,-0.0256,0.0209
KO,china_exposure,Bull-Bear,high,0.0078,0.0203,839,-0.0256,0.0209
KO,china_exposure,Bull-Bear,low,-0.0418,0.0470,241,-0.0256,0.0209
KO,copper,VIX,high,-0.0753,0.0775,312,-0.0104,0.0267
KO,copper,VIX,low,-0.0082,0.0369,254,-0.0104,0.0267
KO,copper,Rates,high,0.0898,0.1019,63,-0.0104,0.0267
KO,copper,Rates,low,0.2345,0.1699,63,-0.0104,0.0267
KO,copper,Bull-Bear,high,0.0385,0.0256,839,-0.0104,0.0267
KO,copper,Bull-Bear,low,-0.0221,0.0660,241,-0.0104,0.0267
KO,credit_hy_spread,VIX,high,0.6678,0.1575,312,0.2387,0.0748
KO,credit_hy_spread,VIX,low,-0.3540,0.1308,254,0.2387,0.0748
KO,credit_hy_spread,Rates,high,1.0618,0.4100,63,0.2387,0.0748
KO,credit_hy_spread,Rates,low,1.6322,0.3933,63,0.2387,0.0748
KO,credit_hy_spread,Bull-Bear,high,-0.1979,0.0920,839,0.2387,0.0748
KO,credit_hy_spread,Bull-Bear,low,-0.0661,0.1542,241,0.2387,0.0748
KO,defense,VIX,high,0.1640,0.1001,312,0.0046,0.0413
KO,defense,VIX,low,-0.1340,0.0570,254,0.0046,0.0413
KO,defense,Rates,high,-0.1471,0.1506,63,0.0046,0.0413
KO,defense,Rates,low,-0.0466,0.2068,63,0.0046,0.0413
KO,defense,Bull-Bear,high,0.0352,0.0425,839,0.0046,0.0413
KO,defense,Bull-Bear,low,-0.2328,0.1002,241,0.0046,0.0413
KO,energy_oil,VIX,high,0.0212,0.0287,312,0.0040,0.0137
KO,energy_oil,VIX,low,-0.0650,0.0268,254,0.0040,0.0137
KO,energy_oil,Rates,high,0.1006,0.0558,63,0.0040,0.0137
KO,energy_oil,Rates,low,0.1319,0.0758,63,0.0040,0.0137
KO,energy_oil,Bull-Bear,high,0.0192,0.0187,839,0.0040,0.0137
KO,energy_oil,Bull-Bear,low,-0.0353,0.0242,241,0.0040,0.0137
KO,gold,VIX,high,-0.0848,0.1047,312,0.0310,0.0385
KO,gold,VIX,low,0.0350,0.0524,254,0.0310,0.0385
KO,gold,Rates,high,0.1904,0.1593,63,0.0310,0.0385
KO,gold,Rates,low,0.1038,0.1932,63,0.0310,0.0385
KO,gold,Bull-Bear,high,0.0472,0.0369,839,0.0310,0.0385
KO,gold,Bull-Bear,low,-0.0362,0.1006,241,0.0310,0.0385
KO,growth,VIX,high,-1.6205,0.5239,312,-1.6474,0.2158
KO,growth,VIX,low,-0.8961,0.3804,254,-1.6474,0.2158
KO,growth,Rates,high,1.8106,0.6973,63,-1.6474,0.2158
KO,growth,Rates,low,0.2814,1.0863,63,-1.6474,0.2158
KO,growth,Bull-Bear,high,-2.2257,0.2124,839,-1.6474,0.2158
KO,growth,Bull-Bear,low,-1.5804,0.5465,241,-1.6474,0.2158
KO,inflation,VIX,high,-0.1565,0.2540,312,-0.1860,0.1137
KO,inflation,VIX,low,-0.4893,0.2155,254,-0.1860,0.1137
KO,inflation,Rates,high,-0.8581,0.4311,63,-0.1860,0.1137
KO,inflation,Rates,low,-0.4882,0.4447,63,-0.1860,0.1137
KO,inflation,Bull-Bear,high,-0.2857,0.1439,839,-0.1860,0.1137
KO,inflation,Bull-Bear,low,-0.2304,0.2249,241,-0.1860,0.1137
KO,lithium,VIX,high,-0.0395,0.0654,312,-0.0204,0.0223
KO,lithium,VIX,low,0.0386,0.0287,254,-0.0204,0.0223
KO,lithium,Rates,high,-0.0473,0.0955,63,-0.0204,0.0223
KO,lithium,Rates,low,-0.3668,0.1875,63,-0.0204,0.0223
KO,lithium,Bull-Bear,high,-0.0045,0.0202,839,-0.0204,0.0223
KO,lithium,Bull-Bear,low,-0.0890,0.0693,241,-0.0204,0.0223
KO,market_beta,VIX,high,0.7625,0.0350,312,0.6318,0.0216
KO,market_beta,VIX,low,0.2772,0.0748,254,0.6318,0.0216
KO,market_beta,Rates,high,0.4368,0.0739,63,0.6318,0.0216
KO,market_beta,Rates,low,0.6741,0.0770,63,0.6318,0.0216
KO,market_beta,Bull-Bear,high,0.4749,0.0347,839,0.6318,0.0216
KO,market_beta,Bull-Bear,low,0.6378,0.0487,241,0.6318,0.0216
KO,momentum,VIX,high,-0.4765,0.1458,312,-0.3600,0.0529
KO,momentum,VIX,low,-0.3243,0.0835,254,-0.3600,0.0529
KO,momentum,Rates,high,0.0566,0.2591,63,-0.3600,0.0529
KO,momentum,Rates,low,-0.3290,0.3220,63,-0.3600,0.0529
KO,momentum,Bull-Bear,high,-0.3980,0.0453,839,-0.3600,0.0529
KO,momentum,Bull-Bear,low,-0.4510,0.1523,241,-0.3600,0.0529
KO,natural_gas,VIX,high,-0.0174,0.0292,312,-0.0106,0.0096
KO,natural_gas,VIX,low,0.0047,0.0124,254,-0.0106,0.0096
KO,natural_gas,Rates,high,0.0365,0.0364,63,-0.0106,0.0096
KO,natural_gas,Rates,low,0.0823,0.0667,63,-0.0106,0.0096
KO,natural_gas,Bull-Bear,high,-0.0104,0.0091,839,-0.0106,0.0096
KO,natural_gas,Bull-Bear,low,-0.0001,0.0240,241,-0.0106,0.0096
KO,quality,VIX,high,0.4309,0.4398,312,0.2884,0.1658
KO,quality,VIX,low,-0.3042,0.2330,254,0.2884,0.1658
KO,quality,Rates,high,-2.1211,0.5146,63,0.2884,0.1658
KO,quality,Rates,low,1.3368,0.7351,63,0.2884,0.1658
KO,quality,Bull-Bear,high,0.4688,0.1664,839,0.2884,0.1658
KO,quality,Bull-Bear,low,0.3899,0.4339,241,0.2884,0.1658
KO,rates,VIX,high,-0.4627,0.2022,312,-0.0317,0.0745
KO,rates,VIX,low,0.2069,0.0983,254,-0.0317,0.0745
KO,rates,Rates,high,-0.8933,0.5409,63,-0.0317,0.0745
KO,rates,Rates,low,-0.8703,0.6589,63,-0.0317,0.0745
KO,rates,Bull-Bear,high,0.1340,0.0820,839,-0.0317,0.0745
KO,rates,Bull-Bear,low,0.2089,0.1620,241,-0.0317,0.0745
KO,rates_30y,VIX,high,-0.2952,0.0853,312,-0.0509,0.0332
KO,rates_30y,VIX,low,0.1150,0.0471,254,-0.0509,0.0332
KO,rates_30y,Rates,high,0.0048,0.1553,63,-0.0509,0.0332
KO,rates_30y,Rates,low,-0.8597,0.2040,63,-0.0509,0.0332
KO,rates_30y,Bull-Bear,high,0.0201,0.0371,839,-0.0509,0.0332
KO,rates_30y,Bull-Bear,low,0.0939,0.0785,241,-0.0509,0.0332
KO,semiconductors,VIX,high,-0.6707,0.0802,312,-0.3084,0.0280
KO,semiconductors,VIX,low,-0.2140,0.0328,254,-0.3084,0.0280
KO,semiconductors,Rates,high,-0.3819,0.1315,63,-0.3084,0.0280
KO,semiconductors,Rates,low,-0.4872,0.1318,63,-0.3084,0.0280
KO,semiconductors,Bull-Bear,high,-0.2018,0.0262,839,-0.3084,0.0280
KO,semiconductors,Bull-Bear,low,-0.2844,0.0798,241,-0.3084,0.0280
KO,uranium,VIX,high,-0.2285,0.0562,312,-0.0693,0.0174
KO,uranium,VIX,low,-0.0298,0.0247,254,-0.0693,0.0174
KO,uranium,Rates,high,0.0259,0.0727,63,-0.0693,0.0174
KO,uranium,Rates,low,-0.2494,0.1051,63,-0.0693,0.0174
KO,uranium,Bull-Bear,high,-0.0254,0.0162,839,-0.0693,0.0174
KO,uranium,Bull-Bear,low,-0.1182,0.0470,241,-0.0693,0.0174
KO,usd_strength,VIX,high,0.1558,0.1961,312,-0.1413,0.0804
KO,usd_strength,VIX,low,-0.2190,0.1179,254,-0.1413,0.0804
KO,usd_strength,Rates,high,0.0518,0.3268,63,-0.1413,0.0804
KO,usd_strength,Rates,low,0.3747,0.3442,63,-0.1413,0.0804
KO,usd_strength,Bull-Bear,high,-0.4211,0.0875,839,-0.1413,0.0804
KO,usd_strength,Bull-Bear,low,-0.5043,0.2013,241,-0.1413,0.0804
KO,value,VIX,high,1.3674,0.1782,312,0.8375,0.0728
KO,value,VIX,low,0.3308,0.0927,254,0.8375,0.0728
KO,value,Rates,high,1.4448,0.2376,63,0.8375,0.0728
KO,value,Rates,low,0.8050,0.4094,63,0.8375,0.0728
KO,value,Bull-Bear,high,0.5799,0.0679,839,0.8375,0.0728
KO,value,Bull-Bear,low,0.7976,0.2014,241,0.8375,0.0728
KO,volatility,VIX,high,0.0522,0.0151,312,0.0191,0.0067
KO,volatility,VIX,low,-0.0145,0.0130,254,0.0191,0.0067
KO,volatility,Rates,high,0.0325,0.0181,63,0.0191,0.0067
KO,volatility,Rates,low,0.0860,0.0302,63,0.0191,0.0067
KO,volatility,Bull-Bear,high,-0.0192,0.0066,839,0.0191,0.0067
KO,volatility,Bull-Bear,low,0.0982,0.0207,241,0.0191,0.0067
KO,xl_consumer_defensive,VIX,high,1.2187,0.1113,312,0.9914,0.0452
KO,xl_consumer_defensive,VIX,low,0.8176,0.0597,254,0.9914,0.0452
KO,xl_consumer_defensive,Rates,high,0.7545,0.1449,63,0.9914,0.0452
KO,xl_consumer_defensive,Rates,low,1.1833,0.2184,63,0.9914,0.0452
KO,xl_consumer_defensive,Bull-Bear,high,0.8497,0.0497,839,0.9914,0.0452
KO,xl_consumer_defensive,Bull-Bear,low,0.9168,0.1083,241,0.9914,0.0452
KO,xl_financials,VIX,high,-0.3598,0.1782,312,-0.3229,0.0729
KO,xl_financials,VIX,low,-0.2701,0.1109,254,-0.3229,0.0729
KO,xl_financials,Rates,high,-0.5066,0.2267,63,-0.3229,0.0729
KO,xl_financials,Rates,low,-0.5681,0.4177,63,-0.3229,0.0729
KO,xl_financials,Bull-Bear,high,-0.2172,0.0743,839,-0.3229,0.0729
KO,xl_financials,Bull-Bear,low,-0.2005,0.1768,241,-0.3229,0.0729
KO,xl_healthcare,VIX,high,0.7941,0.1474,312,0.4825,0.0557
KO,xl_healthcare,VIX,low,0.4413,0.0717,254,0.4825,0.0557
KO,xl_healthcare,Rates,high,0.7220,0.2114,63,0.4825,0.0557
KO,xl_healthcare,Rates,low,0.5514,0.2832,63,0.4825,0.0557
KO,xl_healthcare,Bull-Bear,high,0.3188,0.0552,839,0.4825,0.0557
KO,xl_healthcare,Bull-Bear,low,0.3884,0.1422,241,0.4825,0.0557
KO,xl_industrials,VIX,high,0.0489,0.2139,312,-0.0834,0.0840
KO,xl_industrials,VIX,low,-0.2419,0.1195,254,-0.0834,0.0840
KO,xl_industrials,Rates,high,-0.7845,0.3146,63,-0.0834,0.0840
KO,xl_industrials,Rates,low,-0.2662,0.5014,63,-0.0834,0.0840
KO,xl_industrials,Bull-Bear,high,-0.0426,0.0847,839,-0.0834,0.0840
KO,xl_industrials,Bull-Bear,low,-0.4557,0.2046,241,-0.0834,0.0840
KO,xl_real_estate,VIX,high,0.5949,0.0949,312,0.3613,0.0375
KO,xl_real_estate,VIX,low,0.1593,0.0502,254,0.3613,0.0375
KO,xl_real_estate,Rates,high,0.5211,0.1263,63,0.3613,0.0375
KO,xl_real_estate,Rates,low,0.7005,0.1267,63,0.3613,0.0375
KO,xl_real_estate,Bull-Bear,high,0.2397,0.0387,839,0.3613,0.0375
KO,xl_real_estate,Bull-Bear,low,0.3675,0.0913,241,0.3613,0.0375
KO,xl_utilities,VIX,high,0.6559,0.0741,312,0.4474,0.0314
KO,xl_utilities,VIX,low,0.2849,0.0450,254,0.4474,0.0314
KO,xl_utilities,Rates,high,0.3388,0.0847,63,0.4474,0.0314
KO,xl_utilities,Rates,low,0.8664,0.1233,63,0.4474,0.0314
KO,xl_utilities,Bull-Bear,high,0.2861,0.0349,839,0.4474,0.0314
KO,xl_utilities,Bull-Bear,low,0.4196,0.0750,241,0.4474,0.0314
LIN,biotech,VIX,high,-0.0073,0.1204,312,-0.0585,0.0440
LIN,biotech,VIX,low,0.0150,0.0773,254,-0.0585,0.0440
LIN,biotech,Rates,high,0.1214,0.1933,63,-0.0585,0.0440
LIN,biotech,Rates,low,-0.2620,0.2829,63,-0.0585,0.0440
LIN,biotech,Bull-Bear,high,-0.1004,0.0412,839,-0.0585,0.0440
LIN,biotech,Bull-Bear,low,0.1142,0.1156,241,-0.0585,0.0440
LIN,china_a_shares,VIX,high,0.0903,0.0906,312,0.0166,0.0303
LIN,china_a_shares,VIX,low,0.0286,0.0500,254,0.0166,0.0303
LIN,china_a_shares,Rates,high,-0.0650,0.1185,63,0.0166,0.0303
LIN,china_a_shares,Rates,low,0.5304,0.2069,63,0.0166,0.0303
LIN,china_a_shares,Bull-Bear,high,0.0082,0.0282,839,0.0166,0.0303
LIN,china_a_shares,Bull-Bear,low,-0.0035,0.0868,241,0.0166,0.0303
LIN,china_exposure,VIX,high,0.0802,0.0731,312,0.0248,0.0259
LIN,china_exposure,VIX,low,0.0307,0.0375,254,0.0248,0.0259
LIN,china_exposure,Rates,high,-0.1665,0.0955,63,0.0248,0.0259
LIN,china_exposure,Rates,low,0.0771,0.1765,63,0.0248,0.0259
LIN,china_exposure,Bull-Bear,high,0.0083,0.0254,839,0.0248,0.0259
LIN,china_exposure,Bull-Bear,low,0.1197,0.0591,241,0.0248,0.0259
LIN,copper,VIX,high,-0.0043,0.0923,312,0.0682,0.0330
LIN,copper,VIX,low,0.1148,0.0530,254,0.0682,0.0330
LIN,copper,Rates,high,0.0125,0.1202,63,0.0682,0.0330
LIN,copper,Rates,low,0.2009,0.2022,63,0.0682,0.0330
LIN,copper,Bull-Bear,high,0.1011,0.0320,839,0.0682,0.0330
LIN,copper,Bull-Bear,low,0.0512,0.0835,241,0.0682,0.0330
LIN,credit_hy_spread,VIX,high,0.6082,0.1897,312,0.1521,0.0931
LIN,credit_hy_spread,VIX,low,-0.3314,0.1911,254,0.1521,0.0931
LIN,credit_hy_spread,Rates,high,0.6815,0.4986,63,0.1521,0.0931
LIN,credit_hy_spread,Rates,low,1.7102,0.4783,63,0.1521,0.0931
LIN,credit_hy_spread,Bull-Bear,high,-0.4377,0.1148,839,0.1521,0.0931
LIN,credit_hy_spread,Bull-Bear,low,0.0648,0.1952,241,0.1521,0.0931
LIN,defense,VIX,high,-0.0234,0.1196,312,-0.0967,0.0512
LIN,defense,VIX,low,-0.1744,0.0828,254,-0.0967,0.0512
LIN,defense,Rates,high,-0.1297,0.1771,63,-0.0967,0.0512
LIN,defense,Rates,low,-0.0876,0.2441,63,-0.0967,0.0512
LIN,defense,Bull-Bear,high,-0.0287,0.0533,839,-0.0967,0.0512
LIN,defense,Bull-Bear,low,-0.3185,0.1266,241,-0.0967,0.0512
LIN,energy_oil,VIX,high,0.0160,0.0342,312,-0.0092,0.0169
LIN,energy_oil,VIX,low,-0.0546,0.0392,254,-0.0092,0.0169
LIN,energy_oil,Rates,high,-0.0106,0.0671,63,-0.0092,0.0169
LIN,energy_oil,Rates,low,0.1334,0.0901,63,-0.0092,0.0169
LIN,energy_oil,Bull-Bear,high,0.0123,0.0235,839,-0.0092,0.0169
LIN,energy_oil,Bull-Bear,low,-0.0768,0.0303,241,-0.0092,0.0169
LIN,gold,VIX,high,-0.0924,0.1246,312,0.0523,0.0477
LIN,gold,VIX,low,0.0702,0.0758,254,0.0523,0.0477
LIN,gold,Rates,high,0.0298,0.1888,63,0.0523,0.0477
LIN,gold,Rates,low,0.0384,0.2286,63,0.0523,0.0477
LIN,gold,Bull-Bear,high,0.1473,0.0461,839,0.0523,0.0477
LIN,gold,Bull-Bear,low,-0.1490,0.1270,241,0.0523,0.0477
LIN,growth,VIX,high,-0.1429,0.6330,312,-0.4964,0.2735
LIN,growth,VIX,low,-0.0051,0.5571,254,-0.4964,0.2735
LIN,growth,Rates,high,2.7361,0.7865,63,-0.4964,0.2735
LIN,growth,Rates,low,3.0079,1.2246,63,-0.4964,0.2735
LIN,growth,Bull-Bear,high,-1.2490,0.2803,839,-0.4964,0.2735
LIN,growth,Bull-Bear,low,0.0170,0.7038,241,-0.4964,0.2735
LIN,inflation,VIX,high,0.3375,0.3018,312,0.1045,0.1412
LIN,inflation,VIX,low,-0.5693,0.3133,254,0.1045,0.1412
LIN,inflation,Rates,high,-0.7341,0.5127,63,0.1045,0.1412
LIN,inflation,Rates,low,0.7598,0.5213,63,0.1045,0.1412
LIN,inflation,Bull-Bear,high,-0.1411,0.1810,839,0.1045,0.1412
LIN,inflation,Bull-Bear,low,-0.5135,0.2834,241,0.1045,0.1412
LIN,lithium,VIX,high,0.0546,0.0778,312,0.0254,0.0277
LIN,lithium,VIX,low,-0.0381,0.0416,254,0.0254,0.0277
LIN,lithium,Rates,high,-0.2374,0.1079,63,0.0254,0.0277
LIN,lithium,Rates,low,-0.1552,0.2274,63,0.0254,0.0277
LIN,lithium,Bull-Bear,high,0.0323,0.0253,839,0.0254,0.0277
LIN,lithium,Bull-Bear,low,0.0766,0.0878,241,0.0254,0.0277
LIN,market_beta,VIX,high,0.9951,0.0346,312,0.9273,0.0228
LIN,market_beta,VIX,low,0.4682,0.1073,254,0.9273,0.0228
LIN,market_beta,Rates,high,0.6175,0.0744,63,0.9273,0.0228
LIN,market_beta,Rates,low,0.8744,0.0783,63,0.9273,0.0228
LIN,market_beta,Bull-Bear,high,0.8473,0.0383,839,0.9273,0.0228
LIN,market_beta,Bull-Bear,low,0.9702,0.0509,241,0.9273,0.0228
LIN,momentum,VIX,high,-0.1532,0.1763,312,-0.1512,0.0666
LIN,momentum,VIX,low,0.1040,0.1244,254,-0.1512,0.0666
LIN,momentum,Rates,high,0.0708,0.3035,63,-0.1512,0.0666
LIN,momentum,Rates,low,-0.3260,0.3813,63,-0.1512,0.0666
LIN,momentum,Bull-Bear,high,-0.1309,0.0593,839,-0.1512,0.0666
LIN,momentum,Bull-Bear,low,-0.1198,0.1961,241,-0.1512,0.0666
LIN,natural_gas,VIX,high,-0.0069,0.0348,312,0.0127,0.0120
LIN,natural_gas,VIX,low,-0.0010,0.0179,254,0.0127,0.0120
LIN,natural_gas,Rates,high,0.0434,0.0427,63,0.0127,0.0120
LIN,natural_gas,Rates,low,0.0676,0.0793,63,0.0127,0.0120
LIN,natural_gas,Bull-Bear,high,0.0023,0.0114,839,0.0127,0.0120
LIN,natural_gas,Bull-Bear,low,0.0458,0.0302,241,0.0127,0.0120
LIN,quality,VIX,high,-0.3109,0.5238,312,0.3563,0.2057
LIN,quality,VIX,low,0.6425,0.3362,254,0.3563,0.2057
LIN,quality,Rates,high,-1.1774,0.6650,63,0.3563,0.2057
LIN,quality,Rates,low,-0.1133,0.8913,63,0.3563,0.2057
LIN,quality,Bull-Bear,high,0.5785,0.2089,839,0.3563,0.2057
LIN,quality,Bull-Bear,low,0.9408,0.5467,241,0.3563,0.2057
LIN,rates,VIX,high,-0.6444,0.2398,312,-0.0940,0.0924
LIN,rates,VIX,low,0.1505,0.1434,254,-0.0940,0.0924
LIN,rates,Rates,high,0.1319,0.6476,63,-0.0940,0.0924
LIN,rates,Rates,low,-0.3486,0.7880,63,-0.0940,0.0924
LIN,rates,Bull-Bear,high,0.1405,0.1030,839,-0.0940,0.0924
LIN,rates,Bull-Bear,low,0.0987,0.2056,241,-0.0940,0.0924
LIN,rates_30y,VIX,high,-0.2869,0.1021,312,-0.0447,0.0413
LIN,rates_30y,VIX,low,0.0928,0.0688,254,-0.0447,0.0413
LIN,rates_30y,Rates,high,0.0794,0.1817,63,-0.0447,0.0413
LIN,rates_30y,Rates,low,-0.3186,0.2707,63,-0.0447,0.0413
LIN,rates_30y,Bull-Bear,high,0.0236,0.0466,839,-0.0447,0.0413
LIN,rates_30y,Bull-Bear,low,0.0857,0.0995,241,-0.0447,0.0413
LIN,semiconductors,VIX,high,-0.4252,0.1029,312,-0.0775,0.0364
LIN,semiconductors,VIX,low,-0.0287,0.0513,254,-0.0775,0.0364
LIN,semiconductors,Rates,high,-0.2407,0.1615,63,-0.0775,0.0364
LIN,semiconductors,Rates,low,-0.1089,0.1716,63,-0.0775,0.0364
LIN,semiconductors,Bull-Bear,high,0.0152,0.0340,839,-0.0775,0.0364
LIN,semiconductors,Bull-Bear,low,0.0535,0.1036,241,-0.0775,0.0364
LIN,uranium,VIX,high,-0.0913,0.0685,312,0.0110,0.0217
LIN,uranium,VIX,low,-0.0105,0.0358,254,0.0110,0.0217
LIN,uranium,Rates,high,0.0198,0.0852,63,0.0110,0.0217
LIN,uranium,Rates,low,-0.1110,0.1289,63,0.0110,0.0217
LIN,uranium,Bull-Bear,high,0.0378,0.0203,839,0.0110,0.0217
LIN,uranium,Bull-Bear,low,-0.0018,0.0603,241,0.0110,0.0217
LIN,usd_strength,VIX,high,0.1596,0.2335,312,-0.2632,0.0996
LIN,usd_strength,VIX,low,-0.3039,0.1709,254,-0.2632,0.0996
LIN,usd_strength,Rates,high,-0.3254,0.3808,63,-0.2632,0.0996
LIN,usd_strength,Rates,low,0.1576,0.4099,63,-0.2632,0.0996
LIN,usd_strength,Bull-Bear,high,-0.6950,0.1087,839,-0.2632,0.0996
LIN,usd_strength,Bull-Bear,low,-1.3199,0.2437,241,-0.2632,0.0996
LIN,value,VIX,high,1.2574,0.2201,312,0.5433,0.0937
LIN,value,VIX,low,0.3074,0.1363,254,0.5433,0.0937
LIN,value,Rates,high,1.0860,0.3243,63,0.5433,0.0937
LIN,value,Rates,low,0.9257,0.4843,63,0.5433,0.0937
LIN,value,Bull-Bear,high,0.2469,0.0884,839,0.5433,0.0937
LIN,value,Bull-Bear,low,0.3889,0.2620,241,0.5433,0.0937
LIN,volatility,VIX,high,0.0293,0.0183,312,-0.0092,0.0083
LIN,volatility,VIX,low,-0.0540,0.0185,254,-0.0092,0.0083
LIN,volatility,Rates,high,-0.0120,0.0217,63,-0.0092,0.0083
LIN,volatility,Rates,low,0.0130,0.0379,63,-0.0092,0.0083
LIN,volatility,Bull-Bear,high,-0.0571,0.0080,839,-0.0092,0.0083
LIN,volatility,Bull-Bear,low,0.0994,0.0267,241,-0.0092,0.0083
LIN,xl_consumer_defensive,VIX,high,0.5405,0.1529,312,0.2365,0.0657
LIN,xl_consumer_defensive,VIX,low,0.1403,0.1139,254,0.2365,0.0657
LIN,xl_consumer_defensive,Rates,high,0.1338,0.2033,63,0.2365,0.0657
LIN,xl_consumer_defensive,Rates,low,-0.1267,0.3136,63,0.2365,0.0657
LIN,xl_consumer_defensive,Bull-Bear,high,0.0693,0.0724,839,0.2365,0.0657
LIN,xl_consumer_defensive,Bull-Bear,low,-0.0427,0.1563,241,0.2365,0.0657
LIN,xl_financials,VIX,high,0.0921,0.2134,312,0.0372,0.0911
LIN,xl_financials,VIX,low,-0.2808,0.1617,254,0.0372,0.0911
LIN,xl_financials,Rates,high,0.0710,0.2762,63,0.0372,0.0911
LIN,xl_financials,Rates,low,0.7685,0.4910,63,0.0372,0.0911
LIN,xl_financials,Bull-Bear,high,-0.1058,0.0937,839,0.0372,0.0911
LIN,xl_financials,Bull-Bear,low,0.3146,0.2235,241,0.0372,0.0911
LIN,xl_healthcare,VIX,high,0.7282,0.1787,312,0.2597,0.0708
LIN,xl_healthcare,VIX,low,0.2307,0.1104,254,0.2597,0.0708
LIN,xl_healthcare,Rates,high,0.2035,0.2690,63,0.2597,0.0708
LIN,xl_healthcare,Rates,low,0.0298,0.3446,63,0.2597,0.0708
LIN,xl_healthcare,Bull-Bear,high,0.1202,0.0706,839,0.2597,0.0708
LIN,xl_healthcare,Bull-Bear,low,-0.0658,0.1827,241,0.2597,0.0708
LIN,xl_industrials,VIX,high,-0.1275,0.2545,312,0.1286,0.1041
LIN,xl_industrials,VIX,low,0.3685,0.1731,254,0.1286,0.1041
LIN,xl_industrials,Rates,high,-0.3707,0.3841,63,0.1286,0.1041
LIN,xl_industrials,Rates,low,-0.7517,0.5857,63,0.1286,0.1041
LIN,xl_industrials,Bull-Bear,high,0.4280,0.1053,839,0.1286,0.1041
LIN,xl_industrials,Bull-Bear,low,-0.3836,0.2604,241,0.1286,0.1041
LIN,xl_real_estate,VIX,high,0.3033,0.1187,312,0.0797,0.0481
LIN,xl_real_estate,VIX,low,-0.0028,0.0742,254,0.0797,0.0481
LIN,xl_real_estate,Rates,high,0.0980,0.1669,63,0.0797,0.0481
LIN,xl_real_estate,Rates,low,0.6368,0.1642,63,0.0797,0.0481
LIN,xl_real_estate,Bull-Bear,high,-0.1033,0.0495,839,0.0797,0.0481
LIN,xl_real_estate,Bull-Bear,low,0.1531,0.1190,241,0.0797,0.0481
LIN,xl_utilities,VIX,high,0.3708,0.0965,312,0.1275,0.0418
LIN,xl_utilities,VIX,low,0.0560,0.0702,254,0.1275,0.0418
LIN,xl_utilities,Rates,high,0.1704,0.1094,63,0.1275,0.0418
LIN,xl_utilities,Rates,low,0.3229,0.1915,63,0.1275,0.0418
LIN,xl_utilities,Bull-Bear,high,-0.0673,0.0455,839,0.1275,0.0418
LIN,xl_utilities,Bull-Bear,low,0.0959,0.1007,241,0.1275,0.0418
LLY,biotech,VIX,high,0.4396,0.1179,312,0.3036,0.0539
LLY,biotech,VIX,low,-0.0060,0.1115,254,0.3036,0.0539
LLY,biotech,Rates,high,0.9499,0.2591,63,0.3036,0.0539
LLY,biotech,Rates,low,0.8738,0.3111,63,0.3036,0.0539
LLY,biotech,Bull-Bear,high,0.2715,0.0646,839,0.3036,0.0539
LLY,biotech,Bull-Bear,low,0.3472,0.1000,241,0.3036,0.0539
LLY,china_a_shares,VIX,high,-0.0120,0.0908,312,-0.0556,0.0375
LLY,china_a_shares,VIX,low,-0.1719,0.0714,254,-0.0556,0.0375
LLY,china_a_shares,Rates,high,0.0443,0.1752,63,-0.0556,0.0375
LLY,china_a_shares,Rates,low,0.5221,0.2437,63,-0.0556,0.0375
LLY,china_a_shares,Bull-Bear,high,-0.0755,0.0444,839,-0.0556,0.0375
LLY,china_a_shares,Bull-Bear,low,-0.1594,0.0761,241,-0.0556,0.0375
LLY,china_exposure,VIX,high,-0.1081,0.0731,312,-0.0772,0.0321
LLY,china_exposure,VIX,low,-0.1276,0.0537,254,-0.0772,0.0321
LLY,china_exposure,Rates,high,0.0711,0.1442,63,-0.0772,0.0321
LLY,china_exposure,Rates,low,-0.1301,0.2045,63,-0.0772,0.0321
LLY,china_exposure,Bull-Bear,high,-0.0650,0.0401,839,-0.0772,0.0321
LLY,china_exposure,Bull-Bear,low,-0.0724,0.0525,241,-0.0772,0.0321
LLY,copper,VIX,high,-0.1901,0.0917,312,-0.1398,0.0408
LLY,copper,VIX,low,-0.0587,0.0771,254,-0.1398,0.0408
LLY,copper,Rates,high,-0.1666,0.1761,63,-0.1398,0.0408
LLY,copper,Rates,low,0.0980,0.2362,63,-0.1398,0.0408
LLY,copper,Bull-Bear,high,-0.0729,0.0507,839,-0.1398,0.0408
LLY,copper,Bull-Bear,low,-0.1480,0.0733,241,-0.1398,0.0408
LLY,credit_hy_spread,VIX,high,0.2549,0.1923,312,-0.1777,0.1154
LLY,credit_hy_spread,VIX,low,-0.3907,0.2764,254,-0.1777,0.1154
LLY,credit_hy_spread,Rates,high,1.5739,0.7193,63,-0.1777,0.1154
LLY,credit_hy_spread,Rates,low,1.2970,0.5875,63,-0.1777,0.1154
LLY,credit_hy_spread,Bull-Bear,high,-0.8468,0.1804,839,-0.1777,0.1154
LLY,credit_hy_spread,Bull-Bear,low,-0.5502,0.1691,241,-0.1777,0.1154
LLY,defense,VIX,high,-0.2670,0.1187,312,-0.1049,0.0635
LLY,defense,VIX,low,0.3464,0.1186,254,-0.1049,0.0635
LLY,defense,Rates,high,-0.7352,0.2450,63,-0.1049,0.0635
LLY,defense,Rates,low,0.1503,0.2829,63,-0.1049,0.0635
LLY,defense,Bull-Bear,high,0.1010,0.0841,839,-0.1049,0.0635
LLY,defense,Bull-Bear,low,-0.2064,0.1127,241,-0.1049,0.0635
LLY,energy_oil,VIX,high,-0.0075,0.0343,312,-0.0320,0.0210
LLY,energy_oil,VIX,low,-0.1069,0.0564,254,-0.0320,0.0210
LLY,energy_oil,Rates,high,-0.1452,0.0973,63,-0.0320,0.0210
LLY,energy_oil,Rates,low,0.1406,0.1049,63,-0.0320,0.0210
LLY,energy_oil,Bull-Bear,high,-0.0243,0.0371,839,-0.0320,0.0210
LLY,energy_oil,Bull-Bear,low,-0.0258,0.0271,241,-0.0320,0.0210
LLY,gold,VIX,high,-0.0604,0.1247,312,-0.0330,0.0591
LLY,gold,VIX,low,-0.1790,0.1091,254,-0.0330,0.0591
LLY,gold,Rates,high,0.0524,0.2787,63,-0.0330,0.0591
LLY,gold,Rates,low,-0.1192,0.2650,63,-0.0330,0.0591
LLY,gold,Bull-Bear,high,0.0262,0.0731,839,-0.0330,0.0591
LLY,gold,Bull-Bear,low,-0.0978,0.1125,241,-0.0330,0.0591
LLY,growth,VIX,high,-1.0429,0.6305,312,-1.6126,0.3363
LLY,growth,VIX,low,-3.1127,0.7799,254,-1.6126,0.3363
LLY,growth,Rates,high,2.0538,1.2432,63,-1.6126,0.3363
LLY,growth,Rates,low,0.8309,1.4861,63,-1.6126,0.3363
LLY,growth,Bull-Bear,high,-1.8949,0.4427,839,-1.6126,0.3363
LLY,growth,Bull-Bear,low,-2.4899,0.6016,241,-1.6126,0.3363
LLY,inflation,VIX,high,-0.5121,0.3011,312,-0.4141,0.1746
LLY,inflation,VIX,low,0.3605,0.4546,254,-0.4141,0.1746
LLY,inflation,Rates,high,-1.6750,0.7388,63,-0.4141,0.1746
LLY,inflation,Rates,low,-0.8128,0.6067,63,-0.4141,0.1746
LLY,inflation,Bull-Bear,high,-0.4948,0.2852,839,-0.4141,0.1746
LLY,inflation,Bull-Bear,low,-0.4221,0.2510,241,-0.4141,0.1746
LLY,lithium,VIX,high,-0.2172,0.0769,312,-0.1248,0.0341
LLY,lithium,VIX,low,-0.1492,0.0594,254,-0.1248,0.0341
LLY,lithium,Rates,high,-0.3154,0.1605,63,-0.1248,0.0341
LLY,lithium,Rates,low,-0.6847,0.2500,63,-0.1248,0.0341
LLY,lithium,Bull-Bear,high,-0.1169,0.0398,839,-0.1248,0.0341
LLY,lithium,Bull-Bear,low,-0.1383,0.0773,241,-0.1248,0.0341
LLY,market_beta,VIX,high,0.7280,0.0518,312,0.6563,0.0389
LLY,market_beta,VIX,low,0.5890,0.1563,254,0.6563,0.0389
LLY,market_beta,Rates,high,0.5476,0.1441,63,0.6563,0.0389
LLY,market_beta,Rates,low,0.7044,0.1304,63,0.6563,0.0389
LLY,market_beta,Bull-Bear,high,0.6236,0.0730,839,0.6563,0.0389
LLY,market_beta,Bull-Bear,low,0.5496,0.0621,241,0.6563,0.0389
LLY,momentum,VIX,high,0.3017,0.1757,312,0.3891,0.0820
LLY,momentum,VIX,low,1.1518,0.1646,254,0.3891,0.0820
LLY,momentum,Rates,high,0.8255,0.4356,63,0.3891,0.0820
LLY,momentum,Rates,low,1.3867,0.4083,63,0.3891,0.0820
LLY,momentum,Bull-Bear,high,0.4015,0.0928,839,0.3891,0.0820
LLY,momentum,Bull-Bear,low,0.1679,0.1733,241,0.3891,0.0820
LLY,natural_gas,VIX,high,-0.0240,0.0348,312,0.0009,0.0148
LLY,natural_gas,VIX,low,0.0093,0.0259,254,0.0009,0.0148
LLY,natural_gas,Rates,high,-0.0033,0.0635,63,0.0009,0.0148
LLY,natural_gas,Rates,low,0.0824,0.0920,63,0.0009,0.0148
LLY,natural_gas,Bull-Bear,high,0.0029,0.0180,839,0.0009,0.0148
LLY,natural_gas,Bull-Bear,low,0.0200,0.0268,241,0.0009,0.0148
LLY,quality,VIX,high,0.3749,0.5239,312,1.1333,0.2532
LLY,quality,VIX,low,2.2985,0.4669,254,1.1333,0.2532
LLY,quality,Rates,high,-0.4377,1.0047,63,1.1333,0.2532
LLY,quality,Rates,low,1.8581,1.0069,63,1.1333,0.2532
LLY,quality,Bull-Bear,high,1.4127,0.3276,839,1.1333,0.2532
LLY,quality,Bull-Bear,low,1.3599,0.4788,241,1.1333,0.2532
LLY,rates,VIX,high,-0.3896,0.2417,312,-0.0341,0.1145
LLY,rates,VIX,low,-0.1423,0.2072,254,-0.0341,0.1145
LLY,rates,Rates,high,-2.8603,0.8831,63,-0.0341,0.1145
LLY,rates,Rates,low,-1.4283,0.8976,63,-0.0341,0.1145
LLY,rates,Bull-Bear,high,0.2419,0.1626,839,-0.0341,0.1145
LLY,rates,Bull-Bear,low,0.3655,0.1805,241,-0.0341,0.1145
LLY,rates_30y,VIX,high,-0.3011,0.1020,312,-0.0453,0.0512
LLY,rates_30y,VIX,low,0.0370,0.0996,254,-0.0453,0.0512
LLY,rates_30y,Rates,high,-0.6902,0.2537,63,-0.0453,0.0512
LLY,rates_30y,Rates,low,-0.6605,0.3063,63,-0.0453,0.0512
LLY,rates_30y,Bull-Bear,high,0.0961,0.0734,839,-0.0453,0.0512
LLY,rates_30y,Bull-Bear,low,0.1644,0.0875,241,-0.0453,0.0512
LLY,semiconductors,VIX,high,-0.4786,0.1022,312,-0.1298,0.0450
LLY,semiconductors,VIX,low,0.0229,0.0741,254,-0.1298,0.0450
LLY,semiconductors,Rates,high,-0.2827,0.2400,63,-0.1298,0.0450
LLY,semiconductors,Rates,low,-0.4418,0.1917,63,-0.1298,0.0450
LLY,semiconductors,Bull-Bear,high,0.0195,0.0537,839,-0.1298,0.0450
LLY,semiconductors,Bull-Bear,low,-0.1382,0.0913,241,-0.1298,0.0450
LLY,uranium,VIX,high,-0.2379,0.0673,312,-0.0676,0.0268
LLY,uranium,VIX,low,-0.0536,0.0516,254,-0.0676,0.0268
LLY,uranium,Rates,high,-0.2017,0.1232,63,-0.0676,0.0268
LLY,uranium,Rates,low,-0.4009,0.1415,63,-0.0676,0.0268
LLY,uranium,Bull-Bear,high,-0.0246,0.0321,839,-0.0676,0.0268
LLY,uranium,Bull-Bear,low,-0.0427,0.0532,241,-0.0676,0.0268
LLY,usd_strength,VIX,high,0.6975,0.2303,312,0.4336,0.1232
LLY,usd_strength,VIX,low,0.3797,0.2471,254,0.4336,0.1232
LLY,usd_strength,Rates,high,1.1243,0.5467,63,0.4336,0.1232
LLY,usd_strength,Rates,low,0.9845,0.4594,63,0.4336,0.1232
LLY,usd_strength,Bull-Bear,high,0.1468,0.1756,839,0.4336,0.1232
LLY,usd_strength,Bull-Bear,low,0.0692,0.2284,241,0.4336,0.1232
LLY,value,VIX,high,0.1760,0.2312,312,-0.2502,0.1174
LLY,value,VIX,low,-0.9381,0.1897,254,-0.2502,0.1174
LLY,value,Rates,high,0.5043,0.5167,63,-0.2502,0.1174
LLY,value,Rates,low,-0.6878,0.5720,63,-0.2502,0.1174
LLY,value,Bull-Bear,high,-0.5441,0.1389,839,-0.2502,0.1174
LLY,value,Bull-Bear,low,-0.4199,0.2313,241,-0.2502,0.1174
LLY,volatility,VIX,high,0.0307,0.0183,312,-0.0072,0.0103
LLY,volatility,VIX,low,-0.0258,0.0271,254,-0.0072,0.0103
LLY,volatility,Rates,high,-0.0108,0.0321,63,-0.0072,0.0103
LLY,volatility,Rates,low,0.0529,0.0435,63,-0.0072,0.0103
LLY,volatility,Bull-Bear,high,-0.0451,0.0130,839,-0.0072,0.0103
LLY,volatility,Bull-Bear,low,0.0466,0.0241,241,-0.0072,0.0103
LLY,xl_consumer_defensive,VIX,high,1.0281,0.1447,312,0.4731,0.0807
LLY,xl_consumer_defensive,VIX,low,-0.1461,0.1647,254,0.4731,0.0807
LLY,xl_consumer_defensive,Rates,high,1.0549,0.2691,63,0.4731,0.0807
LLY,xl_consumer_defensive,Rates,low,0.6489,0.3548,63,0.4731,0.0807
LLY,xl_consumer_defensive,Bull-Bear,high,0.0072,0.1143,839,0.4731,0.0807
LLY,xl_consumer_defensive,Bull-Bear,low,0.2222,0.1376,241,0.4731,0.0807
LLY,xl_financials,VIX,high,-1.0078,0.2058,312,-0.5506,0.1118
LLY,xl_financials,VIX,low,0.6039,0.2316,254,-0.5506,0.1118
LLY,xl_financials,Rates,high,-1.2322,0.3760,63,-0.5506,0.1118
LLY,xl_financials,Rates,low,-1.1473,0.5623,63,-0.5506,0.1118
LLY,xl_financials,Bull-Bear,high,-0.3017,0.1476,839,-0.5506,0.1118
LLY,xl_financials,Bull-Bear,low,-0.4767,0.1962,241,-0.5506,0.1118
LLY,xl_healthcare,VIX,high,1.8781,0.1493,312,1.3365,0.0797
LLY,xl_healthcare,VIX,low,0.6264,0.1558,254,1.3365,0.0797
LLY,xl_healthcare,Rates,high,1.9258,0.3136,63,1.3365,0.0797
LLY,xl_healthcare,Rates,low,1.8533,0.3221,63,1.3365,0.0797
LLY,xl_healthcare,Bull-Bear,high,1.1543,0.1042,839,1.3365,0.0797
LLY,xl_healthcare,Bull-Bear,low,1.1595,0.1433,241,1.3365,0.0797
LLY,xl_industrials,VIX,high,-0.7936,0.2506,312,-0.3394,0.1288
LLY,xl_industrials,VIX,low,0.5335,0.2498,254,-0.3394,0.1288
LLY,xl_industrials,Rates,high,-1.3119,0.5459,63,-0.3394,0.1288
LLY,xl_industrials,Rates,low,-0.9061,0.6791,63,-0.3394,0.1288
LLY,xl_industrials,Bull-Bear,high,-0.0542,0.1678,839,-0.3394,0.1288
LLY,xl_industrials,Bull-Bear,low,-0.3786,0.2302,241,-0.3394,0.1288
LLY,xl_real_estate,VIX,high,0.2893,0.1188,312,0.0403,0.0597
LLY,xl_real_estate,VIX,low,-0.4491,0.1032,254,0.0403,0.0597
LLY,xl_real_estate,Rates,high,0.6184,0.2340,63,0.0403,0.0597
LLY,xl_real_estate,Rates,low,0.3450,0.2082,63,0.0403,0.0597
LLY,xl_real_estate,Bull-Bear,high,-0.1810,0.0781,839,0.0403,0.0597
LLY,xl_real_estate,Bull-Bear,low,0.1070,0.1055,241,0.0403,0.0597
LLY,xl_utilities,VIX,high,0.4754,0.0950,312,0.2113,0.0516
LLY,xl_utilities,VIX,low,-0.0852,0.1012,254,0.2113,0.0516
LLY,xl_utilities,Rates,high,0.4670,0.1534,63,0.2113,0.0516
LLY,xl_utilities,Rates,low,0.4922,0.2184,63,0.2113,0.0516
LLY,xl_utilities,Bull-Bear,high,-0.1124,0.0717,839,0.2113,0.0516
LLY,xl_utilities,Bull-Bear,low,0.1720,0.0886,241,0.2113,0.0516
LSCC,biotech,VIX,high,0.4564,0.1842,312,0.3229,0.0903
LSCC,biotech,VIX,low,0.0069,0.2265,254,0.3229,0.0903
LSCC,biotech,Rates,high,0.4773,0.4616,63,0.3229,0.0903
LSCC,biotech,Rates,low,0.3729,0.4979,63,0.3229,0.0903
LSCC,biotech,Bull-Bear,high,0.2971,0.1007,839,0.3229,0.0903
LSCC,biotech,Bull-Bear,low,0.4577,0.2305,241,0.3229,0.0903
LSCC,china_a_shares,VIX,high,0.2584,0.1394,312,0.1474,0.0623
LSCC,china_a_shares,VIX,low,0.1232,0.1465,254,0.1474,0.0623
LSCC,china_a_shares,Rates,high,0.0050,0.2851,63,0.1474,0.0623
LSCC,china_a_shares,Rates,low,0.4961,0.3771,63,0.1474,0.0623
LSCC,china_a_shares,Bull-Bear,high,0.1402,0.0689,839,0.1474,0.0623
LSCC,china_a_shares,Bull-Bear,low,0.1767,0.1738,241,0.1474,0.0623
LSCC,china_exposure,VIX,high,0.1619,0.1128,312,0.1732,0.0533
LSCC,china_exposure,VIX,low,0.1293,0.1099,254,0.1732,0.0533
LSCC,china_exposure,Rates,high,-0.0500,0.2348,63,0.1732,0.0533
LSCC,china_exposure,Rates,low,0.3486,0.3072,63,0.1732,0.0533
LSCC,china_exposure,Bull-Bear,high,0.1238,0.0621,839,0.1732,0.0533
LSCC,china_exposure,Bull-Bear,low,0.3684,0.1171,241,0.1732,0.0533
LSCC,copper,VIX,high,-0.0242,0.1426,312,0.1371,0.0680
LSCC,copper,VIX,low,0.0583,0.1567,254,0.1371,0.0680
LSCC,copper,Rates,high,-0.3772,0.2845,63,0.1371,0.0680
LSCC,copper,Rates,low,0.3249,0.3555,63,0.1371,0.0680
LSCC,copper,Bull-Bear,high,0.1473,0.0786,839,0.1371,0.0680
LSCC,copper,Bull-Bear,low,0.0951,0.1675,241,0.1371,0.0680
LSCC,credit_hy_spread,VIX,high,0.4143,0.2968,312,-0.2577,0.1920
LSCC,credit_hy_spread,VIX,low,-1.2499,0.5579,254,-0.2577,0.1920
LSCC,credit_hy_spread,Rates,high,1.6398,1.1967,63,-0.2577,0.1920
LSCC,credit_hy_spread,Rates,low,2.0394,0.8861,63,-0.2577,0.1920
LSCC,credit_hy_spread,Bull-Bear,high,-1.4203,0.2793,839,-0.2577,0.1920
LSCC,credit_hy_spread,Bull-Bear,low,-0.1203,0.3918,241,-0.2577,0.1920
LSCC,defense,VIX,high,0.0646,0.1847,312,-0.0288,0.1057
LSCC,defense,VIX,low,-0.6819,0.2410,254,-0.0288,0.1057
LSCC,defense,Rates,high,0.0171,0.4270,63,-0.0288,0.1057
LSCC,defense,Rates,low,-0.5848,0.4225,63,-0.0288,0.1057
LSCC,defense,Bull-Bear,high,0.1029,0.1305,839,-0.0288,0.1057
LSCC,defense,Bull-Bear,low,-0.1559,0.2571,241,-0.0288,0.1057
LSCC,energy_oil,VIX,high,-0.0027,0.0529,312,-0.0312,0.0349
LSCC,energy_oil,VIX,low,-0.0963,0.1151,254,-0.0312,0.0349
LSCC,energy_oil,Rates,high,-0.0382,0.1611,63,-0.0312,0.0349
LSCC,energy_oil,Rates,low,0.1004,0.1605,63,-0.0312,0.0349
LSCC,energy_oil,Bull-Bear,high,-0.0583,0.0575,839,-0.0312,0.0349
LSCC,energy_oil,Bull-Bear,low,-0.0823,0.0614,241,-0.0312,0.0349
LSCC,gold,VIX,high,-0.1211,0.1924,312,0.0731,0.0984
LSCC,gold,VIX,low,-0.2057,0.2222,254,0.0731,0.0984
LSCC,gold,Rates,high,-0.5973,0.4469,63,0.0731,0.0984
LSCC,gold,Rates,low,-0.4221,0.3979,63,0.0731,0.0984
LSCC,gold,Bull-Bear,high,0.2391,0.1131,839,0.0731,0.0984
LSCC,gold,Bull-Bear,low,-0.1290,0.2554,241,0.0731,0.0984
LSCC,growth,VIX,high,3.6974,0.9548,312,3.8401,0.5540
LSCC,growth,VIX,low,2.5173,1.6252,254,3.8401,0.5540
LSCC,growth,Rates,high,5.9846,1.9196,63,3.8401,0.5540
LSCC,growth,Rates,low,7.2527,2.0543,63,3.8401,0.5540
LSCC,growth,Bull-Bear,high,3.6251,0.6829,839,3.8401,0.5540
LSCC,growth,Bull-Bear,low,5.6120,1.3647,241,3.8401,0.5540
LSCC,inflation,VIX,high,-0.1503,0.4669,312,-0.3097,0.2910
LSCC,inflation,VIX,low,-1.2869,0.9208,254,-0.3097,0.2910
LSCC,inflation,Rates,high,-2.0251,1.2242,63,-0.3097,0.2910
LSCC,inflation,Rates,low,0.4099,0.9299,63,-0.3097,0.2910
LSCC,inflation,Bull-Bear,high,-0.0960,0.4432,839,-0.3097,0.2910
LSCC,inflation,Bull-Bear,low,-1.4940,0.5643,241,-0.3097,0.2910
LSCC,lithium,VIX,high,0.1820,0.1198,312,0.2160,0.0568
LSCC,lithium,VIX,low,0.2466,0.1212,254,0.2160,0.0568
LSCC,lithium,Rates,high,-0.5179,0.2609,63,0.2160,0.0568
LSCC,lithium,Rates,low,0.1238,0.4005,63,0.2160,0.0568
LSCC,lithium,Bull-Bear,high,0.2550,0.0614,839,0.2160,0.0568
LSCC,lithium,Bull-Bear,low,0.3038,0.1754,241,0.2160,0.0568
LSCC,market_beta,VIX,high,1.3929,0.0650,312,1.6368,0.0547
LSCC,market_beta,VIX,low,2.4209,0.2884,254,1.6368,0.0547
LSCC,market_beta,Rates,high,1.5307,0.1718,63,1.6368,0.0547
LSCC,market_beta,Rates,low,1.4112,0.1579,63,1.6368,0.0547
LSCC,market_beta,Bull-Bear,high,2.0656,0.0940,839,1.6368,0.0547
LSCC,market_beta,Bull-Bear,low,1.7896,0.1136,241,1.6368,0.0547
LSCC,momentum,VIX,high,0.6975,0.2697,312,0.7003,0.1362
LSCC,momentum,VIX,low,1.3453,0.3552,254,0.7003,0.1362
LSCC,momentum,Rates,high,1.0903,0.7155,63,0.7003,0.1362
LSCC,momentum,Rates,low,-0.5856,0.6695,63,0.7003,0.1362
LSCC,momentum,Bull-Bear,high,1.0317,0.1411,839,0.7003,0.1362
LSCC,momentum,Bull-Bear,low,0.1276,0.3937,241,0.7003,0.1362
LSCC,natural_gas,VIX,high,-0.0388,0.0537,312,-0.0344,0.0247
LSCC,natural_gas,VIX,low,-0.0899,0.0523,254,-0.0344,0.0247
LSCC,natural_gas,Rates,high,-0.0733,0.1028,63,-0.0344,0.0247
LSCC,natural_gas,Rates,low,-0.0285,0.1401,63,-0.0344,0.0247
LSCC,natural_gas,Bull-Bear,high,-0.0335,0.0279,839,-0.0344,0.0247
LSCC,natural_gas,Bull-Bear,low,-0.0778,0.0607,241,-0.0344,0.0247
LSCC,quality,VIX,high,0.1966,0.8094,312,1.2855,0.4229
LSCC,quality,VIX,low,1.9754,0.9847,254,1.2855,0.4229
LSCC,quality,Rates,high,-1.6623,1.6229,63,1.2855,0.4229
LSCC,quality,Rates,low,0.8845,1.5614,63,1.2855,0.4229
LSCC,quality,Bull-Bear,high,0.9196,0.5129,839,1.2855,0.4229
LSCC,quality,Bull-Bear,low,4.3027,1.0682,241,1.2855,0.4229
LSCC,rates,VIX,high,-0.2830,0.3743,312,0.1936,0.1904
LSCC,rates,VIX,low,0.3153,0.4206,254,0.1936,0.1904
LSCC,rates,Rates,high,-0.3744,1.5543,63,0.1936,0.1904
LSCC,rates,Rates,low,0.1714,1.3859,63,0.1936,0.1904
LSCC,rates,Bull-Bear,high,0.4039,0.2521,839,0.1936,0.1904
LSCC,rates,Bull-Bear,low,0.6449,0.4107,241,0.1936,0.1904
LSCC,rates_30y,VIX,high,-0.1024,0.1596,312,0.1162,0.0850
LSCC,rates_30y,VIX,low,0.1367,0.2021,254,0.1162,0.0850
LSCC,rates_30y,Rates,high,0.2789,0.4355,63,0.1162,0.0850
LSCC,rates_30y,Rates,low,-0.0022,0.4808,63,0.1162,0.0850
LSCC,rates_30y,Bull-Bear,high,0.2102,0.1138,839,0.1162,0.0850
LSCC,rates_30y,Bull-Bear,low,0.3170,0.1989,241,0.1162,0.0850
LSCC,semiconductors,VIX,high,0.3767,0.1618,312,1.1849,0.0672
LSCC,semiconductors,VIX,low,1.4182,0.1212,254,1.1849,0.0672
LSCC,semiconductors,Rates,high,1.2111,0.3630,63,1.1849,0.0672
LSCC,semiconductors,Rates,low,0.4075,0.2978,63,1.1849,0.0672
LSCC,semiconductors,Bull-Bear,high,1.4282,0.0671,839,1.1849,0.0672
LSCC,semiconductors,Bull-Bear,low,1.3349,0.1893,241,1.1849,0.0672
LSCC,uranium,VIX,high,0.0881,0.1059,312,0.1736,0.0445
LSCC,uranium,VIX,low,0.0195,0.1051,254,0.1736,0.0445
LSCC,uranium,Rates,high,0.1543,0.2037,63,0.1736,0.0445
LSCC,uranium,Rates,low,-0.1055,0.2274,63,0.1736,0.0445
LSCC,uranium,Bull-Bear,high,0.2104,0.0493,839,0.1736,0.0445
LSCC,uranium,Bull-Bear,low,0.1327,0.1206,241,0.1736,0.0445
LSCC,usd_strength,VIX,high,0.1919,0.3606,312,-0.5280,0.2053
LSCC,usd_strength,VIX,low,-0.6574,0.5023,254,-0.5280,0.2053
LSCC,usd_strength,Rates,high,1.8427,0.8888,63,-0.5280,0.2053
LSCC,usd_strength,Rates,low,-0.2306,0.7202,63,-0.5280,0.2053
LSCC,usd_strength,Bull-Bear,high,-0.9353,0.2706,839,-0.5280,0.2053
LSCC,usd_strength,Bull-Bear,low,-2.1115,0.4997,241,-0.5280,0.2053
LSCC,value,VIX,high,-0.0368,0.3573,312,-1.1704,0.1928
LSCC,value,VIX,low,-0.7343,0.4009,254,-1.1704,0.1928
LSCC,value,Rates,high,-0.5552,0.8440,63,-1.1704,0.1928
LSCC,value,Rates,low,0.8977,0.8680,63,-1.1704,0.1928
LSCC,value,Bull-Bear,high,-1.5436,0.2108,839,-1.1704,0.1928
LSCC,value,Bull-Bear,low,-2.3678,0.5054,241,-1.1704,0.1928
LSCC,volatility,VIX,high,0.0421,0.0283,312,-0.0464,0.0171
LSCC,volatility,VIX,low,-0.0224,0.0552,254,-0.0464,0.0171
LSCC,volatility,Rates,high,-0.0688,0.0514,63,-0.0464,0.0171
LSCC,volatility,Rates,low,0.0294,0.0666,63,-0.0464,0.0171
LSCC,volatility,Bull-Bear,high,-0.1420,0.0197,839,-0.0464,0.0171
LSCC,volatility,Bull-Bear,low,0.1804,0.0538,241,-0.0464,0.0171
LSCC,xl_consumer_defensive,VIX,high,-0.3001,0.2403,312,-1.2003,0.1317
LSCC,xl_consumer_defensive,VIX,low,-1.4253,0.3226,254,-1.2003,0.1317
LSCC,xl_consumer_defensive,Rates,high,-0.8742,0.4768,63,-1.2003,0.1317
LSCC,xl_consumer_defensive,Rates,low,-1.2839,0.5263,63,-1.2003,0.1317
LSCC,xl_consumer_defensive,Bull-Bear,high,-1.7908,0.1662,839,-1.2003,0.1317
LSCC,xl_consumer_defensive,Bull-Bear,low,-1.5308,0.2976,241,-1.2003,0.1317
LSCC,xl_financials,VIX,high,-0.1875,0.3296,312,-0.4102,0.1874
LSCC,xl_financials,VIX,low,-1.7921,0.4631,254,-0.4102,0.1874
LSCC,xl_financials,Rates,high,0.3630,0.6617,63,-0.4102,0.1874
LSCC,xl_financials,Rates,low,0.2894,0.8786,63,-0.4102,0.1874
LSCC,xl_financials,Bull-Bear,high,-0.6876,0.2284,839,-0.4102,0.1874
LSCC,xl_financials,Bull-Bear,low,-0.0967,0.4503,241,-0.4102,0.1874
LSCC,xl_healthcare,VIX,high,0.1913,0.2831,312,-0.8523,0.1447
LSCC,xl_healthcare,VIX,low,-1.5301,0.3119,254,-0.8523,0.1447
LSCC,xl_healthcare,Rates,high,-1.5915,0.6161,63,-0.8523,0.1447
LSCC,xl_healthcare,Rates,low,-0.1160,0.6051,63,-0.8523,0.1447
LSCC,xl_healthcare,Bull-Bear,high,-1.1594,0.1684,839,-0.8523,0.1447
LSCC,xl_healthcare,Bull-Bear,low,-1.5468,0.3528,241,-0.8523,0.1447
LSCC,xl_industrials,VIX,high,-0.3557,0.3926,312,0.2953,0.2146
LSCC,xl_industrials,VIX,low,1.2938,0.5052,254,0.2953,0.2146
LSCC,xl_industrials,Rates,high,-0.1900,0.9287,63,0.2953,0.2146
LSCC,xl_industrials,Rates,low,-1.7299,1.0186,63,0.2953,0.2146
LSCC,xl_industrials,Bull-Bear,high,0.5743,0.2596,839,0.2953,0.2146
LSCC,xl_industrials,Bull-Bear,low,-0.1151,0.5249,241,0.2953,0.2146
LSCC,xl_real_estate,VIX,high,-0.1308,0.1850,312,-0.5195,0.0982
LSCC,xl_real_estate,VIX,low,-0.1737,0.2171,254,-0.5195,0.0982
LSCC,xl_real_estate,Rates,high,-0.9430,0.3832,63,-0.5195,0.0982
LSCC,xl_real_estate,Rates,low,0.9132,0.3000,63,-0.5195,0.0982
LSCC,xl_real_estate,Bull-Bear,high,-0.7695,0.1186,839,-0.5195,0.0982
LSCC,xl_real_estate,Bull-Bear,low,-0.7301,0.2349,241,-0.5195,0.0982
LSCC,xl_utilities,VIX,high,-0.1634,0.1522,312,-0.7031,0.0841
LSCC,xl_utilities,VIX,low,-0.6829,0.2013,254,-0.7031,0.0841
LSCC,xl_utilities,Rates,high,-0.3636,0.2636,63,-0.7031,0.0841
LSCC,xl_utilities,Rates,low,0.0176,0.3440,63,-0.7031,0.0841
LSCC,xl_utilities,Bull-Bear,high,-1.1235,0.1044,839,-0.7031,0.0841
LSCC,xl_utilities,Bull-Bear,low,-0.8409,0.1950,241,-0.7031,0.0841
MCD,biotech,VIX,high,-0.1725,0.1139,312,-0.0750,0.0397
MCD,biotech,VIX,low,0.1738,0.0748,254,-0.0750,0.0397
MCD,biotech,Rates,high,-0.4215,0.2176,63,-0.0750,0.0397
MCD,biotech,Rates,low,-0.2933,0.3356,63,-0.0750,0.0397
MCD,biotech,Bull-Bear,high,-0.0511,0.0342,839,-0.0750,0.0397
MCD,biotech,Bull-Bear,low,-0.0218,0.0910,241,-0.0750,0.0397
MCD,china_a_shares,VIX,high,0.0308,0.0861,312,-0.0187,0.0274
MCD,china_a_shares,VIX,low,0.0087,0.0489,254,-0.0187,0.0274
MCD,china_a_shares,Rates,high,0.1076,0.1366,63,-0.0187,0.0274
MCD,china_a_shares,Rates,low,0.3657,0.2539,63,-0.0187,0.0274
MCD,china_a_shares,Bull-Bear,high,-0.0203,0.0234,839,-0.0187,0.0274
MCD,china_a_shares,Bull-Bear,low,-0.1288,0.0677,241,-0.0187,0.0274
MCD,china_exposure,VIX,high,-0.0816,0.0694,312,-0.0405,0.0234
MCD,china_exposure,VIX,low,-0.0192,0.0367,254,-0.0405,0.0234
MCD,china_exposure,Rates,high,-0.0286,0.1131,63,-0.0405,0.0234
MCD,china_exposure,Rates,low,-0.2114,0.2078,63,-0.0405,0.0234
MCD,china_exposure,Bull-Bear,high,-0.0202,0.0211,839,-0.0405,0.0234
MCD,china_exposure,Bull-Bear,low,-0.0335,0.0468,241,-0.0405,0.0234
MCD,copper,VIX,high,-0.0033,0.0876,312,-0.0021,0.0299
MCD,copper,VIX,low,-0.0584,0.0522,254,-0.0021,0.0299
MCD,copper,Rates,high,0.2886,0.1340,63,-0.0021,0.0299
MCD,copper,Rates,low,0.1569,0.2408,63,-0.0021,0.0299
MCD,copper,Bull-Bear,high,0.0188,0.0266,839,-0.0021,0.0299
MCD,copper,Bull-Bear,low,-0.0776,0.0655,241,-0.0021,0.0299
MCD,credit_hy_spread,VIX,high,0.5125,0.1806,312,0.1026,0.0841
MCD,credit_hy_spread,VIX,low,-0.7727,0.1815,254,0.1026,0.0841
MCD,credit_hy_spread,Rates,high,1.2896,0.5613,63,0.1026,0.0841
MCD,credit_hy_spread,Rates,low,2.4045,0.5423,63,0.1026,0.0841
MCD,credit_hy_spread,Bull-Bear,high,-0.3999,0.0950,839,0.1026,0.0841
MCD,credit_hy_spread,Bull-Bear,low,-0.0004,0.1535,241,0.1026,0.0841
MCD,defense,VIX,high,0.2265,0.1128,312,0.0712,0.0463
MCD,defense,VIX,low,-0.0673,0.0815,254,0.0712,0.0463
MCD,defense,Rates,high,0.4157,0.1986,63,0.0712,0.0463
MCD,defense,Rates,low,0.1279,0.2892,63,0.0712,0.0463
MCD,defense,Bull-Bear,high,0.0373,0.0442,839,0.0712,0.0463
MCD,defense,Bull-Bear,low,-0.1203,0.1005,241,0.0712,0.0463
MCD,energy_oil,VIX,high,0.0443,0.0324,312,0.0027,0.0153
MCD,energy_oil,VIX,low,-0.1638,0.0370,254,0.0027,0.0153
MCD,energy_oil,Rates,high,0.2576,0.0703,63,0.0027,0.0153
MCD,energy_oil,Rates,low,0.0940,0.1080,63,0.0027,0.0153
MCD,energy_oil,Bull-Bear,high,-0.0593,0.0194,839,0.0027,0.0153
MCD,energy_oil,Bull-Bear,low,-0.0442,0.0240,241,0.0027,0.0153
MCD,gold,VIX,high,-0.0405,0.1183,312,0.0231,0.0431
MCD,gold,VIX,low,0.0897,0.0740,254,0.0231,0.0431
MCD,gold,Rates,high,-0.2369,0.2162,63,0.0231,0.0431
MCD,gold,Rates,low,-0.1179,0.2707,63,0.0231,0.0431
MCD,gold,Bull-Bear,high,0.0636,0.0383,839,0.0231,0.0431
MCD,gold,Bull-Bear,low,-0.0640,0.1000,241,0.0231,0.0431
MCD,growth,VIX,high,0.5269,0.6000,312,-0.2872,0.2472
MCD,growth,VIX,low,-0.4056,0.5441,254,-0.2872,0.2472
MCD,growth,Rates,high,0.6722,0.9916,63,-0.2872,0.2472
MCD,growth,Rates,low,4.9274,1.3849,63,-0.2872,0.2472
MCD,growth,Bull-Bear,high,-0.8279,0.2333,839,-0.2872,0.2472
MCD,growth,Bull-Bear,low,-1.3310,0.5464,241,-0.2872,0.2472
MCD,inflation,VIX,high,0.7189,0.2841,312,0.2401,0.1274
MCD,inflation,VIX,low,-1.2750,0.2977,254,0.2401,0.1274
MCD,inflation,Rates,high,-0.5985,0.5977,63,0.2401,0.1274
MCD,inflation,Rates,low,1.4070,0.6024,63,0.2401,0.1274
MCD,inflation,Bull-Bear,high,-0.4120,0.1493,839,0.2401,0.1274
MCD,inflation,Bull-Bear,low,-0.2220,0.2238,241,0.2401,0.1274
MCD,lithium,VIX,high,-0.0561,0.0738,312,-0.0372,0.0250
MCD,lithium,VIX,low,0.0093,0.0408,254,-0.0372,0.0250
MCD,lithium,Rates,high,-0.0390,0.1295,63,-0.0372,0.0250
MCD,lithium,Rates,low,-0.4662,0.2639,63,-0.0372,0.0250
MCD,lithium,Bull-Bear,high,-0.0231,0.0210,839,-0.0372,0.0250
MCD,lithium,Bull-Bear,low,-0.0648,0.0690,241,-0.0372,0.0250
MCD,market_beta,VIX,high,0.8745,0.0386,312,0.7332,0.0236
MCD,market_beta,VIX,low,0.5259,0.1037,254,0.7332,0.0236
MCD,market_beta,Rates,high,0.6023,0.0990,63,0.7332,0.0236
MCD,market_beta,Rates,low,0.9315,0.1096,63,0.7332,0.0236
MCD,market_beta,Bull-Bear,high,0.5091,0.0359,839,0.7332,0.0236
MCD,market_beta,Bull-Bear,low,0.6449,0.0479,241,0.7332,0.0236
MCD,momentum,VIX,high,-0.1325,0.1673,312,-0.0997,0.0602
MCD,momentum,VIX,low,-0.2117,0.1211,254,-0.0997,0.0602
MCD,momentum,Rates,high,-0.1988,0.3501,63,-0.0997,0.0602
MCD,momentum,Rates,low,0.1057,0.4546,63,-0.0997,0.0602
MCD,momentum,Bull-Bear,high,-0.1229,0.0491,839,-0.0997,0.0602
MCD,momentum,Bull-Bear,low,-0.0669,0.1542,241,-0.0997,0.0602
MCD,natural_gas,VIX,high,0.0017,0.0330,312,-0.0038,0.0108
MCD,natural_gas,VIX,low,-0.0087,0.0175,254,-0.0038,0.0108
MCD,natural_gas,Rates,high,0.0661,0.0490,63,-0.0038,0.0108
MCD,natural_gas,Rates,low,0.0166,0.0946,63,-0.0038,0.0108
MCD,natural_gas,Bull-Bear,high,-0.0108,0.0094,839,-0.0038,0.0108
MCD,natural_gas,Bull-Bear,low,-0.0015,0.0239,241,-0.0038,0.0108
MCD,quality,VIX,high,-0.3053,0.4971,312,-0.1718,0.1859
MCD,quality,VIX,low,-0.4389,0.3299,254,-0.1718,0.1859
MCD,quality,Rates,high,-1.6521,0.7593,63,-0.1718,0.1859
MCD,quality,Rates,low,-0.7547,1.0523,63,-0.1718,0.1859
MCD,quality,Bull-Bear,high,-0.1018,0.1739,839,-0.1718,0.1859
MCD,quality,Bull-Bear,low,-0.3778,0.4317,241,-0.1718,0.1859
MCD,rates,VIX,high,-0.4709,0.2287,312,-0.0272,0.0835
MCD,rates,VIX,low,0.5580,0.1360,254,-0.0272,0.0835
MCD,rates,Rates,high,0.1713,0.7485,63,-0.0272,0.0835
MCD,rates,Rates,low,-1.6727,0.9108,63,-0.0272,0.0835
MCD,rates,Bull-Bear,high,0.1966,0.0852,839,-0.0272,0.0835
MCD,rates,Bull-Bear,low,0.1692,0.1613,241,-0.0272,0.0835
MCD,rates_30y,VIX,high,-0.1521,0.0978,312,0.0183,0.0373
MCD,rates_30y,VIX,low,0.2929,0.0649,254,0.0183,0.0373
MCD,rates_30y,Rates,high,0.4851,0.2011,63,0.0183,0.0373
MCD,rates_30y,Rates,low,-0.8200,0.3071,63,0.0183,0.0373
MCD,rates_30y,Bull-Bear,high,0.0829,0.0385,839,0.0183,0.0373
MCD,rates_30y,Bull-Bear,low,0.1116,0.0780,241,0.0183,0.0373
MCD,semiconductors,VIX,high,-0.5649,0.0950,312,-0.2291,0.0323
MCD,semiconductors,VIX,low,-0.1389,0.0495,254,-0.2291,0.0323
MCD,semiconductors,Rates,high,-0.3112,0.1859,63,-0.2291,0.0323
MCD,semiconductors,Rates,low,-0.8155,0.1754,63,-0.2291,0.0323
MCD,semiconductors,Bull-Bear,high,-0.0955,0.0280,839,-0.2291,0.0323
MCD,semiconductors,Bull-Bear,low,-0.1589,0.0808,241,-0.2291,0.0323
MCD,uranium,VIX,high,-0.1758,0.0644,312,-0.0533,0.0196
MCD,uranium,VIX,low,-0.0520,0.0349,254,-0.0533,0.0196
MCD,uranium,Rates,high,0.0393,0.0984,63,-0.0533,0.0196
MCD,uranium,Rates,low,-0.2934,0.1491,63,-0.0533,0.0196
MCD,uranium,Bull-Bear,high,-0.0167,0.0169,839,-0.0533,0.0196
MCD,uranium,Bull-Bear,low,-0.1597,0.0462,241,-0.0533,0.0196
MCD,usd_strength,VIX,high,0.7409,0.2177,312,0.1888,0.0901
MCD,usd_strength,VIX,low,-0.4125,0.1661,254,0.1888,0.0901
MCD,usd_strength,Rates,high,0.1453,0.4424,63,0.1888,0.0901
MCD,usd_strength,Rates,low,1.5874,0.4421,63,0.1888,0.0901
MCD,usd_strength,Bull-Bear,high,-0.4173,0.0911,839,0.1888,0.0901
MCD,usd_strength,Bull-Bear,low,-0.2845,0.2021,241,0.1888,0.0901
MCD,value,VIX,high,1.2750,0.2073,312,0.6307,0.0839
MCD,value,VIX,low,0.4243,0.1319,254,0.6307,0.0839
MCD,value,Rates,high,1.2724,0.3739,63,0.6307,0.0839
MCD,value,Rates,low,2.3606,0.5080,63,0.6307,0.0839
MCD,value,Bull-Bear,high,0.2395,0.0731,839,0.6307,0.0839
MCD,value,Bull-Bear,low,0.3953,0.2053,241,0.6307,0.0839
MCD,volatility,VIX,high,0.0591,0.0171,312,0.0188,0.0075
MCD,volatility,VIX,low,-0.0023,0.0184,254,0.0188,0.0075
MCD,volatility,Rates,high,0.0241,0.0249,63,0.0188,0.0075
MCD,volatility,Rates,low,0.0761,0.0439,63,0.0188,0.0075
MCD,volatility,Bull-Bear,high,-0.0314,0.0068,839,0.0188,0.0075
MCD,volatility,Bull-Bear,low,0.0988,0.0206,241,0.0188,0.0075
MCD,xl_consumer_defensive,VIX,high,0.4811,0.1455,312,0.4303,0.0584
MCD,xl_consumer_defensive,VIX,low,0.4808,0.1075,254,0.4303,0.0584
MCD,xl_consumer_defensive,Rates,high,0.1527,0.2351,63,0.4303,0.0584
MCD,xl_consumer_defensive,Rates,low,0.8800,0.3548,63,0.4303,0.0584
MCD,xl_consumer_defensive,Bull-Bear,high,0.4057,0.0584,839,0.4303,0.0584
MCD,xl_consumer_defensive,Bull-Bear,low,0.4199,0.1198,241,0.4303,0.0584
MCD,xl_financials,VIX,high,0.1185,0.2025,312,-0.0514,0.0823
MCD,xl_financials,VIX,low,-0.3219,0.1577,254,-0.0514,0.0823
MCD,xl_financials,Rates,high,0.1701,0.3187,63,-0.0514,0.0823
MCD,xl_financials,Rates,low,-0.1486,0.5933,63,-0.0514,0.0823
MCD,xl_financials,Bull-Bear,high,-0.2864,0.0771,839,-0.0514,0.0823
MCD,xl_financials,Bull-Bear,low,0.1881,0.1760,241,-0.0514,0.0823
MCD,xl_healthcare,VIX,high,0.5869,0.1708,312,0.3225,0.0636
MCD,xl_healthcare,VIX,low,0.4848,0.1045,254,0.3225,0.0636
MCD,xl_healthcare,Rates,high,-0.1359,0.3120,63,0.3225,0.0636
MCD,xl_healthcare,Rates,low,1.5707,0.3557,63,0.3225,0.0636
MCD,xl_healthcare,Bull-Bear,high,0.1363,0.0584,839,0.3225,0.0636
MCD,xl_healthcare,Bull-Bear,low,0.2242,0.1429,241,0.3225,0.0636
MCD,xl_industrials,VIX,high,0.1967,0.2413,312,0.0843,0.0941
MCD,xl_industrials,VIX,low,-0.0719,0.1706,254,0.0843,0.0941
MCD,xl_industrials,Rates,high,0.3235,0.4455,63,0.0843,0.0941
MCD,xl_industrials,Rates,low,-1.0772,0.6901,63,0.0843,0.0941
MCD,xl_industrials,Bull-Bear,high,0.1452,0.0880,839,0.0843,0.0941
MCD,xl_industrials,Bull-Bear,low,-0.3424,0.2044,241,0.0843,0.0941
MCD,xl_real_estate,VIX,high,0.5208,0.1099,312,0.2680,0.0429
MCD,xl_real_estate,VIX,low,0.1566,0.0718,254,0.2680,0.0429
MCD,xl_real_estate,Rates,high,0.2875,0.1899,63,0.2680,0.0429
MCD,xl_real_estate,Rates,low,1.1067,0.1648,63,0.2680,0.0429
MCD,xl_real_estate,Bull-Bear,high,0.1079,0.0410,839,0.2680,0.0429
MCD,xl_real_estate,Bull-Bear,low,0.2066,0.0929,241,0.2680,0.0429
MCD,xl_utilities,VIX,high,0.4281,0.0905,312,0.2611,0.0372
MCD,xl_utilities,VIX,low,0.2051,0.0674,254,0.2611,0.0372
MCD,xl_utilities,Rates,high,0.0065,0.1289,63,0.2611,0.0372
MCD,xl_utilities,Rates,low,1.0408,0.1902,63,0.2611,0.0372
MCD,xl_utilities,Bull-Bear,high,0.1310,0.0374,839,0.2611,0.0372
MCD,xl_utilities,Bull-Bear,low,0.2784,0.0772,241,0.2611,0.0372
META,biotech,VIX,high,0.4159,0.1712,312,0.0777,0.0771
META,biotech,VIX,low,-0.5338,0.1490,254,0.0777,0.0771
META,biotech,Rates,high,-0.3688,0.4576,63,0.0777,0.0771
META,biotech,Rates,low,0.8412,0.4648,63,0.0777,0.0771
META,biotech,Bull-Bear,high,-0.0608,0.0754,839,0.0777,0.0771
META,biotech,Bull-Bear,low,0.3947,0.2370,241,0.0777,0.0771
META,china_a_shares,VIX,high,0.1473,0.1300,312,-0.0057,0.0531
META,china_a_shares,VIX,low,-0.1742,0.0983,254,-0.0057,0.0531
META,china_a_shares,Rates,high,-0.4638,0.2754,63,-0.0057,0.0531
META,china_a_shares,Rates,low,0.9909,0.3420,63,-0.0057,0.0531
META,china_a_shares,Bull-Bear,high,-0.0205,0.0514,839,-0.0057,0.0531
META,china_a_shares,Bull-Bear,low,-0.1525,0.1784,241,-0.0057,0.0531
META,china_exposure,VIX,high,0.1256,0.1049,312,0.0647,0.0454
META,china_exposure,VIX,low,-0.0519,0.0742,254,0.0647,0.0454
META,china_exposure,Rates,high,-0.2523,0.2299,63,0.0647,0.0454
META,china_exposure,Rates,low,0.5906,0.2863,63,0.0647,0.0454
META,china_exposure,Bull-Bear,high,0.0147,0.0464,839,0.0647,0.0454
META,china_exposure,Bull-Bear,low,0.1596,0.1222,241,0.0647,0.0454
META,copper,VIX,high,-0.2278,0.1319,312,-0.0788,0.0579
META,copper,VIX,low,0.1115,0.1055,254,-0.0788,0.0579
META,copper,Rates,high,-0.2845,0.2828,63,-0.0788,0.0579
META,copper,Rates,low,0.1859,0.3406,63,-0.0788,0.0579
META,copper,Bull-Bear,high,-0.0295,0.0586,839,-0.0788,0.0579
META,copper,Bull-Bear,low,-0.1529,0.1717,241,-0.0788,0.0579
META,credit_hy_spread,VIX,high,0.0977,0.2766,312,-0.4466,0.1627
META,credit_hy_spread,VIX,low,-1.0919,0.3737,254,-0.4466,0.1627
META,credit_hy_spread,Rates,high,0.3543,1.1996,63,-0.4466,0.1627
META,credit_hy_spread,Rates,low,1.7007,0.8539,63,-0.4466,0.1627
META,credit_hy_spread,Bull-Bear,high,-1.3466,0.2060,839,-0.4466,0.1627
META,credit_hy_spread,Bull-Bear,low,-0.4929,0.4008,241,-0.4466,0.1627
META,defense,VIX,high,-0.2134,0.1712,312,-0.1283,0.0897
META,defense,VIX,low,0.1033,0.1649,254,-0.1283,0.0897
META,defense,Rates,high,-0.0209,0.4219,63,-0.1283,0.0897
META,defense,Rates,low,-0.2599,0.4080,63,-0.1283,0.0897
META,defense,Bull-Bear,high,0.0374,0.0972,839,-0.1283,0.0897
META,defense,Bull-Bear,low,-0.6221,0.2609,241,-0.1283,0.0897
META,energy_oil,VIX,high,-0.0072,0.0491,312,-0.0668,0.0296
META,energy_oil,VIX,low,-0.1665,0.0770,254,-0.0668,0.0296
META,energy_oil,Rates,high,-0.2579,0.1558,63,-0.0668,0.0296
META,energy_oil,Rates,low,0.1689,0.1521,63,-0.0668,0.0296
META,energy_oil,Bull-Bear,high,-0.0961,0.0427,839,-0.0668,0.0296
META,energy_oil,Bull-Bear,low,-0.1234,0.0628,241,-0.0668,0.0296
META,gold,VIX,high,-0.1913,0.1786,312,-0.0114,0.0836
META,gold,VIX,low,0.0487,0.1501,254,-0.0114,0.0836
META,gold,Rates,high,-0.6311,0.4406,63,-0.0114,0.0836
META,gold,Rates,low,-0.2559,0.3817,63,-0.0114,0.0836
META,gold,Bull-Bear,high,0.1930,0.0842,839,-0.0114,0.0836
META,gold,Bull-Bear,low,-0.3226,0.2613,241,-0.0114,0.0836
META,growth,VIX,high,1.7219,0.9031,312,1.2249,0.4783
META,growth,VIX,low,-3.0500,1.0843,254,1.2249,0.4783
META,growth,Rates,high,2.0370,2.0254,63,1.2249,0.4783
META,growth,Rates,low,5.7775,2.0192,63,1.2249,0.4783
META,growth,Bull-Bear,high,-0.1186,0.5171,839,1.2249,0.4783
META,growth,Bull-Bear,low,3.7361,1.4285,241,1.2249,0.4783
META,inflation,VIX,high,-0.0905,0.4339,312,-0.3545,0.2471
META,inflation,VIX,low,-0.8236,0.6212,254,-0.3545,0.2471
META,inflation,Rates,high,-2.0550,1.2081,63,-0.3545,0.2471
META,inflation,Rates,low,0.7877,0.8827,63,-0.3545,0.2471
META,inflation,Bull-Bear,high,-0.8628,0.3288,839,-0.3545,0.2471
META,inflation,Bull-Bear,low,-1.1690,0.5825,241,-0.3545,0.2471
META,lithium,VIX,high,-0.1879,0.1112,312,-0.0961,0.0484
META,lithium,VIX,low,-0.1420,0.0819,254,-0.0961,0.0484
META,lithium,Rates,high,-0.7733,0.2469,63,-0.0961,0.0484
META,lithium,Rates,low,-0.4732,0.3775,63,-0.0961,0.0484
META,lithium,Bull-Bear,high,-0.0482,0.0462,839,-0.0961,0.0484
META,lithium,Bull-Bear,low,-0.2905,0.1801,241,-0.0961,0.0484
META,market_beta,VIX,high,1.1451,0.0694,312,1.3291,0.0479
META,market_beta,VIX,low,1.8517,0.1865,254,1.3291,0.0479
META,market_beta,Rates,high,1.1972,0.2069,63,1.3291,0.0479
META,market_beta,Rates,low,1.4549,0.1330,63,1.3291,0.0479
META,market_beta,Bull-Bear,high,1.4856,0.0713,839,1.3291,0.0479
META,market_beta,Bull-Bear,low,1.5652,0.1320,241,1.3291,0.0479
META,momentum,VIX,high,0.1938,0.2531,312,0.0580,0.1169
META,momentum,VIX,low,1.6641,0.2229,254,0.0580,0.1169
META,momentum,Rates,high,0.9389,0.7102,63,0.0580,0.1169
META,momentum,Rates,low,-0.3240,0.6413,63,0.0580,0.1169
META,momentum,Bull-Bear,high,0.3543,0.1077,839,0.0580,0.1169
META,momentum,Bull-Bear,low,-0.6761,0.4017,241,0.0580,0.1169
META,natural_gas,VIX,high,-0.0329,0.0499,312,-0.0141,0.0210
META,natural_gas,VIX,low,-0.0146,0.0355,254,-0.0141,0.0210
META,natural_gas,Rates,high,0.0383,0.1019,63,-0.0141,0.0210
META,natural_gas,Rates,low,0.0758,0.1333,63,-0.0141,0.0210
META,natural_gas,Bull-Bear,high,-0.0402,0.0208,839,-0.0141,0.0210
META,natural_gas,Bull-Bear,low,0.0368,0.0625,241,-0.0141,0.0210
META,quality,VIX,high,0.4337,0.7518,312,2.1240,0.3555
META,quality,VIX,low,2.6298,0.6485,254,2.1240,0.3555
META,quality,Rates,high,0.9908,1.6122,63,2.1240,0.3555
META,quality,Rates,low,0.1799,1.4931,63,2.1240,0.3555
META,quality,Bull-Bear,high,1.4340,0.3795,839,2.1240,0.3555
META,quality,Bull-Bear,low,6.1640,1.0600,241,2.1240,0.3555
META,rates,VIX,high,-0.3457,0.3476,312,0.1505,0.1618
META,rates,VIX,low,0.0059,0.2840,254,0.1505,0.1618
META,rates,Rates,high,-0.6007,1.5345,63,0.1505,0.1618
META,rates,Rates,low,-0.3348,1.3215,63,0.1505,0.1618
META,rates,Bull-Bear,high,0.5947,0.1870,839,0.1505,0.1618
META,rates,Bull-Bear,low,0.5255,0.4222,241,0.1505,0.1618
META,rates_30y,VIX,high,-0.1482,0.1482,312,0.0954,0.0722
META,rates_30y,VIX,low,0.0198,0.1364,254,0.0954,0.0722
META,rates_30y,Rates,high,0.1377,0.4314,63,0.0954,0.0722
META,rates_30y,Rates,low,-0.1215,0.4583,63,0.0954,0.0722
META,rates_30y,Bull-Bear,high,0.2644,0.0844,839,0.0954,0.0722
META,rates_30y,Bull-Bear,low,0.2695,0.2044,241,0.0954,0.0722
META,semiconductors,VIX,high,-0.1681,0.1513,312,0.2058,0.0635
META,semiconductors,VIX,low,0.3328,0.0994,254,0.2058,0.0635
META,semiconductors,Rates,high,0.3178,0.3879,63,0.2058,0.0635
META,semiconductors,Rates,low,-0.0214,0.2884,63,0.2058,0.0635
META,semiconductors,Bull-Bear,high,0.2896,0.0613,839,0.2058,0.0635
META,semiconductors,Bull-Bear,low,0.4947,0.2110,241,0.2058,0.0635
META,uranium,VIX,high,-0.1257,0.0983,312,0.0098,0.0380
META,uranium,VIX,low,-0.0049,0.0709,254,0.0098,0.0380
META,uranium,Rates,high,-0.0885,0.2019,63,0.0098,0.0380
META,uranium,Rates,low,-0.2077,0.2157,63,0.0098,0.0380
META,uranium,Bull-Bear,high,-0.0090,0.0371,839,0.0098,0.0380
META,uranium,Bull-Bear,low,0.1284,0.1238,241,0.0098,0.0380
META,usd_strength,VIX,high,0.5623,0.3338,312,0.0664,0.1749
META,usd_strength,VIX,low,-0.0538,0.3399,254,0.0664,0.1749
META,usd_strength,Rates,high,0.9634,0.9002,63,0.0664,0.1749
META,usd_strength,Rates,low,0.5687,0.6837,63,0.0664,0.1749
META,usd_strength,Bull-Bear,high,-0.4527,0.2024,839,0.0664,0.1749
META,usd_strength,Bull-Bear,low,-1.3311,0.5245,241,0.0664,0.1749
META,value,VIX,high,-0.9666,0.3274,312,-1.8851,0.1575
META,value,VIX,low,-2.1644,0.2355,254,-1.8851,0.1575
META,value,Rates,high,-1.8409,0.8030,63,-1.8851,0.1575
META,value,Rates,low,-0.5004,0.8328,63,-1.8851,0.1575
META,value,Bull-Bear,high,-2.0188,0.1462,839,-1.8851,0.1575
META,value,Bull-Bear,low,-3.1849,0.5011,241,-1.8851,0.1575
META,volatility,VIX,high,0.0384,0.0263,312,0.0025,0.0145
META,volatility,VIX,low,0.0309,0.0372,254,0.0025,0.0145
META,volatility,Rates,high,-0.0545,0.0511,63,0.0025,0.0145
META,volatility,Rates,low,0.0299,0.0635,63,0.0025,0.0145
META,volatility,Bull-Bear,high,-0.0423,0.0150,839,0.0025,0.0145
META,volatility,Bull-Bear,low,0.1694,0.0554,241,0.0025,0.0145
META,xl_consumer_defensive,VIX,high,-0.0803,0.2238,312,-0.8041,0.1133
META,xl_consumer_defensive,VIX,low,-0.9639,0.2175,254,-0.8041,0.1133
META,xl_consumer_defensive,Rates,high,-0.6386,0.4770,63,-0.8041,0.1133
META,xl_consumer_defensive,Rates,low,-1.1404,0.5053,63,-0.8041,0.1133
META,xl_consumer_defensive,Bull-Bear,high,-0.9755,0.1277,839,-0.8041,0.1133
META,xl_consumer_defensive,Bull-Bear,low,-1.5005,0.3068,241,-0.8041,0.1133
META,xl_financials,VIX,high,-0.1564,0.3063,312,0.1196,0.1595
META,xl_financials,VIX,low,0.9338,0.3160,254,0.1196,0.1595
META,xl_financials,Rates,high,0.6461,0.6501,63,0.1196,0.1595
META,xl_financials,Rates,low,0.3133,0.8378,63,0.1196,0.1595
META,xl_financials,Bull-Bear,high,0.0250,0.1710,839,0.1196,0.1595
META,xl_financials,Bull-Bear,low,0.2439,0.4617,241,0.1196,0.1595
META,xl_healthcare,VIX,high,0.1442,0.2631,312,-0.7819,0.1226
META,xl_healthcare,VIX,low,-1.2170,0.2064,254,-0.7819,0.1226
META,xl_healthcare,Rates,high,-1.5841,0.6082,63,-0.7819,0.1226
META,xl_healthcare,Rates,low,0.4512,0.5745,63,-0.7819,0.1226
META,xl_healthcare,Bull-Bear,high,-0.8783,0.1253,839,-0.7819,0.1226
META,xl_healthcare,Bull-Bear,low,-1.3793,0.3655,241,-0.7819,0.1226
META,xl_industrials,VIX,high,-1.1642,0.3593,312,-0.3471,0.1822
META,xl_industrials,VIX,low,0.9755,0.3396,254,-0.3471,0.1822
META,xl_industrials,Rates,high,0.0969,0.9178,63,-0.3471,0.1822
META,xl_industrials,Rates,low,-2.9692,0.9188,63,-0.3471,0.1822
META,xl_industrials,Bull-Bear,high,0.0747,0.1939,839,-0.3471,0.1822
META,xl_industrials,Bull-Bear,low,-1.1188,0.5337,241,-0.3471,0.1822
META,xl_real_estate,VIX,high,-0.1330,0.1719,312,-0.5060,0.0832
META,xl_real_estate,VIX,low,-0.9693,0.1333,254,-0.5060,0.0832
META,xl_real_estate,Rates,high,-0.7289,0.3858,63,-0.5060,0.0832
META,xl_real_estate,Rates,low,0.4903,0.3006,63,-0.5060,0.0832
META,xl_real_estate,Bull-Bear,high,-0.6457,0.0877,839,-0.5060,0.0832
META,xl_real_estate,Bull-Bear,low,-0.7697,0.2408,241,-0.5060,0.0832
META,xl_utilities,VIX,high,-0.2115,0.1412,312,-0.5607,0.0717
META,xl_utilities,VIX,low,-0.7444,0.1307,254,-0.5607,0.0717
META,xl_utilities,Rates,high,-0.4603,0.2579,63,-0.5607,0.0717
META,xl_utilities,Rates,low,-0.0339,0.3281,63,-0.5607,0.0717
META,xl_utilities,Bull-Bear,high,-0.7176,0.0792,839,-0.5607,0.0717
META,xl_utilities,Bull-Bear,low,-0.9471,0.1985,241,-0.5607,0.0717
MRNA,biotech,VIX,high,2.1946,0.2471,312,2.1007,0.1106
MRNA,biotech,VIX,low,1.7018,0.2412,254,2.1007,0.1106
MRNA,biotech,Rates,high,2.2548,0.4265,63,2.1007,0.1106
MRNA,biotech,Rates,low,1.8400,0.5954,63,2.1007,0.1106
MRNA,biotech,Bull-Bear,high,2.0447,0.1257,839,2.1007,0.1106
MRNA,biotech,Bull-Bear,low,2.0562,0.2355,241,2.1007,0.1106
MRNA,china_a_shares,VIX,high,-0.1141,0.2086,312,0.0223,0.0864
MRNA,china_a_shares,VIX,low,0.3763,0.1693,254,0.0223,0.0864
MRNA,china_a_shares,Rates,high,-0.7228,0.3015,63,0.0223,0.0864
MRNA,china_a_shares,Rates,low,-1.3167,0.4596,63,0.0223,0.0864
MRNA,china_a_shares,Bull-Bear,high,0.1081,0.0983,839,0.0223,0.0864
MRNA,china_a_shares,Bull-Bear,low,0.2647,0.2020,241,0.0223,0.0864
MRNA,china_exposure,VIX,high,-0.0025,0.1684,312,0.1068,0.0739
MRNA,china_exposure,VIX,low,0.4150,0.1257,254,0.1068,0.0739
MRNA,china_exposure,Rates,high,-0.2396,0.2581,63,0.1068,0.0739
MRNA,china_exposure,Rates,low,-0.5302,0.3916,63,0.1068,0.0739
MRNA,china_exposure,Bull-Bear,high,0.0458,0.0887,839,0.1068,0.0739
MRNA,china_exposure,Bull-Bear,low,0.4062,0.1366,241,0.1068,0.0739
MRNA,copper,VIX,high,-0.2491,0.2117,312,-0.0560,0.0943
MRNA,copper,VIX,low,0.0190,0.1827,254,-0.0560,0.0943
MRNA,copper,Rates,high,-0.8194,0.3015,63,-0.0560,0.0943
MRNA,copper,Rates,low,-0.6855,0.4497,63,-0.0560,0.0943
MRNA,copper,Bull-Bear,high,0.0734,0.1121,839,-0.0560,0.0943
MRNA,copper,Bull-Bear,low,-0.1687,0.1948,241,-0.0560,0.0943
MRNA,credit_hy_spread,VIX,high,-0.9579,0.4398,312,-1.1994,0.2636
MRNA,credit_hy_spread,VIX,low,-1.9664,0.6449,254,-1.1994,0.2636
MRNA,credit_hy_spread,Rates,high,-0.8345,1.3397,63,-1.1994,0.2636
MRNA,credit_hy_spread,Rates,low,-2.1047,1.1515,63,-1.1994,0.2636
MRNA,credit_hy_spread,Bull-Bear,high,-1.4670,0.4007,839,-1.1994,0.2636
MRNA,credit_hy_spread,Bull-Bear,low,-1.1399,0.4501,241,-1.1994,0.2636
MRNA,defense,VIX,high,-0.6384,0.2725,312,-0.6275,0.1451
MRNA,defense,VIX,low,-1.0397,0.2777,254,-0.6275,0.1451
MRNA,defense,Rates,high,-1.5164,0.4305,63,-0.6275,0.1451
MRNA,defense,Rates,low,-1.7647,0.5007,63,-0.6275,0.1451
MRNA,defense,Bull-Bear,high,-0.5557,0.1850,839,-0.6275,0.1451
MRNA,defense,Bull-Bear,low,-0.3388,0.2987,241,-0.6275,0.1451
MRNA,energy_oil,VIX,high,-0.1294,0.0784,312,-0.1537,0.0481
MRNA,energy_oil,VIX,low,-0.2700,0.1333,254,-0.1537,0.0481
MRNA,energy_oil,Rates,high,-0.8327,0.1429,63,-0.1537,0.0481
MRNA,energy_oil,Rates,low,-0.6480,0.1887,63,-0.1537,0.0481
MRNA,energy_oil,Bull-Bear,high,-0.0867,0.0819,839,-0.1537,0.0481
MRNA,energy_oil,Bull-Bear,low,-0.1220,0.0713,241,-0.1537,0.0481
MRNA,gold,VIX,high,-0.2131,0.2863,312,-0.0311,0.1361
MRNA,gold,VIX,low,0.2470,0.2590,254,-0.0311,0.1361
MRNA,gold,Rates,high,-0.1167,0.5013,63,-0.0311,0.1361
MRNA,gold,Rates,low,-1.0106,0.4975,63,-0.0311,0.1361
MRNA,gold,Bull-Bear,high,0.1272,0.1615,839,-0.0311,0.1361
MRNA,gold,Bull-Bear,low,-0.4984,0.2957,241,-0.0311,0.1361
MRNA,growth,VIX,high,0.6305,1.4545,312,3.4891,0.7746
MRNA,growth,VIX,low,2.9609,1.8941,254,3.4891,0.7746
MRNA,growth,Rates,high,0.6524,2.2847,63,3.4891,0.7746
MRNA,growth,Rates,low,-0.5035,2.8852,63,3.4891,0.7746
MRNA,growth,Bull-Bear,high,5.6118,0.9699,839,3.4891,0.7746
MRNA,growth,Bull-Bear,low,5.2454,1.6082,241,3.4891,0.7746
MRNA,inflation,VIX,high,-1.2099,0.6916,312,-1.6071,0.4001
MRNA,inflation,VIX,low,-4.0423,1.0469,254,-1.6071,0.4001
MRNA,inflation,Rates,high,-1.9010,1.3626,63,-1.6071,0.4001
MRNA,inflation,Rates,low,-3.3004,1.1149,63,-1.6071,0.4001
MRNA,inflation,Bull-Bear,high,-1.6157,0.6289,839,-1.6071,0.4001
MRNA,inflation,Bull-Bear,low,-1.7025,0.6572,241,-1.6071,0.4001
MRNA,lithium,VIX,high,0.0029,0.1790,312,0.1226,0.0789
MRNA,lithium,VIX,low,0.3692,0.1405,254,0.1226,0.0789
MRNA,lithium,Rates,high,-0.6962,0.2841,63,0.1226,0.0789
MRNA,lithium,Rates,low,-0.1340,0.5128,63,0.1226,0.0789
MRNA,lithium,Bull-Bear,high,0.2059,0.0881,839,0.1226,0.0789
MRNA,lithium,Bull-Bear,low,-0.1870,0.2051,241,0.1226,0.0789
MRNA,market_beta,VIX,high,0.4956,0.1497,312,0.6485,0.0973
MRNA,market_beta,VIX,low,1.3078,0.3712,254,0.6485,0.0973
MRNA,market_beta,Rates,high,0.0487,0.2882,63,0.6485,0.0973
MRNA,market_beta,Rates,low,-0.4487,0.3018,63,0.6485,0.0973
MRNA,market_beta,Bull-Bear,high,0.8547,0.1655,839,0.6485,0.0973
MRNA,market_beta,Bull-Bear,low,1.3551,0.1672,241,0.6485,0.0973
MRNA,momentum,VIX,high,1.0065,0.4016,312,0.9813,0.1883
MRNA,momentum,VIX,low,-0.4915,0.4245,254,0.9813,0.1883
MRNA,momentum,Rates,high,0.1689,0.8061,63,0.9813,0.1883
MRNA,momentum,Rates,low,-0.4309,0.8606,63,0.9813,0.1883
MRNA,momentum,Bull-Bear,high,0.9892,0.2045,839,0.9813,0.1883
MRNA,momentum,Bull-Bear,low,0.7314,0.4559,241,0.9813,0.1883
MRNA,natural_gas,VIX,high,-0.0095,0.0800,312,0.0332,0.0341
MRNA,natural_gas,VIX,low,0.1095,0.0609,254,0.0332,0.0341
MRNA,natural_gas,Rates,high,-0.0612,0.1140,63,0.0332,0.0341
MRNA,natural_gas,Rates,low,0.2390,0.1768,63,0.0332,0.0341
MRNA,natural_gas,Bull-Bear,high,0.0406,0.0398,839,0.0332,0.0341
MRNA,natural_gas,Bull-Bear,low,0.0039,0.0709,241,0.0332,0.0341
MRNA,quality,VIX,high,1.8494,1.2001,312,0.6840,0.5868
MRNA,quality,VIX,low,-2.2947,1.1478,254,0.6840,0.5868
MRNA,quality,Rates,high,2.4047,1.7841,63,0.6840,0.5868
MRNA,quality,Rates,low,4.3141,1.9264,63,0.6840,0.5868
MRNA,quality,Bull-Bear,high,-0.2216,0.7320,839,0.6840,0.5868
MRNA,quality,Bull-Bear,low,2.3506,1.2758,241,0.6840,0.5868
MRNA,rates,VIX,high,1.2447,0.5531,312,1.2885,0.2610
MRNA,rates,VIX,low,2.0040,0.4743,254,1.2885,0.2610
MRNA,rates,Rates,high,-2.2807,1.6951,63,1.2885,0.2610
MRNA,rates,Rates,low,1.4607,1.7645,63,1.2885,0.2610
MRNA,rates,Bull-Bear,high,1.3623,0.3567,839,1.2885,0.2610
MRNA,rates,Bull-Bear,low,1.1848,0.4744,241,1.2885,0.2610
MRNA,rates_30y,VIX,high,0.2908,0.2371,312,0.4843,0.1169
MRNA,rates_30y,VIX,low,0.9421,0.2282,254,0.4843,0.1169
MRNA,rates_30y,Rates,high,-1.1381,0.4609,63,0.4843,0.1169
MRNA,rates_30y,Rates,low,0.7056,0.6088,63,0.4843,0.1169
MRNA,rates_30y,Bull-Bear,high,0.5878,0.1612,839,0.4843,0.1169
MRNA,rates_30y,Bull-Bear,low,0.4506,0.2309,241,0.4843,0.1169
MRNA,semiconductors,VIX,high,-0.0788,0.2428,312,0.3566,0.1034
MRNA,semiconductors,VIX,low,0.2497,0.1748,254,0.3566,0.1034
MRNA,semiconductors,Rates,high,0.1741,0.4361,63,0.3566,0.1034
MRNA,semiconductors,Rates,low,0.1452,0.3866,63,0.3566,0.1034
MRNA,semiconductors,Bull-Bear,high,0.5784,0.1170,839,0.3566,0.1034
MRNA,semiconductors,Bull-Bear,low,0.1935,0.2418,241,0.3566,0.1034
MRNA,uranium,VIX,high,-0.0086,0.1578,312,0.1017,0.0618
MRNA,uranium,VIX,low,-0.1322,0.1222,254,0.1017,0.0618
MRNA,uranium,Rates,high,-0.2968,0.2232,63,0.1017,0.0618
MRNA,uranium,Rates,low,-0.0633,0.2915,63,0.1017,0.0618
MRNA,uranium,Bull-Bear,high,0.0929,0.0709,839,0.1017,0.0618
MRNA,uranium,Bull-Bear,low,0.0934,0.1406,241,0.1017,0.0618
MRNA,usd_strength,VIX,high,-1.6217,0.5290,312,-1.5169,0.2816
MRNA,usd_strength,VIX,low,-2.5148,0.5657,254,-1.5169,0.2816
MRNA,usd_strength,Rates,high,-0.3567,1.0161,63,-1.5169,0.2816
MRNA,usd_strength,Rates,low,-3.1060,0.8326,63,-1.5169,0.2816
MRNA,usd_strength,Bull-Bear,high,-1.5524,0.3845,839,-1.5169,0.2816
MRNA,usd_strength,Bull-Bear,low,-1.2444,0.5976,241,-1.5169,0.2816
MRNA,value,VIX,high,-1.2762,0.5268,312,-0.8231,0.2697
MRNA,value,VIX,low,1.5725,0.4598,254,-0.8231,0.2697
MRNA,value,Rates,high,-1.8715,0.9057,63,-0.8231,0.2697
MRNA,value,Rates,low,-0.7432,1.1169,63,-0.8231,0.2697
MRNA,value,Bull-Bear,high,-0.2648,0.3097,839,-0.8231,0.2697
MRNA,value,Bull-Bear,low,-1.8201,0.6033,241,-0.8231,0.2697
MRNA,volatility,VIX,high,0.0113,0.0422,312,-0.0457,0.0236
MRNA,volatility,VIX,low,0.0772,0.0641,254,-0.0457,0.0236
MRNA,volatility,Rates,high,-0.1251,0.0555,63,-0.0457,0.0236
MRNA,volatility,Rates,low,0.0722,0.0848,63,-0.0457,0.0236
MRNA,volatility,Bull-Bear,high,-0.0698,0.0288,839,-0.0457,0.0236
MRNA,volatility,Bull-Bear,low,0.0538,0.0639,241,-0.0457,0.0236
MRNA,xl_consumer_defensive,VIX,high,0.2243,0.3583,312,-0.2740,0.1880
MRNA,xl_consumer_defensive,VIX,low,0.3490,0.3897,254,-0.2740,0.1880
MRNA,xl_consumer_defensive,Rates,high,0.3438,0.5400,63,-0.2740,0.1880
MRNA,xl_consumer_defensive,Rates,low,-0.8249,0.6979,63,-0.2740,0.1880
MRNA,xl_consumer_defensive,Bull-Bear,high,-0.7450,0.2514,839,-0.2740,0.1880
MRNA,xl_consumer_defensive,Bull-Bear,low,-0.5869,0.3630,241,-0.2740,0.1880
MRNA,xl_financials,VIX,high,-0.5153,0.4898,312,-0.7682,0.2589
MRNA,xl_financials,VIX,low,-1.9879,0.5413,254,-0.7682,0.2589
MRNA,xl_financials,Rates,high,-0.0235,0.7337,63,-0.7682,0.2589
MRNA,xl_financials,Rates,low,0.3520,1.1248,63,-0.7682,0.2589
MRNA,xl_financials,Bull-Bear,high,-1.3380,0.3238,839,-0.7682,0.2589
MRNA,xl_financials,Bull-Bear,low,0.6414,0.5225,241,-0.7682,0.2589
MRNA,xl_healthcare,VIX,high,0.8897,0.4185,312,0.6074,0.2022
MRNA,xl_healthcare,VIX,low,0.8209,0.3770,254,0.6074,0.2022
MRNA,xl_healthcare,Rates,high,1.3657,0.6961,63,0.6074,0.2022
MRNA,xl_healthcare,Rates,low,-0.3904,0.7732,63,0.6074,0.2022
MRNA,xl_healthcare,Bull-Bear,high,0.7346,0.2452,839,0.6074,0.2022
MRNA,xl_healthcare,Bull-Bear,low,0.0186,0.4269,241,0.6074,0.2022
MRNA,xl_industrials,VIX,high,-0.8414,0.5831,312,-0.9482,0.2959
MRNA,xl_industrials,VIX,low,-1.4954,0.5890,254,-0.9482,0.2959
MRNA,xl_industrials,Rates,high,-1.0608,1.0186,63,-0.9482,0.2959
MRNA,xl_industrials,Rates,low,0.9781,1.3285,63,-0.9482,0.2959
MRNA,xl_industrials,Bull-Bear,high,-0.9977,0.3693,839,-0.9482,0.2959
MRNA,xl_industrials,Bull-Bear,low,-0.3010,0.6107,241,-0.9482,0.2959
MRNA,xl_real_estate,VIX,high,-0.7022,0.2727,312,-0.3343,0.1371
MRNA,xl_real_estate,VIX,low,0.7999,0.2483,254,-0.3343,0.1371
MRNA,xl_real_estate,Rates,high,-0.4975,0.4398,63,-0.3343,0.1371
MRNA,xl_real_estate,Rates,low,-0.6808,0.4028,63,-0.3343,0.1371
MRNA,xl_real_estate,Bull-Bear,high,-0.0876,0.1731,839,-0.3343,0.1371
MRNA,xl_real_estate,Bull-Bear,low,-0.5304,0.2768,241,-0.3343,0.1371
MRNA,xl_utilities,VIX,high,0.0017,0.2269,312,-0.1914,0.1195
MRNA,xl_utilities,VIX,low,0.2692,0.2394,254,-0.1914,0.1195
MRNA,xl_utilities,Rates,high,0.2765,0.2940,63,-0.1914,0.1195
MRNA,xl_utilities,Rates,low,-0.7455,0.4299,63,-0.1914,0.1195
MRNA,xl_utilities,Bull-Bear,high,-0.2592,0.1585,839,-0.1914,0.1195
MRNA,xl_utilities,Bull-Bear,low,-0.5550,0.2329,241,-0.1914,0.1195
MSFT,biotech,VIX,high,0.2619,0.1329,312,0.0119,0.0518
MSFT,biotech,VIX,low,-0.3576,0.0871,254,0.0119,0.0518
MSFT,biotech,Rates,high,0.0810,0.2988,63,0.0119,0.0518
MSFT,biotech,Rates,low,0.1367,0.3718,63,0.0119,0.0518
MSFT,biotech,Bull-Bear,high,-0.0452,0.0505,839,0.0119,0.0518
MSFT,biotech,Bull-Bear,low,0.1736,0.1301,241,0.0119,0.0518
MSFT,china_a_shares,VIX,high,0.0894,0.1007,312,-0.0175,0.0357
MSFT,china_a_shares,VIX,low,0.0197,0.0583,254,-0.0175,0.0357
MSFT,china_a_shares,Rates,high,-0.0424,0.1830,63,-0.0175,0.0357
MSFT,china_a_shares,Rates,low,0.7545,0.2677,63,-0.0175,0.0357
MSFT,china_a_shares,Bull-Bear,high,-0.0147,0.0344,839,-0.0175,0.0357
MSFT,china_a_shares,Bull-Bear,low,-0.1570,0.0973,241,-0.0175,0.0357
MSFT,china_exposure,VIX,high,-0.0393,0.0814,312,-0.0257,0.0305
MSFT,china_exposure,VIX,low,0.0181,0.0438,254,-0.0257,0.0305
MSFT,china_exposure,Rates,high,-0.0928,0.1504,63,-0.0257,0.0305
MSFT,china_exposure,Rates,low,0.0397,0.2309,63,-0.0257,0.0305
MSFT,china_exposure,Bull-Bear,high,-0.0302,0.0310,839,-0.0257,0.0305
MSFT,china_exposure,Bull-Bear,low,0.0151,0.0672,241,-0.0257,0.0305
MSFT,copper,VIX,high,-0.2557,0.1015,312,-0.0761,0.0389
MSFT,copper,VIX,low,0.0401,0.0622,254,-0.0761,0.0389
MSFT,copper,Rates,high,-0.3217,0.1807,63,-0.0761,0.0389
MSFT,copper,Rates,low,0.0645,0.2662,63,-0.0761,0.0389
MSFT,copper,Bull-Bear,high,0.0029,0.0392,839,-0.0761,0.0389
MSFT,copper,Bull-Bear,low,-0.1279,0.0938,241,-0.0761,0.0389
MSFT,credit_hy_spread,VIX,high,0.1654,0.2139,312,-0.3746,0.1092
MSFT,credit_hy_spread,VIX,low,-0.9414,0.2159,254,-0.3746,0.1092
MSFT,credit_hy_spread,Rates,high,1.5934,0.7530,63,-0.3746,0.1092
MSFT,credit_hy_spread,Rates,low,1.9153,0.6422,63,-0.3746,0.1092
MSFT,credit_hy_spread,Bull-Bear,high,-1.3229,0.1337,839,-0.3746,0.1092
MSFT,credit_hy_spread,Bull-Bear,low,-0.4304,0.2184,241,-0.3746,0.1092
MSFT,defense,VIX,high,-0.1063,0.1327,312,-0.1172,0.0603
MSFT,defense,VIX,low,-0.0716,0.0972,254,-0.1172,0.0603
MSFT,defense,Rates,high,-0.4782,0.2672,63,-0.1172,0.0603
MSFT,defense,Rates,low,0.1972,0.3183,63,-0.1172,0.0603
MSFT,defense,Bull-Bear,high,-0.0082,0.0651,839,-0.1172,0.0603
MSFT,defense,Bull-Bear,low,-0.3231,0.1430,241,-0.1172,0.0603
MSFT,energy_oil,VIX,high,-0.0052,0.0380,312,-0.0430,0.0199
MSFT,energy_oil,VIX,low,-0.1146,0.0452,254,-0.0430,0.0199
MSFT,energy_oil,Rates,high,-0.0753,0.1030,63,-0.0430,0.0199
MSFT,energy_oil,Rates,low,0.1941,0.1172,63,-0.0430,0.0199
MSFT,energy_oil,Bull-Bear,high,-0.0469,0.0286,839,-0.0430,0.0199
MSFT,energy_oil,Bull-Bear,low,-0.0805,0.0343,241,-0.0430,0.0199
MSFT,gold,VIX,high,-0.1470,0.1382,312,-0.0070,0.0562
MSFT,gold,VIX,low,-0.0343,0.0884,254,-0.0070,0.0562
MSFT,gold,Rates,high,-0.1821,0.2902,63,-0.0070,0.0562
MSFT,gold,Rates,low,-0.1223,0.2984,63,-0.0070,0.0562
MSFT,gold,Bull-Bear,high,0.1416,0.0563,839,-0.0070,0.0562
MSFT,gold,Bull-Bear,low,-0.1961,0.1430,241,-0.0070,0.0562
MSFT,growth,VIX,high,0.7049,0.7018,312,0.2807,0.3223
MSFT,growth,VIX,low,-3.6247,0.6073,254,0.2807,0.3223
MSFT,growth,Rates,high,3.3525,1.2558,63,0.2807,0.3223
MSFT,growth,Rates,low,4.4245,1.5790,63,0.2807,0.3223
MSFT,growth,Bull-Bear,high,-0.0960,0.3461,839,0.2807,0.3223
MSFT,growth,Bull-Bear,low,0.5023,0.7927,241,0.2807,0.3223
MSFT,inflation,VIX,high,-0.0392,0.3358,312,-0.2659,0.1661
MSFT,inflation,VIX,low,-0.7059,0.3646,254,-0.2659,0.1661
MSFT,inflation,Rates,high,-2.5829,0.7323,63,-0.2659,0.1661
MSFT,inflation,Rates,low,1.0665,0.6795,63,-0.2659,0.1661
MSFT,inflation,Bull-Bear,high,-0.7093,0.2196,839,-0.2659,0.1661
MSFT,inflation,Bull-Bear,low,-0.7662,0.3178,241,-0.2659,0.1661
MSFT,lithium,VIX,high,-0.1750,0.0859,312,-0.0715,0.0325
MSFT,lithium,VIX,low,-0.0597,0.0484,254,-0.0715,0.0325
MSFT,lithium,Rates,high,-0.4873,0.1612,63,-0.0715,0.0325
MSFT,lithium,Rates,low,-0.6551,0.2862,63,-0.0715,0.0325
MSFT,lithium,Bull-Bear,high,-0.0107,0.0309,839,-0.0715,0.0325
MSFT,lithium,Bull-Bear,low,-0.2167,0.0982,241,-0.0715,0.0325
MSFT,market_beta,VIX,high,1.1475,0.0342,312,1.1876,0.0234
MSFT,market_beta,VIX,low,1.3518,0.0977,254,1.1876,0.0234
MSFT,market_beta,Rates,high,1.1536,0.0786,63,1.1876,0.0234
MSFT,market_beta,Rates,low,1.2423,0.0811,63,1.1876,0.0234
MSFT,market_beta,Bull-Bear,high,1.2433,0.0402,839,1.1876,0.0234
MSFT,market_beta,Bull-Bear,low,1.1869,0.0491,241,1.1876,0.0234
MSFT,momentum,VIX,high,0.3905,0.1948,312,0.1675,0.0785
MSFT,momentum,VIX,low,0.8419,0.1351,254,0.1675,0.0785
MSFT,momentum,Rates,high,0.0694,0.4680,63,0.1675,0.0785
MSFT,momentum,Rates,low,-0.0462,0.5012,63,0.1675,0.0785
MSFT,momentum,Bull-Bear,high,0.3729,0.0714,839,0.1675,0.0785
MSFT,momentum,Bull-Bear,low,-0.2123,0.2208,241,0.1675,0.0785
MSFT,natural_gas,VIX,high,0.0066,0.0387,312,0.0004,0.0141
MSFT,natural_gas,VIX,low,-0.0138,0.0209,254,0.0004,0.0141
MSFT,natural_gas,Rates,high,0.0232,0.0662,63,0.0004,0.0141
MSFT,natural_gas,Rates,low,-0.0422,0.1041,63,0.0004,0.0141
MSFT,natural_gas,Bull-Bear,high,0.0042,0.0139,839,0.0004,0.0141
MSFT,natural_gas,Bull-Bear,low,0.0105,0.0342,241,0.0004,0.0141
MSFT,quality,VIX,high,-1.3162,0.5772,312,-0.1547,0.2423
MSFT,quality,VIX,low,0.6874,0.3920,254,-0.1547,0.2423
MSFT,quality,Rates,high,-2.2597,1.0104,63,-0.1547,0.2423
MSFT,quality,Rates,low,-0.2826,1.1643,63,-0.1547,0.2423
MSFT,quality,Bull-Bear,high,-0.0607,0.2562,839,-0.1547,0.2423
MSFT,quality,Bull-Bear,low,1.1704,0.6156,241,-0.1547,0.2423
MSFT,rates,VIX,high,-0.4225,0.2683,312,0.1095,0.1087
MSFT,rates,VIX,low,0.0951,0.1672,254,0.1095,0.1087
MSFT,rates,Rates,high,-1.5936,0.9774,63,0.1095,0.1087
MSFT,rates,Rates,low,-1.0218,1.0231,63,0.1095,0.1087
MSFT,rates,Bull-Bear,high,0.4572,0.1249,839,0.1095,0.1087
MSFT,rates,Bull-Bear,low,0.4211,0.2303,241,0.1095,0.1087
MSFT,rates_30y,VIX,high,-0.2262,0.1141,312,0.0480,0.0486
MSFT,rates_30y,VIX,low,0.0557,0.0803,254,0.0480,0.0486
MSFT,rates_30y,Rates,high,-0.2510,0.2787,63,0.0480,0.0486
MSFT,rates_30y,Rates,low,-0.7253,0.3455,63,0.0480,0.0486
MSFT,rates_30y,Bull-Bear,high,0.2294,0.0563,839,0.0480,0.0486
MSFT,rates_30y,Bull-Bear,low,0.1626,0.1118,241,0.0480,0.0486
MSFT,semiconductors,VIX,high,-0.2704,0.1163,312,0.1146,0.0428
MSFT,semiconductors,VIX,low,0.2097,0.0583,254,0.1146,0.0428
MSFT,semiconductors,Rates,high,-0.1380,0.2528,63,0.1146,0.0428
MSFT,semiconductors,Rates,low,-0.2071,0.2234,63,0.1146,0.0428
MSFT,semiconductors,Bull-Bear,high,0.2680,0.0405,839,0.1146,0.0428
MSFT,semiconductors,Bull-Bear,low,0.1819,0.1163,241,0.1146,0.0428
MSFT,uranium,VIX,high,-0.1938,0.0754,312,-0.0366,0.0255
MSFT,uranium,VIX,low,0.0095,0.0417,254,-0.0366,0.0255
MSFT,uranium,Rates,high,0.0787,0.1310,63,-0.0366,0.0255
MSFT,uranium,Rates,low,-0.2078,0.1674,63,-0.0366,0.0255
MSFT,uranium,Bull-Bear,high,-0.0134,0.0248,839,-0.0366,0.0255
MSFT,uranium,Bull-Bear,low,-0.0096,0.0679,241,-0.0366,0.0255
MSFT,usd_strength,VIX,high,1.1042,0.2518,312,0.2625,0.1173
MSFT,usd_strength,VIX,low,0.0285,0.2003,254,0.2625,0.1173
MSFT,usd_strength,Rates,high,1.2445,0.5686,63,0.2625,0.1173
MSFT,usd_strength,Rates,low,1.2473,0.5120,63,0.2625,0.1173
MSFT,usd_strength,Bull-Bear,high,-0.3310,0.1354,839,0.2625,0.1173
MSFT,usd_strength,Bull-Bear,low,-0.7653,0.2868,241,0.2625,0.1173
MSFT,value,VIX,high,-0.5685,0.2549,312,-1.3780,0.1047
MSFT,value,VIX,low,-1.5554,0.1269,254,-1.3780,0.1047
MSFT,value,Rates,high,0.2137,0.5432,63,-1.3780,0.1047
MSFT,value,Rates,low,-0.2958,0.6505,63,-1.3780,0.1047
MSFT,value,Bull-Bear,high,-1.7455,0.0901,839,-1.3780,0.1047
MSFT,value,Bull-Bear,low,-2.1441,0.2623,241,-1.3780,0.1047
MSFT,volatility,VIX,high,0.0563,0.0201,312,0.0004,0.0098
MSFT,volatility,VIX,low,0.0181,0.0219,254,0.0004,0.0098
MSFT,volatility,Rates,high,-0.0213,0.0334,63,0.0004,0.0098
MSFT,volatility,Rates,low,0.0706,0.0488,63,0.0004,0.0098
MSFT,volatility,Bull-Bear,high,-0.0517,0.0099,839,0.0004,0.0098
MSFT,volatility,Bull-Bear,low,0.1394,0.0296,241,0.0004,0.0098
MSFT,xl_consumer_defensive,VIX,high,0.4817,0.1711,312,-0.2226,0.0774
MSFT,xl_consumer_defensive,VIX,low,-0.5431,0.1286,254,-0.2226,0.0774
MSFT,xl_consumer_defensive,Rates,high,0.2925,0.3123,63,-0.2226,0.0774
MSFT,xl_consumer_defensive,Rates,low,-0.2190,0.4093,63,-0.2226,0.0774
MSFT,xl_consumer_defensive,Bull-Bear,high,-0.7186,0.0849,839,-0.2226,0.0774
MSFT,xl_consumer_defensive,Bull-Bear,low,-0.4603,0.1737,241,-0.2226,0.0774
MSFT,xl_financials,VIX,high,-0.3081,0.2364,312,0.0155,0.1072
MSFT,xl_financials,VIX,low,0.5740,0.1859,254,0.0155,0.1072
MSFT,xl_financials,Rates,high,0.0259,0.4259,63,0.0155,0.1072
MSFT,xl_financials,Rates,low,-0.3344,0.6529,63,0.0155,0.1072
MSFT,xl_financials,Bull-Bear,high,-0.0785,0.1144,839,0.0155,0.1072
MSFT,xl_financials,Bull-Bear,low,0.2440,0.2525,241,0.0155,0.1072
MSFT,xl_healthcare,VIX,high,0.6055,0.2008,312,-0.1935,0.0836
MSFT,xl_healthcare,VIX,low,-0.6578,0.1229,254,-0.1935,0.0836
MSFT,xl_healthcare,Rates,high,-0.1978,0.4159,63,-0.1935,0.0836
MSFT,xl_healthcare,Rates,low,0.6206,0.4433,63,-0.1935,0.0836
MSFT,xl_healthcare,Bull-Bear,high,-0.4722,0.0847,839,-0.1935,0.0836
MSFT,xl_healthcare,Bull-Bear,low,-0.4507,0.2040,241,-0.1935,0.0836
MSFT,xl_industrials,VIX,high,-0.8307,0.2787,312,-0.3418,0.1223
MSFT,xl_industrials,VIX,low,0.3716,0.2020,254,-0.3418,0.1223
MSFT,xl_industrials,Rates,high,-1.0794,0.5803,63,-0.3418,0.1223
MSFT,xl_industrials,Rates,low,-1.5409,0.7502,63,-0.3418,0.1223
MSFT,xl_industrials,Bull-Bear,high,0.0099,0.1298,839,-0.3418,0.1223
MSFT,xl_industrials,Bull-Bear,low,-0.7481,0.2909,241,-0.3418,0.1223
MSFT,xl_real_estate,VIX,high,-0.0351,0.1331,312,-0.2818,0.0562
MSFT,xl_real_estate,VIX,low,-0.6028,0.0776,254,-0.2818,0.0562
MSFT,xl_real_estate,Rates,high,-0.1026,0.2576,63,-0.2818,0.0562
MSFT,xl_real_estate,Rates,low,0.5823,0.2277,63,-0.2818,0.0562
MSFT,xl_real_estate,Bull-Bear,high,-0.4887,0.0582,839,-0.2818,0.0562
MSFT,xl_real_estate,Bull-Bear,low,-0.4715,0.1311,241,-0.2818,0.0562
MSFT,xl_utilities,VIX,high,0.1125,0.1095,312,-0.2395,0.0489
MSFT,xl_utilities,VIX,low,-0.4716,0.0762,254,-0.2395,0.0489
MSFT,xl_utilities,Rates,high,0.1088,0.1713,63,-0.2395,0.0489
MSFT,xl_utilities,Rates,low,0.4346,0.2499,63,-0.2395,0.0489
MSFT,xl_utilities,Bull-Bear,high,-0.5572,0.0521,839,-0.2395,0.0489
MSFT,xl_utilities,Bull-Bear,low,-0.3573,0.1114,241,-0.2395,0.0489
NEE,biotech,VIX,high,0.0471,0.1287,312,0.1002,0.0517
NEE,biotech,VIX,low,0.4501,0.1090,254,0.1002,0.0517
NEE,biotech,Rates,high,1.0082,0.2968,63,0.1002,0.0517
NEE,biotech,Rates,low,-0.2986,0.3256,63,0.1002,0.0517
NEE,biotech,Bull-Bear,high,0.0913,0.0495,839,0.1002,0.0517
NEE,biotech,Bull-Bear,low,0.1413,0.1377,241,0.1002,0.0517
NEE,china_a_shares,VIX,high,-0.0420,0.0970,312,-0.0351,0.0356
NEE,china_a_shares,VIX,low,-0.0264,0.0729,254,-0.0351,0.0356
NEE,china_a_shares,Rates,high,0.0532,0.1981,63,-0.0351,0.0356
NEE,china_a_shares,Rates,low,0.1807,0.2496,63,-0.0351,0.0356
NEE,china_a_shares,Bull-Bear,high,-0.0222,0.0338,839,-0.0351,0.0356
NEE,china_a_shares,Bull-Bear,low,-0.0698,0.1033,241,-0.0351,0.0356
NEE,china_exposure,VIX,high,-0.1350,0.0780,312,-0.0209,0.0305
NEE,china_exposure,VIX,low,0.0473,0.0547,254,-0.0209,0.0305
NEE,china_exposure,Rates,high,0.0046,0.1633,63,-0.0209,0.0305
NEE,china_exposure,Rates,low,-0.3461,0.1986,63,-0.0209,0.0305
NEE,china_exposure,Bull-Bear,high,0.0175,0.0305,839,-0.0209,0.0305
NEE,china_exposure,Bull-Bear,low,0.0178,0.0710,241,-0.0209,0.0305
NEE,copper,VIX,high,-0.1604,0.0983,312,-0.0469,0.0389
NEE,copper,VIX,low,0.2062,0.0768,254,-0.0469,0.0389
NEE,copper,Rates,high,0.0725,0.2004,63,-0.0469,0.0389
NEE,copper,Rates,low,0.0803,0.2344,63,-0.0469,0.0389
NEE,copper,Bull-Bear,high,0.0033,0.0386,839,-0.0469,0.0389
NEE,copper,Bull-Bear,low,-0.0214,0.0995,241,-0.0469,0.0389
NEE,credit_hy_spread,VIX,high,0.5418,0.2038,312,-0.1455,0.1095
NEE,credit_hy_spread,VIX,low,-1.1971,0.2698,254,-0.1455,0.1095
NEE,credit_hy_spread,Rates,high,2.4269,0.7853,63,-0.1455,0.1095
NEE,credit_hy_spread,Rates,low,2.0758,0.5441,63,-0.1455,0.1095
NEE,credit_hy_spread,Bull-Bear,high,-0.9606,0.1349,839,-0.1455,0.1095
NEE,credit_hy_spread,Bull-Bear,low,-0.1534,0.2325,241,-0.1455,0.1095
NEE,defense,VIX,high,0.0245,0.1279,312,-0.1139,0.0602
NEE,defense,VIX,low,-0.3279,0.1199,254,-0.1139,0.0602
NEE,defense,Rates,high,-0.5997,0.2867,63,-0.1139,0.0602
NEE,defense,Rates,low,-0.3266,0.2781,63,-0.1139,0.0602
NEE,defense,Bull-Bear,high,-0.1927,0.0636,839,-0.1139,0.0602
NEE,defense,Bull-Bear,low,-0.0483,0.1527,241,-0.1139,0.0602
NEE,energy_oil,VIX,high,-0.0518,0.0365,312,-0.0598,0.0198
NEE,energy_oil,VIX,low,0.0082,0.0573,254,-0.0598,0.0198
NEE,energy_oil,Rates,high,-0.0134,0.1120,63,-0.0598,0.0198
NEE,energy_oil,Rates,low,0.1101,0.1046,63,-0.0598,0.0198
NEE,energy_oil,Bull-Bear,high,-0.0824,0.0280,839,-0.0598,0.0198
NEE,energy_oil,Bull-Bear,low,-0.0610,0.0364,241,-0.0598,0.0198
NEE,gold,VIX,high,0.1824,0.1329,312,0.2523,0.0557
NEE,gold,VIX,low,0.4243,0.1074,254,0.2523,0.0557
NEE,gold,Rates,high,0.6627,0.3035,63,0.2523,0.0557
NEE,gold,Rates,low,-0.0283,0.2632,63,0.2523,0.0557
NEE,gold,Bull-Bear,high,0.1932,0.0552,839,0.2523,0.0557
NEE,gold,Bull-Bear,low,0.2981,0.1505,241,0.2523,0.0557
NEE,growth,VIX,high,0.1337,0.6768,312,0.1139,0.3221
NEE,growth,VIX,low,0.9380,0.8096,254,0.1139,0.3221
NEE,growth,Rates,high,4.6733,1.3062,63,0.1139,0.3221
NEE,growth,Rates,low,2.7255,1.4358,63,0.1139,0.3221
NEE,growth,Bull-Bear,high,-0.1132,0.3403,839,0.1139,0.3221
NEE,growth,Bull-Bear,low,-0.9032,0.8365,241,0.1139,0.3221
NEE,inflation,VIX,high,0.0212,0.3233,312,-0.5528,0.1653
NEE,inflation,VIX,low,-1.6673,0.4474,254,-0.5528,0.1653
NEE,inflation,Rates,high,-0.4832,0.8676,63,-0.5528,0.1653
NEE,inflation,Rates,low,-0.0127,0.6105,63,-0.5528,0.1653
NEE,inflation,Bull-Bear,high,-1.0981,0.2139,839,-0.5528,0.1653
NEE,inflation,Bull-Bear,low,-0.4130,0.3389,241,-0.5528,0.1653
NEE,lithium,VIX,high,-0.1295,0.0829,312,-0.0251,0.0326
NEE,lithium,VIX,low,0.1697,0.0598,254,-0.0251,0.0326
NEE,lithium,Rates,high,-0.1151,0.1865,63,-0.0251,0.0326
NEE,lithium,Rates,low,-0.4313,0.2568,63,-0.0251,0.0326
NEE,lithium,Bull-Bear,high,0.0174,0.0304,839,-0.0251,0.0326
NEE,lithium,Bull-Bear,low,-0.0307,0.1048,241,-0.0251,0.0326
NEE,market_beta,VIX,high,0.9172,0.0480,312,0.8093,0.0339
NEE,market_beta,VIX,low,0.6018,0.1577,254,0.8093,0.0339
NEE,market_beta,Rates,high,0.5695,0.1658,63,0.8093,0.0339
NEE,market_beta,Rates,low,0.9533,0.0992,63,0.8093,0.0339
NEE,market_beta,Bull-Bear,high,0.5722,0.0544,839,0.8093,0.0339
NEE,market_beta,Bull-Bear,low,0.8220,0.0803,241,0.8093,0.0339
NEE,momentum,VIX,high,0.0389,0.1887,312,-0.0342,0.0785
NEE,momentum,VIX,low,-0.3412,0.1803,254,-0.0342,0.0785
NEE,momentum,Rates,high,0.1011,0.5066,63,-0.0342,0.0785
NEE,momentum,Rates,low,-0.6523,0.4336,63,-0.0342,0.0785
NEE,momentum,Bull-Bear,high,-0.0030,0.0713,839,-0.0342,0.0785
NEE,momentum,Bull-Bear,low,-0.4969,0.2316,241,-0.0342,0.0785
NEE,natural_gas,VIX,high,-0.0258,0.0372,312,-0.0054,0.0141
NEE,natural_gas,VIX,low,-0.0149,0.0261,254,-0.0054,0.0141
NEE,natural_gas,Rates,high,-0.0014,0.0718,63,-0.0054,0.0141
NEE,natural_gas,Rates,low,0.0903,0.0911,63,-0.0054,0.0141
NEE,natural_gas,Bull-Bear,high,-0.0010,0.0137,839,-0.0054,0.0141
NEE,natural_gas,Bull-Bear,low,0.0083,0.0362,241,-0.0054,0.0141
NEE,quality,VIX,high,-0.4758,0.5598,312,-0.3699,0.2419
NEE,quality,VIX,low,-2.2076,0.4734,254,-0.3699,0.2419
NEE,quality,Rates,high,-2.9947,1.0712,63,-0.3699,0.2419
NEE,quality,Rates,low,1.2885,1.0127,63,-0.3699,0.2419
NEE,quality,Bull-Bear,high,-0.5880,0.2510,839,-0.3699,0.2419
NEE,quality,Bull-Bear,low,-0.0474,0.6555,241,-0.3699,0.2419
NEE,rates,VIX,high,-0.0538,0.2594,312,0.5833,0.1074
NEE,rates,VIX,low,1.1155,0.1972,254,0.5833,0.1074
NEE,rates,Rates,high,-1.6776,1.0594,63,0.5833,0.1074
NEE,rates,Rates,low,-0.5315,0.9059,63,0.5833,0.1074
NEE,rates,Bull-Bear,high,0.8589,0.1201,839,0.5833,0.1074
NEE,rates,Bull-Bear,low,0.8410,0.2390,241,0.5833,0.1074
NEE,rates_30y,VIX,high,-0.0718,0.1105,312,0.2406,0.0481
NEE,rates_30y,VIX,low,0.5512,0.0944,254,0.2406,0.0481
NEE,rates_30y,Rates,high,-0.0614,0.3036,63,0.2406,0.0481
NEE,rates_30y,Rates,low,-0.8058,0.2977,63,0.2406,0.0481
NEE,rates_30y,Bull-Bear,high,0.3728,0.0544,839,0.2406,0.0481
NEE,rates_30y,Bull-Bear,low,0.4040,0.1158,241,0.2406,0.0481
NEE,semiconductors,VIX,high,-0.6776,0.1062,312,-0.3144,0.0419
NEE,semiconductors,VIX,low,-0.2622,0.0730,254,-0.3144,0.0419
NEE,semiconductors,Rates,high,-0.7284,0.2581,63,-0.3144,0.0419
NEE,semiconductors,Rates,low,-0.6809,0.1780,63,-0.3144,0.0419
NEE,semiconductors,Bull-Bear,high,-0.1488,0.0405,839,-0.3144,0.0419
NEE,semiconductors,Bull-Bear,low,-0.2708,0.1223,241,-0.3144,0.0419
NEE,uranium,VIX,high,-0.1239,0.0731,312,-0.0041,0.0255
NEE,uranium,VIX,low,0.0704,0.0521,254,-0.0041,0.0255
NEE,uranium,Rates,high,0.1771,0.1405,63,-0.0041,0.0255
NEE,uranium,Rates,low,-0.2099,0.1469,63,-0.0041,0.0255
NEE,uranium,Bull-Bear,high,0.0120,0.0244,839,-0.0041,0.0255
NEE,uranium,Bull-Bear,low,0.0059,0.0718,241,-0.0041,0.0255
NEE,usd_strength,VIX,high,0.2836,0.2493,312,-0.2317,0.1173
NEE,usd_strength,VIX,low,-1.0974,0.2408,254,-0.2317,0.1173
NEE,usd_strength,Rates,high,0.0040,0.6392,63,-0.2317,0.1173
NEE,usd_strength,Rates,low,0.4592,0.4688,63,-0.2317,0.1173
NEE,usd_strength,Bull-Bear,high,-0.6711,0.1315,839,-0.2317,0.1173
NEE,usd_strength,Bull-Bear,low,-0.5776,0.3053,241,-0.2317,0.1173
NEE,value,VIX,high,1.2832,0.2364,312,0.7569,0.1096
NEE,value,VIX,low,1.2221,0.1853,254,0.7569,0.1096
NEE,value,Rates,high,2.6733,0.4791,63,0.7569,0.1096
NEE,value,Rates,low,1.9745,0.5152,63,0.7569,0.1096
NEE,value,Bull-Bear,high,0.3253,0.1060,839,0.7569,0.1096
NEE,value,Bull-Bear,low,0.6559,0.3107,241,0.7569,0.1096
NEE,volatility,VIX,high,0.0754,0.0192,312,0.0295,0.0097
NEE,volatility,VIX,low,-0.0083,0.0274,254,0.0295,0.0097
NEE,volatility,Rates,high,0.0375,0.0360,63,0.0295,0.0097
NEE,volatility,Rates,low,0.1310,0.0404,63,0.0295,0.0097
NEE,volatility,Bull-Bear,high,-0.0320,0.0099,839,0.0295,0.0097
NEE,volatility,Bull-Bear,low,0.1343,0.0315,241,0.0295,0.0097
NEE,xl_consumer_defensive,VIX,high,1.1092,0.1544,312,0.7735,0.0745
NEE,xl_consumer_defensive,VIX,low,0.7222,0.1601,254,0.7735,0.0745
NEE,xl_consumer_defensive,Rates,high,1.6450,0.2675,63,0.7735,0.0745
NEE,xl_consumer_defensive,Rates,low,1.0694,0.3345,63,0.7735,0.0745
NEE,xl_consumer_defensive,Bull-Bear,high,0.5354,0.0849,839,0.7735,0.0745
NEE,xl_consumer_defensive,Bull-Bear,low,0.3906,0.1845,241,0.7735,0.0745
NEE,xl_financials,VIX,high,-0.8483,0.2231,312,-0.8243,0.1046
NEE,xl_financials,VIX,low,-1.3603,0.2209,254,-0.8243,0.1046
NEE,xl_financials,Rates,high,-1.7910,0.4000,63,-0.8243,0.1046
NEE,xl_financials,Rates,low,-0.4913,0.5729,63,-0.8243,0.1046
NEE,xl_financials,Bull-Bear,high,-0.9206,0.1079,839,-0.8243,0.1046
NEE,xl_financials,Bull-Bear,low,-0.4452,0.2658,241,-0.8243,0.1046
NEE,xl_healthcare,VIX,high,1.0842,0.1862,312,0.5911,0.0820
NEE,xl_healthcare,VIX,low,0.5474,0.1586,254,0.5911,0.0820
NEE,xl_healthcare,Rates,high,1.9319,0.3772,63,0.5911,0.0820
NEE,xl_healthcare,Rates,low,0.6336,0.3883,63,0.5911,0.0820
NEE,xl_healthcare,Bull-Bear,high,0.3367,0.0840,839,0.5911,0.0820
NEE,xl_healthcare,Bull-Bear,low,0.3336,0.2167,241,0.5911,0.0820
NEE,xl_industrials,VIX,high,-0.2431,0.2718,312,-0.4060,0.1220
NEE,xl_industrials,VIX,low,-0.6727,0.2509,254,-0.4060,0.1220
NEE,xl_industrials,Rates,high,-2.2816,0.5759,63,-0.4060,0.1220
NEE,xl_industrials,Rates,low,-0.5869,0.6791,63,-0.4060,0.1220
NEE,xl_industrials,Bull-Bear,high,-0.3685,0.1270,839,-0.4060,0.1220
NEE,xl_industrials,Bull-Bear,low,-0.4859,0.3101,241,-0.4060,0.1220
NEE,xl_real_estate,VIX,high,0.7029,0.1218,312,0.5879,0.0542
NEE,xl_real_estate,VIX,low,0.6204,0.1008,254,0.5879,0.0542
NEE,xl_real_estate,Rates,high,1.1185,0.2398,63,0.5879,0.0542
NEE,xl_real_estate,Rates,low,1.1409,0.1523,63,0.5879,0.0542
NEE,xl_real_estate,Bull-Bear,high,0.4562,0.0574,839,0.5879,0.0542
NEE,xl_real_estate,Bull-Bear,low,0.5887,0.1371,241,0.5879,0.0542
NEE,xl_utilities,VIX,high,1.1715,0.0820,312,1.0642,0.0391
NEE,xl_utilities,VIX,low,1.1509,0.0722,254,1.0642,0.0391
NEE,xl_utilities,Rates,high,1.1630,0.1116,63,1.0642,0.0391
NEE,xl_utilities,Rates,low,1.3117,0.1504,63,1.0642,0.0391
NEE,xl_utilities,Bull-Bear,high,0.9230,0.0443,839,1.0642,0.0391
NEE,xl_utilities,Bull-Bear,low,1.0655,0.0985,241,1.0642,0.0391
NFLX,biotech,VIX,high,0.6473,0.1701,312,0.2028,0.0794
NFLX,biotech,VIX,low,-0.4304,0.1367,254,0.2028,0.0794
NFLX,biotech,Rates,high,-0.3398,0.3816,63,0.2028,0.0794
NFLX,biotech,Rates,low,0.6059,0.4024,63,0.2028,0.0794
NFLX,biotech,Bull-Bear,high,0.0173,0.0749,839,0.2028,0.0794
NFLX,biotech,Bull-Bear,low,0.6168,0.2150,241,0.2028,0.0794
NFLX,china_a_shares,VIX,high,0.1276,0.1310,312,0.0406,0.0548
NFLX,china_a_shares,VIX,low,0.0807,0.0901,254,0.0406,0.0548
NFLX,china_a_shares,Rates,high,-0.1754,0.2341,63,0.0406,0.0548
NFLX,china_a_shares,Rates,low,0.6997,0.3002,63,0.0406,0.0548
NFLX,china_a_shares,Bull-Bear,high,0.0421,0.0511,839,0.0406,0.0548
NFLX,china_a_shares,Bull-Bear,low,-0.2354,0.1632,241,0.0406,0.0548
NFLX,china_exposure,VIX,high,0.0910,0.1058,312,0.1195,0.0468
NFLX,china_exposure,VIX,low,0.0802,0.0676,254,0.1195,0.0468
NFLX,china_exposure,Rates,high,-0.1561,0.1928,63,0.1195,0.0468
NFLX,china_exposure,Rates,low,0.3670,0.2500,63,0.1195,0.0468
NFLX,china_exposure,Bull-Bear,high,0.0830,0.0460,839,0.1195,0.0468
NFLX,china_exposure,Bull-Bear,low,0.1137,0.1123,241,0.1195,0.0468
NFLX,copper,VIX,high,-0.2369,0.1327,312,-0.0305,0.0598
NFLX,copper,VIX,low,0.1434,0.0960,254,-0.0305,0.0598
NFLX,copper,Rates,high,-0.5467,0.2275,63,-0.0305,0.0598
NFLX,copper,Rates,low,-0.1277,0.2928,63,-0.0305,0.0598
NFLX,copper,Bull-Bear,high,0.0313,0.0583,839,-0.0305,0.0598
NFLX,copper,Bull-Bear,low,-0.0546,0.1577,241,-0.0305,0.0598
NFLX,credit_hy_spread,VIX,high,-0.4434,0.2775,312,-0.7213,0.1672
NFLX,credit_hy_spread,VIX,low,-1.1744,0.3388,254,-0.7213,0.1672
NFLX,credit_hy_spread,Rates,high,0.8626,0.9961,63,-0.7213,0.1672
NFLX,credit_hy_spread,Rates,low,1.0309,0.7453,63,-0.7213,0.1672
NFLX,credit_hy_spread,Bull-Bear,high,-1.4722,0.2036,839,-0.7213,0.1672
NFLX,credit_hy_spread,Bull-Bear,low,-0.7019,0.3660,241,-0.7213,0.1672
NFLX,defense,VIX,high,-0.1274,0.1727,312,-0.0672,0.0927
NFLX,defense,VIX,low,0.2011,0.1501,254,-0.0672,0.0927
NFLX,defense,Rates,high,-0.2661,0.3505,63,-0.0672,0.0927
NFLX,defense,Rates,low,0.3664,0.3484,63,-0.0672,0.0927
NFLX,defense,Bull-Bear,high,0.0201,0.0966,839,-0.0672,0.0927
NFLX,defense,Bull-Bear,low,-0.4571,0.2404,241,-0.0672,0.0927
NFLX,energy_oil,VIX,high,-0.0546,0.0494,312,-0.0744,0.0305
NFLX,energy_oil,VIX,low,-0.0239,0.0709,254,-0.0744,0.0305
NFLX,energy_oil,Rates,high,-0.0942,0.1324,63,-0.0744,0.0305
NFLX,energy_oil,Rates,low,-0.0169,0.1319,63,-0.0744,0.0305
NFLX,energy_oil,Bull-Bear,high,-0.0862,0.0425,839,-0.0744,0.0305
NFLX,energy_oil,Bull-Bear,low,-0.1307,0.0574,241,-0.0744,0.0305
NFLX,gold,VIX,high,0.0668,0.1801,312,0.1853,0.0861
NFLX,gold,VIX,low,0.2054,0.1364,254,0.1853,0.0861
NFLX,gold,Rates,high,-0.4716,0.3691,63,0.1853,0.0861
NFLX,gold,Rates,low,0.4033,0.3249,63,0.1853,0.0861
NFLX,gold,Bull-Bear,high,0.3597,0.0830,839,0.1853,0.0861
NFLX,gold,Bull-Bear,low,-0.1131,0.2404,241,0.1853,0.0861
NFLX,growth,VIX,high,2.0339,0.9075,312,2.2966,0.4908
NFLX,growth,VIX,low,-2.2121,0.9952,254,2.2966,0.4908
NFLX,growth,Rates,high,2.7388,1.6684,63,2.2966,0.4908
NFLX,growth,Rates,low,3.1939,1.8012,63,2.2966,0.4908
NFLX,growth,Bull-Bear,high,1.4422,0.5114,839,2.2966,0.4908
NFLX,growth,Bull-Bear,low,5.0850,1.2878,241,2.2966,0.4908
NFLX,inflation,VIX,high,-0.2122,0.4368,312,-0.6375,0.2546
NFLX,inflation,VIX,low,-1.5255,0.5607,254,-0.6375,0.2546
NFLX,inflation,Rates,high,-2.1950,0.9932,63,-0.6375,0.2546
NFLX,inflation,Rates,low,1.3880,0.7421,63,-0.6375,0.2546
NFLX,inflation,Bull-Bear,high,-1.2689,0.3251,839,-0.6375,0.2546
NFLX,inflation,Bull-Bear,low,-1.4669,0.5304,241,-0.6375,0.2546
NFLX,lithium,VIX,high,-0.2165,0.1119,312,-0.0529,0.0500
NFLX,lithium,VIX,low,0.0733,0.0751,254,-0.0529,0.0500
NFLX,lithium,Rates,high,-0.3838,0.2165,63,-0.0529,0.0500
NFLX,lithium,Rates,low,-0.4288,0.3238,63,-0.0529,0.0500
NFLX,lithium,Bull-Bear,high,-0.0023,0.0459,839,-0.0529,0.0500
NFLX,lithium,Bull-Bear,low,-0.4150,0.1640,241,-0.0529,0.0500
NFLX,market_beta,VIX,high,0.9142,0.0805,312,1.0480,0.0554
NFLX,market_beta,VIX,low,1.3256,0.1826,254,1.0480,0.0554
NFLX,market_beta,Rates,high,0.9804,0.1745,63,1.0480,0.0554
NFLX,market_beta,Rates,low,1.0192,0.1470,63,1.0480,0.0554
NFLX,market_beta,Bull-Bear,high,1.2167,0.0766,839,1.0480,0.0554
NFLX,market_beta,Bull-Bear,low,1.2662,0.1288,241,1.0480,0.0554
NFLX,momentum,VIX,high,0.9157,0.2497,312,0.5206,0.1198
NFLX,momentum,VIX,low,1.1539,0.2127,254,0.5206,0.1198
NFLX,momentum,Rates,high,0.5153,0.5977,63,0.5206,0.1198
NFLX,momentum,Rates,low,-0.7984,0.5424,63,0.5206,0.1198
NFLX,momentum,Bull-Bear,high,0.7261,0.1048,839,0.5206,0.1198
NFLX,momentum,Bull-Bear,low,0.4498,0.3695,241,0.5206,0.1198
NFLX,natural_gas,VIX,high,-0.0662,0.0502,312,-0.0206,0.0216
NFLX,natural_gas,VIX,low,0.0143,0.0324,254,-0.0206,0.0216
NFLX,natural_gas,Rates,high,-0.0702,0.0847,63,-0.0206,0.0216
NFLX,natural_gas,Rates,low,0.0319,0.1147,63,-0.0206,0.0216
NFLX,natural_gas,Bull-Bear,high,-0.0143,0.0207,839,-0.0206,0.0216
NFLX,natural_gas,Bull-Bear,low,-0.0745,0.0572,241,-0.0206,0.0216
NFLX,quality,VIX,high,-2.8527,0.7399,312,-0.6817,0.3717
NFLX,quality,VIX,low,-0.0496,0.6108,254,-0.6817,0.3717
NFLX,quality,Rates,high,-1.9813,1.3260,63,-0.6817,0.3717
NFLX,quality,Rates,low,-2.1374,1.2531,63,-0.6817,0.3717
NFLX,quality,Bull-Bear,high,-0.4710,0.3800,839,-0.6817,0.3717
NFLX,quality,Bull-Bear,low,1.4216,1.0349,241,-0.6817,0.3717
NFLX,rates,VIX,high,0.2247,0.3503,312,0.4485,0.1666
NFLX,rates,VIX,low,0.4668,0.2575,254,0.4485,0.1666
NFLX,rates,Rates,high,-1.3858,1.2703,63,0.4485,0.1666
NFLX,rates,Rates,low,0.8199,1.1308,63,0.4485,0.1666
NFLX,rates,Bull-Bear,high,0.8563,0.1845,839,0.4485,0.1666
NFLX,rates,Bull-Bear,low,0.9007,0.3842,241,0.4485,0.1666
NFLX,rates_30y,VIX,high,0.0785,0.1494,312,0.1681,0.0745
NFLX,rates_30y,VIX,low,0.1284,0.1243,254,0.1681,0.0745
NFLX,rates_30y,Rates,high,-0.3089,0.3582,63,0.1681,0.0745
NFLX,rates_30y,Rates,low,0.0810,0.3938,63,0.1681,0.0745
NFLX,rates_30y,Bull-Bear,high,0.3691,0.0834,839,0.1681,0.0745
NFLX,rates_30y,Bull-Bear,low,0.3521,0.1868,241,0.1681,0.0745
NFLX,semiconductors,VIX,high,0.0191,0.1527,312,0.2231,0.0656
NFLX,semiconductors,VIX,low,0.3010,0.0907,254,0.2231,0.0656
NFLX,semiconductors,Rates,high,0.3572,0.3224,63,0.2231,0.0656
NFLX,semiconductors,Rates,low,0.1232,0.2472,63,0.2231,0.0656
NFLX,semiconductors,Bull-Bear,high,0.3365,0.0606,839,0.2231,0.0656
NFLX,semiconductors,Bull-Bear,low,0.1414,0.1956,241,0.2231,0.0656
NFLX,uranium,VIX,high,0.0756,0.0991,312,0.0705,0.0392
NFLX,uranium,VIX,low,0.0622,0.0646,254,0.0705,0.0392
NFLX,uranium,Rates,high,0.0899,0.1684,63,0.0705,0.0392
NFLX,uranium,Rates,low,-0.0686,0.1864,63,0.0705,0.0392
NFLX,uranium,Bull-Bear,high,0.0515,0.0368,839,0.0705,0.0392
NFLX,uranium,Bull-Bear,low,0.3156,0.1119,241,0.0705,0.0392
NFLX,usd_strength,VIX,high,0.5239,0.3363,312,-0.0961,0.1805
NFLX,usd_strength,VIX,low,-0.4988,0.3086,254,-0.0961,0.1805
NFLX,usd_strength,Rates,high,1.5412,0.7324,63,-0.0961,0.1805
NFLX,usd_strength,Rates,low,0.7302,0.5831,63,-0.0961,0.1805
NFLX,usd_strength,Bull-Bear,high,-0.7836,0.1999,839,-0.0961,0.1805
NFLX,usd_strength,Bull-Bear,low,-1.2923,0.4804,241,-0.0961,0.1805
NFLX,value,VIX,high,-1.5912,0.3219,312,-1.9655,0.1624
NFLX,value,VIX,low,-1.4648,0.2306,254,-1.9655,0.1624
NFLX,value,Rates,high,-0.8478,0.6901,63,-1.9655,0.1624
NFLX,value,Rates,low,-0.6043,0.7132,63,-1.9655,0.1624
NFLX,value,Bull-Bear,high,-1.9447,0.1462,839,-1.9655,0.1624
NFLX,value,Bull-Bear,low,-2.9613,0.4587,241,-1.9655,0.1624
NFLX,volatility,VIX,high,-0.0056,0.0265,312,-0.0201,0.0150
NFLX,volatility,VIX,low,0.0549,0.0338,254,-0.0201,0.0150
NFLX,volatility,Rates,high,-0.0480,0.0426,63,-0.0201,0.0150
NFLX,volatility,Rates,low,0.0069,0.0546,63,-0.0201,0.0150
NFLX,volatility,Bull-Bear,high,-0.0584,0.0149,839,-0.0201,0.0150
NFLX,volatility,Bull-Bear,low,0.0826,0.0515,241,-0.0201,0.0150
NFLX,xl_consumer_defensive,VIX,high,0.0556,0.2254,312,-0.6786,0.1177
NFLX,xl_consumer_defensive,VIX,low,-0.9788,0.1967,254,-0.6786,0.1177
NFLX,xl_consumer_defensive,Rates,high,0.0148,0.4040,63,-0.6786,0.1177
NFLX,xl_consumer_defensive,Rates,low,-0.7502,0.4414,63,-0.6786,0.1177
NFLX,xl_consumer_defensive,Bull-Bear,high,-0.8212,0.1282,839,-0.6786,0.1177
NFLX,xl_consumer_defensive,Bull-Bear,low,-1.1211,0.2861,241,-0.6786,0.1177
NFLX,xl_financials,VIX,high,-0.1584,0.3084,312,0.0497,0.1647
NFLX,xl_financials,VIX,low,0.8672,0.2882,254,0.0497,0.1647
NFLX,xl_financials,Rates,high,-0.0389,0.5471,63,0.0497,0.1647
NFLX,xl_financials,Rates,low,0.8933,0.7113,63,0.0497,0.1647
NFLX,xl_financials,Bull-Bear,high,-0.1305,0.1699,839,0.0497,0.1647
NFLX,xl_financials,Bull-Bear,low,0.2466,0.4235,241,0.0497,0.1647
NFLX,xl_healthcare,VIX,high,0.0807,0.2650,312,-0.7063,0.1271
NFLX,xl_healthcare,VIX,low,-1.2705,0.1843,254,-0.7063,0.1271
NFLX,xl_healthcare,Rates,high,-1.1548,0.5144,63,-0.7063,0.1271
NFLX,xl_healthcare,Rates,low,0.0279,0.4959,63,-0.7063,0.1271
NFLX,xl_healthcare,Bull-Bear,high,-0.7280,0.1256,839,-0.7063,0.1271
NFLX,xl_healthcare,Bull-Bear,low,-0.8698,0.3406,241,-0.7063,0.1271
NFLX,xl_industrials,VIX,high,-1.2136,0.3614,312,-0.4226,0.1880
NFLX,xl_industrials,VIX,low,0.7127,0.3117,254,-0.4226,0.1880
NFLX,xl_industrials,Rates,high,-0.7173,0.7608,63,-0.4226,0.1880
NFLX,xl_industrials,Rates,low,-1.5695,0.8301,63,-0.4226,0.1880
NFLX,xl_industrials,Bull-Bear,high,-0.1228,0.1926,839,-0.4226,0.1880
NFLX,xl_industrials,Bull-Bear,low,-1.0118,0.4897,241,-0.4226,0.1880
NFLX,xl_real_estate,VIX,high,-0.6415,0.1694,312,-0.6707,0.0850
NFLX,xl_real_estate,VIX,low,-0.6109,0.1281,254,-0.6707,0.0850
NFLX,xl_real_estate,Rates,high,-0.6571,0.3205,63,-0.6707,0.0850
NFLX,xl_real_estate,Rates,low,0.3810,0.2592,63,-0.6707,0.0850
NFLX,xl_real_estate,Bull-Bear,high,-0.6247,0.0873,839,-0.6707,0.0850
NFLX,xl_real_estate,Bull-Bear,low,-1.1814,0.2122,241,-0.6707,0.0850
NFLX,xl_utilities,VIX,high,-0.3329,0.1414,312,-0.5340,0.0743
NFLX,xl_utilities,VIX,low,-0.6356,0.1202,254,-0.5340,0.0743
NFLX,xl_utilities,Rates,high,-0.0859,0.2206,63,-0.5340,0.0743
NFLX,xl_utilities,Rates,low,0.0327,0.2818,63,-0.5340,0.0743
NFLX,xl_utilities,Bull-Bear,high,-0.6463,0.0794,839,-0.5340,0.0743
NFLX,xl_utilities,Bull-Bear,low,-0.8740,0.1820,241,-0.5340,0.0743
NKE,biotech,VIX,high,0.0878,0.1381,312,0.0336,0.0595
NKE,biotech,VIX,low,0.0803,0.1620,254,0.0336,0.0595
NKE,biotech,Rates,high,0.1312,0.2905,63,0.0336,0.0595
NKE,biotech,Rates,low,0.0379,0.3471,63,0.0336,0.0595
NKE,biotech,Bull-Bear,high,0.0025,0.0653,839,0.0336,0.0595
NKE,biotech,Bull-Bear,low,0.2166,0.1465,241,0.0336,0.0595
NKE,china_a_shares,VIX,high,0.1398,0.1039,312,0.0724,0.0409
NKE,china_a_shares,VIX,low,0.1056,0.1048,254,0.0724,0.0409
NKE,china_a_shares,Rates,high,0.2916,0.1742,63,0.0724,0.0409
NKE,china_a_shares,Rates,low,0.4811,0.2581,63,0.0724,0.0409
NKE,china_a_shares,Bull-Bear,high,0.0405,0.0445,839,0.0724,0.0409
NKE,china_a_shares,Bull-Bear,low,0.1381,0.1099,241,0.0724,0.0409
NKE,china_exposure,VIX,high,0.0794,0.0840,312,0.1158,0.0349
NKE,china_exposure,VIX,low,0.1810,0.0780,254,0.1158,0.0349
NKE,china_exposure,Rates,high,0.2450,0.1434,63,0.1158,0.0349
NKE,china_exposure,Rates,low,-0.0159,0.2154,63,0.1158,0.0349
NKE,china_exposure,Bull-Bear,high,0.1064,0.0400,839,0.1158,0.0349
NKE,china_exposure,Bull-Bear,low,0.2157,0.0744,241,0.1158,0.0349
NKE,copper,VIX,high,-0.1418,0.1057,312,0.0246,0.0447
NKE,copper,VIX,low,-0.0721,0.1121,254,0.0246,0.0447
NKE,copper,Rates,high,0.0349,0.1803,63,0.0246,0.0447
NKE,copper,Rates,low,0.2006,0.2471,63,0.0246,0.0447
NKE,copper,Bull-Bear,high,0.0094,0.0507,839,0.0246,0.0447
NKE,copper,Bull-Bear,low,0.0834,0.1060,241,0.0246,0.0447
NKE,credit_hy_spread,VIX,high,0.6503,0.2182,312,0.1170,0.1259
NKE,credit_hy_spread,VIX,low,-0.7122,0.4007,254,0.1170,0.1259
NKE,credit_hy_spread,Rates,high,1.6686,0.7286,63,0.1170,0.1259
NKE,credit_hy_spread,Rates,low,2.1649,0.5781,63,0.1170,0.1259
NKE,credit_hy_spread,Bull-Bear,high,-0.6072,0.1815,839,0.1170,0.1259
NKE,credit_hy_spread,Bull-Bear,low,0.0281,0.2481,241,0.1170,0.1259
NKE,defense,VIX,high,0.1624,0.1370,312,0.0189,0.0693
NKE,defense,VIX,low,-0.1427,0.1749,254,0.0189,0.0693
NKE,defense,Rates,high,-0.3376,0.2633,63,0.0189,0.0693
NKE,defense,Rates,low,-0.3547,0.2943,63,0.0189,0.0693
NKE,defense,Bull-Bear,high,0.0966,0.0841,839,0.0189,0.0693
NKE,defense,Bull-Bear,low,-0.3967,0.1609,241,0.0189,0.0693
NKE,energy_oil,VIX,high,-0.0185,0.0393,312,-0.0280,0.0229
NKE,energy_oil,VIX,low,-0.1105,0.0822,254,-0.0280,0.0229
NKE,energy_oil,Rates,high,0.0905,0.1001,63,-0.0280,0.0229
NKE,energy_oil,Rates,low,0.0467,0.1116,63,-0.0280,0.0229
NKE,energy_oil,Bull-Bear,high,-0.0587,0.0370,839,-0.0280,0.0229
NKE,energy_oil,Bull-Bear,low,-0.0662,0.0388,241,-0.0280,0.0229
NKE,gold,VIX,high,-0.2334,0.1425,312,-0.0456,0.0645
NKE,gold,VIX,low,-0.0283,0.1593,254,-0.0456,0.0645
NKE,gold,Rates,high,-0.1996,0.2822,63,-0.0456,0.0645
NKE,gold,Rates,low,-0.2391,0.2770,63,-0.0456,0.0645
NKE,gold,Bull-Bear,high,0.0229,0.0731,839,-0.0456,0.0645
NKE,gold,Bull-Bear,low,-0.2202,0.1612,241,-0.0456,0.0645
NKE,growth,VIX,high,1.0139,0.7242,312,0.8674,0.3692
NKE,growth,VIX,low,1.2636,1.1658,254,0.8674,0.3692
NKE,growth,Rates,high,2.5569,1.2495,63,0.8674,0.3692
NKE,growth,Rates,low,4.8524,1.4358,63,0.8674,0.3692
NKE,growth,Bull-Bear,high,0.2782,0.4474,839,0.8674,0.3692
NKE,growth,Bull-Bear,low,1.5107,0.8888,241,0.8674,0.3692
NKE,inflation,VIX,high,0.2798,0.3467,312,-0.1093,0.1908
NKE,inflation,VIX,low,-1.9586,0.6498,254,-0.1093,0.1908
NKE,inflation,Rates,high,-1.3120,0.7638,63,-0.1093,0.1908
NKE,inflation,Rates,low,-0.1888,0.6459,63,-0.1093,0.1908
NKE,inflation,Bull-Bear,high,-0.7470,0.2845,839,-0.1093,0.1908
NKE,inflation,Bull-Bear,low,-0.2864,0.3620,241,-0.1093,0.1908
NKE,lithium,VIX,high,0.0470,0.0893,312,0.0753,0.0374
NKE,lithium,VIX,low,0.2083,0.0864,254,0.0753,0.0374
NKE,lithium,Rates,high,-0.0833,0.1679,63,0.0753,0.0374
NKE,lithium,Rates,low,-0.2603,0.2761,63,0.0753,0.0374
NKE,lithium,Bull-Bear,high,0.0720,0.0399,839,0.0753,0.0374
NKE,lithium,Bull-Bear,low,0.0432,0.1117,241,0.0753,0.0374
NKE,market_beta,VIX,high,1.0634,0.0463,312,1.0459,0.0365
NKE,market_beta,VIX,low,0.9178,0.2262,254,1.0459,0.0365
NKE,market_beta,Rates,high,0.8293,0.1235,63,1.0459,0.0365
NKE,market_beta,Rates,low,1.1153,0.0857,63,1.0459,0.0365
NKE,market_beta,Bull-Bear,high,0.9149,0.0692,839,1.0459,0.0365
NKE,market_beta,Bull-Bear,low,1.2035,0.0670,241,1.0459,0.0365
NKE,momentum,VIX,high,-0.1109,0.2025,312,-0.2095,0.0900
NKE,momentum,VIX,low,-0.3970,0.2601,254,-0.2095,0.0900
NKE,momentum,Rates,high,-0.5226,0.4507,63,-0.2095,0.0900
NKE,momentum,Rates,low,-0.5688,0.4618,63,-0.2095,0.0900
NKE,momentum,Bull-Bear,high,-0.1113,0.0937,839,-0.2095,0.0900
NKE,momentum,Bull-Bear,low,-0.5818,0.2465,241,-0.2095,0.0900
NKE,natural_gas,VIX,high,-0.0000,0.0400,312,0.0055,0.0162
NKE,natural_gas,VIX,low,-0.0000,0.0376,254,0.0055,0.0162
NKE,natural_gas,Rates,high,0.1353,0.0622,63,0.0055,0.0162
NKE,natural_gas,Rates,low,0.0328,0.0972,63,0.0055,0.0162
NKE,natural_gas,Bull-Bear,high,0.0086,0.0180,839,0.0055,0.0162
NKE,natural_gas,Bull-Bear,low,-0.0017,0.0386,241,0.0055,0.0162
NKE,quality,VIX,high,1.7955,0.5928,312,1.9404,0.2728
NKE,quality,VIX,low,0.9893,0.7075,254,1.9404,0.2728
NKE,quality,Rates,high,0.1655,1.0227,63,1.9404,0.2728
NKE,quality,Rates,low,1.5979,1.0669,63,1.9404,0.2728
NKE,quality,Bull-Bear,high,1.7506,0.3256,839,1.9404,0.2728
NKE,quality,Bull-Bear,low,3.5636,0.6598,241,1.9404,0.2728
NKE,rates,VIX,high,-0.5322,0.2768,312,0.1137,0.1248
NKE,rates,VIX,low,0.7258,0.2978,254,0.1137,0.1248
NKE,rates,Rates,high,-0.4976,0.9697,63,0.1137,0.1248
NKE,rates,Rates,low,-0.1800,0.9616,63,0.1137,0.1248
NKE,rates,Bull-Bear,high,0.4652,0.1620,839,0.1137,0.1248
NKE,rates,Bull-Bear,low,0.2761,0.2608,241,0.1137,0.1248
NKE,rates_30y,VIX,high,-0.2169,0.1181,312,0.0817,0.0557
NKE,rates_30y,VIX,low,0.4573,0.1419,254,0.0817,0.0557
NKE,rates_30y,Rates,high,0.0547,0.2730,63,0.0817,0.0557
NKE,rates_30y,Rates,low,-0.4442,0.3288,63,0.0817,0.0557
NKE,rates_30y,Bull-Bear,high,0.2332,0.0730,839,0.0817,0.0557
NKE,rates_30y,Bull-Bear,low,0.1950,0.1260,241,0.0817,0.0557
NKE,semiconductors,VIX,high,-0.4832,0.1181,312,-0.1037,0.0491
NKE,semiconductors,VIX,low,-0.1234,0.1075,254,-0.1037,0.0491
NKE,semiconductors,Rates,high,-0.1467,0.2460,63,-0.1037,0.0491
NKE,semiconductors,Rates,low,-0.3704,0.2044,63,-0.1037,0.0491
NKE,semiconductors,Bull-Bear,high,0.0070,0.0537,839,-0.1037,0.0491
NKE,semiconductors,Bull-Bear,low,0.1409,0.1314,241,-0.1037,0.0491
NKE,uranium,VIX,high,-0.0968,0.0786,312,0.0185,0.0293
NKE,uranium,VIX,low,-0.0131,0.0752,254,0.0185,0.0293
NKE,uranium,Rates,high,0.1773,0.1259,63,0.0185,0.0293
NKE,uranium,Rates,low,-0.2193,0.1556,63,0.0185,0.0293
NKE,uranium,Bull-Bear,high,0.0427,0.0321,839,0.0185,0.0293
NKE,uranium,Bull-Bear,low,-0.0062,0.0766,241,0.0185,0.0293
NKE,usd_strength,VIX,high,0.1803,0.2679,312,-0.3170,0.1347
NKE,usd_strength,VIX,low,-0.4893,0.3593,254,-0.3170,0.1347
NKE,usd_strength,Rates,high,0.2049,0.5741,63,-0.3170,0.1347
NKE,usd_strength,Rates,low,0.2540,0.4991,63,-0.3170,0.1347
NKE,usd_strength,Bull-Bear,high,-0.5272,0.1747,839,-0.3170,0.1347
NKE,usd_strength,Bull-Bear,low,-1.3199,0.3167,241,-0.3170,0.1347
NKE,value,VIX,high,0.7030,0.2625,312,0.2054,0.1281
NKE,value,VIX,low,0.3130,0.2881,254,0.2054,0.1281
NKE,value,Rates,high,0.5114,0.5253,63,0.2054,0.1281
NKE,value,Rates,low,1.3187,0.5837,63,0.2054,0.1281
NKE,value,Bull-Bear,high,0.0429,0.1401,839,0.2054,0.1281
NKE,value,Bull-Bear,low,-0.9647,0.3285,241,0.2054,0.1281
NKE,volatility,VIX,high,0.0702,0.0207,312,0.0160,0.0112
NKE,volatility,VIX,low,-0.0580,0.0393,254,0.0160,0.0112
NKE,volatility,Rates,high,-0.0046,0.0326,63,0.0160,0.0112
NKE,volatility,Rates,low,0.1036,0.0443,63,0.0160,0.0112
NKE,volatility,Bull-Bear,high,-0.0461,0.0130,839,0.0160,0.0112
NKE,volatility,Bull-Bear,low,0.1625,0.0332,241,0.0160,0.0112
NKE,xl_consumer_defensive,VIX,high,0.3960,0.1776,312,0.1069,0.0891
NKE,xl_consumer_defensive,VIX,low,0.2044,0.2393,254,0.1069,0.0891
NKE,xl_consumer_defensive,Rates,high,0.3191,0.3034,63,0.1069,0.0891
NKE,xl_consumer_defensive,Rates,low,0.1707,0.3820,63,0.1069,0.0891
NKE,xl_consumer_defensive,Bull-Bear,high,-0.0254,0.1143,839,0.1069,0.0891
NKE,xl_consumer_defensive,Bull-Bear,low,-0.1727,0.1983,241,0.1069,0.0891
NKE,xl_financials,VIX,high,-0.0855,0.2450,312,-0.0705,0.1231
NKE,xl_financials,VIX,low,-0.2780,0.3406,254,-0.0705,0.1231
NKE,xl_financials,Rates,high,-0.5865,0.4077,63,-0.0705,0.1231
NKE,xl_financials,Rates,low,-0.2604,0.6093,63,-0.0705,0.1231
NKE,xl_financials,Bull-Bear,high,-0.0322,0.1480,839,-0.0705,0.1231
NKE,xl_financials,Bull-Bear,low,0.1438,0.2850,241,-0.0705,0.1231
NKE,xl_healthcare,VIX,high,0.4272,0.2091,312,-0.1191,0.0961
NKE,xl_healthcare,VIX,low,-0.2748,0.2329,254,-0.1191,0.0961
NKE,xl_healthcare,Rates,high,0.0161,0.4055,63,-0.1191,0.0961
NKE,xl_healthcare,Rates,low,0.6070,0.4128,63,-0.1191,0.0961
NKE,xl_healthcare,Bull-Bear,high,-0.2622,0.1112,839,-0.1191,0.0961
NKE,xl_healthcare,Bull-Bear,low,-0.7303,0.2274,241,-0.1191,0.0961
NKE,xl_industrials,VIX,high,0.3277,0.2916,312,0.3124,0.1405
NKE,xl_industrials,VIX,low,0.1742,0.3660,254,0.3124,0.1405
NKE,xl_industrials,Rates,high,-0.5506,0.5763,63,0.3124,0.1405
NKE,xl_industrials,Rates,low,-1.2871,0.7044,63,0.3124,0.1405
NKE,xl_industrials,Bull-Bear,high,0.4606,0.1670,839,0.3124,0.1405
NKE,xl_industrials,Bull-Bear,low,-0.3910,0.3314,241,0.3124,0.1405
NKE,xl_real_estate,VIX,high,0.2084,0.1371,312,0.0418,0.0651
NKE,xl_real_estate,VIX,low,0.1110,0.1554,254,0.0418,0.0651
NKE,xl_real_estate,Rates,high,0.2558,0.2489,63,0.0418,0.0651
NKE,xl_real_estate,Rates,low,0.9320,0.1889,63,0.0418,0.0651
NKE,xl_real_estate,Bull-Bear,high,-0.1057,0.0782,839,0.0418,0.0651
NKE,xl_real_estate,Bull-Bear,low,-0.2100,0.1511,241,0.0418,0.0651
NKE,xl_utilities,VIX,high,0.2770,0.1122,312,0.0588,0.0566
NKE,xl_utilities,VIX,low,0.1386,0.1471,254,0.0588,0.0566
NKE,xl_utilities,Rates,high,0.0863,0.1669,63,0.0588,0.0566
NKE,xl_utilities,Rates,low,0.5931,0.2263,63,0.0588,0.0566
NKE,xl_utilities,Bull-Bear,high,-0.0676,0.0718,839,0.0588,0.0566
NKE,xl_utilities,Bull-Bear,low,-0.2115,0.1275,241,0.0588,0.0566
NVDA,biotech,VIX,high,0.6923,0.1927,312,0.0933,0.0908
NVDA,biotech,VIX,low,-0.7771,0.1936,254,0.0933,0.0908
NVDA,biotech,Rates,high,0.1810,0.4955,63,0.0933,0.0908
NVDA,biotech,Rates,low,0.2467,0.5360,63,0.0933,0.0908
NVDA,biotech,Bull-Bear,high,-0.0650,0.1016,839,0.0933,0.0908
NVDA,biotech,Bull-Bear,low,0.4970,0.2168,241,0.0933,0.0908
NVDA,china_a_shares,VIX,high,0.1492,0.1480,312,0.0510,0.0625
NVDA,china_a_shares,VIX,low,0.0308,0.1294,254,0.0510,0.0625
NVDA,china_a_shares,Rates,high,-0.2353,0.3023,63,0.0510,0.0625
NVDA,china_a_shares,Rates,low,1.2550,0.3777,63,0.0510,0.0625
NVDA,china_a_shares,Bull-Bear,high,0.0301,0.0693,839,0.0510,0.0625
NVDA,china_a_shares,Bull-Bear,low,-0.1101,0.1641,241,0.0510,0.0625
NVDA,china_exposure,VIX,high,0.0620,0.1196,312,0.0468,0.0535
NVDA,china_exposure,VIX,low,0.0597,0.0971,254,0.0468,0.0535
NVDA,china_exposure,Rates,high,-0.3482,0.2463,63,0.0468,0.0535
NVDA,china_exposure,Rates,low,0.5571,0.3255,63,0.0468,0.0535
NVDA,china_exposure,Bull-Bear,high,-0.0206,0.0625,839,0.0468,0.0535
NVDA,china_exposure,Bull-Bear,low,0.2069,0.1119,241,0.0468,0.0535
NVDA,copper,VIX,high,-0.1246,0.1506,312,0.0351,0.0682
NVDA,copper,VIX,low,0.1775,0.1378,254,0.0351,0.0682
NVDA,copper,Rates,high,-0.4877,0.3011,63,0.0351,0.0682
NVDA,copper,Rates,low,0.1673,0.3836,63,0.0351,0.0682
NVDA,copper,Bull-Bear,high,0.1178,0.0789,839,0.0351,0.0682
NVDA,copper,Bull-Bear,low,-0.0213,0.1581,241,0.0351,0.0682
NVDA,credit_hy_spread,VIX,high,0.1428,0.3147,312,-0.6388,0.1914
NVDA,credit_hy_spread,VIX,low,-2.0014,0.4806,254,-0.6388,0.1914
NVDA,credit_hy_spread,Rates,high,2.1604,1.2647,63,-0.6388,0.1914
NVDA,credit_hy_spread,Rates,low,2.7717,0.9259,63,-0.6388,0.1914
NVDA,credit_hy_spread,Bull-Bear,high,-2.0904,0.2751,839,-0.6388,0.1914
NVDA,credit_hy_spread,Bull-Bear,low,-0.4742,0.3683,241,-0.6388,0.1914
NVDA,defense,VIX,high,-0.0985,0.1952,312,-0.0209,0.1058
NVDA,defense,VIX,low,0.1777,0.2156,254,-0.0209,0.1058
NVDA,defense,Rates,high,-0.1577,0.4545,63,-0.0209,0.1058
NVDA,defense,Rates,low,-0.0014,0.4606,63,-0.0209,0.1058
NVDA,defense,Bull-Bear,high,0.1507,0.1309,839,-0.0209,0.1058
NVDA,defense,Bull-Bear,low,-0.3724,0.2415,241,-0.0209,0.1058
NVDA,energy_oil,VIX,high,-0.0245,0.0559,312,-0.0663,0.0349
NVDA,energy_oil,VIX,low,-0.2287,0.1006,254,-0.0663,0.0349
NVDA,energy_oil,Rates,high,-0.0976,0.1713,63,-0.0663,0.0349
NVDA,energy_oil,Rates,low,0.1207,0.1721,63,-0.0663,0.0349
NVDA,energy_oil,Bull-Bear,high,-0.1212,0.0575,839,-0.0663,0.0349
NVDA,energy_oil,Bull-Bear,low,-0.1297,0.0575,241,-0.0663,0.0349
NVDA,gold,VIX,high,0.0336,0.2036,312,0.0674,0.0985
NVDA,gold,VIX,low,0.0078,0.1963,254,0.0674,0.0985
NVDA,gold,Rates,high,-0.7900,0.4724,63,0.0674,0.0985
NVDA,gold,Rates,low,-0.0291,0.4310,63,0.0674,0.0985
NVDA,gold,Bull-Bear,high,0.2602,0.1135,839,0.0674,0.0985
NVDA,gold,Bull-Bear,low,-0.2993,0.2402,241,0.0674,0.0985
NVDA,growth,VIX,high,3.9952,1.0084,312,2.5180,0.5605
NVDA,growth,VIX,low,-6.4532,1.3815,254,2.5180,0.5605
NVDA,growth,Rates,high,7.0149,2.0107,63,2.5180,0.5605
NVDA,growth,Rates,low,6.9508,2.2502,63,2.5180,0.5605
NVDA,growth,Bull-Bear,high,1.3016,0.6951,839,2.5180,0.5605
NVDA,growth,Bull-Bear,low,4.9482,1.2928,241,2.5180,0.5605
NVDA,inflation,VIX,high,0.0851,0.4938,312,-0.4207,0.2911
NVDA,inflation,VIX,low,-1.7971,0.8073,254,-0.4207,0.2911
NVDA,inflation,Rates,high,-3.3856,1.2609,63,-0.4207,0.2911
NVDA,inflation,Rates,low,1.2968,0.9858,63,-0.4207,0.2911
NVDA,inflation,Bull-Bear,high,-0.9484,0.4434,839,-0.4207,0.2911
NVDA,inflation,Bull-Bear,low,-1.3365,0.5330,241,-0.4207,0.2911
NVDA,lithium,VIX,high,-0.0099,0.1272,312,0.0616,0.0571
NVDA,lithium,VIX,low,-0.1275,0.1075,254,0.0616,0.0571
NVDA,lithium,Rates,high,-0.7631,0.2697,63,0.0616,0.0571
NVDA,lithium,Rates,low,-0.3309,0.4281,63,0.0616,0.0571
NVDA,lithium,Bull-Bear,high,0.0919,0.0622,839,0.0616,0.0571
NVDA,lithium,Bull-Bear,low,0.0347,0.1665,241,0.0616,0.0571
NVDA,market_beta,VIX,high,1.5500,0.0630,312,1.7816,0.0510
NVDA,market_beta,VIX,low,2.4040,0.2446,254,1.7816,0.0510
NVDA,market_beta,Rates,high,1.7254,0.1682,63,1.7816,0.0510
NVDA,market_beta,Rates,low,1.6466,0.1480,63,1.7816,0.0510
NVDA,market_beta,Bull-Bear,high,2.0395,0.0951,839,1.7816,0.0510
NVDA,market_beta,Bull-Bear,low,1.9394,0.0875,241,1.7816,0.0510
NVDA,momentum,VIX,high,1.3361,0.2780,312,1.0095,0.1348
NVDA,momentum,VIX,low,3.1527,0.2536,254,1.0095,0.1348
NVDA,momentum,Rates,high,0.9500,0.7672,63,1.0095,0.1348
NVDA,momentum,Rates,low,-0.3630,0.7216,63,1.0095,0.1348
NVDA,momentum,Bull-Bear,high,1.3505,0.1384,839,1.0095,0.1348
NVDA,momentum,Bull-Bear,low,0.4696,0.3702,241,1.0095,0.1348
NVDA,natural_gas,VIX,high,-0.0117,0.0569,312,0.0069,0.0247
NVDA,natural_gas,VIX,low,-0.0407,0.0463,254,0.0069,0.0247
NVDA,natural_gas,Rates,high,-0.0438,0.1099,63,0.0069,0.0247
NVDA,natural_gas,Rates,low,-0.0693,0.1502,63,0.0069,0.0247
NVDA,natural_gas,Bull-Bear,high,0.0038,0.0280,839,0.0069,0.0247
NVDA,natural_gas,Bull-Bear,low,-0.0187,0.0575,241,0.0069,0.0247
NVDA,quality,VIX,high,-1.4141,0.8521,312,1.8285,0.4217
NVDA,quality,VIX,low,5.0294,0.8160,254,1.8285,0.4217
NVDA,quality,Rates,high,-1.4953,1.7334,63,1.8285,0.4217
NVDA,quality,Rates,low,-0.4483,1.6793,63,1.8285,0.4217
NVDA,quality,Bull-Bear,high,2.2759,0.5095,839,1.8285,0.4217
NVDA,quality,Bull-Bear,low,3.8592,1.0107,241,1.8285,0.4217
NVDA,rates,VIX,high,-0.2790,0.3958,312,0.2700,0.1905
NVDA,rates,VIX,low,0.3680,0.3706,254,0.2700,0.1905
NVDA,rates,Rates,high,-0.6592,1.6547,63,0.2700,0.1905
NVDA,rates,Rates,low,-1.1599,1.4803,63,0.2700,0.1905
NVDA,rates,Bull-Bear,high,0.7536,0.2520,839,0.2700,0.1905
NVDA,rates,Bull-Bear,low,0.6494,0.3871,241,0.2700,0.1905
NVDA,rates_30y,VIX,high,-0.0673,0.1688,312,0.2116,0.0850
NVDA,rates_30y,VIX,low,0.2570,0.1777,254,0.2116,0.0850
NVDA,rates_30y,Rates,high,-0.1016,0.4654,63,0.2116,0.0850
NVDA,rates_30y,Rates,low,-0.4563,0.5127,63,0.2116,0.0850
NVDA,rates_30y,Bull-Bear,high,0.4534,0.1133,839,0.2116,0.0850
NVDA,rates_30y,Bull-Bear,low,0.3593,0.1871,241,0.2116,0.0850
NVDA,semiconductors,VIX,high,0.3281,0.1715,312,1.1598,0.0676
NVDA,semiconductors,VIX,low,1.1829,0.1099,254,1.1598,0.0676
NVDA,semiconductors,Rates,high,1.0629,0.3979,63,1.1598,0.0676
NVDA,semiconductors,Rates,low,0.5842,0.3158,63,1.1598,0.0676
NVDA,semiconductors,Bull-Bear,high,1.4407,0.0672,839,1.1598,0.0676
NVDA,semiconductors,Bull-Bear,low,1.1579,0.1814,241,1.1598,0.0676
NVDA,uranium,VIX,high,0.0050,0.1121,312,0.1299,0.0446
NVDA,uranium,VIX,low,0.0941,0.0925,254,0.1299,0.0446
NVDA,uranium,Rates,high,0.0892,0.2178,63,0.1299,0.0446
NVDA,uranium,Rates,low,-0.1309,0.2439,63,0.1299,0.0446
NVDA,uranium,Bull-Bear,high,0.1564,0.0497,839,0.1299,0.0446
NVDA,uranium,Bull-Bear,low,0.1540,0.1136,241,0.1299,0.0446
NVDA,usd_strength,VIX,high,0.8073,0.3787,312,-0.1272,0.2061
NVDA,usd_strength,VIX,low,-0.6707,0.4425,254,-0.1272,0.2061
NVDA,usd_strength,Rates,high,2.6135,0.9209,63,-0.1272,0.2061
NVDA,usd_strength,Rates,low,0.7911,0.7670,63,-0.1272,0.2061
NVDA,usd_strength,Bull-Bear,high,-0.8662,0.2717,839,-0.1272,0.2061
NVDA,usd_strength,Bull-Bear,low,-1.7050,0.4760,241,-0.1272,0.2061
NVDA,value,VIX,high,-1.2356,0.3712,312,-2.8577,0.1784
NVDA,value,VIX,low,-3.3213,0.2879,254,-2.8577,0.1784
NVDA,value,Rates,high,-0.7973,0.8967,63,-2.8577,0.1784
NVDA,value,Rates,low,-0.8994,0.9328,63,-2.8577,0.1784
NVDA,value,Bull-Bear,high,-3.6065,0.1791,839,-2.8577,0.1784
NVDA,value,Bull-Bear,low,-3.3732,0.4477,241,-2.8577,0.1784
NVDA,volatility,VIX,high,0.0527,0.0298,312,-0.0337,0.0171
NVDA,volatility,VIX,low,0.0268,0.0486,254,-0.0337,0.0171
NVDA,volatility,Rates,high,-0.0359,0.0554,63,-0.0337,0.0171
NVDA,volatility,Rates,low,0.0498,0.0713,63,-0.0337,0.0171
NVDA,volatility,Bull-Bear,high,-0.1091,0.0200,839,-0.0337,0.0171
NVDA,volatility,Bull-Bear,low,0.1704,0.0507,241,-0.0337,0.0171
NVDA,xl_consumer_defensive,VIX,high,-0.0208,0.2547,312,-1.3307,0.1309
NVDA,xl_consumer_defensive,VIX,low,-1.9820,0.2676,254,-1.3307,0.1309
NVDA,xl_consumer_defensive,Rates,high,-0.4674,0.5184,63,-1.3307,0.1309
NVDA,xl_consumer_defensive,Rates,low,-1.2987,0.5680,63,-1.3307,0.1309
NVDA,xl_consumer_defensive,Bull-Bear,high,-2.1853,0.1611,839,-1.3307,0.1309
NVDA,xl_consumer_defensive,Bull-Bear,low,-1.4977,0.2794,241,-1.3307,0.1309
NVDA,xl_financials,VIX,high,-0.5046,0.3474,312,0.0809,0.1880
NVDA,xl_financials,VIX,low,1.2240,0.4132,254,0.0809,0.1880
NVDA,xl_financials,Rates,high,0.5892,0.7027,63,0.0809,0.1880
NVDA,xl_financials,Rates,low,0.2669,0.9432,63,0.0809,0.1880
NVDA,xl_financials,Bull-Bear,high,0.0464,0.2304,839,0.0809,0.1880
NVDA,xl_financials,Bull-Bear,low,0.3454,0.4241,241,0.0809,0.1880
NVDA,xl_healthcare,VIX,high,0.3088,0.2990,312,-1.1733,0.1430
NVDA,xl_healthcare,VIX,low,-1.8733,0.2626,254,-1.1733,0.1430
NVDA,xl_healthcare,Rates,high,-1.3311,0.6700,63,-1.1733,0.1430
NVDA,xl_healthcare,Rates,low,-0.4987,0.6465,63,-1.1733,0.1430
NVDA,xl_healthcare,Bull-Bear,high,-1.7056,0.1633,839,-1.1733,0.1430
NVDA,xl_healthcare,Bull-Bear,low,-1.3711,0.3343,241,-1.1733,0.1430
NVDA,xl_industrials,VIX,high,-0.7867,0.4133,312,0.1655,0.2149
NVDA,xl_industrials,VIX,low,1.0379,0.4465,254,0.1655,0.2149
NVDA,xl_industrials,Rates,high,-0.4231,0.9884,63,0.1655,0.2149
NVDA,xl_industrials,Rates,low,-2.3996,1.0759,63,0.1655,0.2149
NVDA,xl_industrials,Bull-Bear,high,0.6948,0.2601,839,0.1655,0.2149
NVDA,xl_industrials,Bull-Bear,low,-0.5070,0.4940,241,0.1655,0.2149
NVDA,xl_real_estate,VIX,high,-0.2999,0.1951,312,-0.8555,0.0964
NVDA,xl_real_estate,VIX,low,-1.4326,0.1691,254,-0.8555,0.0964
NVDA,xl_real_estate,Rates,high,-0.9213,0.4115,63,-0.8555,0.0964
NVDA,xl_real_estate,Rates,low,0.7110,0.3334,63,-0.8555,0.0964
NVDA,xl_real_estate,Bull-Bear,high,-1.3543,0.1126,839,-0.8555,0.0964
NVDA,xl_real_estate,Bull-Bear,low,-0.7814,0.2203,241,-0.8555,0.0964
NVDA,xl_utilities,VIX,high,-0.1392,0.1610,312,-0.8185,0.0834
NVDA,xl_utilities,VIX,low,-1.1875,0.1654,254,-0.8185,0.0834
NVDA,xl_utilities,Rates,high,-0.2540,0.2834,63,-0.8185,0.0834
NVDA,xl_utilities,Rates,low,0.0161,0.3692,63,-0.8185,0.0834
NVDA,xl_utilities,Bull-Bear,high,-1.3945,0.1009,839,-0.8185,0.0834
NVDA,xl_utilities,Bull-Bear,low,-0.8607,0.1827,241,-0.8185,0.0834
O,biotech,VIX,high,-0.3416,0.1627,312,-0.1168,0.0546
O,biotech,VIX,low,0.3746,0.0781,254,-0.1168,0.0546
O,biotech,Rates,high,-0.6338,0.4421,63,-0.1168,0.0546
O,biotech,Rates,low,0.1492,0.5150,63,-0.1168,0.0546
O,biotech,Bull-Bear,high,-0.0489,0.0431,839,-0.1168,0.0546
O,biotech,Bull-Bear,low,-0.0286,0.1241,241,-0.1168,0.0546
O,china_a_shares,VIX,high,0.0832,0.1234,312,0.0157,0.0377
O,china_a_shares,VIX,low,0.0615,0.0527,254,0.0157,0.0377
O,china_a_shares,Rates,high,0.3413,0.2718,63,0.0157,0.0377
O,china_a_shares,Rates,low,0.7823,0.3811,63,0.0157,0.0377
O,china_a_shares,Bull-Bear,high,-0.0038,0.0294,839,0.0157,0.0377
O,china_a_shares,Bull-Bear,low,-0.1415,0.0926,241,0.0157,0.0377
O,china_exposure,VIX,high,-0.1443,0.0994,312,-0.0354,0.0323
O,china_exposure,VIX,low,0.0517,0.0396,254,-0.0354,0.0323
O,china_exposure,Rates,high,-0.0078,0.2268,63,-0.0354,0.0323
O,china_exposure,Rates,low,-0.1932,0.3189,63,-0.0354,0.0323
O,china_exposure,Bull-Bear,high,0.0235,0.0265,839,-0.0354,0.0323
O,china_exposure,Bull-Bear,low,-0.0639,0.0637,241,-0.0354,0.0323
O,copper,VIX,high,0.0442,0.1256,312,0.0238,0.0411
O,copper,VIX,low,0.0211,0.0565,254,0.0238,0.0411
O,copper,Rates,high,0.7920,0.2595,63,0.0238,0.0411
O,copper,Rates,low,0.0650,0.3687,63,0.0238,0.0411
O,copper,Bull-Bear,high,0.0000,0.0335,839,0.0238,0.0411
O,copper,Bull-Bear,low,-0.0179,0.0895,241,0.0238,0.0411
O,credit_hy_spread,VIX,high,1.1949,0.2534,312,0.3822,0.1154
O,credit_hy_spread,VIX,low,-1.0304,0.1924,254,0.3822,0.1154
O,credit_hy_spread,Rates,high,4.7243,1.0050,63,0.3822,0.1154
O,credit_hy_spread,Rates,low,4.2860,0.7777,63,0.3822,0.1154
O,credit_hy_spread,Bull-Bear,high,-0.5781,0.1191,839,0.3822,0.1154
O,credit_hy_spread,Bull-Bear,low,0.3751,0.2079,241,0.3822,0.1154
O,defense,VIX,high,0.6905,0.1579,312,0.2265,0.0634
O,defense,VIX,low,-0.3088,0.0861,254,0.2265,0.0634
O,defense,Rates,high,0.5056,0.4071,63,0.2265,0.0634
O,defense,Rates,low,-0.1127,0.4419,63,0.2265,0.0634
O,defense,Bull-Bear,high,0.0564,0.0556,839,0.2265,0.0634
O,defense,Bull-Bear,low,0.0771,0.1373,241,0.2265,0.0634
O,energy_oil,VIX,high,0.0948,0.0463,312,0.0354,0.0210
O,energy_oil,VIX,low,-0.1223,0.0408,254,0.0354,0.0210
O,energy_oil,Rates,high,0.5641,0.1378,63,0.0354,0.0210
O,energy_oil,Rates,low,0.2168,0.1636,63,0.0354,0.0210
O,energy_oil,Bull-Bear,high,-0.0345,0.0245,839,0.0354,0.0210
O,energy_oil,Bull-Bear,low,-0.0517,0.0328,241,0.0354,0.0210
O,gold,VIX,high,-0.0938,0.1695,312,0.0696,0.0593
O,gold,VIX,low,0.2799,0.0783,254,0.0696,0.0593
O,gold,Rates,high,0.4650,0.4337,63,0.0696,0.0593
O,gold,Rates,low,-0.0119,0.4138,63,0.0696,0.0593
O,gold,Bull-Bear,high,0.1139,0.0482,839,0.0696,0.0593
O,gold,Bull-Bear,low,0.0011,0.1365,241,0.0696,0.0593
O,growth,VIX,high,3.3162,0.8404,312,1.2863,0.3385
O,growth,VIX,low,1.7656,0.5779,254,1.2863,0.3385
O,growth,Rates,high,6.7640,1.7977,63,1.2863,0.3385
O,growth,Rates,low,10.5137,1.8930,63,1.2863,0.3385
O,growth,Bull-Bear,high,-0.9457,0.2939,839,1.2863,0.3385
O,growth,Bull-Bear,low,1.2011,0.7502,241,1.2863,0.3385
O,inflation,VIX,high,1.2616,0.4051,312,0.3276,0.1753
O,inflation,VIX,low,-1.6885,0.3157,254,0.3276,0.1753
O,inflation,Rates,high,-1.1935,1.1984,63,0.3276,0.1753
O,inflation,Rates,low,2.3956,0.9093,63,0.3276,0.1753
O,inflation,Bull-Bear,high,-0.7246,0.1871,839,0.3276,0.1753
O,inflation,Bull-Bear,low,-0.0834,0.3057,241,0.3276,0.1753
O,lithium,VIX,high,-0.0350,0.1059,312,0.0042,0.0344
O,lithium,VIX,low,0.1262,0.0433,254,0.0042,0.0344
O,lithium,Rates,high,-0.0634,0.2598,63,0.0042,0.0344
O,lithium,Rates,low,-0.5800,0.4063,63,0.0042,0.0344
O,lithium,Bull-Bear,high,0.0267,0.0264,839,0.0042,0.0344
O,lithium,Bull-Bear,low,-0.0824,0.0941,241,0.0042,0.0344
O,market_beta,VIX,high,1.0854,0.0658,312,0.9069,0.0348
O,market_beta,VIX,low,0.4511,0.1141,254,0.9069,0.0348
O,market_beta,Rates,high,1.0669,0.2113,63,0.9069,0.0348
O,market_beta,Rates,low,1.5239,0.1518,63,0.9069,0.0348
O,market_beta,Bull-Bear,high,0.5995,0.0458,839,0.9069,0.0348
O,market_beta,Bull-Bear,low,0.7600,0.0713,241,0.9069,0.0348
O,momentum,VIX,high,-0.4570,0.2387,312,-0.3501,0.0824
O,momentum,VIX,low,-0.4676,0.1283,254,-0.3501,0.0824
O,momentum,Rates,high,0.3494,0.7024,63,-0.3501,0.0824
O,momentum,Rates,low,-0.0816,0.6940,63,-0.3501,0.0824
O,momentum,Bull-Bear,high,-0.4308,0.0602,839,-0.3501,0.0824
O,momentum,Bull-Bear,low,-0.6104,0.2066,241,-0.3501,0.0824
O,natural_gas,VIX,high,0.0160,0.0474,312,0.0166,0.0149
O,natural_gas,VIX,low,-0.0084,0.0189,254,0.0166,0.0149
O,natural_gas,Rates,high,0.0829,0.0991,63,0.0166,0.0149
O,natural_gas,Rates,low,0.1407,0.1433,63,0.0166,0.0149
O,natural_gas,Bull-Bear,high,0.0024,0.0119,839,0.0166,0.0149
O,natural_gas,Bull-Bear,low,0.0379,0.0325,241,0.0166,0.0149
O,quality,VIX,high,-0.6101,0.7122,312,-0.4112,0.2557
O,quality,VIX,low,-1.8042,0.3392,254,-0.4112,0.2557
O,quality,Rates,high,-5.4993,1.4147,63,-0.4112,0.2557
O,quality,Rates,low,-1.7588,1.5972,63,-0.4112,0.2557
O,quality,Bull-Bear,high,-0.1501,0.2188,839,-0.4112,0.2557
O,quality,Bull-Bear,low,0.5566,0.5885,241,-0.4112,0.2557
O,rates,VIX,high,-0.2793,0.3297,312,0.3429,0.1145
O,rates,VIX,low,0.9737,0.1388,254,0.3429,0.1145
O,rates,Rates,high,1.6858,1.4857,63,0.3429,0.1145
O,rates,Rates,low,-2.6133,1.3884,63,0.3429,0.1145
O,rates,Bull-Bear,high,0.6181,0.1054,839,0.3429,0.1145
O,rates,Bull-Bear,low,0.5716,0.2174,241,0.3429,0.1145
O,rates_30y,VIX,high,-0.0604,0.1407,312,0.1717,0.0511
O,rates_30y,VIX,low,0.4499,0.0672,254,0.1717,0.0511
O,rates_30y,Rates,high,1.4298,0.3801,63,0.1717,0.0511
O,rates_30y,Rates,low,-1.3256,0.4654,63,0.1717,0.0511
O,rates_30y,Bull-Bear,high,0.2163,0.0480,839,0.1717,0.0511
O,rates_30y,Bull-Bear,low,0.2478,0.1056,241,0.1717,0.0511
O,semiconductors,VIX,high,-0.9340,0.1336,312,-0.3761,0.0440
O,semiconductors,VIX,low,-0.1949,0.0529,254,-0.3761,0.0440
O,semiconductors,Rates,high,-0.5815,0.3737,63,-0.3761,0.0440
O,semiconductors,Rates,low,-0.9018,0.2893,63,-0.3761,0.0440
O,semiconductors,Bull-Bear,high,-0.2096,0.0348,839,-0.3761,0.0440
O,semiconductors,Bull-Bear,low,-0.3476,0.1088,241,-0.3761,0.0440
O,uranium,VIX,high,-0.1369,0.0931,312,-0.0421,0.0270
O,uranium,VIX,low,-0.0126,0.0379,254,-0.0421,0.0270
O,uranium,Rates,high,0.2807,0.1943,63,-0.0421,0.0270
O,uranium,Rates,low,-0.3436,0.2306,63,-0.0421,0.0270
O,uranium,Bull-Bear,high,-0.0204,0.0212,839,-0.0421,0.0270
O,uranium,Bull-Bear,low,-0.1573,0.0638,241,-0.0421,0.0270
O,usd_strength,VIX,high,0.7680,0.3148,312,0.0572,0.1242
O,usd_strength,VIX,low,-0.9689,0.1711,254,0.0572,0.1242
O,usd_strength,Rates,high,-0.9554,0.8793,63,0.0572,0.1242
O,usd_strength,Rates,low,2.3066,0.6814,63,0.0572,0.1242
O,usd_strength,Bull-Bear,high,-0.5873,0.1143,839,0.0572,0.1242
O,usd_strength,Bull-Bear,low,-0.8060,0.2717,241,0.0572,0.1242
O,value,VIX,high,2.6576,0.2762,312,1.5460,0.1096
O,value,VIX,low,1.1060,0.1277,254,1.5460,0.1096
O,value,Rates,high,4.1095,0.6259,63,1.5460,0.1096
O,value,Rates,low,3.7781,0.7616,63,1.5460,0.1096
O,value,Bull-Bear,high,0.8820,0.0875,839,1.5460,0.1096
O,value,Bull-Bear,low,1.3546,0.2681,241,1.5460,0.1096
O,volatility,VIX,high,0.1080,0.0242,312,0.0481,0.0102
O,volatility,VIX,low,0.0087,0.0199,254,0.0481,0.0102
O,volatility,Rates,high,0.0775,0.0494,63,0.0481,0.0102
O,volatility,Rates,low,0.1568,0.0657,63,0.0481,0.0102
O,volatility,Bull-Bear,high,-0.0223,0.0086,839,0.0481,0.0102
O,volatility,Bull-Bear,low,0.1258,0.0282,241,0.0481,0.0102
O,xl_consumer_defensive,VIX,high,0.2292,0.2118,312,0.3282,0.0815
O,xl_consumer_defensive,VIX,low,0.6162,0.1143,254,0.3282,0.0815
O,xl_consumer_defensive,Rates,high,0.4677,0.4691,63,0.3282,0.0815
O,xl_consumer_defensive,Rates,low,0.5626,0.5635,63,0.3282,0.0815
O,xl_consumer_defensive,Bull-Bear,high,0.4928,0.0736,839,0.3282,0.0815
O,xl_consumer_defensive,Bull-Bear,low,-0.0486,0.1675,241,0.3282,0.0815
O,xl_financials,VIX,high,0.2227,0.2902,312,-0.1467,0.1132
O,xl_financials,VIX,low,-0.7960,0.1643,254,-0.1467,0.1132
O,xl_financials,Rates,high,-0.2716,0.6394,63,-0.1467,0.1132
O,xl_financials,Rates,low,-0.8465,0.8995,63,-0.1467,0.1132
O,xl_financials,Bull-Bear,high,-0.3858,0.0969,839,-0.1467,0.1132
O,xl_financials,Bull-Bear,low,0.0543,0.2405,241,-0.1467,0.1132
O,xl_healthcare,VIX,high,0.5071,0.2479,312,0.3015,0.0881
O,xl_healthcare,VIX,low,0.5069,0.1132,254,0.3015,0.0881
O,xl_healthcare,Rates,high,0.6219,0.6214,63,0.3015,0.0881
O,xl_healthcare,Rates,low,1.6998,0.5844,63,0.3015,0.0881
O,xl_healthcare,Bull-Bear,high,0.1841,0.0734,839,0.3015,0.0881
O,xl_healthcare,Bull-Bear,low,-0.0467,0.1959,241,0.3015,0.0881
O,xl_industrials,VIX,high,0.2778,0.3460,312,-0.0509,0.1295
O,xl_industrials,VIX,low,-0.4932,0.1818,254,-0.0509,0.1295
O,xl_industrials,Rates,high,-0.5074,0.8946,63,-0.0509,0.1295
O,xl_industrials,Rates,low,-2.8953,1.0081,63,-0.0509,0.1295
O,xl_industrials,Bull-Bear,high,-0.1125,0.1108,839,-0.0509,0.1295
O,xl_industrials,Bull-Bear,low,-0.2500,0.2799,241,-0.0509,0.1295
O,xl_real_estate,VIX,high,1.5029,0.1390,312,1.0731,0.0517
O,xl_real_estate,VIX,low,0.7853,0.0608,254,1.0731,0.0517
O,xl_real_estate,Rates,high,1.1930,0.3565,63,1.0731,0.0517
O,xl_real_estate,Rates,low,2.0380,0.2048,63,1.0731,0.0517
O,xl_real_estate,Bull-Bear,high,0.8322,0.0430,839,1.0731,0.0517
O,xl_real_estate,Bull-Bear,low,1.0265,0.1094,241,1.0731,0.0517
O,xl_utilities,VIX,high,0.7201,0.1279,312,0.5347,0.0499
O,xl_utilities,VIX,low,0.5133,0.0668,254,0.5347,0.0499
O,xl_utilities,Rates,high,0.4073,0.2532,63,0.5347,0.0499
O,xl_utilities,Rates,low,1.5097,0.2971,63,0.5347,0.0499
O,xl_utilities,Bull-Bear,high,0.4218,0.0452,839,0.5347,0.0499
O,xl_utilities,Bull-Bear,low,0.5305,0.1026,241,0.5347,0.0499
ORCL,biotech,VIX,high,0.1427,0.1246,312,-0.1337,0.0551
ORCL,biotech,VIX,low,-0.3484,0.1629,254,-0.1337,0.0551
ORCL,biotech,Rates,high,0.5403,0.3044,63,-0.1337,0.0551
ORCL,biotech,Rates,low,-0.0612,0.2865,63,-0.1337,0.0551
ORCL,biotech,Bull-Bear,high,-0.2488,0.0584,839,-0.1337,0.0551
ORCL,biotech,Bull-Bear,low,0.1467,0.1093,241,-0.1337,0.0551
ORCL,china_a_shares,VIX,high,0.0299,0.0942,312,-0.0362,0.0380
ORCL,china_a_shares,VIX,low,0.0485,0.1064,254,-0.0362,0.0380
ORCL,china_a_shares,Rates,high,-0.0518,0.1910,63,-0.0362,0.0380
ORCL,china_a_shares,Rates,low,0.3731,0.2138,63,-0.0362,0.0380
ORCL,china_a_shares,Bull-Bear,high,-0.0337,0.0402,839,-0.0362,0.0380
ORCL,china_a_shares,Bull-Bear,low,-0.1288,0.0818,241,-0.0362,0.0380
ORCL,china_exposure,VIX,high,-0.0821,0.0759,312,-0.0412,0.0326
ORCL,china_exposure,VIX,low,0.0255,0.0799,254,-0.0412,0.0326
ORCL,china_exposure,Rates,high,-0.1185,0.1568,63,-0.0412,0.0326
ORCL,china_exposure,Rates,low,0.0379,0.1778,63,-0.0412,0.0326
ORCL,china_exposure,Bull-Bear,high,-0.0290,0.0363,839,-0.0412,0.0326
ORCL,china_exposure,Bull-Bear,low,-0.0118,0.0564,241,-0.0412,0.0326
ORCL,copper,VIX,high,-0.2459,0.0947,312,-0.0673,0.0415
ORCL,copper,VIX,low,0.0481,0.1137,254,-0.0673,0.0415
ORCL,copper,Rates,high,-0.5729,0.1790,63,-0.0673,0.0415
ORCL,copper,Rates,low,0.2050,0.2034,63,-0.0673,0.0415
ORCL,copper,Bull-Bear,high,0.0031,0.0459,839,-0.0673,0.0415
ORCL,copper,Bull-Bear,low,-0.0990,0.0789,241,-0.0673,0.0415
ORCL,credit_hy_spread,VIX,high,0.4536,0.1983,312,-0.1366,0.1169
ORCL,credit_hy_spread,VIX,low,-0.9295,0.4047,254,-0.1366,0.1169
ORCL,credit_hy_spread,Rates,high,0.4546,0.8125,63,-0.1366,0.1169
ORCL,credit_hy_spread,Rates,low,1.4006,0.4979,63,-0.1366,0.1169
ORCL,credit_hy_spread,Bull-Bear,high,-0.8712,0.1625,839,-0.1366,0.1169
ORCL,credit_hy_spread,Bull-Bear,low,-0.0646,0.1850,241,-0.1366,0.1169
ORCL,defense,VIX,high,-0.2039,0.1235,312,-0.1501,0.0642
ORCL,defense,VIX,low,0.1686,0.1774,254,-0.1501,0.0642
ORCL,defense,Rates,high,-0.6904,0.2723,63,-0.1501,0.0642
ORCL,defense,Rates,low,0.1729,0.2448,63,-0.1501,0.0642
ORCL,defense,Bull-Bear,high,-0.0246,0.0761,839,-0.1501,0.0642
ORCL,defense,Bull-Bear,low,-0.2309,0.1206,241,-0.1501,0.0642
ORCL,energy_oil,VIX,high,-0.0332,0.0355,312,-0.0476,0.0212
ORCL,energy_oil,VIX,low,-0.0258,0.0836,254,-0.0476,0.0212
ORCL,energy_oil,Rates,high,-0.1104,0.1071,63,-0.0476,0.0212
ORCL,energy_oil,Rates,low,0.0557,0.0920,63,-0.0476,0.0212
ORCL,energy_oil,Bull-Bear,high,-0.0130,0.0335,839,-0.0476,0.0212
ORCL,energy_oil,Bull-Bear,low,-0.0497,0.0289,241,-0.0476,0.0212
ORCL,gold,VIX,high,-0.1557,0.1290,312,-0.0210,0.0599
ORCL,gold,VIX,low,0.0910,0.1615,254,-0.0210,0.0599
ORCL,gold,Rates,high,-0.5466,0.2958,63,-0.0210,0.0599
ORCL,gold,Rates,low,0.1554,0.2292,63,-0.0210,0.0599
ORCL,gold,Bull-Bear,high,0.0969,0.0661,839,-0.0210,0.0599
ORCL,gold,Bull-Bear,low,-0.2145,0.1198,241,-0.0210,0.0599
ORCL,growth,VIX,high,0.7337,0.6552,312,-0.7965,0.3430
ORCL,growth,VIX,low,-3.0070,1.1700,254,-0.7965,0.3430
ORCL,growth,Rates,high,2.8183,1.3379,63,-0.7965,0.3430
ORCL,growth,Rates,low,3.8899,1.1916,63,-0.7965,0.3430
ORCL,growth,Bull-Bear,high,-2.0570,0.3985,839,-0.7965,0.3430
ORCL,growth,Bull-Bear,low,0.3494,0.6663,241,-0.7965,0.3430
ORCL,inflation,VIX,high,0.1858,0.3135,312,-0.0999,0.1772
ORCL,inflation,VIX,low,-1.0130,0.6679,254,-0.0999,0.1772
ORCL,inflation,Rates,high,-1.0390,0.8283,63,-0.0999,0.1772
ORCL,inflation,Rates,low,1.3095,0.5066,63,-0.0999,0.1772
ORCL,inflation,Bull-Bear,high,-0.3712,0.2581,839,-0.0999,0.1772
ORCL,inflation,Bull-Bear,low,-0.5042,0.2683,241,-0.0999,0.1772
ORCL,lithium,VIX,high,-0.2394,0.0796,312,-0.0746,0.0347
ORCL,lithium,VIX,low,0.0462,0.0886,254,-0.0746,0.0347
ORCL,lithium,Rates,high,-0.5405,0.1667,63,-0.0746,0.0347
ORCL,lithium,Rates,low,-0.2431,0.2275,63,-0.0746,0.0347
ORCL,lithium,Bull-Bear,high,0.0126,0.0362,839,-0.0746,0.0347
ORCL,lithium,Bull-Bear,low,-0.1760,0.0826,241,-0.0746,0.0347
ORCL,market_beta,VIX,high,0.9132,0.0451,312,0.9488,0.0344
ORCL,market_beta,VIX,low,1.5087,0.2169,254,0.9488,0.0344
ORCL,market_beta,Rates,high,1.0818,0.1065,63,0.9488,0.0344
ORCL,market_beta,Rates,low,0.8482,0.0843,63,0.9488,0.0344
ORCL,market_beta,Bull-Bear,high,0.9082,0.0612,839,0.9488,0.0344
ORCL,market_beta,Bull-Bear,low,0.8387,0.0540,241,0.9488,0.0344
ORCL,momentum,VIX,high,-0.0082,0.1831,312,0.0327,0.0838
ORCL,momentum,VIX,low,1.3968,0.2500,254,0.0327,0.0838
ORCL,momentum,Rates,high,0.2299,0.4879,63,0.0327,0.0838
ORCL,momentum,Rates,low,-0.0287,0.3859,63,0.0327,0.0838
ORCL,momentum,Bull-Bear,high,0.0870,0.0848,839,0.0327,0.0838
ORCL,momentum,Bull-Bear,low,0.0425,0.1859,241,0.0327,0.0838
ORCL,natural_gas,VIX,high,-0.0610,0.0359,312,-0.0082,0.0150
ORCL,natural_gas,VIX,low,0.0132,0.0382,254,-0.0082,0.0150
ORCL,natural_gas,Rates,high,0.0069,0.0692,63,-0.0082,0.0150
ORCL,natural_gas,Rates,low,-0.0124,0.0803,63,-0.0082,0.0150
ORCL,natural_gas,Bull-Bear,high,0.0061,0.0163,839,-0.0082,0.0150
ORCL,natural_gas,Bull-Bear,low,-0.0524,0.0286,241,-0.0082,0.0150
ORCL,quality,VIX,high,-0.0635,0.5436,312,0.3097,0.2583
ORCL,quality,VIX,low,0.6758,0.7192,254,0.3097,0.2583
ORCL,quality,Rates,high,-2.3996,1.0535,63,0.3097,0.2583
ORCL,quality,Rates,low,-0.9980,0.8877,63,0.3097,0.2583
ORCL,quality,Bull-Bear,high,0.4181,0.2992,839,0.3097,0.2583
ORCL,quality,Bull-Bear,low,1.0970,0.5163,241,0.3097,0.2583
ORCL,rates,VIX,high,-0.6123,0.2492,312,-0.0421,0.1160
ORCL,rates,VIX,low,0.1409,0.3055,254,-0.0421,0.1160
ORCL,rates,Rates,high,-2.0553,1.0088,63,-0.0421,0.1160
ORCL,rates,Rates,low,-0.8958,0.7857,63,-0.0421,0.1160
ORCL,rates,Bull-Bear,high,0.1636,0.1471,839,-0.0421,0.1160
ORCL,rates,Bull-Bear,low,0.2241,0.1944,241,-0.0421,0.1160
ORCL,rates_30y,VIX,high,-0.2864,0.1060,312,-0.0261,0.0518
ORCL,rates_30y,VIX,low,0.0486,0.1468,254,-0.0261,0.0518
ORCL,rates_30y,Rates,high,-0.4987,0.2859,63,-0.0261,0.0518
ORCL,rates_30y,Rates,low,-0.5482,0.2663,63,-0.0261,0.0518
ORCL,rates_30y,Bull-Bear,high,0.0727,0.0664,839,-0.0261,0.0518
ORCL,rates_30y,Bull-Bear,low,0.0950,0.0942,241,-0.0261,0.0518
ORCL,semiconductors,VIX,high,-0.4705,0.1063,312,-0.0100,0.0457
ORCL,semiconductors,VIX,low,0.3405,0.1072,254,-0.0100,0.0457
ORCL,semiconductors,Rates,high,-0.2328,0.2630,63,-0.0100,0.0457
ORCL,semiconductors,Rates,low,-0.3310,0.1680,63,-0.0100,0.0457
ORCL,semiconductors,Bull-Bear,high,0.1280,0.0484,839,-0.0100,0.0457
ORCL,semiconductors,Bull-Bear,low,0.0669,0.0981,241,-0.0100,0.0457
ORCL,uranium,VIX,high,-0.2164,0.0701,312,-0.0269,0.0272
ORCL,uranium,VIX,low,0.0798,0.0761,254,-0.0269,0.0272
ORCL,uranium,Rates,high,0.0405,0.1371,63,-0.0269,0.0272
ORCL,uranium,Rates,low,-0.0318,0.1304,63,-0.0269,0.0272
ORCL,uranium,Bull-Bear,high,0.0247,0.0290,839,-0.0269,0.0272
ORCL,uranium,Bull-Bear,low,-0.0693,0.0569,241,-0.0269,0.0272
ORCL,usd_strength,VIX,high,1.0336,0.2351,312,0.2731,0.1251
ORCL,usd_strength,VIX,low,-0.3958,0.3650,254,0.2731,0.1251
ORCL,usd_strength,Rates,high,1.9022,0.5664,63,0.2731,0.1251
ORCL,usd_strength,Rates,low,0.8704,0.3976,63,0.2731,0.1251
ORCL,usd_strength,Bull-Bear,high,-0.2381,0.1587,839,0.2731,0.1251
ORCL,usd_strength,Bull-Bear,low,-0.5190,0.2423,241,0.2731,0.1251
ORCL,value,VIX,high,0.5311,0.2381,312,-0.2695,0.1189
ORCL,value,VIX,low,-1.3335,0.2806,254,-0.2695,0.1189
ORCL,value,Rates,high,0.6114,0.5624,63,-0.2695,0.1189
ORCL,value,Rates,low,0.8112,0.4908,63,-0.2695,0.1189
ORCL,value,Bull-Bear,high,-0.5276,0.1255,839,-0.2695,0.1189
ORCL,value,Bull-Bear,low,-0.7901,0.2440,241,-0.2695,0.1189
ORCL,volatility,VIX,high,0.0505,0.0188,312,-0.0064,0.0104
ORCL,volatility,VIX,low,-0.0264,0.0400,254,-0.0064,0.0104
ORCL,volatility,Rates,high,-0.0249,0.0348,63,-0.0064,0.0104
ORCL,volatility,Rates,low,0.0318,0.0380,63,-0.0064,0.0104
ORCL,volatility,Bull-Bear,high,-0.0447,0.0117,839,-0.0064,0.0104
ORCL,volatility,Bull-Bear,low,0.0667,0.0256,241,-0.0064,0.0104
ORCL,xl_consumer_defensive,VIX,high,0.8329,0.1547,312,0.1732,0.0827
ORCL,xl_consumer_defensive,VIX,low,-0.6768,0.2393,254,0.1732,0.0827
ORCL,xl_consumer_defensive,Rates,high,0.4625,0.3230,63,0.1732,0.0827
ORCL,xl_consumer_defensive,Rates,low,-0.1128,0.3156,63,0.1732,0.0827
ORCL,xl_consumer_defensive,Bull-Bear,high,-0.2530,0.1030,839,0.1732,0.0827
ORCL,xl_consumer_defensive,Bull-Bear,low,-0.1890,0.1476,241,0.1732,0.0827
ORCL,xl_financials,VIX,high,-0.1352,0.2213,312,0.0855,0.1143
ORCL,xl_financials,VIX,low,-0.1544,0.3458,254,0.0855,0.1143
ORCL,xl_financials,Rates,high,-0.0598,0.4446,63,0.0855,0.1143
ORCL,xl_financials,Rates,low,0.2563,0.5027,63,0.0855,0.1143
ORCL,xl_financials,Bull-Bear,high,0.1216,0.1338,839,0.0855,0.1143
ORCL,xl_financials,Bull-Bear,low,0.2251,0.2121,241,0.0855,0.1143
ORCL,xl_healthcare,VIX,high,0.7656,0.1852,312,0.0305,0.0893
ORCL,xl_healthcare,VIX,low,-0.6048,0.2339,254,0.0305,0.0893
ORCL,xl_healthcare,Rates,high,0.1181,0.4348,63,0.0305,0.0893
ORCL,xl_healthcare,Rates,low,0.4828,0.3412,63,0.0305,0.0893
ORCL,xl_healthcare,Bull-Bear,high,-0.3471,0.1002,839,0.0305,0.0893
ORCL,xl_healthcare,Bull-Bear,low,-0.1800,0.1728,241,0.0305,0.0893
ORCL,xl_industrials,VIX,high,-0.5713,0.2620,312,0.0545,0.1308
ORCL,xl_industrials,VIX,low,0.9450,0.3666,254,0.0545,0.1308
ORCL,xl_industrials,Rates,high,-1.1143,0.6063,63,0.0545,0.1308
ORCL,xl_industrials,Rates,low,-0.4764,0.5941,63,0.0545,0.1308
ORCL,xl_industrials,Bull-Bear,high,0.4860,0.1509,839,0.0545,0.1308
ORCL,xl_industrials,Bull-Bear,low,-0.3020,0.2471,241,0.0545,0.1308
ORCL,xl_real_estate,VIX,high,0.2658,0.1234,312,-0.0716,0.0604
ORCL,xl_real_estate,VIX,low,-0.4126,0.1556,254,-0.0716,0.0604
ORCL,xl_real_estate,Rates,high,-0.2779,0.2670,63,-0.0716,0.0604
ORCL,xl_real_estate,Rates,low,0.5037,0.1728,63,-0.0716,0.0604
ORCL,xl_real_estate,Bull-Bear,high,-0.2846,0.0702,839,-0.0716,0.0604
ORCL,xl_real_estate,Bull-Bear,low,-0.1102,0.1129,241,-0.0716,0.0604
ORCL,xl_utilities,VIX,high,0.3188,0.1008,312,-0.0388,0.0526
ORCL,xl_utilities,VIX,low,-0.4683,0.1465,254,-0.0388,0.0526
ORCL,xl_utilities,Rates,high,0.1337,0.1787,63,-0.0388,0.0526
ORCL,xl_utilities,Rates,low,0.4211,0.1896,63,-0.0388,0.0526
ORCL,xl_utilities,Bull-Bear,high,-0.2782,0.0642,839,-0.0388,0.0526
ORCL,xl_utilities,Bull-Bear,low,-0.1753,0.0949,241,-0.0388,0.0526
PFE,biotech,VIX,high,0.3091,0.1048,312,0.3028,0.0458
PFE,biotech,VIX,low,0.5194,0.1018,254,0.3028,0.0458
PFE,biotech,Rates,high,0.6286,0.2543,63,0.3028,0.0458
PFE,biotech,Rates,low,0.2281,0.2666,63,0.3028,0.0458
PFE,biotech,Bull-Bear,high,0.2797,0.0516,839,0.3028,0.0458
PFE,biotech,Bull-Bear,low,0.2706,0.0994,241,0.3028,0.0458
PFE,china_a_shares,VIX,high,0.0900,0.0800,312,0.0640,0.0320
PFE,china_a_shares,VIX,low,0.2178,0.0679,254,0.0640,0.0320
PFE,china_a_shares,Rates,high,-0.0241,0.1633,63,0.0640,0.0320
PFE,china_a_shares,Rates,low,0.4682,0.1961,63,0.0640,0.0320
PFE,china_a_shares,Bull-Bear,high,0.0605,0.0358,839,0.0640,0.0320
PFE,china_a_shares,Bull-Bear,low,0.0145,0.0756,241,0.0640,0.0320
PFE,china_exposure,VIX,high,-0.0227,0.0647,312,0.0241,0.0274
PFE,china_exposure,VIX,low,0.1746,0.0508,254,0.0241,0.0274
PFE,china_exposure,Rates,high,-0.0132,0.1346,63,0.0241,0.0274
PFE,china_exposure,Rates,low,-0.0948,0.1660,63,0.0241,0.0274
PFE,china_exposure,Bull-Bear,high,0.0518,0.0323,839,0.0241,0.0274
PFE,china_exposure,Bull-Bear,low,-0.0096,0.0519,241,0.0241,0.0274
PFE,copper,VIX,high,-0.1824,0.0808,312,-0.0760,0.0349
PFE,copper,VIX,low,-0.0239,0.0740,254,-0.0760,0.0349
PFE,copper,Rates,high,-0.1887,0.1636,63,-0.0760,0.0349
PFE,copper,Rates,low,-0.1793,0.1906,63,-0.0760,0.0349
PFE,copper,Bull-Bear,high,-0.0192,0.0408,839,-0.0760,0.0349
PFE,copper,Bull-Bear,low,-0.0855,0.0726,241,-0.0760,0.0349
PFE,credit_hy_spread,VIX,high,0.3610,0.1689,312,-0.0073,0.0985
PFE,credit_hy_spread,VIX,low,-0.1877,0.2657,254,-0.0073,0.0985
PFE,credit_hy_spread,Rates,high,0.5505,0.6926,63,-0.0073,0.0985
PFE,credit_hy_spread,Rates,low,1.0474,0.4769,63,-0.0073,0.0985
PFE,credit_hy_spread,Bull-Bear,high,-0.4391,0.1463,839,-0.0073,0.0985
PFE,credit_hy_spread,Bull-Bear,low,-0.0744,0.1701,241,-0.0073,0.0985
PFE,defense,VIX,high,-0.1456,0.1052,312,-0.2067,0.0539
PFE,defense,VIX,low,-0.1684,0.1151,254,-0.2067,0.0539
PFE,defense,Rates,high,-0.5237,0.2353,63,-0.2067,0.0539
PFE,defense,Rates,low,-0.1420,0.2294,63,-0.2067,0.0539
PFE,defense,Bull-Bear,high,-0.1035,0.0676,839,-0.2067,0.0539
PFE,defense,Bull-Bear,low,-0.4108,0.1085,241,-0.2067,0.0539
PFE,energy_oil,VIX,high,-0.0292,0.0302,312,-0.0372,0.0179
PFE,energy_oil,VIX,low,-0.0099,0.0544,254,-0.0372,0.0179
PFE,energy_oil,Rates,high,-0.1874,0.0892,63,-0.0372,0.0179
PFE,energy_oil,Rates,low,0.0323,0.0862,63,-0.0372,0.0179
PFE,energy_oil,Bull-Bear,high,0.0100,0.0298,839,-0.0372,0.0179
PFE,energy_oil,Bull-Bear,low,-0.0406,0.0266,241,-0.0372,0.0179
PFE,gold,VIX,high,-0.1337,0.1097,312,0.0044,0.0505
PFE,gold,VIX,low,-0.0626,0.1050,254,0.0044,0.0505
PFE,gold,Rates,high,0.0589,0.2597,63,0.0044,0.0505
PFE,gold,Rates,low,-0.1942,0.2139,63,0.0044,0.0505
PFE,gold,Bull-Bear,high,0.0851,0.0588,839,0.0044,0.0505
PFE,gold,Bull-Bear,low,-0.2121,0.1101,241,0.0044,0.0505
PFE,growth,VIX,high,-1.8513,0.5486,312,-1.4806,0.2864
PFE,growth,VIX,low,0.0490,0.7708,254,-1.4806,0.2864
PFE,growth,Rates,high,0.2973,1.1836,63,-1.4806,0.2864
PFE,growth,Rates,low,1.2482,1.1982,63,-1.4806,0.2864
PFE,growth,Bull-Bear,high,-1.3843,0.3569,839,-1.4806,0.2864
PFE,growth,Bull-Bear,low,-2.9116,0.5836,241,-1.4806,0.2864
PFE,inflation,VIX,high,-0.2235,0.2665,312,-0.3022,0.1490
PFE,inflation,VIX,low,-0.3642,0.4357,254,-0.3022,0.1490
PFE,inflation,Rates,high,-0.3404,0.7156,63,-0.3022,0.1490
PFE,inflation,Rates,low,-0.0933,0.4993,63,-0.3022,0.1490
PFE,inflation,Bull-Bear,high,-0.3271,0.2296,839,-0.3022,0.1490
PFE,inflation,Bull-Bear,low,-0.4673,0.2468,241,-0.3022,0.1490
PFE,lithium,VIX,high,-0.0925,0.0685,312,-0.0116,0.0293
PFE,lithium,VIX,low,0.1512,0.0569,254,-0.0116,0.0293
PFE,lithium,Rates,high,-0.3395,0.1480,63,-0.0116,0.0293
PFE,lithium,Rates,low,-0.3887,0.2091,63,-0.0116,0.0293
PFE,lithium,Bull-Bear,high,0.0352,0.0322,839,-0.0116,0.0293
PFE,lithium,Bull-Bear,low,-0.0864,0.0765,241,-0.0116,0.0293
PFE,market_beta,VIX,high,0.6625,0.0448,312,0.5453,0.0333
PFE,market_beta,VIX,low,0.1939,0.1535,254,0.5453,0.0333
PFE,market_beta,Rates,high,0.6057,0.1276,63,0.5453,0.0333
PFE,market_beta,Rates,low,0.5171,0.1103,63,0.5453,0.0333
PFE,market_beta,Bull-Bear,high,0.3919,0.0597,839,0.5453,0.0333
PFE,market_beta,Bull-Bear,low,0.5724,0.0599,241,0.5453,0.0333
PFE,momentum,VIX,high,-0.3006,0.1548,312,-0.2449,0.0702
PFE,momentum,VIX,low,-0.5899,0.1683,254,-0.2449,0.0702
PFE,momentum,Rates,high,-0.1040,0.4175,63,-0.2449,0.0702
PFE,momentum,Rates,low,0.3457,0.3585,63,-0.2449,0.0702
PFE,momentum,Bull-Bear,high,-0.2649,0.0749,839,-0.2449,0.0702
PFE,momentum,Bull-Bear,low,-0.2488,0.1703,241,-0.2449,0.0702
PFE,natural_gas,VIX,high,-0.0232,0.0307,312,0.0079,0.0127
PFE,natural_gas,VIX,low,0.0477,0.0246,254,0.0079,0.0127
PFE,natural_gas,Rates,high,0.0141,0.0591,63,0.0079,0.0127
PFE,natural_gas,Rates,low,0.1436,0.0729,63,0.0079,0.0127
PFE,natural_gas,Bull-Bear,high,0.0173,0.0145,839,0.0079,0.0127
PFE,natural_gas,Bull-Bear,low,-0.0189,0.0264,241,0.0079,0.0127
PFE,quality,VIX,high,0.5757,0.4614,312,0.1250,0.2176
PFE,quality,VIX,low,-1.1054,0.4633,254,0.1250,0.2176
PFE,quality,Rates,high,-0.4652,0.9359,63,0.1250,0.2176
PFE,quality,Rates,low,0.7044,0.8346,63,0.1250,0.2176
PFE,quality,Bull-Bear,high,0.0281,0.2665,839,0.1250,0.2176
PFE,quality,Bull-Bear,low,0.6619,0.4774,241,0.1250,0.2176
PFE,rates,VIX,high,-0.3015,0.2134,312,0.0724,0.0977
PFE,rates,VIX,low,0.0821,0.1987,254,0.0724,0.0977
PFE,rates,Rates,high,-1.6306,0.8662,63,0.0724,0.0977
PFE,rates,Rates,low,-1.3654,0.7224,63,0.0724,0.0977
PFE,rates,Bull-Bear,high,0.3115,0.1305,839,0.0724,0.0977
PFE,rates,Bull-Bear,low,0.1311,0.1791,241,0.0724,0.0977
PFE,rates_30y,VIX,high,-0.2340,0.0903,312,-0.0006,0.0436
PFE,rates_30y,VIX,low,0.0519,0.0954,254,-0.0006,0.0436
PFE,rates_30y,Rates,high,-0.3311,0.2467,63,-0.0006,0.0436
PFE,rates_30y,Rates,low,-0.5793,0.2469,63,-0.0006,0.0436
PFE,rates_30y,Bull-Bear,high,0.1314,0.0590,839,-0.0006,0.0436
PFE,rates_30y,Bull-Bear,low,0.0087,0.0868,241,-0.0006,0.0436
PFE,semiconductors,VIX,high,-0.4543,0.0896,312,-0.2294,0.0380
PFE,semiconductors,VIX,low,-0.1835,0.0701,254,-0.2294,0.0380
PFE,semiconductors,Rates,high,-0.5601,0.2145,63,-0.2294,0.0380
PFE,semiconductors,Rates,low,-0.2477,0.1590,63,-0.2294,0.0380
PFE,semiconductors,Bull-Bear,high,-0.1715,0.0428,839,-0.2294,0.0380
PFE,semiconductors,Bull-Bear,low,-0.1578,0.0898,241,-0.2294,0.0380
PFE,uranium,VIX,high,-0.2167,0.0593,312,-0.0569,0.0229
PFE,uranium,VIX,low,-0.0713,0.0494,254,-0.0569,0.0229
PFE,uranium,Rates,high,-0.2162,0.1140,63,-0.0569,0.0229
PFE,uranium,Rates,low,-0.3233,0.1149,63,-0.0569,0.0229
PFE,uranium,Bull-Bear,high,-0.0052,0.0258,839,-0.0569,0.0229
PFE,uranium,Bull-Bear,low,-0.0746,0.0523,241,-0.0569,0.0229
PFE,usd_strength,VIX,high,0.3909,0.2050,312,-0.0076,0.1056
PFE,usd_strength,VIX,low,-0.3752,0.2367,254,-0.0076,0.1056
PFE,usd_strength,Rates,high,0.6900,0.5194,63,-0.0076,0.1056
PFE,usd_strength,Rates,low,0.5053,0.3810,63,-0.0076,0.1056
PFE,usd_strength,Bull-Bear,high,-0.4008,0.1407,839,-0.0076,0.1056
PFE,usd_strength,Bull-Bear,low,-0.4047,0.2234,241,-0.0076,0.1056
PFE,value,VIX,high,0.8830,0.1979,312,0.6938,0.0984
PFE,value,VIX,low,0.7163,0.1851,254,0.6938,0.0984
PFE,value,Rates,high,0.8789,0.4721,63,0.6938,0.0984
PFE,value,Rates,low,0.1924,0.4689,63,0.6938,0.0984
PFE,value,Bull-Bear,high,0.6213,0.1107,839,0.6938,0.0984
PFE,value,Bull-Bear,low,0.3468,0.2282,241,0.6938,0.0984
PFE,volatility,VIX,high,0.0498,0.0160,312,0.0181,0.0088
PFE,volatility,VIX,low,-0.0320,0.0260,254,0.0181,0.0088
PFE,volatility,Rates,high,0.0096,0.0299,63,0.0181,0.0088
PFE,volatility,Rates,low,0.0907,0.0338,63,0.0181,0.0088
PFE,volatility,Bull-Bear,high,-0.0139,0.0105,839,0.0181,0.0088
PFE,volatility,Bull-Bear,low,0.0298,0.0238,241,0.0181,0.0088
PFE,xl_consumer_defensive,VIX,high,0.8547,0.1288,312,0.5848,0.0678
PFE,xl_consumer_defensive,VIX,low,0.4565,0.1554,254,0.5848,0.0678
PFE,xl_consumer_defensive,Rates,high,1.0816,0.2441,63,0.5848,0.0678
PFE,xl_consumer_defensive,Rates,low,0.3841,0.2915,63,0.5848,0.0678
PFE,xl_consumer_defensive,Bull-Bear,high,0.4102,0.0909,839,0.5848,0.0678
PFE,xl_consumer_defensive,Bull-Bear,low,0.3099,0.1347,241,0.5848,0.0678
PFE,xl_financials,VIX,high,-0.4377,0.1868,312,-0.5312,0.0951
PFE,xl_financials,VIX,low,-0.5961,0.2218,254,-0.5312,0.0951
PFE,xl_financials,Rates,high,-0.8851,0.3628,63,-0.5312,0.0951
PFE,xl_financials,Rates,low,-0.4351,0.4682,63,-0.5312,0.0951
PFE,xl_financials,Bull-Bear,high,-0.5043,0.1178,839,-0.5312,0.0951
PFE,xl_financials,Bull-Bear,low,-0.2165,0.1950,241,-0.5312,0.0951
PFE,xl_healthcare,VIX,high,1.5704,0.1351,312,1.1796,0.0674
PFE,xl_healthcare,VIX,low,0.8104,0.1454,254,1.1796,0.0674
PFE,xl_healthcare,Rates,high,1.5585,0.3137,63,1.1796,0.0674
PFE,xl_healthcare,Rates,low,1.0265,0.2968,63,1.1796,0.0674
PFE,xl_healthcare,Bull-Bear,high,1.0243,0.0825,839,1.1796,0.0674
PFE,xl_healthcare,Bull-Bear,low,0.9740,0.1463,241,1.1796,0.0674
PFE,xl_industrials,VIX,high,-0.6726,0.2214,312,-0.5898,0.1089
PFE,xl_industrials,VIX,low,-0.5847,0.2387,254,-0.5898,0.1089
PFE,xl_industrials,Rates,high,-0.8949,0.5198,63,-0.5898,0.1089
PFE,xl_industrials,Rates,low,-0.8530,0.5482,63,-0.5898,0.1089
PFE,xl_industrials,Bull-Bear,high,-0.5302,0.1338,839,-0.5898,0.1089
PFE,xl_industrials,Bull-Bear,low,-0.6579,0.2240,241,-0.5898,0.1089
PFE,xl_real_estate,VIX,high,0.3571,0.1038,312,0.2560,0.0504
PFE,xl_real_estate,VIX,low,0.2362,0.1015,254,0.2560,0.0504
PFE,xl_real_estate,Rates,high,0.4882,0.2216,63,0.2560,0.0504
PFE,xl_real_estate,Rates,low,0.3629,0.1663,63,0.2560,0.0504
PFE,xl_real_estate,Bull-Bear,high,0.2259,0.0626,839,0.2560,0.0504
PFE,xl_real_estate,Bull-Bear,low,0.2101,0.1032,241,0.2560,0.0504
PFE,xl_utilities,VIX,high,0.5082,0.0822,312,0.3221,0.0434
PFE,xl_utilities,VIX,low,0.1964,0.0964,254,0.3221,0.0434
PFE,xl_utilities,Rates,high,0.4860,0.1402,63,0.3221,0.0434
PFE,xl_utilities,Rates,low,0.3647,0.1784,63,0.3221,0.0434
PFE,xl_utilities,Bull-Bear,high,0.2108,0.0573,839,0.3221,0.0434
PFE,xl_utilities,Bull-Bear,low,0.1955,0.0870,241,0.3221,0.0434
PG,biotech,VIX,high,-0.0117,0.0967,312,-0.0205,0.0355
PG,biotech,VIX,low,0.1226,0.0667,254,-0.0205,0.0355
PG,biotech,Rates,high,0.4270,0.2200,63,-0.0205,0.0355
PG,biotech,Rates,low,-0.3060,0.2178,63,-0.0205,0.0355
PG,biotech,Bull-Bear,high,-0.0272,0.0312,839,-0.0205,0.0355
PG,biotech,Bull-Bear,low,-0.0480,0.0850,241,-0.0205,0.0355
PG,china_a_shares,VIX,high,-0.0279,0.0729,312,-0.0310,0.0244
PG,china_a_shares,VIX,low,-0.0226,0.0435,254,-0.0310,0.0244
PG,china_a_shares,Rates,high,0.1282,0.1378,63,-0.0310,0.0244
PG,china_a_shares,Rates,low,0.2446,0.1663,63,-0.0310,0.0244
PG,china_a_shares,Bull-Bear,high,-0.0210,0.0213,839,-0.0310,0.0244
PG,china_a_shares,Bull-Bear,low,-0.1095,0.0633,241,-0.0310,0.0244
PG,china_exposure,VIX,high,-0.0994,0.0586,312,-0.0343,0.0209
PG,china_exposure,VIX,low,0.0087,0.0327,254,-0.0343,0.0209
PG,china_exposure,Rates,high,0.0625,0.1141,63,-0.0343,0.0209
PG,china_exposure,Rates,low,-0.1671,0.1357,63,-0.0343,0.0209
PG,china_exposure,Bull-Bear,high,-0.0083,0.0192,839,-0.0343,0.0209
PG,china_exposure,Bull-Bear,low,-0.0180,0.0437,241,-0.0343,0.0209
PG,copper,VIX,high,-0.2127,0.0731,312,-0.0825,0.0266
PG,copper,VIX,low,-0.0053,0.0465,254,-0.0825,0.0266
PG,copper,Rates,high,-0.1716,0.1388,63,-0.0825,0.0266
PG,copper,Rates,low,0.1487,0.1572,63,-0.0825,0.0266
PG,copper,Bull-Bear,high,0.0152,0.0243,839,-0.0825,0.0266
PG,copper,Bull-Bear,low,-0.1377,0.0607,241,-0.0825,0.0266
PG,credit_hy_spread,VIX,high,0.1943,0.1544,312,-0.0600,0.0752
PG,credit_hy_spread,VIX,low,-0.3786,0.1654,254,-0.0600,0.0752
PG,credit_hy_spread,Rates,high,0.5629,0.5872,63,-0.0600,0.0752
PG,credit_hy_spread,Rates,low,1.2727,0.3748,63,-0.0600,0.0752
PG,credit_hy_spread,Bull-Bear,high,-0.4668,0.0860,839,-0.0600,0.0752
PG,credit_hy_spread,Bull-Bear,low,-0.4101,0.1409,241,-0.0600,0.0752
PG,defense,VIX,high,-0.2608,0.0949,312,-0.2314,0.0408
PG,defense,VIX,low,-0.0261,0.0726,254,-0.2314,0.0408
PG,defense,Rates,high,-0.3050,0.2042,63,-0.2314,0.0408
PG,defense,Rates,low,-0.2083,0.1879,63,-0.2314,0.0408
PG,defense,Bull-Bear,high,-0.1651,0.0399,839,-0.2314,0.0408
PG,defense,Bull-Bear,low,-0.1772,0.0934,241,-0.2314,0.0408
PG,energy_oil,VIX,high,-0.0197,0.0275,312,-0.0425,0.0136
PG,energy_oil,VIX,low,-0.0781,0.0338,254,-0.0425,0.0136
PG,energy_oil,Rates,high,-0.0930,0.0776,63,-0.0425,0.0136
PG,energy_oil,Rates,low,0.0085,0.0712,63,-0.0425,0.0136
PG,energy_oil,Bull-Bear,high,-0.0601,0.0176,839,-0.0425,0.0136
PG,energy_oil,Bull-Bear,low,-0.0248,0.0225,241,-0.0425,0.0136
PG,gold,VIX,high,-0.0397,0.1001,312,0.0340,0.0385
PG,gold,VIX,low,0.0402,0.0660,254,0.0340,0.0385
PG,gold,Rates,high,0.1964,0.2193,63,0.0340,0.0385
PG,gold,Rates,low,-0.1290,0.1769,63,0.0340,0.0385
PG,gold,Bull-Bear,high,0.0932,0.0349,839,0.0340,0.0385
PG,gold,Bull-Bear,low,0.0113,0.0935,241,0.0340,0.0385
PG,growth,VIX,high,-1.3850,0.5021,312,-1.5404,0.2166
PG,growth,VIX,low,-1.4821,0.4754,254,-1.5404,0.2166
PG,growth,Rates,high,1.6688,0.9834,63,-1.5404,0.2166
PG,growth,Rates,low,-0.3258,0.9965,63,-1.5404,0.2166
PG,growth,Bull-Bear,high,-1.5184,0.2077,839,-1.5404,0.2166
PG,growth,Bull-Bear,low,-2.7855,0.4842,241,-1.5404,0.2166
PG,inflation,VIX,high,-0.4353,0.2415,312,-0.4822,0.1131
PG,inflation,VIX,low,-0.6228,0.2714,254,-0.4822,0.1131
PG,inflation,Rates,high,-0.7000,0.6026,63,-0.4822,0.1131
PG,inflation,Rates,low,-0.9629,0.3932,63,-0.4822,0.1131
PG,inflation,Bull-Bear,high,-0.6606,0.1348,839,-0.4822,0.1131
PG,inflation,Bull-Bear,low,-0.3949,0.2079,241,-0.4822,0.1131
PG,lithium,VIX,high,-0.1870,0.0616,312,-0.1060,0.0221
PG,lithium,VIX,low,-0.0230,0.0362,254,-0.1060,0.0221
PG,lithium,Rates,high,-0.1585,0.1295,63,-0.1060,0.0221
PG,lithium,Rates,low,-0.3248,0.1724,63,-0.1060,0.0221
PG,lithium,Bull-Bear,high,-0.0558,0.0190,839,-0.1060,0.0221
PG,lithium,Bull-Bear,low,-0.1403,0.0639,241,-0.1060,0.0221
PG,market_beta,VIX,high,0.6712,0.0371,312,0.5490,0.0233
PG,market_beta,VIX,low,0.3818,0.0937,254,0.5490,0.0233
PG,market_beta,Rates,high,0.6341,0.0975,63,0.5490,0.0233
PG,market_beta,Rates,low,0.5274,0.0819,63,0.5490,0.0233
PG,market_beta,Bull-Bear,high,0.3257,0.0346,839,0.5490,0.0233
PG,market_beta,Bull-Bear,low,0.4923,0.0501,241,0.5490,0.0233
PG,momentum,VIX,high,0.0612,0.1417,312,-0.1085,0.0538
PG,momentum,VIX,low,-0.1649,0.1078,254,-0.1085,0.0538
PG,momentum,Rates,high,0.3180,0.3526,63,-0.1085,0.0538
PG,momentum,Rates,low,-0.1495,0.2974,63,-0.1085,0.0538
PG,momentum,Bull-Bear,high,-0.1092,0.0448,839,-0.1085,0.0538
PG,momentum,Bull-Bear,low,-0.2184,0.1434,241,-0.1085,0.0538
PG,natural_gas,VIX,high,-0.0425,0.0279,312,-0.0133,0.0096
PG,natural_gas,VIX,low,0.0088,0.0156,254,-0.0133,0.0096
PG,natural_gas,Rates,high,-0.0163,0.0502,63,-0.0133,0.0096
PG,natural_gas,Rates,low,0.0409,0.0618,63,-0.0133,0.0096
PG,natural_gas,Bull-Bear,high,-0.0001,0.0086,839,-0.0133,0.0096
PG,natural_gas,Bull-Bear,low,-0.0226,0.0222,241,-0.0133,0.0096
PG,quality,VIX,high,-0.2382,0.4206,312,0.0691,0.1661
PG,quality,VIX,low,-0.5619,0.2923,254,0.0691,0.1661
PG,quality,Rates,high,-1.4968,0.7735,63,0.0691,0.1661
PG,quality,Rates,low,1.9098,0.6479,63,0.0691,0.1661
PG,quality,Bull-Bear,high,-0.0597,0.1585,839,0.0691,0.1661
PG,quality,Bull-Bear,low,0.3415,0.4033,241,0.0691,0.1661
PG,rates,VIX,high,-0.2987,0.1940,312,0.0803,0.0745
PG,rates,VIX,low,0.2587,0.1239,254,0.0803,0.0745
PG,rates,Rates,high,-2.0533,0.7100,63,0.0803,0.0745
PG,rates,Rates,low,-0.8502,0.6035,63,0.0803,0.0745
PG,rates,Bull-Bear,high,0.3265,0.0771,839,0.0803,0.0745
PG,rates,Bull-Bear,low,0.3061,0.1497,241,0.0803,0.0745
PG,rates_30y,VIX,high,-0.1802,0.0824,312,0.0168,0.0333
PG,rates_30y,VIX,low,0.1357,0.0594,254,0.0168,0.0333
PG,rates_30y,Rates,high,-0.3125,0.2090,63,0.0168,0.0333
PG,rates_30y,Rates,low,-0.6976,0.1930,63,0.0168,0.0333
PG,rates_30y,Bull-Bear,high,0.1246,0.0349,839,0.0168,0.0333
PG,rates_30y,Bull-Bear,low,0.1663,0.0724,241,0.0168,0.0333
PG,semiconductors,VIX,high,-0.5031,0.0799,312,-0.2359,0.0286
PG,semiconductors,VIX,low,-0.1542,0.0436,254,-0.2359,0.0286
PG,semiconductors,Rates,high,-0.2874,0.1886,63,-0.2359,0.0286
PG,semiconductors,Rates,low,-0.5025,0.1173,63,-0.2359,0.0286
PG,semiconductors,Bull-Bear,high,-0.1263,0.0253,839,-0.2359,0.0286
PG,semiconductors,Bull-Bear,low,-0.1856,0.0752,241,-0.2359,0.0286
PG,uranium,VIX,high,-0.2425,0.0534,312,-0.0860,0.0173
PG,uranium,VIX,low,-0.0083,0.0312,254,-0.0860,0.0173
PG,uranium,Rates,high,-0.0318,0.0996,63,-0.0860,0.0173
PG,uranium,Rates,low,-0.2565,0.0953,63,-0.0860,0.0173
PG,uranium,Bull-Bear,high,-0.0388,0.0153,839,-0.0860,0.0173
PG,uranium,Bull-Bear,low,-0.1112,0.0436,241,-0.0860,0.0173
PG,usd_strength,VIX,high,0.5102,0.1853,312,0.0878,0.0805
PG,usd_strength,VIX,low,-0.0340,0.1495,254,0.0878,0.0805
PG,usd_strength,Rates,high,1.0207,0.4282,63,0.0878,0.0805
PG,usd_strength,Rates,low,0.3017,0.3165,63,0.0878,0.0805
PG,usd_strength,Bull-Bear,high,-0.2824,0.0835,839,0.0878,0.0805
PG,usd_strength,Bull-Bear,low,-0.4300,0.1875,241,0.0878,0.0805
PG,value,VIX,high,0.6007,0.1826,312,0.4030,0.0757
PG,value,VIX,low,0.2959,0.1183,254,0.4030,0.0757
PG,value,Rates,high,0.9892,0.3925,63,0.4030,0.0757
PG,value,Rates,low,0.6248,0.3790,63,0.4030,0.0757
PG,value,Bull-Bear,high,0.1496,0.0669,839,0.4030,0.0757
PG,value,Bull-Bear,low,0.1700,0.1929,241,0.4030,0.0757
PG,volatility,VIX,high,0.0494,0.0145,312,0.0219,0.0067
PG,volatility,VIX,low,-0.0216,0.0163,254,0.0219,0.0067
PG,volatility,Rates,high,0.0240,0.0252,63,0.0219,0.0067
PG,volatility,Rates,low,0.1124,0.0257,63,0.0219,0.0067
PG,volatility,Bull-Bear,high,-0.0156,0.0062,839,0.0219,0.0067
PG,volatility,Bull-Bear,low,0.0814,0.0194,241,0.0219,0.0067
PG,xl_consumer_defensive,VIX,high,1.5843,0.0871,312,1.2579,0.0396
PG,xl_consumer_defensive,VIX,low,1.0369,0.0749,254,1.2579,0.0396
PG,xl_consumer_defensive,Rates,high,1.3095,0.1696,63,1.2579,0.0396
PG,xl_consumer_defensive,Rates,low,1.2797,0.1807,63,1.2579,0.0396
PG,xl_consumer_defensive,Bull-Bear,high,1.0068,0.0422,839,1.2579,0.0396
PG,xl_consumer_defensive,Bull-Bear,low,1.0844,0.0908,241,1.2579,0.0396
PG,xl_financials,VIX,high,-0.6467,0.1674,312,-0.5017,0.0721
PG,xl_financials,VIX,low,-0.3030,0.1401,254,-0.5017,0.0721
PG,xl_financials,Rates,high,-1.1985,0.2842,63,-0.5017,0.0721
PG,xl_financials,Rates,low,-0.5680,0.3822,63,-0.5017,0.0721
PG,xl_financials,Bull-Bear,high,-0.4217,0.0693,839,-0.5017,0.0721
PG,xl_financials,Bull-Bear,low,-0.3549,0.1631,241,-0.5017,0.0721
PG,xl_healthcare,VIX,high,1.0664,0.1342,312,0.6941,0.0540
PG,xl_healthcare,VIX,low,0.4788,0.0920,254,0.6941,0.0540
PG,xl_healthcare,Rates,high,1.0088,0.2883,63,0.6941,0.0540
PG,xl_healthcare,Rates,low,0.8645,0.2438,63,0.6941,0.0540
PG,xl_healthcare,Bull-Bear,high,0.4478,0.0511,839,0.6941,0.0540
PG,xl_healthcare,Bull-Bear,low,0.5796,0.1288,241,0.6941,0.0540
PG,xl_industrials,VIX,high,-0.5985,0.2015,312,-0.4190,0.0832
PG,xl_industrials,VIX,low,-0.2070,0.1513,254,-0.4190,0.0832
PG,xl_industrials,Rates,high,-1.3552,0.4177,63,-0.4190,0.0832
PG,xl_industrials,Rates,low,-0.3407,0.4591,63,-0.4190,0.0832
PG,xl_industrials,Bull-Bear,high,-0.1525,0.0802,839,-0.4190,0.0832
PG,xl_industrials,Bull-Bear,low,-0.5576,0.1886,241,-0.4190,0.0832
PG,xl_real_estate,VIX,high,0.3119,0.0946,312,0.2476,0.0382
PG,xl_real_estate,VIX,low,0.1116,0.0641,254,0.2476,0.0382
PG,xl_real_estate,Rates,high,0.4128,0.1883,63,0.2476,0.0382
PG,xl_real_estate,Rates,low,0.5287,0.1253,63,0.2476,0.0382
PG,xl_real_estate,Bull-Bear,high,0.1613,0.0371,839,0.2476,0.0382
PG,xl_real_estate,Bull-Bear,low,0.1200,0.0873,241,0.2476,0.0382
PG,xl_utilities,VIX,high,0.6348,0.0706,312,0.4612,0.0312
PG,xl_utilities,VIX,low,0.3129,0.0578,254,0.4612,0.0312
PG,xl_utilities,Rates,high,0.5265,0.1116,63,0.4612,0.0312
PG,xl_utilities,Rates,low,0.8158,0.1107,63,0.4612,0.0312
PG,xl_utilities,Bull-Bear,high,0.3063,0.0327,839,0.4612,0.0312
PG,xl_utilities,Bull-Bear,low,0.3250,0.0710,241,0.4612,0.0312
PLD,biotech,VIX,high,0.0626,0.1407,312,0.0983,0.0538
PLD,biotech,VIX,low,0.5185,0.1062,254,0.0983,0.0538
PLD,biotech,Rates,high,0.4230,0.3324,63,0.0983,0.0538
PLD,biotech,Rates,low,0.2739,0.4382,63,0.0983,0.0538
PLD,biotech,Bull-Bear,high,0.1437,0.0506,839,0.0983,0.0538
PLD,biotech,Bull-Bear,low,0.2001,0.1381,241,0.0983,0.0538
PLD,china_a_shares,VIX,high,0.0274,0.1061,312,0.0104,0.0371
PLD,china_a_shares,VIX,low,0.1196,0.0716,254,0.0104,0.0371
PLD,china_a_shares,Rates,high,0.1691,0.2051,63,0.0104,0.0371
PLD,china_a_shares,Rates,low,0.7482,0.3222,63,0.0104,0.0371
PLD,china_a_shares,Bull-Bear,high,0.0124,0.0347,839,0.0104,0.0371
PLD,china_a_shares,Bull-Bear,low,-0.1717,0.1033,241,0.0104,0.0371
PLD,china_exposure,VIX,high,-0.0905,0.0855,312,-0.0079,0.0317
PLD,china_exposure,VIX,low,0.0879,0.0538,254,-0.0079,0.0317
PLD,china_exposure,Rates,high,-0.0601,0.1698,63,-0.0079,0.0317
PLD,china_exposure,Rates,low,0.1090,0.2725,63,-0.0079,0.0317
PLD,china_exposure,Bull-Bear,high,0.0273,0.0313,839,-0.0079,0.0317
PLD,china_exposure,Bull-Bear,low,-0.0212,0.0713,241,-0.0079,0.0317
PLD,copper,VIX,high,-0.1284,0.1077,312,-0.0479,0.0404
PLD,copper,VIX,low,0.0258,0.0769,254,-0.0479,0.0404
PLD,copper,Rates,high,-0.2036,0.2071,63,-0.0479,0.0404
PLD,copper,Rates,low,0.1105,0.3143,63,-0.0479,0.0404
PLD,copper,Bull-Bear,high,0.0014,0.0396,839,-0.0479,0.0404
PLD,copper,Bull-Bear,low,-0.0914,0.0999,241,-0.0479,0.0404
PLD,credit_hy_spread,VIX,high,0.8263,0.2204,312,0.0110,0.1140
PLD,credit_hy_spread,VIX,low,-1.0746,0.2681,254,0.0110,0.1140
PLD,credit_hy_spread,Rates,high,1.7831,0.8487,63,0.0110,0.1140
PLD,credit_hy_spread,Rates,low,2.9209,0.7207,63,0.0110,0.1140
PLD,credit_hy_spread,Bull-Bear,high,-0.9957,0.1382,839,0.0110,0.1140
PLD,credit_hy_spread,Bull-Bear,low,-0.0920,0.2338,241,0.0110,0.1140
PLD,defense,VIX,high,0.0279,0.1398,312,-0.2396,0.0623
PLD,defense,VIX,low,-0.4454,0.1168,254,-0.2396,0.0623
PLD,defense,Rates,high,-0.6013,0.2991,63,-0.2396,0.0623
PLD,defense,Rates,low,-0.0695,0.3770,63,-0.2396,0.0623
PLD,defense,Bull-Bear,high,-0.3015,0.0648,839,-0.2396,0.0623
PLD,defense,Bull-Bear,low,-0.3906,0.1514,241,-0.2396,0.0623
PLD,energy_oil,VIX,high,-0.0403,0.0400,312,-0.0630,0.0206
PLD,energy_oil,VIX,low,-0.0263,0.0565,254,-0.0630,0.0206
PLD,energy_oil,Rates,high,-0.0897,0.1160,63,-0.0630,0.0206
PLD,energy_oil,Rates,low,0.2280,0.1385,63,-0.0630,0.0206
PLD,energy_oil,Bull-Bear,high,-0.0738,0.0288,839,-0.0630,0.0206
PLD,energy_oil,Bull-Bear,low,-0.1189,0.0360,241,-0.0630,0.0206
PLD,gold,VIX,high,0.1198,0.1455,312,0.1457,0.0582
PLD,gold,VIX,low,0.2064,0.1085,254,0.1457,0.0582
PLD,gold,Rates,high,0.0389,0.3280,63,0.1457,0.0582
PLD,gold,Rates,low,0.3169,0.3506,63,0.1457,0.0582
PLD,gold,Bull-Bear,high,0.2235,0.0565,839,0.1457,0.0582
PLD,gold,Bull-Bear,low,-0.0691,0.1524,241,0.1457,0.0582
PLD,growth,VIX,high,2.0246,0.7308,312,1.0443,0.3336
PLD,growth,VIX,low,2.9929,0.7788,254,1.0443,0.3336
PLD,growth,Rates,high,3.4566,1.4281,63,1.0443,0.3336
PLD,growth,Rates,low,6.9332,1.7714,63,1.0443,0.3336
PLD,growth,Bull-Bear,high,0.3980,0.3486,839,1.0443,0.3336
PLD,growth,Bull-Bear,low,1.1133,0.8396,241,1.0443,0.3336
PLD,inflation,VIX,high,0.5433,0.3521,312,-0.1924,0.1726
PLD,inflation,VIX,low,-1.4978,0.4437,254,-0.1924,0.1726
PLD,inflation,Rates,high,-1.1067,0.8940,63,-0.1924,0.1726
PLD,inflation,Rates,low,1.7209,0.7884,63,-0.1924,0.1726
PLD,inflation,Bull-Bear,high,-1.0419,0.2198,839,-0.1924,0.1726
PLD,inflation,Bull-Bear,low,-0.7665,0.3380,241,-0.1924,0.1726
PLD,lithium,VIX,high,-0.1890,0.0904,312,-0.0394,0.0339
PLD,lithium,VIX,low,0.2089,0.0585,254,-0.0394,0.0339
PLD,lithium,Rates,high,-0.4193,0.1872,63,-0.0394,0.0339
PLD,lithium,Rates,low,-0.2690,0.3506,63,-0.0394,0.0339
PLD,lithium,Bull-Bear,high,0.0191,0.0312,839,-0.0394,0.0339
PLD,lithium,Bull-Bear,low,-0.2667,0.1039,241,-0.0394,0.0339
PLD,market_beta,VIX,high,1.1074,0.0452,312,1.0595,0.0302
PLD,market_beta,VIX,low,0.8107,0.1517,254,1.0595,0.0302
PLD,market_beta,Rates,high,1.1548,0.1169,63,1.0595,0.0302
PLD,market_beta,Rates,low,1.4096,0.1091,63,1.0595,0.0302
PLD,market_beta,Bull-Bear,high,0.9050,0.0504,839,1.0595,0.0302
PLD,market_beta,Bull-Bear,low,1.1145,0.0646,241,1.0595,0.0302
PLD,momentum,VIX,high,-0.0018,0.2063,312,-0.1765,0.0815
PLD,momentum,VIX,low,-0.6081,0.1751,254,-0.1765,0.0815
PLD,momentum,Rates,high,-0.0473,0.5273,63,-0.1765,0.0815
PLD,momentum,Rates,low,-0.8392,0.5822,63,-0.1765,0.0815
PLD,momentum,Bull-Bear,high,-0.0745,0.0731,839,-0.1765,0.0815
PLD,momentum,Bull-Bear,low,-0.6410,0.2313,241,-0.1765,0.0815
PLD,natural_gas,VIX,high,-0.0507,0.0406,312,-0.0116,0.0146
PLD,natural_gas,VIX,low,-0.0138,0.0258,254,-0.0116,0.0146
PLD,natural_gas,Rates,high,0.0009,0.0747,63,-0.0116,0.0146
PLD,natural_gas,Rates,low,0.1783,0.1210,63,-0.0116,0.0146
PLD,natural_gas,Bull-Bear,high,-0.0025,0.0140,839,-0.0116,0.0146
PLD,natural_gas,Bull-Bear,low,-0.0122,0.0364,241,-0.0116,0.0146
PLD,quality,VIX,high,-1.2149,0.6087,312,-0.3287,0.2517
PLD,quality,VIX,low,-1.4806,0.4781,254,-0.3287,0.2517
PLD,quality,Rates,high,-2.4874,1.1404,63,-0.3287,0.2517
PLD,quality,Rates,low,-2.0679,1.3501,63,-0.3287,0.2517
PLD,quality,Bull-Bear,high,-0.3983,0.2578,839,-0.3287,0.2517
PLD,quality,Bull-Bear,low,1.2059,0.6541,241,-0.3287,0.2517
PLD,rates,VIX,high,-0.2047,0.2833,312,0.5120,0.1121
PLD,rates,VIX,low,1.0547,0.1957,254,0.5120,0.1121
PLD,rates,Rates,high,-1.2745,1.1130,63,0.5120,0.1121
PLD,rates,Rates,low,-1.0800,1.2103,63,0.5120,0.1121
PLD,rates,Bull-Bear,high,0.8366,0.1235,839,0.5120,0.1121
PLD,rates,Bull-Bear,low,0.9757,0.2381,241,0.5120,0.1121
PLD,rates_30y,VIX,high,-0.1559,0.1206,312,0.2112,0.0501
PLD,rates_30y,VIX,low,0.4603,0.0950,254,0.2112,0.0501
PLD,rates_30y,Rates,high,-0.1035,0.3158,63,0.2112,0.0501
PLD,rates_30y,Rates,low,-0.7543,0.4114,63,0.2112,0.0501
PLD,rates_30y,Bull-Bear,high,0.3576,0.0559,839,0.2112,0.0501
PLD,rates_30y,Bull-Bear,low,0.4661,0.1154,241,0.2112,0.0501
PLD,semiconductors,VIX,high,-0.7686,0.1155,312,-0.2354,0.0441
PLD,semiconductors,VIX,low,-0.1222,0.0735,254,-0.2354,0.0441
PLD,semiconductors,Rates,high,-0.7734,0.2678,63,-0.2354,0.0441
PLD,semiconductors,Rates,low,-0.2321,0.2641,63,-0.2354,0.0441
PLD,semiconductors,Bull-Bear,high,-0.0257,0.0419,839,-0.2354,0.0441
PLD,semiconductors,Bull-Bear,low,-0.4274,0.1210,241,-0.2354,0.0441
PLD,uranium,VIX,high,-0.1484,0.0798,312,-0.0378,0.0265
PLD,uranium,VIX,low,-0.0330,0.0515,254,-0.0378,0.0265
PLD,uranium,Rates,high,-0.0275,0.1480,63,-0.0378,0.0265
PLD,uranium,Rates,low,-0.2103,0.1984,63,-0.0378,0.0265
PLD,uranium,Bull-Bear,high,-0.0125,0.0250,839,-0.0378,0.0265
PLD,uranium,Bull-Bear,low,-0.0678,0.0720,241,-0.0378,0.0265
PLD,usd_strength,VIX,high,0.7329,0.2699,312,-0.0807,0.1221
PLD,usd_strength,VIX,low,-1.2253,0.2350,254,-0.0807,0.1221
PLD,usd_strength,Rates,high,0.9406,0.6542,63,-0.0807,0.1221
PLD,usd_strength,Rates,low,1.2339,0.6135,63,-0.0807,0.1221
PLD,usd_strength,Bull-Bear,high,-0.7244,0.1346,839,-0.0807,0.1221
PLD,usd_strength,Bull-Bear,low,-0.9985,0.3023,241,-0.0807,0.1221
PLD,value,VIX,high,1.1471,0.2624,312,0.6713,0.1145
PLD,value,VIX,low,1.4195,0.1767,254,0.6713,0.1145
PLD,value,Rates,high,1.8486,0.5651,63,0.6713,0.1145
PLD,value,Rates,low,2.1974,0.7163,63,0.6713,0.1145
PLD,value,Bull-Bear,high,0.1663,0.1091,839,0.6713,0.1145
PLD,value,Bull-Bear,low,0.6420,0.3124,241,0.6713,0.1145
PLD,volatility,VIX,high,0.0555,0.0212,312,0.0110,0.0101
PLD,volatility,VIX,low,-0.0096,0.0271,254,0.0110,0.0101
PLD,volatility,Rates,high,-0.0116,0.0377,63,0.0110,0.0101
PLD,volatility,Rates,low,0.0439,0.0583,63,0.0110,0.0101
PLD,volatility,Bull-Bear,high,-0.0455,0.0101,839,0.0110,0.0101
PLD,volatility,Bull-Bear,low,0.1393,0.0316,241,0.0110,0.0101
PLD,xl_consumer_defensive,VIX,high,0.8221,0.1762,312,0.4618,0.0796
PLD,xl_consumer_defensive,VIX,low,0.5289,0.1609,254,0.4618,0.0796
PLD,xl_consumer_defensive,Rates,high,1.0282,0.3289,63,0.4618,0.0796
PLD,xl_consumer_defensive,Rates,low,-0.0932,0.4845,63,0.4618,0.0796
PLD,xl_consumer_defensive,Bull-Bear,high,0.2421,0.0887,839,0.4618,0.0796
PLD,xl_consumer_defensive,Bull-Bear,low,0.0849,0.1871,241,0.4618,0.0796
PLD,xl_financials,VIX,high,-0.4045,0.2485,312,-0.5562,0.1103
PLD,xl_financials,VIX,low,-1.4917,0.2142,254,-0.5562,0.1103
PLD,xl_financials,Rates,high,-0.8190,0.4682,63,-0.5562,0.1103
PLD,xl_financials,Rates,low,-0.0017,0.7728,63,-0.5562,0.1103
PLD,xl_financials,Bull-Bear,high,-0.8749,0.1113,839,-0.5562,0.1103
PLD,xl_financials,Bull-Bear,low,0.1508,0.2686,241,-0.5562,0.1103
PLD,xl_healthcare,VIX,high,0.9463,0.2075,312,0.4739,0.0860
PLD,xl_healthcare,VIX,low,0.4429,0.1577,254,0.4739,0.0860
PLD,xl_healthcare,Rates,high,1.1645,0.4451,63,0.4739,0.0860
PLD,xl_healthcare,Rates,low,0.4082,0.5294,63,0.4739,0.0860
PLD,xl_healthcare,Bull-Bear,high,0.2641,0.0865,839,0.4739,0.0860
PLD,xl_healthcare,Bull-Bear,low,0.3471,0.2177,241,0.4739,0.0860
PLD,xl_industrials,VIX,high,-0.4398,0.2965,312,-0.2667,0.1272
PLD,xl_industrials,VIX,low,0.0195,0.2511,254,-0.2667,0.1272
PLD,xl_industrials,Rates,high,-1.5281,0.6429,63,-0.2667,0.1272
PLD,xl_industrials,Rates,low,-1.8027,0.8866,63,-0.2667,0.1272
PLD,xl_industrials,Bull-Bear,high,-0.0886,0.1308,839,-0.2667,0.1272
PLD,xl_industrials,Bull-Bear,low,-0.7693,0.3093,241,-0.2667,0.1272
PLD,xl_real_estate,VIX,high,1.1706,0.1234,312,1.0401,0.0511
PLD,xl_real_estate,VIX,low,1.1880,0.0760,254,1.0401,0.0511
PLD,xl_real_estate,Rates,high,0.9200,0.2657,63,1.0401,0.0511
PLD,xl_real_estate,Rates,low,1.6075,0.1942,63,1.0401,0.0511
PLD,xl_real_estate,Bull-Bear,high,0.8754,0.0530,839,1.0401,0.0511
PLD,xl_real_estate,Bull-Bear,low,1.0523,0.1258,241,1.0401,0.0511
PLD,xl_utilities,VIX,high,0.7271,0.1077,312,0.4686,0.0496
PLD,xl_utilities,VIX,low,0.5729,0.0944,254,0.4686,0.0496
PLD,xl_utilities,Rates,high,0.6507,0.1748,63,0.4686,0.0496
PLD,xl_utilities,Rates,low,0.9266,0.2781,63,0.4686,0.0496
PLD,xl_utilities,Bull-Bear,high,0.2291,0.0554,839,0.4686,0.0496
PLD,xl_utilities,Bull-Bear,low,0.4415,0.1174,241,0.4686,0.0496
QQQ,biotech,VIX,high,0.3240,0.1142,312,0.1067,0.0436
QQQ,biotech,VIX,low,-0.1405,0.0656,254,0.1067,0.0436
QQQ,biotech,Rates,high,0.1971,0.2693,63,0.1067,0.0436
QQQ,biotech,Rates,low,0.2458,0.3038,63,0.1067,0.0436
QQQ,biotech,Bull-Bear,high,0.0468,0.0416,839,0.1067,0.0436
QQQ,biotech,Bull-Bear,low,0.2691,0.1153,241,0.1067,0.0436
QQQ,china_a_shares,VIX,high,0.1076,0.0870,312,0.0167,0.0301
QQQ,china_a_shares,VIX,low,0.0191,0.0428,254,0.0167,0.0301
QQQ,china_a_shares,Rates,high,-0.0226,0.1656,63,0.0167,0.0301
QQQ,china_a_shares,Rates,low,0.7011,0.2156,63,0.0167,0.0301
QQQ,china_a_shares,Bull-Bear,high,0.0241,0.0284,839,0.0167,0.0301
QQQ,china_a_shares,Bull-Bear,low,-0.1191,0.0870,241,0.0167,0.0301
QQQ,china_exposure,VIX,high,0.0148,0.0704,312,0.0275,0.0257
QQQ,china_exposure,VIX,low,0.0397,0.0321,254,0.0275,0.0257
QQQ,china_exposure,Rates,high,-0.0683,0.1362,63,0.0275,0.0257
QQQ,china_exposure,Rates,low,0.1651,0.1884,63,0.0275,0.0257
QQQ,china_exposure,Bull-Bear,high,0.0208,0.0256,839,0.0275,0.0257
QQQ,china_exposure,Bull-Bear,low,0.0812,0.0597,241,0.0275,0.0257
QQQ,copper,VIX,high,-0.1937,0.0880,312,-0.0255,0.0328
QQQ,copper,VIX,low,0.0634,0.0456,254,-0.0255,0.0328
QQQ,copper,Rates,high,-0.3680,0.1609,63,-0.0255,0.0328
QQQ,copper,Rates,low,0.1095,0.2181,63,-0.0255,0.0328
QQQ,copper,Bull-Bear,high,0.0459,0.0323,839,-0.0255,0.0328
QQQ,copper,Bull-Bear,low,-0.0844,0.0839,241,-0.0255,0.0328
QQQ,credit_hy_spread,VIX,high,0.1740,0.1850,312,-0.3231,0.0920
QQQ,credit_hy_spread,VIX,low,-1.0647,0.1503,254,-0.3231,0.0920
QQQ,credit_hy_spread,Rates,high,1.0793,0.6923,63,-0.3231,0.0920
QQQ,credit_hy_spread,Rates,low,1.7455,0.5180,63,-0.3231,0.0920
QQQ,credit_hy_spread,Bull-Bear,high,-1.1887,0.1091,839,-0.3231,0.0920
QQQ,credit_hy_spread,Bull-Bear,low,-0.3298,0.1954,241,-0.3231,0.0920
QQQ,defense,VIX,high,-0.0338,0.1149,312,-0.0417,0.0509
QQQ,defense,VIX,low,0.0153,0.0715,254,-0.0417,0.0509
QQQ,defense,Rates,high,-0.3994,0.2428,63,-0.0417,0.0509
QQQ,defense,Rates,low,0.0287,0.2620,63,-0.0417,0.0509
QQQ,defense,Bull-Bear,high,0.0726,0.0536,839,-0.0417,0.0509
QQQ,defense,Bull-Bear,low,-0.2719,0.1279,241,-0.0417,0.0509
QQQ,energy_oil,VIX,high,-0.0072,0.0329,312,-0.0390,0.0168
QQQ,energy_oil,VIX,low,-0.1240,0.0327,254,-0.0390,0.0168
QQQ,energy_oil,Rates,high,-0.1018,0.0927,63,-0.0390,0.0168
QQQ,energy_oil,Rates,low,0.1154,0.0972,63,-0.0390,0.0168
QQQ,energy_oil,Bull-Bear,high,-0.0558,0.0236,839,-0.0390,0.0168
QQQ,energy_oil,Bull-Bear,low,-0.0824,0.0305,241,-0.0390,0.0168
QQQ,gold,VIX,high,-0.0501,0.1197,312,0.0397,0.0473
QQQ,gold,VIX,low,0.0415,0.0650,254,0.0397,0.0473
QQQ,gold,Rates,high,-0.3637,0.2593,63,0.0397,0.0473
QQQ,gold,Rates,low,-0.0103,0.2452,63,0.0397,0.0473
QQQ,gold,Bull-Bear,high,0.1714,0.0463,839,0.0397,0.0473
QQQ,gold,Bull-Bear,low,-0.1745,0.1277,241,0.0397,0.0473
QQQ,growth,VIX,high,1.2202,0.6042,312,0.9577,0.2704
QQQ,growth,VIX,low,-1.7801,0.4636,254,0.9577,0.2704
QQQ,growth,Rates,high,3.5733,1.1104,63,0.9577,0.2704
QQQ,growth,Rates,low,3.7954,1.2881,63,0.9577,0.2704
QQQ,growth,Bull-Bear,high,0.5913,0.2847,839,0.9577,0.2704
QQQ,growth,Bull-Bear,low,1.8036,0.6987,241,0.9577,0.2704
QQQ,inflation,VIX,high,0.0661,0.2905,312,-0.2502,0.1399
QQQ,inflation,VIX,low,-1.2101,0.2590,254,-0.2502,0.1399
QQQ,inflation,Rates,high,-2.1703,0.6719,63,-0.2502,0.1399
QQQ,inflation,Rates,low,0.6772,0.5621,63,-0.2502,0.1399
QQQ,inflation,Bull-Bear,high,-0.6557,0.1808,839,-0.2502,0.1399
QQQ,inflation,Bull-Bear,low,-0.7153,0.2834,241,-0.2502,0.1399
QQQ,lithium,VIX,high,-0.0714,0.0747,312,0.0047,0.0275
QQQ,lithium,VIX,low,0.0301,0.0356,254,0.0047,0.0275
QQQ,lithium,Rates,high,-0.3997,0.1478,63,0.0047,0.0275
QQQ,lithium,Rates,low,-0.3769,0.2400,63,0.0047,0.0275
QQQ,lithium,Bull-Bear,high,0.0517,0.0254,839,0.0047,0.0275
QQQ,lithium,Bull-Bear,low,-0.1238,0.0882,241,0.0047,0.0275
QQQ,market_beta,VIX,high,1.0603,0.0207,312,1.1358,0.0126
QQQ,market_beta,VIX,low,1.3567,0.0421,254,1.1358,0.0126
QQQ,market_beta,Rates,high,1.1215,0.0481,63,1.1358,0.0126
QQQ,market_beta,Rates,low,1.1039,0.0387,63,1.1358,0.0126
QQQ,market_beta,Bull-Bear,high,1.2596,0.0214,839,1.1358,0.0126
QQQ,market_beta,Bull-Bear,low,1.1949,0.0254,241,1.1358,0.0126
QQQ,momentum,VIX,high,0.4423,0.1677,312,0.2988,0.0657
QQQ,momentum,VIX,low,0.8791,0.0912,254,0.2988,0.0657
QQQ,momentum,Rates,high,0.3049,0.4218,63,0.2988,0.0657
QQQ,momentum,Rates,low,-0.1390,0.4110,63,0.2988,0.0657
QQQ,momentum,Bull-Bear,high,0.4968,0.0573,839,0.2988,0.0657
QQQ,momentum,Bull-Bear,low,-0.0594,0.1975,241,0.2988,0.0657
QQQ,natural_gas,VIX,high,-0.0092,0.0334,312,-0.0042,0.0119
QQQ,natural_gas,VIX,low,-0.0167,0.0153,254,-0.0042,0.0119
QQQ,natural_gas,Rates,high,0.0011,0.0600,63,-0.0042,0.0119
QQQ,natural_gas,Rates,low,0.0048,0.0856,63,-0.0042,0.0119
QQQ,natural_gas,Bull-Bear,high,-0.0047,0.0115,839,-0.0042,0.0119
QQQ,natural_gas,Bull-Bear,low,-0.0077,0.0306,241,-0.0042,0.0119
QQQ,quality,VIX,high,-1.0289,0.5001,312,-0.0031,0.2043
QQQ,quality,VIX,low,0.5840,0.2876,254,-0.0031,0.2043
QQQ,quality,Rates,high,-2.0248,0.9150,63,-0.0031,0.2043
QQQ,quality,Rates,low,-0.1769,0.9557,63,-0.0031,0.2043
QQQ,quality,Bull-Bear,high,-0.1576,0.2112,839,-0.0031,0.2043
QQQ,quality,Bull-Bear,low,1.6669,0.5431,241,-0.0031,0.2043
QQQ,rates,VIX,high,-0.3473,0.2322,312,0.1547,0.0916
QQQ,rates,VIX,low,0.3733,0.1207,254,0.1547,0.0916
QQQ,rates,Rates,high,-1.3005,0.8881,63,0.1547,0.0916
QQQ,rates,Rates,low,-0.8021,0.8402,63,0.1547,0.0916
QQQ,rates,Bull-Bear,high,0.5015,0.1024,839,0.1547,0.0916
QQQ,rates,Bull-Bear,low,0.4513,0.2050,241,0.1547,0.0916
QQQ,rates_30y,VIX,high,-0.1766,0.0989,312,0.0774,0.0409
QQQ,rates_30y,VIX,low,0.1870,0.0579,254,0.0774,0.0409
QQQ,rates_30y,Rates,high,-0.2068,0.2525,63,0.0774,0.0409
QQQ,rates_30y,Rates,low,-0.4774,0.2872,63,0.0774,0.0409
QQQ,rates_30y,Bull-Bear,high,0.2348,0.0462,839,0.0774,0.0409
QQQ,rates_30y,Bull-Bear,low,0.2171,0.0993,241,0.0774,0.0409
QQQ,semiconductors,VIX,high,-0.1873,0.1010,312,0.2472,0.0355
QQQ,semiconductors,VIX,low,0.3610,0.0376,254,0.2472,0.0355
QQQ,semiconductors,Rates,high,0.1580,0.2285,63,0.2472,0.0355
QQQ,semiconductors,Rates,low,-0.0713,0.1844,63,0.2472,0.0355
QQQ,semiconductors,Bull-Bear,high,0.4022,0.0313,839,0.2472,0.0355
QQQ,semiconductors,Bull-Bear,low,0.2988,0.1026,241,0.2472,0.0355
QQQ,uranium,VIX,high,-0.1006,0.0657,312,0.0170,0.0215
QQQ,uranium,VIX,low,0.0088,0.0307,254,0.0170,0.0215
QQQ,uranium,Rates,high,0.0782,0.1185,63,0.0170,0.0215
QQQ,uranium,Rates,low,-0.1717,0.1374,63,0.0170,0.0215
QQQ,uranium,Bull-Bear,high,0.0392,0.0204,839,0.0170,0.0215
QQQ,uranium,Bull-Bear,low,0.0478,0.0606,241,0.0170,0.0215
QQQ,usd_strength,VIX,high,0.6265,0.2216,312,-0.0223,0.0991
QQQ,usd_strength,VIX,low,-0.3881,0.1452,254,-0.0223,0.0991
QQQ,usd_strength,Rates,high,1.4359,0.5017,63,-0.0223,0.0991
QQQ,usd_strength,Rates,low,0.7549,0.4294,63,-0.0223,0.0991
QQQ,usd_strength,Bull-Bear,high,-0.5620,0.1103,839,-0.0223,0.0991
QQQ,usd_strength,Bull-Bear,low,-0.9164,0.2530,241,-0.0223,0.0991
QQQ,value,VIX,high,-0.3593,0.2213,312,-1.0590,0.0893
QQQ,value,VIX,low,-1.0776,0.0964,254,-1.0590,0.0893
QQQ,value,Rates,high,-0.0044,0.4921,63,-1.0590,0.0893
QQQ,value,Rates,low,-0.0240,0.5347,63,-1.0590,0.0893
QQQ,value,Bull-Bear,high,-1.3802,0.0756,839,-1.0590,0.0893
QQQ,value,Bull-Bear,low,-1.7111,0.2407,241,-1.0590,0.0893
QQQ,volatility,VIX,high,0.0453,0.0175,312,-0.0090,0.0082
QQQ,volatility,VIX,low,0.0028,0.0161,254,-0.0090,0.0082
QQQ,volatility,Rates,high,-0.0361,0.0300,63,-0.0090,0.0082
QQQ,volatility,Rates,low,0.0501,0.0402,63,-0.0090,0.0082
QQQ,volatility,Bull-Bear,high,-0.0625,0.0080,839,-0.0090,0.0082
QQQ,volatility,Bull-Bear,low,0.1263,0.0264,241,-0.0090,0.0082
QQQ,xl_consumer_defensive,VIX,high,0.3537,0.1485,312,-0.3196,0.0648
QQQ,xl_consumer_defensive,VIX,low,-0.5504,0.0915,254,-0.3196,0.0648
QQQ,xl_consumer_defensive,Rates,high,0.0443,0.2845,63,-0.3196,0.0648
QQQ,xl_consumer_defensive,Rates,low,-0.2882,0.3347,63,-0.3196,0.0648
QQQ,xl_consumer_defensive,Bull-Bear,high,-0.7599,0.0680,839,-0.3196,0.0648
QQQ,xl_consumer_defensive,Bull-Bear,low,-0.5784,0.1528,241,-0.3196,0.0648
QQQ,xl_financials,VIX,high,-0.3190,0.2043,312,-0.0824,0.0904
QQQ,xl_financials,VIX,low,0.2231,0.1385,254,-0.0824,0.0904
QQQ,xl_financials,Rates,high,0.0539,0.3853,63,-0.0824,0.0904
QQQ,xl_financials,Rates,low,-0.0628,0.5369,63,-0.0824,0.0904
QQQ,xl_financials,Bull-Bear,high,-0.1530,0.0942,839,-0.0824,0.0904
QQQ,xl_financials,Bull-Bear,low,0.1532,0.2257,241,-0.0824,0.0904
QQQ,xl_healthcare,VIX,high,0.4585,0.1743,312,-0.3069,0.0701
QQQ,xl_healthcare,VIX,low,-0.6612,0.0858,254,-0.3069,0.0701
QQQ,xl_healthcare,Rates,high,-0.4573,0.3725,63,-0.3069,0.0701
QQQ,xl_healthcare,Rates,low,0.3203,0.3674,63,-0.3069,0.0701
QQQ,xl_healthcare,Bull-Bear,high,-0.5699,0.0684,839,-0.3069,0.0701
QQQ,xl_healthcare,Bull-Bear,low,-0.5531,0.1804,241,-0.3069,0.0701
QQQ,xl_industrials,VIX,high,-0.5801,0.2423,312,-0.1442,0.1033
QQQ,xl_industrials,VIX,low,0.4945,0.1462,254,-0.1442,0.1033
QQQ,xl_industrials,Rates,high,-0.8583,0.5285,63,-0.1442,0.1033
QQQ,xl_industrials,Rates,low,-1.2496,0.6162,63,-0.1442,0.1033
QQQ,xl_industrials,Bull-Bear,high,0.1371,0.1069,839,-0.1442,0.1033
QQQ,xl_industrials,Bull-Bear,low,-0.5697,0.2607,241,-0.1442,0.1033
QQQ,xl_real_estate,VIX,high,-0.0273,0.1152,312,-0.2715,0.0472
QQQ,xl_real_estate,VIX,low,-0.4254,0.0576,254,-0.2715,0.0472
QQQ,xl_real_estate,Rates,high,-0.3011,0.2302,63,-0.2715,0.0472
QQQ,xl_real_estate,Rates,low,0.6103,0.1804,63,-0.2715,0.0472
QQQ,xl_real_estate,Bull-Bear,high,-0.4813,0.0471,839,-0.2715,0.0472
QQQ,xl_real_estate,Bull-Bear,low,-0.3599,0.1179,241,-0.2715,0.0472
QQQ,xl_utilities,VIX,high,0.0938,0.0947,312,-0.2471,0.0410
QQQ,xl_utilities,VIX,low,-0.4036,0.0545,254,-0.2471,0.0410
QQQ,xl_utilities,Rates,high,-0.0007,0.1556,63,-0.2471,0.0410
QQQ,xl_utilities,Rates,low,0.3549,0.2051,63,-0.2471,0.0410
QQQ,xl_utilities,Bull-Bear,high,-0.5410,0.0418,839,-0.2471,0.0410
QQQ,xl_utilities,Bull-Bear,low,-0.3692,0.0987,241,-0.2471,0.0410
SLB,biotech,VIX,high,-0.4499,0.2271,312,-0.2462,0.0838
SLB,biotech,VIX,low,0.0732,0.1266,254,-0.2462,0.0838
SLB,biotech,Rates,high,-0.6846,0.4362,63,-0.2462,0.0838
SLB,biotech,Rates,low,-0.4150,0.4356,63,-0.2462,0.0838
SLB,biotech,Bull-Bear,high,-0.2074,0.0846,839,-0.2462,0.0838
SLB,biotech,Bull-Bear,low,-0.3236,0.2043,241,-0.2462,0.0838
SLB,china_a_shares,VIX,high,0.1152,0.1722,312,0.1484,0.0577
SLB,china_a_shares,VIX,low,0.1791,0.0813,254,0.1484,0.0577
SLB,china_a_shares,Rates,high,-0.0174,0.2724,63,0.1484,0.0577
SLB,china_a_shares,Rates,low,-0.0879,0.3353,63,0.1484,0.0577
SLB,china_a_shares,Bull-Bear,high,0.1413,0.0577,839,0.1484,0.0577
SLB,china_a_shares,Bull-Bear,low,-0.0611,0.1539,241,0.1484,0.0577
SLB,china_exposure,VIX,high,-0.0123,0.1391,312,0.0911,0.0495
SLB,china_exposure,VIX,low,0.1892,0.0604,254,0.0911,0.0495
SLB,china_exposure,Rates,high,-0.2762,0.2217,63,0.0911,0.0495
SLB,china_exposure,Rates,low,-0.0006,0.2724,63,0.0911,0.0495
SLB,china_exposure,Bull-Bear,high,0.1182,0.0521,839,0.0911,0.0495
SLB,china_exposure,Bull-Bear,low,-0.0207,0.1057,241,0.0911,0.0495
SLB,copper,VIX,high,0.4169,0.1736,312,0.3960,0.0621
SLB,copper,VIX,low,0.2484,0.0862,254,0.3960,0.0621
SLB,copper,Rates,high,0.4714,0.2691,63,0.3960,0.0621
SLB,copper,Rates,low,0.5157,0.3070,63,0.3960,0.0621
SLB,copper,Bull-Bear,high,0.3691,0.0648,839,0.3960,0.0621
SLB,copper,Bull-Bear,low,0.4642,0.1451,241,0.3960,0.0621
SLB,credit_hy_spread,VIX,high,1.1425,0.3601,312,0.9738,0.1758
SLB,credit_hy_spread,VIX,low,0.4977,0.3135,254,0.9738,0.1758
SLB,credit_hy_spread,Rates,high,2.5433,1.1144,63,0.9738,0.1758
SLB,credit_hy_spread,Rates,low,2.2130,0.7594,63,0.9738,0.1758
SLB,credit_hy_spread,Bull-Bear,high,1.0593,0.2349,839,0.9738,0.1758
SLB,credit_hy_spread,Bull-Bear,low,0.2977,0.3459,241,0.9738,0.1758
SLB,defense,VIX,high,0.6629,0.2239,312,0.4228,0.0972
SLB,defense,VIX,low,-0.3271,0.1353,254,0.4228,0.0972
SLB,defense,Rates,high,1.0492,0.3853,63,0.4228,0.0972
SLB,defense,Rates,low,-0.2289,0.3753,63,0.4228,0.0972
SLB,defense,Bull-Bear,high,0.4928,0.1081,839,0.4228,0.0972
SLB,defense,Bull-Bear,low,0.1463,0.2273,241,0.4228,0.0972
SLB,energy_oil,VIX,high,0.4886,0.0588,312,0.4934,0.0292
SLB,energy_oil,VIX,low,0.4173,0.0588,254,0.4934,0.0292
SLB,energy_oil,Rates,high,0.6184,0.1321,63,0.4934,0.0292
SLB,energy_oil,Rates,low,0.5199,0.1246,63,0.4934,0.0292
SLB,energy_oil,Bull-Bear,high,0.5961,0.0436,839,0.4934,0.0292
SLB,energy_oil,Bull-Bear,low,0.2919,0.0511,241,0.4934,0.0292
SLB,gold,VIX,high,-0.0743,0.2366,312,0.0351,0.0911
SLB,gold,VIX,low,0.2155,0.1238,254,0.0351,0.0911
SLB,gold,Rates,high,-0.4022,0.4302,63,0.0351,0.0911
SLB,gold,Rates,low,-0.1703,0.3516,63,0.0351,0.0911
SLB,gold,Bull-Bear,high,-0.0449,0.0951,839,0.0351,0.0911
SLB,gold,Bull-Bear,low,0.6218,0.2223,241,0.0351,0.0911
SLB,growth,VIX,high,-1.2884,1.1992,312,-1.3247,0.5216
SLB,growth,VIX,low,3.7701,0.8817,254,-1.3247,0.5216
SLB,growth,Rates,high,3.9456,1.9093,63,-1.3247,0.5216
SLB,growth,Rates,low,4.4572,1.8938,63,-1.3247,0.5216
SLB,growth,Bull-Bear,high,-2.1523,0.5774,839,-1.3247,0.5216
SLB,growth,Bull-Bear,low,-1.4046,1.2450,241,-1.3247,0.5216
SLB,inflation,VIX,high,3.3523,0.5415,312,2.7556,0.2582
SLB,inflation,VIX,low,0.5866,0.5156,254,2.7556,0.2582
SLB,inflation,Rates,high,0.6020,1.1933,63,2.7556,0.2582
SLB,inflation,Rates,low,1.5384,0.7930,63,2.7556,0.2582
SLB,inflation,Bull-Bear,high,2.3679,0.3625,839,2.7556,0.2582
SLB,inflation,Bull-Bear,low,2.1351,0.4869,241,2.7556,0.2582
SLB,lithium,VIX,high,0.2687,0.1470,312,0.2381,0.0524
SLB,lithium,VIX,low,0.2064,0.0671,254,0.2381,0.0524
SLB,lithium,Rates,high,-0.0781,0.2570,63,0.2381,0.0524
SLB,lithium,Rates,low,-0.0584,0.3516,63,0.2381,0.0524
SLB,lithium,Bull-Bear,high,0.2383,0.0514,839,0.2381,0.0524
SLB,lithium,Bull-Bear,low,0.2239,0.1554,241,0.2381,0.0524
SLB,market_beta,VIX,high,1.3408,0.1001,312,1.1995,0.0570
SLB,market_beta,VIX,low,0.5298,0.1794,254,1.1995,0.0570
SLB,market_beta,Rates,high,1.1573,0.2001,63,1.1995,0.0570
SLB,market_beta,Rates,low,0.9452,0.1723,63,1.1995,0.0570
SLB,market_beta,Bull-Bear,high,1.1729,0.0903,839,1.1995,0.0570
SLB,market_beta,Bull-Bear,low,0.9416,0.1298,241,1.1995,0.0570
SLB,momentum,VIX,high,-1.4688,0.3245,312,-0.4863,0.1268
SLB,momentum,VIX,low,-0.4142,0.2026,254,-0.4863,0.1268
SLB,momentum,Rates,high,0.7351,0.6902,63,-0.4863,0.1268
SLB,momentum,Rates,low,0.0761,0.5909,63,-0.4863,0.1268
SLB,momentum,Bull-Bear,high,-0.4058,0.1212,839,-0.4863,0.1268
SLB,momentum,Bull-Bear,low,-0.3564,0.3474,241,-0.4863,0.1268
SLB,natural_gas,VIX,high,0.0697,0.0660,312,0.0463,0.0228
SLB,natural_gas,VIX,low,0.0464,0.0293,254,0.0463,0.0228
SLB,natural_gas,Rates,high,0.2154,0.0948,63,0.0463,0.0228
SLB,natural_gas,Rates,low,0.0937,0.1224,63,0.0463,0.0228
SLB,natural_gas,Bull-Bear,high,0.0372,0.0234,839,0.0463,0.0228
SLB,natural_gas,Bull-Bear,low,0.1101,0.0534,241,0.0463,0.0228
SLB,quality,VIX,high,-0.8719,0.9936,312,-0.7166,0.3926
SLB,quality,VIX,low,-0.5936,0.5538,254,-0.7166,0.3926
SLB,quality,Rates,high,-4.4859,1.4548,63,-0.7166,0.3926
SLB,quality,Rates,low,-1.0694,1.3666,63,-0.7166,0.3926
SLB,quality,Bull-Bear,high,-0.3922,0.4306,839,-0.7166,0.3926
SLB,quality,Bull-Bear,low,-0.0969,0.9758,241,-0.7166,0.3926
SLB,rates,VIX,high,-1.4047,0.4535,312,-0.9825,0.1743
SLB,rates,VIX,low,-0.1001,0.2354,254,-0.9825,0.1743
SLB,rates,Rates,high,3.0532,1.4336,63,-0.9825,0.1743
SLB,rates,Rates,low,-0.4889,1.2144,63,-0.9825,0.1743
SLB,rates,Bull-Bear,high,-1.0413,0.2086,839,-0.9825,0.1743
SLB,rates,Bull-Bear,low,-0.4442,0.3638,241,-0.9825,0.1743
SLB,rates_30y,VIX,high,-0.5923,0.1934,312,-0.4422,0.0778
SLB,rates_30y,VIX,low,-0.0524,0.1131,254,-0.4422,0.0778
SLB,rates_30y,Rates,high,1.3320,0.3811,63,-0.4422,0.0778
SLB,rates_30y,Rates,low,-0.4732,0.4174,63,-0.4422,0.0778
SLB,rates_30y,Bull-Bear,high,-0.5590,0.0936,839,-0.4422,0.0778
SLB,rates_30y,Bull-Bear,low,-0.2885,0.1758,241,-0.4422,0.0778
SLB,semiconductors,VIX,high,-0.7988,0.1954,312,-0.1918,0.0694
SLB,semiconductors,VIX,low,-0.0852,0.0840,254,-0.1918,0.0694
SLB,semiconductors,Rates,high,-0.1471,0.3767,63,-0.1918,0.0694
SLB,semiconductors,Rates,low,-0.5593,0.2554,63,-0.1918,0.0694
SLB,semiconductors,Bull-Bear,high,-0.0616,0.0698,839,-0.1918,0.0694
SLB,semiconductors,Bull-Bear,low,0.0001,0.1839,241,-0.1918,0.0694
SLB,uranium,VIX,high,0.2521,0.1295,312,0.2502,0.0409
SLB,uranium,VIX,low,0.0990,0.0584,254,0.2502,0.0409
SLB,uranium,Rates,high,0.4470,0.1870,63,0.2502,0.0409
SLB,uranium,Rates,low,0.0778,0.1996,63,0.2502,0.0409
SLB,uranium,Bull-Bear,high,0.2197,0.0411,839,0.2502,0.0409
SLB,uranium,Bull-Bear,low,0.3859,0.1039,241,0.2502,0.0409
SLB,usd_strength,VIX,high,0.9071,0.4404,312,-0.0303,0.1907
SLB,usd_strength,VIX,low,-0.7190,0.2782,254,-0.0303,0.1907
SLB,usd_strength,Rates,high,-0.9757,0.8698,63,-0.0303,0.1907
SLB,usd_strength,Rates,low,0.3949,0.6304,63,-0.0303,0.1907
SLB,usd_strength,Bull-Bear,high,-0.8383,0.2266,839,-0.0303,0.1907
SLB,usd_strength,Bull-Bear,low,-1.2941,0.4502,241,-0.0303,0.1907
SLB,value,VIX,high,4.0566,0.3738,312,2.7207,0.1642
SLB,value,VIX,low,1.2093,0.2124,254,2.7207,0.1642
SLB,value,Rates,high,2.4098,0.7482,63,2.7207,0.1642
SLB,value,Rates,low,3.4609,0.6275,63,2.7207,0.1642
SLB,value,Bull-Bear,high,2.2118,0.1655,839,2.7207,0.1642
SLB,value,Bull-Bear,low,2.5169,0.4376,241,2.7207,0.1642
SLB,volatility,VIX,high,0.0604,0.0347,312,-0.0128,0.0158
SLB,volatility,VIX,low,-0.0029,0.0309,254,-0.0128,0.0158
SLB,volatility,Rates,high,-0.0532,0.0494,63,-0.0128,0.0158
SLB,volatility,Rates,low,-0.0229,0.0584,63,-0.0128,0.0158
SLB,volatility,Bull-Bear,high,-0.0831,0.0167,839,-0.0128,0.0158
SLB,volatility,Bull-Bear,low,0.0928,0.0483,241,-0.0128,0.0158
SLB,xl_consumer_defensive,VIX,high,-0.0889,0.2960,312,-0.3436,0.1256
SLB,xl_consumer_defensive,VIX,low,-0.2933,0.1864,254,-0.3436,0.1256
SLB,xl_consumer_defensive,Rates,high,-1.0789,0.4472,63,-0.3436,0.1256
SLB,xl_consumer_defensive,Rates,low,-0.5784,0.4781,63,-0.3436,0.1256
SLB,xl_consumer_defensive,Bull-Bear,high,-0.4750,0.1478,839,-0.3436,0.1256
SLB,xl_consumer_defensive,Bull-Bear,low,-0.4310,0.2758,241,-0.3436,0.1256
SLB,xl_financials,VIX,high,0.4275,0.4045,312,0.1756,0.1739
SLB,xl_financials,VIX,low,-1.1387,0.2567,254,0.1756,0.1739
SLB,xl_financials,Rates,high,0.8616,0.6241,63,0.1756,0.1739
SLB,xl_financials,Rates,low,0.7134,0.7661,63,0.1756,0.1739
SLB,xl_financials,Bull-Bear,high,0.5064,0.1917,839,0.1756,0.1739
SLB,xl_financials,Bull-Bear,low,-0.9129,0.3937,241,0.1756,0.1739
SLB,xl_healthcare,VIX,high,0.0379,0.3481,312,-0.3881,0.1355
SLB,xl_healthcare,VIX,low,-0.3012,0.1816,254,-0.3881,0.1355
SLB,xl_healthcare,Rates,high,-1.3050,0.5971,63,-0.3881,0.1355
SLB,xl_healthcare,Rates,low,0.3464,0.5292,63,-0.3881,0.1355
SLB,xl_healthcare,Bull-Bear,high,-0.5199,0.1440,839,-0.3881,0.1355
SLB,xl_healthcare,Bull-Bear,low,-0.7172,0.3209,241,-0.3881,0.1355
SLB,xl_industrials,VIX,high,0.1745,0.4831,312,0.2513,0.1988
SLB,xl_industrials,VIX,low,0.2058,0.2859,254,0.2513,0.1988
SLB,xl_industrials,Rates,high,0.3006,0.8869,63,0.2513,0.1988
SLB,xl_industrials,Rates,low,-1.3960,0.8969,63,0.2513,0.1988
SLB,xl_industrials,Bull-Bear,high,0.4622,0.2177,839,0.2513,0.1988
SLB,xl_industrials,Bull-Bear,low,-0.3813,0.4634,241,0.2513,0.1988
SLB,xl_real_estate,VIX,high,0.3784,0.2266,312,0.0296,0.0920
SLB,xl_real_estate,VIX,low,0.3172,0.1199,254,0.0296,0.0920
SLB,xl_real_estate,Rates,high,-0.5863,0.3765,63,0.0296,0.0920
SLB,xl_real_estate,Rates,low,0.7933,0.2636,63,0.0296,0.0920
SLB,xl_real_estate,Bull-Bear,high,-0.1340,0.1018,839,0.0296,0.0920
SLB,xl_real_estate,Bull-Bear,low,0.1061,0.2117,241,0.0296,0.0920
SLB,xl_utilities,VIX,high,0.2033,0.1870,312,-0.1066,0.0800
SLB,xl_utilities,VIX,low,0.0532,0.1151,254,-0.1066,0.0800
SLB,xl_utilities,Rates,high,-0.4319,0.2498,63,-0.1066,0.0800
SLB,xl_utilities,Rates,low,0.3501,0.2985,63,-0.1066,0.0800
SLB,xl_utilities,Bull-Bear,high,-0.3132,0.0928,839,-0.1066,0.0800
SLB,xl_utilities,Bull-Bear,low,0.1941,0.1786,241,-0.1066,0.0800
SMCI,biotech,VIX,high,0.3472,0.2024,312,-0.0982,0.1288
SMCI,biotech,VIX,low,-0.0748,0.4299,254,-0.0982,0.1288
SMCI,biotech,Rates,high,0.1682,0.6583,63,-0.0982,0.1288
SMCI,biotech,Rates,low,0.9277,0.7909,63,-0.0982,0.1288
SMCI,biotech,Bull-Bear,high,-0.0917,0.1645,839,-0.0982,0.1288
SMCI,biotech,Bull-Bear,low,0.1242,0.2177,241,-0.0982,0.1288
SMCI,china_a_shares,VIX,high,0.2911,0.1524,312,0.1221,0.0886
SMCI,china_a_shares,VIX,low,0.3012,0.2778,254,0.1221,0.0886
SMCI,china_a_shares,Rates,high,0.8502,0.3884,63,0.1221,0.0886
SMCI,china_a_shares,Rates,low,1.3296,0.5872,63,0.1221,0.0886
SMCI,china_a_shares,Bull-Bear,high,0.0591,0.1122,839,0.1221,0.0886
SMCI,china_a_shares,Bull-Bear,low,-0.0301,0.1633,241,0.1221,0.0886
SMCI,china_exposure,VIX,high,0.1614,0.1234,312,0.1109,0.0759
SMCI,china_exposure,VIX,low,0.3779,0.2078,254,0.1109,0.0759
SMCI,china_exposure,Rates,high,0.7813,0.3169,63,0.1109,0.0759
SMCI,china_exposure,Rates,low,0.6015,0.4903,63,0.1109,0.0759
SMCI,china_exposure,Bull-Bear,high,0.0635,0.1012,839,0.1109,0.0759
SMCI,china_exposure,Bull-Bear,low,0.2350,0.1110,241,0.1109,0.0759
SMCI,copper,VIX,high,0.1501,0.1557,312,0.1054,0.0967
SMCI,copper,VIX,low,0.2634,0.2971,254,0.1054,0.0967
SMCI,copper,Rates,high,0.7715,0.3961,63,0.1054,0.0967
SMCI,copper,Rates,low,0.3699,0.5703,63,0.1054,0.0967
SMCI,copper,Bull-Bear,high,0.1699,0.1278,839,0.1054,0.0967
SMCI,copper,Bull-Bear,low,0.0707,0.1571,241,0.1054,0.0967
SMCI,credit_hy_spread,VIX,high,0.7410,0.3228,312,-0.4994,0.2724
SMCI,credit_hy_spread,VIX,low,-4.4418,1.0323,254,-0.4994,0.2724
SMCI,credit_hy_spread,Rates,high,6.1624,1.5270,63,-0.4994,0.2724
SMCI,credit_hy_spread,Rates,low,3.7605,1.3963,63,-0.4994,0.2724
SMCI,credit_hy_spread,Bull-Bear,high,-2.3462,0.4535,839,-0.4994,0.2724
SMCI,credit_hy_spread,Bull-Bear,low,-0.0359,0.3674,241,-0.4994,0.2724
SMCI,defense,VIX,high,0.3066,0.2012,312,0.1746,0.1500
SMCI,defense,VIX,low,-1.1128,0.4593,254,0.1746,0.1500
SMCI,defense,Rates,high,0.1194,0.6038,63,0.1746,0.1500
SMCI,defense,Rates,low,-0.2877,0.6851,63,0.1746,0.1500
SMCI,defense,Bull-Bear,high,0.2187,0.2120,839,0.1746,0.1500
SMCI,defense,Bull-Bear,low,-0.2035,0.2409,241,0.1746,0.1500
SMCI,energy_oil,VIX,high,0.0939,0.0576,312,-0.0305,0.0496
SMCI,energy_oil,VIX,low,-0.3965,0.2173,254,-0.0305,0.0496
SMCI,energy_oil,Rates,high,0.4190,0.2216,63,-0.0305,0.0496
SMCI,energy_oil,Rates,low,0.3693,0.2531,63,-0.0305,0.0496
SMCI,energy_oil,Bull-Bear,high,-0.1228,0.0933,839,-0.0305,0.0496
SMCI,energy_oil,Bull-Bear,low,-0.0649,0.0577,241,-0.0305,0.0496
SMCI,gold,VIX,high,0.0362,0.2105,312,0.1337,0.1396
SMCI,gold,VIX,low,-0.0414,0.4226,254,0.1337,0.1396
SMCI,gold,Rates,high,0.7527,0.6341,63,0.1337,0.1396
SMCI,gold,Rates,low,-0.3773,0.6402,63,0.1337,0.1396
SMCI,gold,Bull-Bear,high,0.3655,0.1839,839,0.1337,0.1396
SMCI,gold,Bull-Bear,low,-0.4193,0.2380,241,0.1337,0.1396
SMCI,growth,VIX,high,3.5796,1.0494,312,1.4294,0.8004
SMCI,growth,VIX,low,-4.9834,3.0838,254,1.4294,0.8004
SMCI,growth,Rates,high,7.6669,2.7542,63,1.4294,0.8004
SMCI,growth,Rates,low,12.3881,3.2366,63,1.4294,0.8004
SMCI,growth,Bull-Bear,high,-1.0926,1.1275,839,1.4294,0.8004
SMCI,growth,Bull-Bear,low,2.2151,1.3162,241,1.4294,0.8004
SMCI,inflation,VIX,high,0.9270,0.5079,312,-0.5384,0.4130
SMCI,inflation,VIX,low,-5.5019,1.7200,254,-0.5384,0.4130
SMCI,inflation,Rates,high,-3.4169,1.7153,63,-0.5384,0.4130
SMCI,inflation,Rates,low,2.6671,1.4494,63,-0.5384,0.4130
SMCI,inflation,Bull-Bear,high,-2.7124,0.7140,839,-0.5384,0.4130
SMCI,inflation,Bull-Bear,low,-0.5133,0.5358,241,-0.5384,0.4130
SMCI,lithium,VIX,high,0.0125,0.1315,312,0.0773,0.0810
SMCI,lithium,VIX,low,-0.0279,0.2320,254,0.0773,0.0810
SMCI,lithium,Rates,high,0.3159,0.3787,63,0.0773,0.0810
SMCI,lithium,Rates,low,-0.3517,0.6392,63,0.0773,0.0810
SMCI,lithium,Bull-Bear,high,-0.0024,0.1008,839,0.0773,0.0810
SMCI,lithium,Bull-Bear,low,0.0428,0.1655,241,0.0773,0.0810
SMCI,market_beta,VIX,high,1.2245,0.0877,312,1.4490,0.0931
SMCI,market_beta,VIX,low,3.7627,0.5721,254,1.4490,0.0931
SMCI,market_beta,Rates,high,1.2991,0.3290,63,1.4490,0.0931
SMCI,market_beta,Rates,low,1.9322,0.2932,63,1.4490,0.0931
SMCI,market_beta,Bull-Bear,high,1.8910,0.1803,839,1.4490,0.0931
SMCI,market_beta,Bull-Bear,low,1.2172,0.1301,241,1.4490,0.0931
SMCI,momentum,VIX,high,0.3828,0.2972,312,0.7114,0.1944
SMCI,momentum,VIX,low,3.7310,0.6522,254,0.7114,0.1944
SMCI,momentum,Rates,high,1.0144,1.0231,63,0.7114,0.1944
SMCI,momentum,Rates,low,1.5288,1.0591,63,0.7114,0.1944
SMCI,momentum,Bull-Bear,high,0.9957,0.2340,839,0.7114,0.1944
SMCI,momentum,Bull-Bear,low,-0.0296,0.3692,241,0.7114,0.1944
SMCI,natural_gas,VIX,high,0.0255,0.0588,312,-0.0235,0.0350
SMCI,natural_gas,VIX,low,-0.1355,0.0995,254,-0.0235,0.0350
SMCI,natural_gas,Rates,high,0.1390,0.1450,63,-0.0235,0.0350
SMCI,natural_gas,Rates,low,0.0065,0.2240,63,-0.0235,0.0350
SMCI,natural_gas,Bull-Bear,high,-0.0572,0.0453,839,-0.0235,0.0350
SMCI,natural_gas,Bull-Bear,low,0.1023,0.0568,241,-0.0235,0.0350
SMCI,quality,VIX,high,-1.6075,0.8803,312,2.2138,0.5993
SMCI,quality,VIX,low,7.2237,1.8284,254,2.2138,0.5993
SMCI,quality,Rates,high,-2.2669,2.2972,63,2.2138,0.5993
SMCI,quality,Rates,low,-2.4173,2.4836,63,2.2138,0.5993
SMCI,quality,Bull-Bear,high,3.8632,0.8242,839,2.2138,0.5993
SMCI,quality,Bull-Bear,low,2.3093,1.0241,241,2.2138,0.5993
SMCI,rates,VIX,high,-0.2847,0.4093,312,0.5781,0.2699
SMCI,rates,VIX,low,2.3327,0.7857,254,0.5781,0.2699
SMCI,rates,Rates,high,-0.1201,2.1997,63,0.5781,0.2699
SMCI,rates,Rates,low,-3.4462,2.1717,63,0.5781,0.2699
SMCI,rates,Bull-Bear,high,1.3474,0.4077,839,0.5781,0.2699
SMCI,rates,Bull-Bear,low,0.4661,0.3859,241,0.5781,0.2699
SMCI,rates_30y,VIX,high,-0.1372,0.1745,312,0.2680,0.1206
SMCI,rates_30y,VIX,low,1.2508,0.3759,254,0.2680,0.1206
SMCI,rates_30y,Rates,high,1.0104,0.6045,63,0.2680,0.1206
SMCI,rates_30y,Rates,low,-0.7679,0.7623,63,0.2680,0.1206
SMCI,rates_30y,Bull-Bear,high,0.5897,0.1841,839,0.2680,0.1206
SMCI,rates_30y,Bull-Bear,low,0.2161,0.1869,241,0.2680,0.1206
SMCI,semiconductors,VIX,high,-0.1597,0.1782,312,0.8940,0.1036
SMCI,semiconductors,VIX,low,1.7168,0.2646,254,0.8940,0.1036
SMCI,semiconductors,Rates,high,0.6444,0.5523,63,0.8940,0.1036
SMCI,semiconductors,Rates,low,0.2243,0.4826,63,0.8940,0.1036
SMCI,semiconductors,Bull-Bear,high,1.2278,0.1286,839,0.8940,0.1036
SMCI,semiconductors,Bull-Bear,low,0.6065,0.1911,241,0.8940,0.1036
SMCI,uranium,VIX,high,-0.0276,0.1159,312,0.1037,0.0635
SMCI,uranium,VIX,low,-0.0501,0.1995,254,0.1037,0.0635
SMCI,uranium,Rates,high,0.5122,0.2820,63,0.1037,0.0635
SMCI,uranium,Rates,low,-0.2821,0.3624,63,0.1037,0.0635
SMCI,uranium,Bull-Bear,high,0.1302,0.0808,839,0.1037,0.0635
SMCI,uranium,Bull-Bear,low,0.0920,0.1132,241,0.1037,0.0635
SMCI,usd_strength,VIX,high,0.5612,0.3932,312,-0.4248,0.2920
SMCI,usd_strength,VIX,low,-2.4428,0.9443,254,-0.4248,0.2920
SMCI,usd_strength,Rates,high,-1.4425,1.2877,63,-0.4248,0.2920
SMCI,usd_strength,Rates,low,1.8486,1.1278,63,-0.4248,0.2920
SMCI,usd_strength,Bull-Bear,high,-1.3889,0.4402,839,-0.4248,0.2920
SMCI,usd_strength,Bull-Bear,low,-0.9471,0.4818,241,-0.4248,0.2920
SMCI,value,VIX,high,1.1865,0.3848,312,-0.6887,0.2771
SMCI,value,VIX,low,-1.6815,0.7587,254,-0.6887,0.2771
SMCI,value,Rates,high,1.2496,1.1875,63,-0.6887,0.2771
SMCI,value,Rates,low,0.7792,1.3964,63,-0.6887,0.2771
SMCI,value,Bull-Bear,high,-1.5576,0.3492,839,-0.6887,0.2771
SMCI,value,Bull-Bear,low,-0.5846,0.4937,241,-0.6887,0.2771
SMCI,volatility,VIX,high,0.0313,0.0310,312,-0.0284,0.0243
SMCI,volatility,VIX,low,-0.0114,0.1048,254,-0.0284,0.0243
SMCI,volatility,Rates,high,0.0467,0.0736,63,-0.0284,0.0243
SMCI,volatility,Rates,low,-0.0796,0.1061,63,-0.0284,0.0243
SMCI,volatility,Bull-Bear,high,-0.1014,0.0327,839,-0.0284,0.0243
SMCI,volatility,Bull-Bear,low,-0.0006,0.0516,241,-0.0284,0.0243
SMCI,xl_consumer_defensive,VIX,high,-0.1621,0.2632,312,-0.8956,0.1914
SMCI,xl_consumer_defensive,VIX,low,-2.5115,0.6157,254,-0.8956,0.1914
SMCI,xl_consumer_defensive,Rates,high,0.8723,0.6838,63,-0.8956,0.1914
SMCI,xl_consumer_defensive,Rates,low,-1.6902,0.8546,63,-0.8956,0.1914
SMCI,xl_consumer_defensive,Bull-Bear,high,-1.3973,0.2841,839,-0.8956,0.1914
SMCI,xl_consumer_defensive,Bull-Bear,low,-0.8448,0.2889,241,-0.8956,0.1914
SMCI,xl_financials,VIX,high,-0.2931,0.3601,312,-0.0856,0.2666
SMCI,xl_financials,VIX,low,-0.0535,0.9048,254,-0.0856,0.2666
SMCI,xl_financials,Rates,high,-1.4729,0.9192,63,-0.0856,0.2666
SMCI,xl_financials,Rates,low,0.2415,1.4056,63,-0.0856,0.2666
SMCI,xl_financials,Bull-Bear,high,-0.1000,0.3731,839,-0.0856,0.2666
SMCI,xl_financials,Bull-Bear,low,0.1042,0.4222,241,-0.0856,0.2666
SMCI,xl_healthcare,VIX,high,0.7339,0.3069,312,-0.7664,0.2071
SMCI,xl_healthcare,VIX,low,-1.4587,0.6128,254,-0.7664,0.2071
SMCI,xl_healthcare,Rates,high,0.4741,0.9159,63,-0.7664,0.2071
SMCI,xl_healthcare,Rates,low,1.3696,0.9517,63,-0.7664,0.2071
SMCI,xl_healthcare,Bull-Bear,high,-1.2033,0.2781,839,-0.7664,0.2071
SMCI,xl_healthcare,Bull-Bear,low,-0.9376,0.3385,241,-0.7664,0.2071
SMCI,xl_industrials,VIX,high,-0.3700,0.4293,312,0.6666,0.3043
SMCI,xl_industrials,VIX,low,0.3180,0.9712,254,0.6666,0.3043
SMCI,xl_industrials,Rates,high,-1.9049,1.2914,63,0.6666,0.3043
SMCI,xl_industrials,Rates,low,-3.6799,1.5986,63,0.6666,0.3043
SMCI,xl_industrials,Bull-Bear,high,0.9784,0.4217,839,0.6666,0.3043
SMCI,xl_industrials,Bull-Bear,low,-0.2063,0.4920,241,0.6666,0.3043
SMCI,xl_real_estate,VIX,high,0.2727,0.2019,312,-0.2000,0.1409
SMCI,xl_real_estate,VIX,low,-0.4760,0.4116,254,-0.2000,0.1409
SMCI,xl_real_estate,Rates,high,0.7701,0.5597,63,-0.2000,0.1409
SMCI,xl_real_estate,Rates,low,1.4618,0.4795,63,-0.2000,0.1409
SMCI,xl_real_estate,Bull-Bear,high,-0.6259,0.1963,839,-0.2000,0.1409
SMCI,xl_real_estate,Bull-Bear,low,-0.3591,0.2235,241,-0.2000,0.1409
SMCI,xl_utilities,VIX,high,0.0881,0.1666,312,-0.5867,0.1216
SMCI,xl_utilities,VIX,low,-1.1476,0.3840,254,-0.5867,0.1216
SMCI,xl_utilities,Rates,high,-0.0483,0.3787,63,-0.5867,0.1216
SMCI,xl_utilities,Rates,low,0.0594,0.5499,63,-0.5867,0.1216
SMCI,xl_utilities,Bull-Bear,high,-1.0999,0.1770,839,-0.5867,0.1216
SMCI,xl_utilities,Bull-Bear,low,-0.4709,0.1874,241,-0.5867,0.1216
SO,biotech,VIX,high,-0.1194,0.1286,312,-0.0566,0.0449
SO,biotech,VIX,low,0.2114,0.0771,254,-0.0566,0.0449
SO,biotech,Rates,high,1.0627,0.3211,63,-0.0566,0.0449
SO,biotech,Rates,low,-0.1537,0.3329,63,-0.0566,0.0449
SO,biotech,Bull-Bear,high,-0.0383,0.0378,839,-0.0566,0.0449
SO,biotech,Bull-Bear,low,-0.0929,0.1109,241,-0.0566,0.0449
SO,china_a_shares,VIX,high,-0.0106,0.0970,312,-0.0314,0.0309
SO,china_a_shares,VIX,low,-0.0011,0.0507,254,-0.0314,0.0309
SO,china_a_shares,Rates,high,0.1178,0.2130,63,-0.0314,0.0309
SO,china_a_shares,Rates,low,0.4090,0.2495,63,-0.0314,0.0309
SO,china_a_shares,Bull-Bear,high,-0.0321,0.0257,839,-0.0314,0.0309
SO,china_a_shares,Bull-Bear,low,-0.0648,0.0831,241,-0.0314,0.0309
SO,china_exposure,VIX,high,-0.1489,0.0779,312,-0.0557,0.0264
SO,china_exposure,VIX,low,0.0240,0.0380,254,-0.0557,0.0264
SO,china_exposure,Rates,high,0.0040,0.1760,63,-0.0557,0.0264
SO,china_exposure,Rates,low,-0.3326,0.2025,63,-0.0557,0.0264
SO,china_exposure,Bull-Bear,high,-0.0006,0.0232,839,-0.0557,0.0264
SO,china_exposure,Bull-Bear,low,-0.0433,0.0570,241,-0.0557,0.0264
SO,copper,VIX,high,-0.2043,0.0980,312,-0.0887,0.0336
SO,copper,VIX,low,0.0455,0.0540,254,-0.0887,0.0336
SO,copper,Rates,high,-0.4807,0.2072,63,-0.0887,0.0336
SO,copper,Rates,low,0.1125,0.2382,63,-0.0887,0.0336
SO,copper,Bull-Bear,high,-0.0301,0.0294,839,-0.0887,0.0336
SO,copper,Bull-Bear,low,-0.0445,0.0800,241,-0.0887,0.0336
SO,credit_hy_spread,VIX,high,0.9204,0.1994,312,0.2805,0.0947
SO,credit_hy_spread,VIX,low,-0.7677,0.1884,254,0.2805,0.0947
SO,credit_hy_spread,Rates,high,1.0135,0.9008,63,0.2805,0.0947
SO,credit_hy_spread,Rates,low,2.5779,0.5200,63,0.2805,0.0947
SO,credit_hy_spread,Bull-Bear,high,-0.4439,0.1047,839,0.2805,0.0947
SO,credit_hy_spread,Bull-Bear,low,-0.0449,0.1872,241,0.2805,0.0947
SO,defense,VIX,high,-0.1053,0.1277,312,-0.1762,0.0520
SO,defense,VIX,low,-0.1770,0.0838,254,-0.1762,0.0520
SO,defense,Rates,high,-0.9740,0.2945,63,-0.1762,0.0520
SO,defense,Rates,low,-0.1658,0.2853,63,-0.1762,0.0520
SO,defense,Bull-Bear,high,-0.0889,0.0486,839,-0.1762,0.0520
SO,defense,Bull-Bear,low,-0.2556,0.1218,241,-0.1762,0.0520
SO,energy_oil,VIX,high,-0.0260,0.0366,312,-0.0425,0.0172
SO,energy_oil,VIX,low,-0.0434,0.0397,254,-0.0425,0.0172
SO,energy_oil,Rates,high,-0.2069,0.1178,63,-0.0425,0.0172
SO,energy_oil,Rates,low,0.1624,0.1053,63,-0.0425,0.0172
SO,energy_oil,Bull-Bear,high,-0.0553,0.0214,839,-0.0425,0.0172
SO,energy_oil,Bull-Bear,low,-0.0313,0.0294,241,-0.0425,0.0172
SO,gold,VIX,high,0.1870,0.1328,312,0.1764,0.0484
SO,gold,VIX,low,0.2717,0.0749,254,0.1764,0.0484
SO,gold,Rates,high,0.6617,0.3289,63,0.1764,0.0484
SO,gold,Rates,low,0.1234,0.2673,63,0.1764,0.0484
SO,gold,Bull-Bear,high,0.0822,0.0422,839,0.1764,0.0484
SO,gold,Bull-Bear,low,0.2451,0.1210,241,0.1764,0.0484
SO,growth,VIX,high,-0.1393,0.6766,312,-0.8797,0.2781
SO,growth,VIX,low,0.0634,0.5638,254,-0.8797,0.2781
SO,growth,Rates,high,5.3228,1.3902,63,-0.8797,0.2781
SO,growth,Rates,low,2.7732,1.4605,63,-0.8797,0.2781
SO,growth,Bull-Bear,high,-1.6271,0.2530,839,-0.8797,0.2781
SO,growth,Bull-Bear,low,-2.4034,0.6565,241,-0.8797,0.2781
SO,inflation,VIX,high,0.0565,0.3232,312,-0.2961,0.1437
SO,inflation,VIX,low,-1.2008,0.3101,254,-0.2961,0.1437
SO,inflation,Rates,high,-1.0052,0.9285,63,-0.2961,0.1437
SO,inflation,Rates,low,0.0094,0.6209,63,-0.2961,0.1437
SO,inflation,Bull-Bear,high,-0.7105,0.1636,839,-0.2961,0.1437
SO,inflation,Bull-Bear,low,-0.2066,0.2732,241,-0.2961,0.1437
SO,lithium,VIX,high,-0.1150,0.0830,312,-0.0653,0.0282
SO,lithium,VIX,low,0.0833,0.0419,254,-0.0653,0.0282
SO,lithium,Rates,high,-0.3441,0.1968,63,-0.0653,0.0282
SO,lithium,Rates,low,-0.5173,0.2589,63,-0.0653,0.0282
SO,lithium,Bull-Bear,high,-0.0276,0.0231,839,-0.0653,0.0282
SO,lithium,Bull-Bear,low,-0.1213,0.0840,241,-0.0653,0.0282
SO,market_beta,VIX,high,0.8853,0.0499,312,0.7045,0.0293
SO,market_beta,VIX,low,0.1854,0.1120,254,0.7045,0.0293
SO,market_beta,Rates,high,0.8030,0.1659,63,0.7045,0.0293
SO,market_beta,Rates,low,0.9529,0.1035,63,0.7045,0.0293
SO,market_beta,Bull-Bear,high,0.3544,0.0423,839,0.7045,0.0293
SO,market_beta,Bull-Bear,low,0.6878,0.0634,241,0.7045,0.0293
SO,momentum,VIX,high,-0.1819,0.1884,312,-0.2804,0.0676
SO,momentum,VIX,low,-0.3790,0.1238,254,-0.2804,0.0676
SO,momentum,Rates,high,0.3058,0.5447,63,-0.2804,0.0676
SO,momentum,Rates,low,0.0106,0.4491,63,-0.2804,0.0676
SO,momentum,Bull-Bear,high,-0.3890,0.0526,839,-0.2804,0.0676
SO,momentum,Bull-Bear,low,-0.5174,0.1852,241,-0.2804,0.0676
SO,natural_gas,VIX,high,-0.0318,0.0372,312,-0.0051,0.0122
SO,natural_gas,VIX,low,0.0142,0.0181,254,-0.0051,0.0122
SO,natural_gas,Rates,high,-0.0186,0.0773,63,-0.0051,0.0122
SO,natural_gas,Rates,low,0.0828,0.0928,63,-0.0051,0.0122
SO,natural_gas,Bull-Bear,high,0.0029,0.0104,839,-0.0051,0.0122
SO,natural_gas,Bull-Bear,low,0.0222,0.0291,241,-0.0051,0.0122
SO,quality,VIX,high,-0.3686,0.5599,312,-0.3049,0.2097
SO,quality,VIX,low,-1.2795,0.3331,254,-0.3049,0.2097
SO,quality,Rates,high,-3.7873,1.1261,63,-0.3049,0.2097
SO,quality,Rates,low,1.8008,1.0179,63,-0.3049,0.2097
SO,quality,Bull-Bear,high,-0.0601,0.1918,839,-0.3049,0.2097
SO,quality,Bull-Bear,low,-0.5165,0.5263,241,-0.3049,0.2097
SO,rates,VIX,high,-0.6157,0.2569,312,0.1345,0.0941
SO,rates,VIX,low,0.7718,0.1370,254,0.1345,0.0941
SO,rates,Rates,high,-3.1404,1.0932,63,0.1345,0.0941
SO,rates,Rates,low,-1.7433,0.8967,63,0.1345,0.0941
SO,rates,Bull-Bear,high,0.4723,0.0928,839,0.1345,0.0941
SO,rates,Bull-Bear,low,0.5296,0.1942,241,0.1345,0.0941
SO,rates_30y,VIX,high,-0.3632,0.1086,312,0.0030,0.0421
SO,rates_30y,VIX,low,0.3412,0.0665,254,0.0030,0.0421
SO,rates_30y,Rates,high,-0.7644,0.3123,63,0.0030,0.0421
SO,rates_30y,Rates,low,-1.2798,0.2755,63,0.0030,0.0421
SO,rates_30y,Bull-Bear,high,0.1613,0.0422,839,0.0030,0.0421
SO,rates_30y,Bull-Bear,low,0.2576,0.0941,241,0.0030,0.0421
SO,semiconductors,VIX,high,-0.8652,0.1017,312,-0.4158,0.0352
SO,semiconductors,VIX,low,-0.2446,0.0497,254,-0.4158,0.0352
SO,semiconductors,Rates,high,-0.5325,0.2877,63,-0.4158,0.0352
SO,semiconductors,Rates,low,-0.8063,0.1731,63,-0.4158,0.0352
SO,semiconductors,Bull-Bear,high,-0.2549,0.0298,839,-0.4158,0.0352
SO,semiconductors,Bull-Bear,low,-0.3508,0.0968,241,-0.4158,0.0352
SO,uranium,VIX,high,-0.2481,0.0720,312,-0.0863,0.0220
SO,uranium,VIX,low,0.0115,0.0363,254,-0.0863,0.0220
SO,uranium,Rates,high,0.0339,0.1532,63,-0.0863,0.0220
SO,uranium,Rates,low,-0.3773,0.1440,63,-0.0863,0.0220
SO,uranium,Bull-Bear,high,-0.0415,0.0185,839,-0.0863,0.0220
SO,uranium,Bull-Bear,low,-0.1474,0.0570,241,-0.0863,0.0220
SO,usd_strength,VIX,high,0.4322,0.2485,312,0.0237,0.1018
SO,usd_strength,VIX,low,-0.6086,0.1698,254,0.0237,0.1018
SO,usd_strength,Rates,high,1.3444,0.6670,63,0.0237,0.1018
SO,usd_strength,Rates,low,1.0480,0.4614,63,0.0237,0.1018
SO,usd_strength,Bull-Bear,high,-0.3227,0.1011,839,0.0237,0.1018
SO,usd_strength,Bull-Bear,low,-0.3914,0.2462,241,0.0237,0.1018
SO,value,VIX,high,1.9290,0.2217,312,1.2362,0.0903
SO,value,VIX,low,1.0050,0.1241,254,1.2362,0.0903
SO,value,Rates,high,2.3319,0.5598,63,1.2362,0.0903
SO,value,Rates,low,2.0288,0.5228,63,1.2362,0.0903
SO,value,Bull-Bear,high,0.7814,0.0765,839,1.2362,0.0903
SO,value,Bull-Bear,low,1.4077,0.2353,241,1.2362,0.0903
SO,volatility,VIX,high,0.0930,0.0189,312,0.0474,0.0084
SO,volatility,VIX,low,-0.0067,0.0191,254,0.0474,0.0084
SO,volatility,Rates,high,0.0335,0.0389,63,0.0474,0.0084
SO,volatility,Rates,low,0.1583,0.0396,63,0.0474,0.0084
SO,volatility,Bull-Bear,high,-0.0119,0.0075,839,0.0474,0.0084
SO,volatility,Bull-Bear,low,0.1322,0.0249,241,0.0474,0.0084
SO,xl_consumer_defensive,VIX,high,1.3914,0.1468,312,1.0140,0.0609
SO,xl_consumer_defensive,VIX,low,0.8356,0.1030,254,1.0140,0.0609
SO,xl_consumer_defensive,Rates,high,2.0659,0.2543,63,1.0140,0.0609
SO,xl_consumer_defensive,Rates,low,1.4899,0.3142,63,1.0140,0.0609
SO,xl_consumer_defensive,Bull-Bear,high,0.7849,0.0604,839,1.0140,0.0609
SO,xl_consumer_defensive,Bull-Bear,low,0.4829,0.1465,241,1.0140,0.0609
SO,xl_financials,VIX,high,-1.0736,0.2199,312,-0.7763,0.0903
SO,xl_financials,VIX,low,-0.8212,0.1562,254,-0.7763,0.0903
SO,xl_financials,Rates,high,-2.3157,0.3987,63,-0.7763,0.0903
SO,xl_financials,Rates,low,-1.0467,0.5707,63,-0.7763,0.0903
SO,xl_financials,Bull-Bear,high,-0.5145,0.0838,839,-0.7763,0.0903
SO,xl_financials,Bull-Bear,low,-0.4783,0.2129,241,-0.7763,0.0903
SO,xl_healthcare,VIX,high,1.3324,0.1809,312,0.7683,0.0692
SO,xl_healthcare,VIX,low,0.5712,0.1068,254,0.7683,0.0692
SO,xl_healthcare,Rates,high,1.8897,0.4216,63,0.7683,0.0692
SO,xl_healthcare,Rates,low,1.2091,0.3727,63,0.7683,0.0692
SO,xl_healthcare,Bull-Bear,high,0.4350,0.0628,839,0.7683,0.0692
SO,xl_healthcare,Bull-Bear,low,0.6014,0.1708,241,0.7683,0.0692
SO,xl_industrials,VIX,high,-0.7075,0.2691,312,-0.5717,0.1050
SO,xl_industrials,VIX,low,-0.5455,0.1733,254,-0.5717,0.1050
SO,xl_industrials,Rates,high,-2.8856,0.5897,63,-0.5717,0.1050
SO,xl_industrials,Rates,low,-1.1153,0.6802,63,-0.5717,0.1050
SO,xl_industrials,Bull-Bear,high,-0.3913,0.0962,839,-0.5717,0.1050
SO,xl_industrials,Bull-Bear,low,-0.8758,0.2443,241,-0.5717,0.1050
SO,xl_real_estate,VIX,high,1.0142,0.1145,312,0.7024,0.0449
SO,xl_real_estate,VIX,low,0.5498,0.0666,254,0.7024,0.0449
SO,xl_real_estate,Rates,high,0.9294,0.2764,63,0.7024,0.0449
SO,xl_real_estate,Rates,low,1.2290,0.1460,63,0.7024,0.0449
SO,xl_real_estate,Bull-Bear,high,0.4601,0.0425,839,0.7024,0.0449
SO,xl_real_estate,Bull-Bear,low,0.7506,0.1037,241,0.7024,0.0449
SO,xl_utilities,VIX,high,1.4438,0.0664,312,1.0973,0.0295
SO,xl_utilities,VIX,low,0.8868,0.0440,254,1.0973,0.0295
SO,xl_utilities,Rates,high,1.2863,0.1144,63,1.0973,0.0295
SO,xl_utilities,Rates,low,1.5016,0.1250,63,1.0973,0.0295
SO,xl_utilities,Bull-Bear,high,0.8340,0.0300,839,1.0973,0.0295
SO,xl_utilities,Bull-Bear,low,1.0497,0.0689,241,1.0973,0.0295
SPY,biotech,VIX,high,0.0766,0.1031,312,0.0000,0.0358
SPY,biotech,VIX,low,-0.0067,0.0437,254,0.0000,0.0358
SPY,biotech,Rates,high,0.0570,0.2286,63,0.0000,0.0358
SPY,biotech,Rates,low,0.0743,0.2667,63,0.0000,0.0358
SPY,biotech,Bull-Bear,high,-0.0280,0.0296,839,0.0000,0.0358
SPY,biotech,Bull-Bear,low,0.1283,0.0923,241,0.0000,0.0358
SPY,china_a_shares,VIX,high,0.0522,0.0777,312,0.0000,0.0246
SPY,china_a_shares,VIX,low,0.0128,0.0283,254,0.0000,0.0246
SPY,china_a_shares,Rates,high,0.0048,0.1401,63,0.0000,0.0246
SPY,china_a_shares,Rates,low,0.4728,0.1949,63,0.0000,0.0246
SPY,china_a_shares,Bull-Bear,high,0.0040,0.0202,839,0.0000,0.0246
SPY,china_a_shares,Bull-Bear,low,-0.1181,0.0690,241,0.0000,0.0246
SPY,china_exposure,VIX,high,-0.0367,0.0628,312,-0.0000,0.0211
SPY,china_exposure,VIX,low,0.0333,0.0212,254,-0.0000,0.0211
SPY,china_exposure,Rates,high,-0.0852,0.1149,63,-0.0000,0.0211
SPY,china_exposure,Rates,low,0.0170,0.1656,63,-0.0000,0.0211
SPY,china_exposure,Bull-Bear,high,0.0099,0.0182,839,-0.0000,0.0211
SPY,china_exposure,Bull-Bear,low,0.0277,0.0476,241,-0.0000,0.0211
SPY,copper,VIX,high,-0.1238,0.0788,312,0.0000,0.0269
SPY,copper,VIX,low,0.0534,0.0301,254,0.0000,0.0269
SPY,copper,Rates,high,-0.1726,0.1400,63,0.0000,0.0269
SPY,copper,Rates,low,0.1353,0.1902,63,0.0000,0.0269
SPY,copper,Bull-Bear,high,0.0517,0.0230,839,0.0000,0.0269
SPY,copper,Bull-Bear,low,-0.0520,0.0668,241,0.0000,0.0269
SPY,credit_hy_spread,VIX,high,0.4746,0.1630,312,0.0000,0.0758
SPY,credit_hy_spread,VIX,low,-0.7200,0.0989,254,0.0000,0.0758
SPY,credit_hy_spread,Rates,high,1.2940,0.5735,63,0.0000,0.0758
SPY,credit_hy_spread,Rates,low,1.9098,0.4280,63,0.0000,0.0758
SPY,credit_hy_spread,Bull-Bear,high,-0.6718,0.0797,839,0.0000,0.0758
SPY,credit_hy_spread,Bull-Bear,low,-0.1229,0.1561,241,0.0000,0.0758
SPY,defense,VIX,high,0.0739,0.1024,312,0.0000,0.0417
SPY,defense,VIX,low,-0.0577,0.0471,254,0.0000,0.0417
SPY,defense,Rates,high,-0.1896,0.2084,63,0.0000,0.0417
SPY,defense,Rates,low,-0.0547,0.2289,63,0.0000,0.0417
SPY,defense,Bull-Bear,high,0.0806,0.0381,839,0.0000,0.0417
SPY,defense,Bull-Bear,low,-0.2250,0.1016,241,0.0000,0.0417
SPY,energy_oil,VIX,high,0.0238,0.0293,312,0.0000,0.0138
SPY,energy_oil,VIX,low,-0.0729,0.0218,254,0.0000,0.0138
SPY,energy_oil,Rates,high,0.0224,0.0791,63,0.0000,0.0138
SPY,energy_oil,Rates,low,0.1286,0.0843,63,0.0000,0.0138
SPY,energy_oil,Bull-Bear,high,-0.0042,0.0168,839,0.0000,0.0138
SPY,energy_oil,Bull-Bear,low,-0.0537,0.0243,241,0.0000,0.0138
SPY,gold,VIX,high,-0.1102,0.1066,312,0.0000,0.0388
SPY,gold,VIX,low,0.0657,0.0428,254,0.0000,0.0388
SPY,gold,Rates,high,-0.2773,0.2199,63,0.0000,0.0388
SPY,gold,Rates,low,-0.0607,0.2141,63,0.0000,0.0388
SPY,gold,Bull-Bear,high,0.0867,0.0331,839,0.0000,0.0388
SPY,gold,Bull-Bear,low,-0.1198,0.1016,241,0.0000,0.0388
SPY,growth,VIX,high,0.4162,0.5419,312,-0.0000,0.2227
SPY,growth,VIX,low,-0.8313,0.3109,254,-0.0000,0.2227
SPY,growth,Rates,high,3.0844,0.9355,63,-0.0000,0.2227
SPY,growth,Rates,low,3.2971,1.1264,63,-0.0000,0.2227
SPY,growth,Bull-Bear,high,-0.5755,0.2024,839,-0.0000,0.2227
SPY,growth,Bull-Bear,low,0.5544,0.5621,241,-0.0000,0.2227
SPY,inflation,VIX,high,0.2574,0.2587,312,0.0000,0.1148
SPY,inflation,VIX,low,-0.8928,0.1694,254,0.0000,0.1148
SPY,inflation,Rates,high,-1.3975,0.5882,63,0.0000,0.1148
SPY,inflation,Rates,low,0.4855,0.4931,63,0.0000,0.1148
SPY,inflation,Bull-Bear,high,-0.2704,0.1295,839,0.0000,0.1148
SPY,inflation,Bull-Bear,low,-0.4292,0.2266,241,0.0000,0.1148
SPY,lithium,VIX,high,-0.0523,0.0667,312,0.0000,0.0225
SPY,lithium,VIX,low,0.0354,0.0235,254,0.0000,0.0225
SPY,lithium,Rates,high,-0.3224,0.1256,63,0.0000,0.0225
SPY,lithium,Rates,low,-0.3573,0.2089,63,0.0000,0.0225
SPY,lithium,Bull-Bear,high,0.0373,0.0181,839,0.0000,0.0225
SPY,lithium,Bull-Bear,low,-0.0972,0.0701,241,0.0000,0.0225
SPY,market_beta,VIX,high,1.0000,0.0000,312,1.0000,0.0000
SPY,market_beta,VIX,low,1.0000,0.0000,254,1.0000,0.0000
SPY,market_beta,Rates,high,1.0000,0.0000,63,1.0000,0.0000
SPY,market_beta,Rates,low,1.0000,0.0000,63,1.0000,0.0000
SPY,market_beta,Bull-Bear,high,1.0000,0.0000,839,1.0000,0.0000
SPY,market_beta,Bull-Bear,low,1.0000,0.0000,241,1.0000,0.0000
SPY,momentum,VIX,high,-0.0188,0.1512,312,-0.0000,0.0543
SPY,momentum,VIX,low,0.4023,0.0658,254,-0.0000,0.0543
SPY,momentum,Rates,high,0.1665,0.3575,63,-0.0000,0.0543
SPY,momentum,Rates,low,-0.1420,0.3590,63,-0.0000,0.0543
SPY,momentum,Bull-Bear,high,0.1074,0.0425,839,-0.0000,0.0543
SPY,momentum,Bull-Bear,low,-0.2182,0.1564,241,-0.0000,0.0543
SPY,natural_gas,VIX,high,-0.0102,0.0298,312,-0.0000,0.0097
SPY,natural_gas,VIX,low,-0.0033,0.0102,254,-0.0000,0.0097
SPY,natural_gas,Rates,high,0.0402,0.0505,63,-0.0000,0.0097
SPY,natural_gas,Rates,low,0.0359,0.0746,63,-0.0000,0.0097
SPY,natural_gas,Bull-Bear,high,-0.0018,0.0082,839,-0.0000,0.0097
SPY,natural_gas,Bull-Bear,low,0.0032,0.0243,241,-0.0000,0.0097
SPY,quality,VIX,high,-0.4846,0.4483,312,0.0000,0.1674
SPY,quality,VIX,low,0.0328,0.1916,254,0.0000,0.1674
SPY,quality,Rates,high,-2.2709,0.7498,63,0.0000,0.1674
SPY,quality,Rates,low,0.1107,0.8352,63,0.0000,0.1674
SPY,quality,Bull-Bear,high,-0.0679,0.1505,839,0.0000,0.1674
SPY,quality,Bull-Bear,low,1.0413,0.4351,241,0.0000,0.1674
SPY,rates,VIX,high,-0.4663,0.2062,312,-0.0000,0.0751
SPY,rates,VIX,low,0.3183,0.0788,254,-0.0000,0.0751
SPY,rates,Rates,high,-0.6691,0.7592,63,-0.0000,0.0751
SPY,rates,Rates,low,-0.8821,0.7309,63,-0.0000,0.0751
SPY,rates,Bull-Bear,high,0.2111,0.0736,839,-0.0000,0.0751
SPY,rates,Bull-Bear,low,0.3287,0.1633,241,-0.0000,0.0751
SPY,rates_30y,VIX,high,-0.2278,0.0877,312,-0.0000,0.0336
SPY,rates_30y,VIX,low,0.1650,0.0377,254,-0.0000,0.0336
SPY,rates_30y,Rates,high,0.0436,0.2146,63,-0.0000,0.0336
SPY,rates_30y,Rates,low,-0.5551,0.2465,63,-0.0000,0.0336
SPY,rates_30y,Bull-Bear,high,0.0815,0.0333,839,-0.0000,0.0336
SPY,rates_30y,Bull-Bear,low,0.1552,0.0791,241,-0.0000,0.0336
SPY,semiconductors,VIX,high,-0.4474,0.0869,312,0.0000,0.0296
SPY,semiconductors,VIX,low,0.1292,0.0279,254,0.0000,0.0296
SPY,semiconductors,Rates,high,-0.1386,0.1931,63,0.0000,0.0296
SPY,semiconductors,Rates,low,-0.2738,0.1575,63,0.0000,0.0296
SPY,semiconductors,Bull-Bear,high,0.1452,0.0239,839,0.0000,0.0296
SPY,semiconductors,Bull-Bear,low,0.0439,0.0829,241,0.0000,0.0296
SPY,uranium,VIX,high,-0.1235,0.0584,312,0.0000,0.0177
SPY,uranium,VIX,low,0.0009,0.0203,254,0.0000,0.0177
SPY,uranium,Rates,high,0.0821,0.1000,63,0.0000,0.0177
SPY,uranium,Rates,low,-0.1808,0.1193,63,0.0000,0.0177
SPY,uranium,Bull-Bear,high,0.0250,0.0146,839,0.0000,0.0177
SPY,uranium,Bull-Bear,low,0.0055,0.0482,241,0.0000,0.0177
SPY,usd_strength,VIX,high,0.5408,0.1978,312,0.0000,0.0812
SPY,usd_strength,VIX,low,-0.3676,0.0945,254,0.0000,0.0812
SPY,usd_strength,Rates,high,0.8848,0.4374,63,0.0000,0.0812
SPY,usd_strength,Rates,low,0.6795,0.3746,63,0.0000,0.0812
SPY,usd_strength,Bull-Bear,high,-0.4279,0.0784,839,0.0000,0.0812
SPY,usd_strength,Bull-Bear,low,-0.8275,0.1996,241,0.0000,0.0812
SPY,value,VIX,high,0.7102,0.1941,312,-0.0000,0.0772
SPY,value,VIX,low,-0.3221,0.0752,254,-0.0000,0.0772
SPY,value,Rates,high,0.8226,0.4026,63,-0.0000,0.0772
SPY,value,Rates,low,0.8162,0.4554,63,-0.0000,0.0772
SPY,value,Bull-Bear,high,-0.3213,0.0627,839,-0.0000,0.0772
SPY,value,Bull-Bear,low,-0.4957,0.2082,241,-0.0000,0.0772
SPY,volatility,VIX,high,0.0527,0.0155,312,0.0000,0.0067
SPY,volatility,VIX,low,-0.0068,0.0106,254,0.0000,0.0067
SPY,volatility,Rates,high,-0.0189,0.0255,63,0.0000,0.0067
SPY,volatility,Rates,low,0.0588,0.0348,63,0.0000,0.0067
SPY,volatility,Bull-Bear,high,-0.0533,0.0056,839,0.0000,0.0067
SPY,volatility,Bull-Bear,low,0.1125,0.0207,241,0.0000,0.0067
SPY,xl_consumer_defensive,VIX,high,0.5000,0.1306,312,-0.0000,0.0537
SPY,xl_consumer_defensive,VIX,low,-0.1839,0.0636,254,-0.0000,0.0537
SPY,xl_consumer_defensive,Rates,high,0.1125,0.2402,63,-0.0000,0.0537
SPY,xl_consumer_defensive,Rates,low,0.0415,0.2942,63,-0.0000,0.0537
SPY,xl_consumer_defensive,Bull-Bear,high,-0.3175,0.0508,839,-0.0000,0.0537
SPY,xl_consumer_defensive,Bull-Bear,low,-0.2393,0.1241,241,-0.0000,0.0537
SPY,xl_financials,VIX,high,-0.1274,0.1828,312,-0.0000,0.0741
SPY,xl_financials,VIX,low,-0.0475,0.0920,254,-0.0000,0.0741
SPY,xl_financials,Rates,high,0.1091,0.3256,63,-0.0000,0.0741
SPY,xl_financials,Rates,low,-0.0918,0.4691,63,-0.0000,0.0741
SPY,xl_financials,Bull-Bear,high,-0.0161,0.0672,839,-0.0000,0.0741
SPY,xl_financials,Bull-Bear,low,0.1627,0.1793,241,-0.0000,0.0741
SPY,xl_healthcare,VIX,high,0.5997,0.1534,312,0.0000,0.0579
SPY,xl_healthcare,VIX,low,-0.2240,0.0614,254,0.0000,0.0579
SPY,xl_healthcare,Rates,high,-0.1654,0.3181,63,0.0000,0.0579
SPY,xl_healthcare,Rates,low,0.4788,0.3171,63,0.0000,0.0579
SPY,xl_healthcare,Bull-Bear,high,-0.2294,0.0501,839,0.0000,0.0579
SPY,xl_healthcare,Bull-Bear,low,-0.2117,0.1456,241,0.0000,0.0579
SPY,xl_industrials,VIX,high,-0.2368,0.2177,312,0.0000,0.0847
SPY,xl_industrials,VIX,low,0.2986,0.0970,254,0.0000,0.0847
SPY,xl_industrials,Rates,high,-0.5487,0.4510,63,0.0000,0.0847
SPY,xl_industrials,Rates,low,-0.9908,0.5416,63,0.0000,0.0847
SPY,xl_industrials,Bull-Bear,high,0.2284,0.0758,839,0.0000,0.0847
SPY,xl_industrials,Bull-Bear,low,-0.4750,0.2071,241,0.0000,0.0847
SPY,xl_real_estate,VIX,high,0.2592,0.1017,312,0.0000,0.0392
SPY,xl_real_estate,VIX,low,-0.1187,0.0413,254,0.0000,0.0392
SPY,xl_real_estate,Rates,high,-0.0538,0.1973,63,0.0000,0.0392
SPY,xl_real_estate,Rates,low,0.7147,0.1454,63,0.0000,0.0392
SPY,xl_real_estate,Bull-Bear,high,-0.1909,0.0350,839,0.0000,0.0392
SPY,xl_real_estate,Bull-Bear,low,-0.0434,0.0955,241,0.0000,0.0392
SPY,xl_utilities,VIX,high,0.3052,0.0828,312,-0.0000,0.0341
SPY,xl_utilities,VIX,low,-0.1187,0.0390,254,-0.0000,0.0341
SPY,xl_utilities,Rates,high,0.0595,0.1313,63,-0.0000,0.0341
SPY,xl_utilities,Rates,low,0.5348,0.1703,63,-0.0000,0.0341
SPY,xl_utilities,Bull-Bear,high,-0.2394,0.0316,839,-0.0000,0.0341
SPY,xl_utilities,Bull-Bear,low,-0.0589,0.0807,241,-0.0000,0.0341
TMUS,biotech,VIX,high,0.1886,0.1173,312,0.0713,0.0464
TMUS,biotech,VIX,low,0.0399,0.0812,254,0.0713,0.0464
TMUS,biotech,Rates,high,-0.0851,0.2130,63,0.0713,0.0464
TMUS,biotech,Rates,low,0.1938,0.2731,63,0.0713,0.0464
TMUS,biotech,Bull-Bear,high,0.0072,0.0460,839,0.0713,0.0464
TMUS,biotech,Bull-Bear,low,0.2358,0.1122,241,0.0713,0.0464
TMUS,china_a_shares,VIX,high,0.0294,0.0888,312,-0.0138,0.0320
TMUS,china_a_shares,VIX,low,-0.0575,0.0525,254,-0.0138,0.0320
TMUS,china_a_shares,Rates,high,0.0442,0.1305,63,-0.0138,0.0320
TMUS,china_a_shares,Rates,low,0.6095,0.1946,63,-0.0138,0.0320
TMUS,china_a_shares,Bull-Bear,high,-0.0290,0.0314,839,-0.0138,0.0320
TMUS,china_a_shares,Bull-Bear,low,-0.1265,0.0845,241,-0.0138,0.0320
TMUS,china_exposure,VIX,high,-0.0932,0.0715,312,-0.0363,0.0274
TMUS,china_exposure,VIX,low,-0.1171,0.0388,254,-0.0363,0.0274
TMUS,china_exposure,Rates,high,-0.0203,0.1076,63,-0.0363,0.0274
TMUS,china_exposure,Rates,low,-0.0333,0.1701,63,-0.0363,0.0274
TMUS,china_exposure,Bull-Bear,high,-0.0082,0.0283,839,-0.0363,0.0274
TMUS,china_exposure,Bull-Bear,low,-0.0419,0.0582,241,-0.0363,0.0274
TMUS,copper,VIX,high,-0.1670,0.0898,312,-0.0626,0.0349
TMUS,copper,VIX,low,-0.0771,0.0560,254,-0.0626,0.0349
TMUS,copper,Rates,high,-0.0154,0.1322,63,-0.0626,0.0349
TMUS,copper,Rates,low,0.0065,0.1962,63,-0.0626,0.0349
TMUS,copper,Bull-Bear,high,0.0068,0.0358,839,-0.0626,0.0349
TMUS,copper,Bull-Bear,low,-0.1194,0.0813,241,-0.0626,0.0349
TMUS,credit_hy_spread,VIX,high,0.1386,0.1884,312,-0.1186,0.0983
TMUS,credit_hy_spread,VIX,low,-0.4488,0.2002,254,-0.1186,0.0983
TMUS,credit_hy_spread,Rates,high,2.0115,0.4933,63,-0.1186,0.0983
TMUS,credit_hy_spread,Rates,low,1.7075,0.4569,63,-0.1186,0.0983
TMUS,credit_hy_spread,Bull-Bear,high,-0.7359,0.1264,839,-0.1186,0.0983
TMUS,credit_hy_spread,Bull-Bear,low,-0.3078,0.1899,241,-0.1186,0.0983
TMUS,defense,VIX,high,0.0363,0.1170,312,-0.0167,0.0541
TMUS,defense,VIX,low,0.0297,0.0878,254,-0.0167,0.0541
TMUS,defense,Rates,high,-0.4345,0.1875,63,-0.0167,0.0541
TMUS,defense,Rates,low,0.1787,0.2342,63,-0.0167,0.0541
TMUS,defense,Bull-Bear,high,-0.0186,0.0594,839,-0.0167,0.0541
TMUS,defense,Bull-Bear,low,-0.0891,0.1252,241,-0.0167,0.0541
TMUS,energy_oil,VIX,high,0.0467,0.0334,312,0.0042,0.0179
TMUS,energy_oil,VIX,low,-0.0787,0.0411,254,0.0042,0.0179
TMUS,energy_oil,Rates,high,0.0751,0.0732,63,0.0042,0.0179
TMUS,energy_oil,Rates,low,0.1466,0.0863,63,0.0042,0.0179
TMUS,energy_oil,Bull-Bear,high,-0.0581,0.0261,839,0.0042,0.0179
TMUS,energy_oil,Bull-Bear,low,-0.0490,0.0299,241,0.0042,0.0179
TMUS,gold,VIX,high,-0.1217,0.1217,312,-0.0225,0.0504
TMUS,gold,VIX,low,0.0659,0.0798,254,-0.0225,0.0504
TMUS,gold,Rates,high,-0.2907,0.2043,63,-0.0225,0.0504
TMUS,gold,Rates,low,-0.0632,0.2200,63,-0.0225,0.0504
TMUS,gold,Bull-Bear,high,0.0901,0.0515,839,-0.0225,0.0504
TMUS,gold,Bull-Bear,low,-0.1208,0.1243,241,-0.0225,0.0504
TMUS,growth,VIX,high,-0.1294,0.6190,312,-0.3914,0.2889
TMUS,growth,VIX,low,-0.5147,0.5850,254,-0.3914,0.2889
TMUS,growth,Rates,high,2.0953,0.9078,63,-0.3914,0.2889
TMUS,growth,Rates,low,1.1179,1.2277,63,-0.3914,0.2889
TMUS,growth,Bull-Bear,high,-0.6955,0.3148,839,-0.3914,0.2889
TMUS,growth,Bull-Bear,low,0.3052,0.6878,241,-0.3914,0.2889
TMUS,inflation,VIX,high,0.3969,0.2949,312,0.0009,0.1491
TMUS,inflation,VIX,low,-0.3455,0.3309,254,0.0009,0.1491
TMUS,inflation,Rates,high,-1.7220,0.5290,63,0.0009,0.1491
TMUS,inflation,Rates,low,0.3587,0.5086,63,0.0009,0.1491
TMUS,inflation,Bull-Bear,high,-0.5788,0.2006,839,0.0009,0.1491
TMUS,inflation,Bull-Bear,low,-0.2666,0.2784,241,0.0009,0.1491
TMUS,lithium,VIX,high,-0.2124,0.0752,312,-0.0839,0.0291
TMUS,lithium,VIX,low,-0.0793,0.0436,254,-0.0839,0.0291
TMUS,lithium,Rates,high,-0.3377,0.1155,63,-0.0839,0.0291
TMUS,lithium,Rates,low,-0.5390,0.2086,63,-0.0839,0.0291
TMUS,lithium,Bull-Bear,high,-0.0543,0.0282,839,-0.0839,0.0291
TMUS,lithium,Bull-Bear,low,-0.1667,0.0853,241,-0.0839,0.0291
TMUS,market_beta,VIX,high,0.8806,0.0412,312,0.7460,0.0300
TMUS,market_beta,VIX,low,0.1990,0.1164,254,0.7460,0.0300
TMUS,market_beta,Rates,high,0.5970,0.0917,63,0.7460,0.0300
TMUS,market_beta,Rates,low,0.8022,0.0822,63,0.7460,0.0300
TMUS,market_beta,Bull-Bear,high,0.5990,0.0495,839,0.7460,0.0300
TMUS,market_beta,Bull-Bear,low,0.7046,0.0646,241,0.7460,0.0300
TMUS,momentum,VIX,high,0.0328,0.1726,312,0.1110,0.0704
TMUS,momentum,VIX,low,0.0882,0.1309,254,0.1110,0.0704
TMUS,momentum,Rates,high,-0.1664,0.3332,63,0.1110,0.0704
TMUS,momentum,Rates,low,0.2937,0.3674,63,0.1110,0.0704
TMUS,momentum,Bull-Bear,high,0.2282,0.0657,839,0.1110,0.0704
TMUS,momentum,Bull-Bear,low,-0.0229,0.1919,241,0.1110,0.0704
TMUS,natural_gas,VIX,high,0.0143,0.0340,312,-0.0098,0.0126
TMUS,natural_gas,VIX,low,0.0006,0.0189,254,-0.0098,0.0126
TMUS,natural_gas,Rates,high,0.0355,0.0471,63,-0.0098,0.0126
TMUS,natural_gas,Rates,low,0.0230,0.0768,63,-0.0098,0.0126
TMUS,natural_gas,Bull-Bear,high,-0.0210,0.0127,839,-0.0098,0.0126
TMUS,natural_gas,Bull-Bear,low,-0.0033,0.0297,241,-0.0098,0.0126
TMUS,quality,VIX,high,-1.2416,0.5077,312,-0.7851,0.2162
TMUS,quality,VIX,low,-0.4252,0.3551,254,-0.7851,0.2162
TMUS,quality,Rates,high,-0.9999,0.7386,63,-0.7851,0.2162
TMUS,quality,Rates,low,-0.1378,0.8581,63,-0.7851,0.2162
TMUS,quality,Bull-Bear,high,-0.5303,0.2330,839,-0.7851,0.2162
TMUS,quality,Bull-Bear,low,-0.6152,0.5364,241,-0.7851,0.2162
TMUS,rates,VIX,high,-0.3615,0.2363,312,0.0561,0.0975
TMUS,rates,VIX,low,0.2441,0.1503,254,0.0561,0.0975
TMUS,rates,Rates,high,-0.3948,0.7104,63,0.0561,0.0975
TMUS,rates,Rates,low,-1.5918,0.7321,63,0.0561,0.0975
TMUS,rates,Bull-Bear,high,0.4273,0.1139,839,0.0561,0.0975
TMUS,rates,Bull-Bear,low,0.2426,0.2005,241,0.0561,0.0975
TMUS,rates_30y,VIX,high,-0.1455,0.1008,312,0.0202,0.0436
TMUS,rates_30y,VIX,low,0.0804,0.0724,254,0.0202,0.0436
TMUS,rates_30y,Rates,high,-0.1329,0.1994,63,0.0202,0.0436
TMUS,rates_30y,Rates,low,-0.7748,0.2442,63,0.0202,0.0436
TMUS,rates_30y,Bull-Bear,high,0.1650,0.0515,839,0.0202,0.0436
TMUS,rates_30y,Bull-Bear,low,0.1416,0.0970,241,0.0202,0.0436
TMUS,semiconductors,VIX,high,-0.3793,0.1011,312,-0.1305,0.0383
TMUS,semiconductors,VIX,low,-0.1457,0.0532,254,-0.1305,0.0383
TMUS,semiconductors,Rates,high,-0.2277,0.1784,63,-0.1305,0.0383
TMUS,semiconductors,Rates,low,-0.3559,0.1594,63,-0.1305,0.0383
TMUS,semiconductors,Bull-Bear,high,-0.0529,0.0379,839,-0.1305,0.0383
TMUS,semiconductors,Bull-Bear,low,-0.1111,0.1011,241,-0.1305,0.0383
TMUS,uranium,VIX,high,-0.1321,0.0667,312,-0.0150,0.0229
TMUS,uranium,VIX,low,0.0106,0.0377,254,-0.0150,0.0229
TMUS,uranium,Rates,high,0.1431,0.0919,63,-0.0150,0.0229
TMUS,uranium,Rates,low,-0.2934,0.1191,63,-0.0150,0.0229
TMUS,uranium,Bull-Bear,high,0.0092,0.0227,839,-0.0150,0.0229
TMUS,uranium,Bull-Bear,low,-0.0093,0.0589,241,-0.0150,0.0229
TMUS,usd_strength,VIX,high,0.9136,0.2225,312,0.2784,0.1051
TMUS,usd_strength,VIX,low,-0.2248,0.1803,254,0.2784,0.1051
TMUS,usd_strength,Rates,high,0.4500,0.4172,63,0.2784,0.1051
TMUS,usd_strength,Rates,low,1.1539,0.3665,63,0.2784,0.1051
TMUS,usd_strength,Bull-Bear,high,-0.3487,0.1233,839,0.2784,0.1051
TMUS,usd_strength,Bull-Bear,low,-0.3114,0.2516,241,0.2784,0.1051
TMUS,value,VIX,high,0.2620,0.2258,312,0.1609,0.1001
TMUS,value,VIX,low,0.0969,0.1447,254,0.1609,0.1001
TMUS,value,Rates,high,0.8403,0.3727,63,0.1609,0.1001
TMUS,value,Rates,low,0.3587,0.4779,63,0.1609,0.1001
TMUS,value,Bull-Bear,high,-0.1059,0.0988,839,0.1609,0.1001
TMUS,value,Bull-Bear,low,-0.1564,0.2571,241,0.1609,0.1001
TMUS,volatility,VIX,high,0.0254,0.0179,312,-0.0117,0.0088
TMUS,volatility,VIX,low,-0.0073,0.0198,254,-0.0117,0.0088
TMUS,volatility,Rates,high,0.0088,0.0239,63,-0.0117,0.0088
TMUS,volatility,Rates,low,0.0547,0.0359,63,-0.0117,0.0088
TMUS,volatility,Bull-Bear,high,-0.0524,0.0090,839,-0.0117,0.0088
TMUS,volatility,Bull-Bear,low,0.0351,0.0267,241,-0.0117,0.0088
TMUS,xl_consumer_defensive,VIX,high,0.4857,0.1500,312,0.3391,0.0690
TMUS,xl_consumer_defensive,VIX,low,0.3642,0.1179,254,0.3391,0.0690
TMUS,xl_consumer_defensive,Rates,high,-0.0547,0.2242,63,0.3391,0.0690
TMUS,xl_consumer_defensive,Rates,low,0.4638,0.2964,63,0.3391,0.0690
TMUS,xl_consumer_defensive,Bull-Bear,high,0.2880,0.0800,839,0.3391,0.0690
TMUS,xl_consumer_defensive,Bull-Bear,low,0.0505,0.1528,241,0.3391,0.0690
TMUS,xl_financials,VIX,high,-0.1617,0.2086,312,-0.1114,0.0961
TMUS,xl_financials,VIX,low,0.1056,0.1709,254,-0.1114,0.0961
TMUS,xl_financials,Rates,high,0.2739,0.3018,63,-0.1114,0.0961
TMUS,xl_financials,Rates,low,-0.3387,0.4802,63,-0.1114,0.0961
TMUS,xl_financials,Bull-Bear,high,-0.1177,0.1043,839,-0.1114,0.0961
TMUS,xl_financials,Bull-Bear,low,-0.2530,0.2188,241,-0.1114,0.0961
TMUS,xl_healthcare,VIX,high,0.4648,0.1774,312,0.3000,0.0746
TMUS,xl_healthcare,VIX,low,0.3158,0.1154,254,0.3000,0.0746
TMUS,xl_healthcare,Rates,high,0.0936,0.2970,63,0.3000,0.0746
TMUS,xl_healthcare,Rates,low,0.7150,0.3190,63,0.3000,0.0746
TMUS,xl_healthcare,Bull-Bear,high,0.2083,0.0784,839,0.3000,0.0746
TMUS,xl_healthcare,Bull-Bear,low,0.1097,0.1786,241,0.3000,0.0746
TMUS,xl_industrials,VIX,high,-0.4861,0.2474,312,-0.3613,0.1095
TMUS,xl_industrials,VIX,low,-0.3064,0.1826,254,-0.3613,0.1095
TMUS,xl_industrials,Rates,high,-0.1664,0.4250,63,-0.3613,0.1095
TMUS,xl_industrials,Rates,low,-0.8432,0.5613,63,-0.3613,0.1095
TMUS,xl_industrials,Bull-Bear,high,-0.3211,0.1179,839,-0.3613,0.1095
TMUS,xl_industrials,Bull-Bear,low,-0.5376,0.2534,241,-0.3613,0.1095
TMUS,xl_real_estate,VIX,high,0.1202,0.1171,312,0.0461,0.0509
TMUS,xl_real_estate,VIX,low,-0.0745,0.0779,254,0.0461,0.0509
TMUS,xl_real_estate,Rates,high,0.1600,0.1829,63,0.0461,0.0509
TMUS,xl_real_estate,Rates,low,0.4791,0.1655,63,0.0461,0.0509
TMUS,xl_real_estate,Bull-Bear,high,-0.1116,0.0551,839,0.0461,0.0509
TMUS,xl_real_estate,Bull-Bear,low,0.0234,0.1168,241,0.0461,0.0509
TMUS,xl_utilities,VIX,high,0.1878,0.0960,312,0.1356,0.0441
TMUS,xl_utilities,VIX,low,0.2017,0.0728,254,0.1356,0.0441
TMUS,xl_utilities,Rates,high,0.0211,0.1226,63,0.1356,0.0441
TMUS,xl_utilities,Rates,low,0.5078,0.1770,63,0.1356,0.0441
TMUS,xl_utilities,Bull-Bear,high,0.0501,0.0506,839,0.1356,0.0441
TMUS,xl_utilities,Bull-Bear,low,0.0486,0.0986,241,0.1356,0.0441
TSLA,biotech,VIX,high,0.7022,0.2404,312,0.3606,0.1133
TSLA,biotech,VIX,low,-0.1540,0.2566,254,0.3606,0.1133
TSLA,biotech,Rates,high,-1.1224,0.6250,63,0.3606,0.1133
TSLA,biotech,Rates,low,-0.0823,0.5247,63,0.3606,0.1133
TSLA,biotech,Bull-Bear,high,0.4088,0.1322,839,0.3606,0.1133
TSLA,biotech,Bull-Bear,low,0.6428,0.2412,241,0.3606,0.1133
TSLA,china_a_shares,VIX,high,0.4349,0.1820,312,0.0900,0.0783
TSLA,china_a_shares,VIX,low,0.0555,0.1662,254,0.0900,0.0783
TSLA,china_a_shares,Rates,high,-0.5133,0.3872,63,0.0900,0.0783
TSLA,china_a_shares,Rates,low,1.0923,0.3760,63,0.0900,0.0783
TSLA,china_a_shares,Bull-Bear,high,0.1097,0.0906,839,0.0900,0.0783
TSLA,china_a_shares,Bull-Bear,low,-0.0532,0.1834,241,0.0900,0.0783
TSLA,china_exposure,VIX,high,0.2050,0.1478,312,0.0700,0.0670
TSLA,china_exposure,VIX,low,-0.0111,0.1249,254,0.0700,0.0670
TSLA,china_exposure,Rates,high,-0.5692,0.3153,63,0.0700,0.0670
TSLA,china_exposure,Rates,low,0.4587,0.3203,63,0.0700,0.0670
TSLA,china_exposure,Bull-Bear,high,-0.0126,0.0818,839,0.0700,0.0670
TSLA,china_exposure,Bull-Bear,low,0.2948,0.1245,241,0.0700,0.0670
TSLA,copper,VIX,high,0.3224,0.1859,312,0.1928,0.0852
TSLA,copper,VIX,low,0.3423,0.1764,254,0.1928,0.0852
TSLA,copper,Rates,high,-0.3295,0.3953,63,0.1928,0.0852
TSLA,copper,Rates,low,0.0979,0.3753,63,0.1928,0.0852
TSLA,copper,Bull-Bear,high,0.1814,0.1032,839,0.1928,0.0852
TSLA,copper,Bull-Bear,low,0.1005,0.1764,241,0.1928,0.0852
TSLA,credit_hy_spread,VIX,high,0.2334,0.3899,312,-0.4968,0.2404
TSLA,credit_hy_spread,VIX,low,-1.9277,0.6270,254,-0.4968,0.2404
TSLA,credit_hy_spread,Rates,high,2.9245,1.6312,63,-0.4968,0.2404
TSLA,credit_hy_spread,Rates,low,2.4584,0.9167,63,-0.4968,0.2404
TSLA,credit_hy_spread,Bull-Bear,high,-1.6681,0.3679,839,-0.4968,0.2404
TSLA,credit_hy_spread,Bull-Bear,low,0.0165,0.4127,241,-0.4968,0.2404
TSLA,defense,VIX,high,0.6333,0.2393,312,0.4360,0.1319
TSLA,defense,VIX,low,0.4853,0.2758,254,0.4360,0.1319
TSLA,defense,Rates,high,0.6154,0.5829,63,0.4360,0.1319
TSLA,defense,Rates,low,0.6039,0.4435,63,0.4360,0.1319
TSLA,defense,Bull-Bear,high,0.4632,0.1707,839,0.4360,0.1319
TSLA,defense,Bull-Bear,low,0.0643,0.2710,241,0.4360,0.1319
TSLA,energy_oil,VIX,high,0.1415,0.0688,312,-0.0006,0.0438
TSLA,energy_oil,VIX,low,-0.3004,0.1293,254,-0.0006,0.0438
TSLA,energy_oil,Rates,high,0.2947,0.2188,63,-0.0006,0.0438
TSLA,energy_oil,Rates,low,0.1191,0.1682,63,-0.0006,0.0438
TSLA,energy_oil,Bull-Bear,high,-0.1296,0.0754,839,-0.0006,0.0438
TSLA,energy_oil,Bull-Bear,low,-0.1122,0.0645,241,-0.0006,0.0438
TSLA,gold,VIX,high,0.1534,0.2521,312,0.0296,0.1233
TSLA,gold,VIX,low,-0.0410,0.2524,254,0.0296,0.1233
TSLA,gold,Rates,high,-1.0647,0.6095,63,0.0296,0.1233
TSLA,gold,Rates,low,0.2934,0.4196,63,0.0296,0.1233
TSLA,gold,Bull-Bear,high,0.1466,0.1489,839,0.0296,0.1233
TSLA,gold,Bull-Bear,low,-0.3901,0.2680,241,0.0296,0.1233
TSLA,growth,VIX,high,5.2082,1.2462,312,5.9854,0.6870
TSLA,growth,VIX,low,0.9323,1.8501,254,5.9854,0.6870
TSLA,growth,Rates,high,5.0812,2.7718,63,5.9854,0.6870
TSLA,growth,Rates,low,9.2659,2.0461,63,5.9854,0.6870
TSLA,growth,Bull-Bear,high,6.2896,0.8857,839,5.9854,0.6870
TSLA,growth,Bull-Bear,low,7.2144,1.4123,241,5.9854,0.6870
TSLA,inflation,VIX,high,1.6233,0.6049,312,0.4068,0.3647
TSLA,inflation,VIX,low,-1.7904,1.0417,254,0.4068,0.3647
TSLA,inflation,Rates,high,-1.5458,1.7123,63,0.4068,0.3647
TSLA,inflation,Rates,low,2.5503,0.9210,63,0.4068,0.3647
TSLA,inflation,Bull-Bear,high,-0.3318,0.5820,839,0.4068,0.3647
TSLA,inflation,Bull-Bear,low,-0.7457,0.6011,241,0.4068,0.3647
TSLA,lithium,VIX,high,0.6185,0.1536,312,0.5452,0.0699
TSLA,lithium,VIX,low,0.7204,0.1309,254,0.5452,0.0699
TSLA,lithium,Rates,high,-0.3163,0.3686,63,0.5452,0.0699
TSLA,lithium,Rates,low,0.1908,0.4198,63,0.5452,0.0699
TSLA,lithium,Bull-Bear,high,0.5092,0.0796,839,0.5452,0.0699
TSLA,lithium,Bull-Bear,low,0.3746,0.1844,241,0.5452,0.0699
TSLA,market_beta,VIX,high,1.4466,0.1060,312,1.6258,0.0771
TSLA,market_beta,VIX,low,2.1049,0.3452,254,1.6258,0.0771
TSLA,market_beta,Rates,high,1.6766,0.2877,63,1.6258,0.0771
TSLA,market_beta,Rates,low,1.2879,0.1902,63,1.6258,0.0771
TSLA,market_beta,Bull-Bear,high,2.0462,0.1379,839,1.6258,0.0771
TSLA,market_beta,Bull-Bear,low,1.6636,0.1327,241,1.6258,0.0771
TSLA,momentum,VIX,high,1.4830,0.3471,312,1.1399,0.1695
TSLA,momentum,VIX,low,0.4345,0.4131,254,1.1399,0.1695
TSLA,momentum,Rates,high,-0.3493,1.0032,63,1.1399,0.1695
TSLA,momentum,Rates,low,-0.5302,0.7035,63,1.1399,0.1695
TSLA,momentum,Bull-Bear,high,1.4715,0.1843,839,1.1399,0.1695
TSLA,momentum,Bull-Bear,low,0.6745,0.4125,241,1.1399,0.1695
TSLA,natural_gas,VIX,high,0.0940,0.0703,312,0.0554,0.0309
TSLA,natural_gas,VIX,low,-0.0273,0.0596,254,0.0554,0.0309
TSLA,natural_gas,Rates,high,0.0732,0.1419,63,0.0554,0.0309
TSLA,natural_gas,Rates,low,0.0380,0.1469,63,0.0554,0.0309
TSLA,natural_gas,Bull-Bear,high,0.0744,0.0366,839,0.0554,0.0309
TSLA,natural_gas,Bull-Bear,low,-0.0141,0.0642,241,0.0554,0.0309
TSLA,quality,VIX,high,-3.3888,1.0429,312,-3.8383,0.5208
TSLA,quality,VIX,low,-5.0376,1.0795,254,-3.8383,0.5208
TSLA,quality,Rates,high,-8.0378,2.0061,63,-3.8383,0.5208
TSLA,quality,Rates,low,-3.4527,1.5818,63,-3.8383,0.5208
TSLA,quality,Bull-Bear,high,-5.3690,0.6489,839,-3.8383,0.5208
TSLA,quality,Bull-Bear,low,0.0182,1.1627,241,-3.8383,0.5208
TSLA,rates,VIX,high,-0.4098,0.4903,312,0.3522,0.2385
TSLA,rates,VIX,low,0.6995,0.4753,254,0.3522,0.2385
TSLA,rates,Rates,high,3.5279,2.0939,63,0.3522,0.2385
TSLA,rates,Rates,low,-1.1690,1.4465,63,0.3522,0.2385
TSLA,rates,Bull-Bear,high,0.6132,0.3310,839,0.3522,0.2385
TSLA,rates,Bull-Bear,low,0.3255,0.4343,241,0.3522,0.2385
TSLA,rates_30y,VIX,high,-0.1187,0.2092,312,0.2537,0.1064
TSLA,rates_30y,VIX,low,0.4235,0.2278,254,0.2537,0.1064
TSLA,rates_30y,Rates,high,1.2437,0.5805,63,0.2537,0.1064
TSLA,rates_30y,Rates,low,-0.5116,0.5001,63,0.2537,0.1064
TSLA,rates_30y,Bull-Bear,high,0.3732,0.1492,839,0.2537,0.1064
TSLA,rates_30y,Bull-Bear,low,0.1192,0.2105,241,0.2537,0.1064
TSLA,semiconductors,VIX,high,-0.0597,0.2138,312,0.4048,0.0934
TSLA,semiconductors,VIX,low,0.3527,0.1692,254,0.4048,0.0934
TSLA,semiconductors,Rates,high,0.1985,0.5431,63,0.4048,0.0934
TSLA,semiconductors,Rates,low,-0.0145,0.3172,63,0.4048,0.0934
TSLA,semiconductors,Bull-Bear,high,0.6347,0.1072,839,0.4048,0.0934
TSLA,semiconductors,Bull-Bear,low,0.6339,0.2153,241,0.4048,0.0934
TSLA,uranium,VIX,high,0.3722,0.1373,312,0.1899,0.0558
TSLA,uranium,VIX,low,0.1029,0.1189,254,0.1899,0.0558
TSLA,uranium,Rates,high,0.2695,0.2798,63,0.1899,0.0558
TSLA,uranium,Rates,low,0.1827,0.2379,63,0.1899,0.0558
TSLA,uranium,Bull-Bear,high,0.1549,0.0652,839,0.1899,0.0558
TSLA,uranium,Bull-Bear,low,0.3149,0.1257,241,0.1899,0.0558
TSLA,usd_strength,VIX,high,-0.0966,0.4727,312,-0.6291,0.2574
TSLA,usd_strength,VIX,low,-1.1813,0.5665,254,-0.6291,0.2574
TSLA,usd_strength,Rates,high,0.9061,1.2614,63,-0.6291,0.2574
TSLA,usd_strength,Rates,low,1.6092,0.7276,63,-0.6291,0.2574
TSLA,usd_strength,Bull-Bear,high,-1.2428,0.3553,839,-0.6291,0.2574
TSLA,usd_strength,Bull-Bear,low,-1.6420,0.5352,241,-0.6291,0.2574
TSLA,value,VIX,high,-0.6913,0.4664,312,-2.0590,0.2382
TSLA,value,VIX,low,-1.5500,0.4469,254,-2.0590,0.2382
TSLA,value,Rates,high,0.6229,1.1640,63,-2.0590,0.2382
TSLA,value,Rates,low,0.3940,0.9173,63,-2.0590,0.2382
TSLA,value,Bull-Bear,high,-2.5957,0.2712,839,-2.0590,0.2382
TSLA,value,Bull-Bear,low,-3.2489,0.5150,241,-2.0590,0.2382
TSLA,volatility,VIX,high,0.0492,0.0371,312,-0.0349,0.0214
TSLA,volatility,VIX,low,0.0009,0.0626,254,-0.0349,0.0214
TSLA,volatility,Rates,high,-0.1214,0.0702,63,-0.0349,0.0214
TSLA,volatility,Rates,low,0.0447,0.0697,63,-0.0349,0.0214
TSLA,volatility,Bull-Bear,high,-0.1070,0.0263,839,-0.0349,0.0214
TSLA,volatility,Bull-Bear,low,0.1196,0.0574,241,-0.0349,0.0214
TSLA,xl_consumer_defensive,VIX,high,-0.6215,0.3136,312,-1.3085,0.1664
TSLA,xl_consumer_defensive,VIX,low,-0.6586,0.3773,254,-1.3085,0.1664
TSLA,xl_consumer_defensive,Rates,high,-2.1198,0.6177,63,-1.3085,0.1664
TSLA,xl_consumer_defensive,Rates,low,-1.0168,0.5636,63,-1.3085,0.1664
TSLA,xl_consumer_defensive,Bull-Bear,high,-1.6750,0.2257,839,-1.3085,0.1664
TSLA,xl_consumer_defensive,Bull-Bear,low,-1.4209,0.3173,241,-1.3085,0.1664
TSLA,xl_financials,VIX,high,0.2051,0.4318,312,0.5112,0.2349
TSLA,xl_financials,VIX,low,1.0983,0.5359,254,0.5112,0.2349
TSLA,xl_financials,Rates,high,3.0673,0.8250,63,0.5112,0.2349
TSLA,xl_financials,Rates,low,0.3084,0.9217,63,0.5112,0.2349
TSLA,xl_financials,Bull-Bear,high,0.2434,0.3015,839,0.5112,0.2349
TSLA,xl_financials,Bull-Bear,low,0.2644,0.4740,241,0.5112,0.2349
TSLA,xl_healthcare,VIX,high,-0.4794,0.3701,312,-1.3227,0.1800
TSLA,xl_healthcare,VIX,low,-1.2651,0.3614,254,-1.3227,0.1800
TSLA,xl_healthcare,Rates,high,-3.1427,0.7981,63,-1.3227,0.1800
TSLA,xl_healthcare,Rates,low,-0.1259,0.6348,63,-1.3227,0.1800
TSLA,xl_healthcare,Bull-Bear,high,-1.4709,0.2216,839,-1.3227,0.1800
TSLA,xl_healthcare,Bull-Bear,low,-1.4766,0.3743,241,-1.3227,0.1800
TSLA,xl_industrials,VIX,high,0.0899,0.5150,312,-0.1747,0.2691
TSLA,xl_industrials,VIX,low,-0.0256,0.5801,254,-0.1747,0.2691
TSLA,xl_industrials,Rates,high,-0.0192,1.2797,63,-0.1747,0.2691
TSLA,xl_industrials,Rates,low,-0.8094,1.0887,63,-0.1747,0.2691
TSLA,xl_industrials,Bull-Bear,high,-0.3582,0.3417,839,-0.1747,0.2691
TSLA,xl_industrials,Bull-Bear,low,-0.3499,0.5525,241,-0.1747,0.2691
TSLA,xl_real_estate,VIX,high,-0.2542,0.2422,312,-0.5127,0.1236
TSLA,xl_real_estate,VIX,low,-0.3956,0.2452,254,-0.5127,0.1236
TSLA,xl_real_estate,Rates,high,-1.2754,0.5288,63,-0.5127,0.1236
TSLA,xl_real_estate,Rates,low,1.0766,0.3084,63,-0.5127,0.1236
TSLA,xl_real_estate,Bull-Bear,high,-0.8888,0.1567,839,-0.5127,0.1236
TSLA,xl_real_estate,Bull-Bear,low,-0.6844,0.2485,241,-0.5127,0.1236
TSLA,xl_utilities,VIX,high,-0.4117,0.1984,312,-0.7434,0.1063
TSLA,xl_utilities,VIX,low,-0.6060,0.2302,254,-0.7434,0.1063
TSLA,xl_utilities,Rates,high,-0.8737,0.3514,63,-0.7434,0.1063
TSLA,xl_utilities,Rates,low,0.4014,0.3572,63,-0.7434,0.1063
TSLA,xl_utilities,Bull-Bear,high,-1.0959,0.1414,839,-0.7434,0.1063
TSLA,xl_utilities,Bull-Bear,low,-0.8102,0.2067,241,-0.7434,0.1063
TTWO,biotech,VIX,high,0.5467,0.1291,312,0.2341,0.0584
TTWO,biotech,VIX,low,0.0769,0.1070,254,0.2341,0.0584
TTWO,biotech,Rates,high,-0.2982,0.3119,63,0.2341,0.0584
TTWO,biotech,Rates,low,0.6932,0.3109,63,0.2341,0.0584
TTWO,biotech,Bull-Bear,high,0.1932,0.0630,839,0.2341,0.0584
TTWO,biotech,Bull-Bear,low,0.3842,0.1399,241,0.2341,0.0584
TTWO,china_a_shares,VIX,high,0.2412,0.0991,312,0.0885,0.0404
TTWO,china_a_shares,VIX,low,0.0586,0.0693,254,0.0885,0.0404
TTWO,china_a_shares,Rates,high,0.3867,0.1860,63,0.0885,0.0404
TTWO,china_a_shares,Rates,low,0.8691,0.2207,63,0.0885,0.0404
TTWO,china_a_shares,Bull-Bear,high,0.0536,0.0432,839,0.0885,0.0404
TTWO,china_a_shares,Bull-Bear,low,-0.0221,0.1065,241,0.0885,0.0404
TTWO,china_exposure,VIX,high,0.1033,0.0806,312,0.0781,0.0346
TTWO,china_exposure,VIX,low,-0.0019,0.0521,254,0.0781,0.0346
TTWO,china_exposure,Rates,high,0.1380,0.1576,63,0.0781,0.0346
TTWO,china_exposure,Rates,low,0.4527,0.1921,63,0.0781,0.0346
TTWO,china_exposure,Bull-Bear,high,0.0393,0.0389,839,0.0781,0.0346
TTWO,china_exposure,Bull-Bear,low,0.1469,0.0725,241,0.0781,0.0346
TTWO,copper,VIX,high,-0.1463,0.1014,312,-0.0368,0.0441
TTWO,copper,VIX,low,0.0138,0.0741,254,-0.0368,0.0441
TTWO,copper,Rates,high,0.0386,0.1947,63,-0.0368,0.0441
TTWO,copper,Rates,low,0.0048,0.2314,63,-0.0368,0.0441
TTWO,copper,Bull-Bear,high,0.0106,0.0492,839,-0.0368,0.0441
TTWO,copper,Bull-Bear,low,-0.0649,0.1024,241,-0.0368,0.0441
TTWO,credit_hy_spread,VIX,high,-0.1252,0.2124,312,-0.3924,0.1240
TTWO,credit_hy_spread,VIX,low,-0.8693,0.2608,254,-0.3924,0.1240
TTWO,credit_hy_spread,Rates,high,2.4164,0.7595,63,-0.3924,0.1240
TTWO,credit_hy_spread,Rates,low,1.0499,0.5818,63,-0.3924,0.1240
TTWO,credit_hy_spread,Bull-Bear,high,-1.1047,0.1732,839,-0.3924,0.1240
TTWO,credit_hy_spread,Bull-Bear,low,-0.3349,0.2386,241,-0.3924,0.1240
TTWO,defense,VIX,high,-0.1752,0.1315,312,-0.1651,0.0683
TTWO,defense,VIX,low,-0.0673,0.1157,254,-0.1651,0.0683
TTWO,defense,Rates,high,-0.4615,0.2821,63,-0.1651,0.0683
TTWO,defense,Rates,low,0.0298,0.2773,63,-0.1651,0.0683
TTWO,defense,Bull-Bear,high,-0.1575,0.0815,839,-0.1651,0.0683
TTWO,defense,Bull-Bear,low,-0.3359,0.1558,241,-0.1651,0.0683
TTWO,energy_oil,VIX,high,-0.0191,0.0377,312,-0.0337,0.0226
TTWO,energy_oil,VIX,low,-0.1623,0.0535,254,-0.0337,0.0226
TTWO,energy_oil,Rates,high,0.1459,0.1072,63,-0.0337,0.0226
TTWO,energy_oil,Rates,low,0.0385,0.1040,63,-0.0337,0.0226
TTWO,energy_oil,Bull-Bear,high,-0.0990,0.0358,839,-0.0337,0.0226
TTWO,energy_oil,Bull-Bear,low,-0.0337,0.0376,241,-0.0337,0.0226
TTWO,gold,VIX,high,0.2790,0.1365,312,0.2066,0.0635
TTWO,gold,VIX,low,0.2143,0.1044,254,0.2066,0.0635
TTWO,gold,Rates,high,0.1827,0.3051,63,0.2066,0.0635
TTWO,gold,Rates,low,0.3972,0.2546,63,0.2066,0.0635
TTWO,gold,Bull-Bear,high,0.3068,0.0702,839,0.2066,0.0635
TTWO,gold,Bull-Bear,low,-0.0703,0.1562,241,0.2066,0.0635
TTWO,growth,VIX,high,1.7500,0.6907,312,2.0565,0.3611
TTWO,growth,VIX,low,0.3432,0.7720,254,2.0565,0.3611
TTWO,growth,Rates,high,6.4782,1.1217,63,2.0565,0.3611
TTWO,growth,Rates,low,-0.0226,1.4572,63,2.0565,0.3611
TTWO,growth,Bull-Bear,high,2.6542,0.4245,839,2.0565,0.3611
TTWO,growth,Bull-Bear,low,1.7255,0.8561,241,2.0565,0.3611
TTWO,inflation,VIX,high,-0.0279,0.3333,312,-0.3102,0.1884
TTWO,inflation,VIX,low,-1.5017,0.4268,254,-0.3102,0.1884
TTWO,inflation,Rates,high,-2.3648,0.7885,63,-0.3102,0.1884
TTWO,inflation,Rates,low,0.2121,0.6014,63,-0.3102,0.1884
TTWO,inflation,Bull-Bear,high,-0.8249,0.2758,839,-0.3102,0.1884
TTWO,inflation,Bull-Bear,low,-0.1191,0.3499,241,-0.3102,0.1884
TTWO,lithium,VIX,high,-0.1428,0.0855,312,-0.0084,0.0370
TTWO,lithium,VIX,low,0.0267,0.0578,254,-0.0084,0.0370
TTWO,lithium,Rates,high,-0.0958,0.1813,63,-0.0084,0.0370
TTWO,lithium,Rates,low,-0.1769,0.2581,63,-0.0084,0.0370
TTWO,lithium,Bull-Bear,high,0.0489,0.0388,839,-0.0084,0.0370
TTWO,lithium,Bull-Bear,low,-0.1015,0.1077,241,-0.0084,0.0370
TTWO,market_beta,VIX,high,0.6748,0.0622,312,0.7541,0.0412
TTWO,market_beta,VIX,low,0.7722,0.1464,254,0.7541,0.0412
TTWO,market_beta,Rates,high,0.9483,0.1273,63,0.7541,0.0412
TTWO,market_beta,Rates,low,0.7326,0.1235,63,0.7541,0.0412
TTWO,market_beta,Bull-Bear,high,0.8254,0.0681,839,0.7541,0.0412
TTWO,market_beta,Bull-Bear,low,0.7722,0.0857,241,0.7541,0.0412
TTWO,momentum,VIX,high,0.9295,0.1873,312,0.4097,0.0884
TTWO,momentum,VIX,low,0.1995,0.1723,254,0.4097,0.0884
TTWO,momentum,Rates,high,0.0708,0.4920,63,0.4097,0.0884
TTWO,momentum,Rates,low,-0.3556,0.4331,63,0.4097,0.0884
TTWO,momentum,Bull-Bear,high,0.5155,0.0893,839,0.4097,0.0884
TTWO,momentum,Bull-Bear,low,0.2138,0.2404,241,0.4097,0.0884
TTWO,natural_gas,VIX,high,0.0543,0.0383,312,0.0281,0.0160
TTWO,natural_gas,VIX,low,0.0175,0.0248,254,0.0281,0.0160
TTWO,natural_gas,Rates,high,0.0275,0.0696,63,0.0281,0.0160
TTWO,natural_gas,Rates,low,0.0987,0.0897,63,0.0281,0.0160
TTWO,natural_gas,Bull-Bear,high,0.0293,0.0174,839,0.0281,0.0160
TTWO,natural_gas,Bull-Bear,low,0.0460,0.0371,241,0.0281,0.0160
TTWO,quality,VIX,high,-2.4655,0.5605,312,-0.4820,0.2746
TTWO,quality,VIX,low,0.2548,0.4691,254,-0.4820,0.2746
TTWO,quality,Rates,high,-2.9766,1.0369,63,-0.4820,0.2746
TTWO,quality,Rates,low,-1.1800,1.0006,63,-0.4820,0.2746
TTWO,quality,Bull-Bear,high,-0.3126,0.3213,839,-0.4820,0.2746
TTWO,quality,Bull-Bear,low,0.6110,0.6737,241,-0.4820,0.2746
TTWO,rates,VIX,high,0.1650,0.2672,312,0.2944,0.1231
TTWO,rates,VIX,low,0.6270,0.1952,254,0.2944,0.1231
TTWO,rates,Rates,high,-0.4353,1.0481,63,0.2944,0.1231
TTWO,rates,Rates,low,-0.8768,0.8889,63,0.2944,0.1231
TTWO,rates,Bull-Bear,high,0.6173,0.1565,839,0.2944,0.1231
TTWO,rates,Bull-Bear,low,0.4056,0.2510,241,0.2944,0.1231
TTWO,rates_30y,VIX,high,0.1003,0.1139,312,0.1642,0.0549
TTWO,rates_30y,VIX,low,0.2898,0.0939,254,0.1642,0.0549
TTWO,rates_30y,Rates,high,0.1490,0.2943,63,0.1642,0.0549
TTWO,rates_30y,Rates,low,-0.2692,0.3089,63,0.1642,0.0549
TTWO,rates_30y,Bull-Bear,high,0.3056,0.0705,839,0.1642,0.0549
TTWO,rates_30y,Bull-Bear,low,0.2033,0.1215,241,0.1642,0.0549
TTWO,semiconductors,VIX,high,0.0835,0.1164,312,0.1772,0.0484
TTWO,semiconductors,VIX,low,0.0102,0.0712,254,0.1772,0.0484
TTWO,semiconductors,Rates,high,0.1280,0.2659,63,0.1772,0.0484
TTWO,semiconductors,Rates,low,0.2090,0.1936,63,0.1772,0.0484
TTWO,semiconductors,Bull-Bear,high,0.2531,0.0514,839,0.1772,0.0484
TTWO,semiconductors,Bull-Bear,low,0.2067,0.1265,241,0.1772,0.0484
TTWO,uranium,VIX,high,0.0114,0.0757,312,0.0701,0.0289
TTWO,uranium,VIX,low,0.1018,0.0493,254,0.0701,0.0289
TTWO,uranium,Rates,high,0.3990,0.1284,63,0.0701,0.0289
TTWO,uranium,Rates,low,-0.1552,0.1459,63,0.0701,0.0289
TTWO,uranium,Bull-Bear,high,0.0888,0.0310,839,0.0701,0.0289
TTWO,uranium,Bull-Bear,low,0.1378,0.0734,241,0.0701,0.0289
TTWO,usd_strength,VIX,high,0.2459,0.2572,312,-0.1430,0.1333
TTWO,usd_strength,VIX,low,-0.4566,0.2366,254,-0.1430,0.1333
TTWO,usd_strength,Rates,high,0.7271,0.6136,63,-0.1430,0.1333
TTWO,usd_strength,Rates,low,0.3698,0.4635,63,-0.1430,0.1333
TTWO,usd_strength,Bull-Bear,high,-0.5465,0.1694,839,-0.1430,0.1333
TTWO,usd_strength,Bull-Bear,low,-0.7978,0.3125,241,-0.1430,0.1333
TTWO,value,VIX,high,-0.8673,0.2502,312,-0.9032,0.1242
TTWO,value,VIX,low,-0.1309,0.1907,254,-0.9032,0.1242
TTWO,value,Rates,high,1.1876,0.5511,63,-0.9032,0.1242
TTWO,value,Rates,low,-0.7263,0.5583,63,-0.9032,0.1242
TTWO,value,Bull-Bear,high,-1.1117,0.1305,839,-0.9032,0.1242
TTWO,value,Bull-Bear,low,-1.4119,0.3097,241,-0.9032,0.1242
TTWO,volatility,VIX,high,0.0247,0.0202,312,-0.0145,0.0111
TTWO,volatility,VIX,low,-0.0419,0.0260,254,-0.0145,0.0111
TTWO,volatility,Rates,high,0.0289,0.0350,63,-0.0145,0.0111
TTWO,volatility,Rates,low,0.0410,0.0428,63,-0.0145,0.0111
TTWO,volatility,Bull-Bear,high,-0.0550,0.0125,839,-0.0145,0.0111
TTWO,volatility,Bull-Bear,low,0.0375,0.0336,241,-0.0145,0.0111
TTWO,xl_consumer_defensive,VIX,high,0.3352,0.1709,312,-0.1371,0.0880
TTWO,xl_consumer_defensive,VIX,low,-0.2085,0.1578,254,-0.1371,0.0880
TTWO,xl_consumer_defensive,Rates,high,-0.0216,0.3306,63,-0.1371,0.0880
TTWO,xl_consumer_defensive,Rates,low,-0.0822,0.3563,63,-0.1371,0.0880
TTWO,xl_consumer_defensive,Bull-Bear,high,-0.3830,0.1102,839,-0.1371,0.0880
TTWO,xl_consumer_defensive,Bull-Bear,low,-0.6009,0.1878,241,-0.1371,0.0880
TTWO,xl_financials,VIX,high,-0.7151,0.2318,312,-0.4552,0.1210
TTWO,xl_financials,VIX,low,0.0745,0.2254,254,-0.4552,0.1210
TTWO,xl_financials,Rates,high,-0.5701,0.4417,63,-0.4552,0.1210
TTWO,xl_financials,Rates,low,-0.7478,0.5603,63,-0.4552,0.1210
TTWO,xl_financials,Bull-Bear,high,-0.5808,0.1422,839,-0.4552,0.1210
TTWO,xl_financials,Bull-Bear,low,0.0303,0.2753,241,-0.4552,0.1210
TTWO,xl_healthcare,VIX,high,0.2939,0.2015,312,-0.1997,0.0949
TTWO,xl_healthcare,VIX,low,-0.1783,0.1540,254,-0.1997,0.0949
TTWO,xl_healthcare,Rates,high,-0.6461,0.4301,63,-0.1997,0.0949
TTWO,xl_healthcare,Rates,low,-0.0363,0.3912,63,-0.1997,0.0949
TTWO,xl_healthcare,Bull-Bear,high,-0.3226,0.1077,839,-0.1997,0.0949
TTWO,xl_healthcare,Bull-Bear,low,-0.4086,0.2227,241,-0.1997,0.0949
TTWO,xl_industrials,VIX,high,-0.8168,0.2767,312,-0.3691,0.1388
TTWO,xl_industrials,VIX,low,0.4113,0.2406,254,-0.3691,0.1388
TTWO,xl_industrials,Rates,high,-1.3222,0.6038,63,-0.3691,0.1388
TTWO,xl_industrials,Rates,low,-0.9418,0.6630,63,-0.3691,0.1388
TTWO,xl_industrials,Bull-Bear,high,-0.1225,0.1628,839,-0.3691,0.1388
TTWO,xl_industrials,Bull-Bear,low,-0.9242,0.3153,241,-0.3691,0.1388
TTWO,xl_real_estate,VIX,high,-0.2060,0.1317,312,-0.2076,0.0641
TTWO,xl_real_estate,VIX,low,-0.0391,0.1028,254,-0.2076,0.0641
TTWO,xl_real_estate,Rates,high,0.1086,0.2708,63,-0.2076,0.0641
TTWO,xl_real_estate,Rates,low,0.4067,0.2015,63,-0.2076,0.0641
TTWO,xl_real_estate,Bull-Bear,high,-0.3346,0.0751,839,-0.2076,0.0641
TTWO,xl_real_estate,Bull-Bear,low,-0.2410,0.1457,241,-0.2076,0.0641
TTWO,xl_utilities,VIX,high,0.0636,0.1088,312,-0.1528,0.0558
TTWO,xl_utilities,VIX,low,-0.1776,0.0967,254,-0.1528,0.0558
TTWO,xl_utilities,Rates,high,0.1308,0.1799,63,-0.1528,0.0558
TTWO,xl_utilities,Rates,low,0.2433,0.2202,63,-0.1528,0.0558
TTWO,xl_utilities,Bull-Bear,high,-0.3547,0.0686,839,-0.1528,0.0558
TTWO,xl_utilities,Bull-Bear,low,-0.2955,0.1223,241,-0.1528,0.0558
UNH,biotech,VIX,high,0.0794,0.1329,312,0.0439,0.0509
UNH,biotech,VIX,low,0.4335,0.1242,254,0.0439,0.0509
UNH,biotech,Rates,high,-0.0313,0.2906,63,0.0439,0.0509
UNH,biotech,Rates,low,0.2591,0.3955,63,0.0439,0.0509
UNH,biotech,Bull-Bear,high,0.0530,0.0515,839,0.0439,0.0509
UNH,biotech,Bull-Bear,low,0.0374,0.1041,241,0.0439,0.0509
UNH,china_a_shares,VIX,high,0.0965,0.1001,312,0.0414,0.0350
UNH,china_a_shares,VIX,low,-0.0308,0.0824,254,0.0414,0.0350
UNH,china_a_shares,Rates,high,-0.0786,0.1777,63,0.0414,0.0350
UNH,china_a_shares,Rates,low,0.7380,0.2884,63,0.0414,0.0350
UNH,china_a_shares,Bull-Bear,high,0.0558,0.0351,839,0.0414,0.0350
UNH,china_a_shares,Bull-Bear,low,-0.1674,0.0773,241,0.0414,0.0350
UNH,china_exposure,VIX,high,-0.0901,0.0808,312,-0.0449,0.0300
UNH,china_exposure,VIX,low,-0.0456,0.0618,254,-0.0449,0.0300
UNH,china_exposure,Rates,high,-0.1918,0.1446,63,-0.0449,0.0300
UNH,china_exposure,Rates,low,-0.2081,0.2449,63,-0.0449,0.0300
UNH,china_exposure,Bull-Bear,high,-0.0027,0.0317,839,-0.0449,0.0300
UNH,china_exposure,Bull-Bear,low,-0.0964,0.0532,241,-0.0449,0.0300
UNH,copper,VIX,high,-0.1296,0.1017,312,-0.0356,0.0382
UNH,copper,VIX,low,-0.0033,0.0880,254,-0.0356,0.0382
UNH,copper,Rates,high,-0.0162,0.1801,63,-0.0356,0.0382
UNH,copper,Rates,low,0.0477,0.2840,63,-0.0356,0.0382
UNH,copper,Bull-Bear,high,0.0226,0.0401,839,-0.0356,0.0382
UNH,copper,Bull-Bear,low,-0.1229,0.0747,241,-0.0356,0.0382
UNH,credit_hy_spread,VIX,high,0.6298,0.2099,312,0.2355,0.1076
UNH,credit_hy_spread,VIX,low,-0.4783,0.3150,254,0.2355,0.1076
UNH,credit_hy_spread,Rates,high,2.6502,0.6782,63,0.2355,0.1076
UNH,credit_hy_spread,Rates,low,2.6658,0.6487,63,0.2355,0.1076
UNH,credit_hy_spread,Bull-Bear,high,-0.4259,0.1436,839,0.2355,0.1076
UNH,credit_hy_spread,Bull-Bear,low,-0.2292,0.1749,241,0.2355,0.1076
UNH,defense,VIX,high,0.0582,0.1320,312,-0.0528,0.0593
UNH,defense,VIX,low,-0.0891,0.1374,254,-0.0528,0.0593
UNH,defense,Rates,high,-0.2548,0.2645,63,-0.0528,0.0593
UNH,defense,Rates,low,0.4262,0.3361,63,-0.0528,0.0593
UNH,defense,Bull-Bear,high,-0.0974,0.0664,839,-0.0528,0.0593
UNH,defense,Bull-Bear,low,-0.2214,0.1143,241,-0.0528,0.0593
UNH,energy_oil,VIX,high,0.0234,0.0378,312,0.0120,0.0196
UNH,energy_oil,VIX,low,-0.1047,0.0644,254,0.0120,0.0196
UNH,energy_oil,Rates,high,0.1026,0.0997,63,0.0120,0.0196
UNH,energy_oil,Rates,low,0.1875,0.1255,63,0.0120,0.0196
UNH,energy_oil,Bull-Bear,high,0.0207,0.0293,839,0.0120,0.0196
UNH,energy_oil,Bull-Bear,low,-0.0373,0.0275,241,0.0120,0.0196
UNH,gold,VIX,high,-0.1449,0.1374,312,-0.0403,0.0552
UNH,gold,VIX,low,-0.0528,0.1250,254,-0.0403,0.0552
UNH,gold,Rates,high,-0.0047,0.2830,63,-0.0403,0.0552
UNH,gold,Rates,low,-0.5468,0.3109,63,-0.0403,0.0552
UNH,gold,Bull-Bear,high,-0.0052,0.0578,839,-0.0403,0.0552
UNH,gold,Bull-Bear,low,-0.0749,0.1143,241,-0.0403,0.0552
UNH,growth,VIX,high,0.4139,0.6986,312,-0.8947,0.3157
UNH,growth,VIX,low,0.2710,0.9169,254,-0.8947,0.3157
UNH,growth,Rates,high,6.1264,1.0242,63,-0.8947,0.3157
UNH,growth,Rates,low,4.7595,1.6819,63,-0.8947,0.3157
UNH,growth,Bull-Bear,high,-1.6566,0.3488,839,-0.8947,0.3157
UNH,growth,Bull-Bear,low,-2.2171,0.6160,241,-0.8947,0.3157
UNH,inflation,VIX,high,-0.0547,0.3339,312,0.0349,0.1633
UNH,inflation,VIX,low,-0.7421,0.5170,254,0.0349,0.1633
UNH,inflation,Rates,high,-1.4534,0.7586,63,0.0349,0.1633
UNH,inflation,Rates,low,0.6665,0.7341,63,0.0349,0.1633
UNH,inflation,Bull-Bear,high,0.0014,0.2256,839,0.0349,0.1633
UNH,inflation,Bull-Bear,low,-0.6151,0.2533,241,0.0349,0.1633
UNH,lithium,VIX,high,-0.1341,0.0857,312,-0.0586,0.0320
UNH,lithium,VIX,low,-0.0210,0.0686,254,-0.0586,0.0320
UNH,lithium,Rates,high,-0.4217,0.1591,63,-0.0586,0.0320
UNH,lithium,Rates,low,-0.7123,0.3047,63,-0.0586,0.0320
UNH,lithium,Bull-Bear,high,-0.0150,0.0316,839,-0.0586,0.0320
UNH,lithium,Bull-Bear,low,-0.1446,0.0785,241,-0.0586,0.0320
UNH,market_beta,VIX,high,1.0122,0.0453,312,0.8263,0.0327
UNH,market_beta,VIX,low,0.1684,0.1829,254,0.8263,0.0327
UNH,market_beta,Rates,high,0.8556,0.1202,63,0.8263,0.0327
UNH,market_beta,Rates,low,1.0430,0.1357,63,0.8263,0.0327
UNH,market_beta,Bull-Bear,high,0.5370,0.0571,839,0.8263,0.0327
UNH,market_beta,Bull-Bear,low,0.6429,0.0596,241,0.8263,0.0327
UNH,momentum,VIX,high,0.2724,0.1943,312,-0.0222,0.0772
UNH,momentum,VIX,low,-0.6225,0.2013,254,-0.0222,0.0772
UNH,momentum,Rates,high,0.4228,0.4518,63,-0.0222,0.0772
UNH,momentum,Rates,low,1.1387,0.5143,63,-0.0222,0.0772
UNH,momentum,Bull-Bear,high,-0.1318,0.0740,839,-0.0222,0.0772
UNH,momentum,Bull-Bear,low,0.2990,0.1753,241,-0.0222,0.0772
UNH,natural_gas,VIX,high,-0.0277,0.0384,312,-0.0077,0.0138
UNH,natural_gas,VIX,low,0.0106,0.0295,254,-0.0077,0.0138
UNH,natural_gas,Rates,high,0.0164,0.0644,63,-0.0077,0.0138
UNH,natural_gas,Rates,low,0.0141,0.1112,63,-0.0077,0.0138
UNH,natural_gas,Bull-Bear,high,-0.0149,0.0142,839,-0.0077,0.0138
UNH,natural_gas,Bull-Bear,low,0.0071,0.0273,241,-0.0077,0.0138
UNH,quality,VIX,high,-0.7593,0.5771,312,-0.1428,0.2381
UNH,quality,VIX,low,-0.0095,0.5574,254,-0.1428,0.2381
UNH,quality,Rates,high,-3.3540,0.9270,63,-0.1428,0.2381
UNH,quality,Rates,low,-0.0326,1.2422,63,-0.1428,0.2381
UNH,quality,Bull-Bear,high,0.4041,0.2612,839,-0.1428,0.2381
UNH,quality,Bull-Bear,low,-0.9349,0.4907,241,-0.1428,0.2381
UNH,rates,VIX,high,-0.6772,0.2651,312,-0.2528,0.1066
UNH,rates,VIX,low,0.1130,0.2364,254,-0.2528,0.1066
UNH,rates,Rates,high,-0.4986,0.9685,63,-0.2528,0.1066
UNH,rates,Rates,low,-3.1147,1.0250,63,-0.2528,0.1066
UNH,rates,Bull-Bear,high,0.0233,0.1286,839,-0.2528,0.1066
UNH,rates,Bull-Bear,low,0.1150,0.1848,241,-0.2528,0.1066
UNH,rates_30y,VIX,high,-0.2634,0.1132,312,-0.1028,0.0477
UNH,rates_30y,VIX,low,0.1053,0.1134,254,-0.1028,0.0477
UNH,rates_30y,Rates,high,0.2654,0.2706,63,-0.1028,0.0477
UNH,rates_30y,Rates,low,-1.0500,0.3570,63,-0.1028,0.0477
UNH,rates_30y,Bull-Bear,high,-0.0109,0.0580,839,-0.1028,0.0477
UNH,rates_30y,Bull-Bear,low,0.0707,0.0894,241,-0.1028,0.0477
UNH,semiconductors,VIX,high,-0.6506,0.1107,312,-0.2697,0.0414
UNH,semiconductors,VIX,low,-0.3042,0.0824,254,-0.2697,0.0414
UNH,semiconductors,Rates,high,-0.3214,0.2429,63,-0.2697,0.0414
UNH,semiconductors,Rates,low,-0.7116,0.2219,63,-0.2697,0.0414
UNH,semiconductors,Bull-Bear,high,-0.1543,0.0421,839,-0.2697,0.0414
UNH,semiconductors,Bull-Bear,low,-0.1522,0.0927,241,-0.2697,0.0414
UNH,uranium,VIX,high,-0.2625,0.0743,312,-0.0809,0.0250
UNH,uranium,VIX,low,-0.1154,0.0586,254,-0.0809,0.0250
UNH,uranium,Rates,high,0.1440,0.1264,63,-0.0809,0.0250
UNH,uranium,Rates,low,-0.4353,0.1720,63,-0.0809,0.0250
UNH,uranium,Bull-Bear,high,-0.0740,0.0252,839,-0.0809,0.0250
UNH,uranium,Bull-Bear,low,-0.0480,0.0541,241,-0.0809,0.0250
UNH,usd_strength,VIX,high,0.9153,0.2527,312,0.3881,0.1150
UNH,usd_strength,VIX,low,0.1432,0.2829,254,0.3881,0.1150
UNH,usd_strength,Rates,high,0.8400,0.5638,63,0.3881,0.1150
UNH,usd_strength,Rates,low,2.5018,0.4738,63,0.3881,0.1150
UNH,usd_strength,Bull-Bear,high,-0.1082,0.1387,839,0.3881,0.1150
UNH,usd_strength,Bull-Bear,low,-0.2055,0.2317,241,0.3881,0.1150
UNH,value,VIX,high,1.0597,0.2483,312,0.7186,0.1079
UNH,value,VIX,low,0.7091,0.2222,254,0.7186,0.1079
UNH,value,Rates,high,2.1156,0.4540,63,0.7186,0.1079
UNH,value,Rates,low,0.3884,0.6930,63,0.7186,0.1079
UNH,value,Bull-Bear,high,0.4125,0.1098,839,0.7186,0.1079
UNH,value,Bull-Bear,low,-0.0836,0.2365,241,0.7186,0.1079
UNH,volatility,VIX,high,0.0810,0.0198,312,0.0306,0.0096
UNH,volatility,VIX,low,0.0127,0.0310,254,0.0306,0.0096
UNH,volatility,Rates,high,0.0667,0.0314,63,0.0306,0.0096
UNH,volatility,Rates,low,0.1003,0.0513,63,0.0306,0.0096
UNH,volatility,Bull-Bear,high,-0.0170,0.0103,839,0.0306,0.0096
UNH,volatility,Bull-Bear,low,0.0972,0.0238,241,0.0306,0.0096
UNH,xl_consumer_defensive,VIX,high,0.8159,0.1659,312,0.5506,0.0747
UNH,xl_consumer_defensive,VIX,low,0.7314,0.1823,254,0.5506,0.0747
UNH,xl_consumer_defensive,Rates,high,0.3197,0.3030,63,0.5506,0.0747
UNH,xl_consumer_defensive,Rates,low,0.6252,0.4301,63,0.5506,0.0747
UNH,xl_consumer_defensive,Bull-Bear,high,0.3590,0.0894,839,0.5506,0.0747
UNH,xl_consumer_defensive,Bull-Bear,low,0.2658,0.1394,241,0.5506,0.0747
UNH,xl_financials,VIX,high,-0.5236,0.2339,312,-0.3974,0.1048
UNH,xl_financials,VIX,low,-0.6028,0.2650,254,-0.3974,0.1048
UNH,xl_financials,Rates,high,-0.1631,0.4135,63,-0.3974,0.1048
UNH,xl_financials,Rates,low,-1.3569,0.6758,63,-0.3974,0.1048
UNH,xl_financials,Bull-Bear,high,-0.2340,0.1166,839,-0.3974,0.1048
UNH,xl_financials,Bull-Bear,low,-0.4117,0.1999,241,-0.3974,0.1048
UNH,xl_healthcare,VIX,high,1.8871,0.1718,312,1.3981,0.0722
UNH,xl_healthcare,VIX,low,1.7103,0.1483,254,1.3981,0.0722
UNH,xl_healthcare,Rates,high,0.5458,0.3989,63,1.3981,0.0722
UNH,xl_healthcare,Rates,low,2.4944,0.3587,63,1.3981,0.0722
UNH,xl_healthcare,Bull-Bear,high,1.2041,0.0777,839,1.3981,0.0722
UNH,xl_healthcare,Bull-Bear,low,1.2201,0.1441,241,1.3981,0.0722
UNH,xl_industrials,VIX,high,-0.4560,0.2799,312,-0.2930,0.1202
UNH,xl_industrials,VIX,low,-0.0342,0.2874,254,-0.2930,0.1202
UNH,xl_industrials,Rates,high,-0.8427,0.5698,63,-0.2930,0.1202
UNH,xl_industrials,Rates,low,-1.4515,0.8060,63,-0.2930,0.1202
UNH,xl_industrials,Bull-Bear,high,-0.2049,0.1324,839,-0.2930,0.1202
UNH,xl_industrials,Bull-Bear,low,-0.7517,0.2300,241,-0.2930,0.1202
UNH,xl_real_estate,VIX,high,0.4620,0.1298,312,0.2169,0.0554
UNH,xl_real_estate,VIX,low,0.1594,0.1217,254,0.2169,0.0554
UNH,xl_real_estate,Rates,high,0.1963,0.2495,63,0.2169,0.0554
UNH,xl_real_estate,Rates,low,0.8234,0.2327,63,0.2169,0.0554
UNH,xl_real_estate,Bull-Bear,high,0.0055,0.0619,839,0.2169,0.0554
UNH,xl_real_estate,Bull-Bear,low,0.1311,0.1070,241,0.2169,0.0554
UNH,xl_utilities,VIX,high,0.5784,0.1040,312,0.3290,0.0476
UNH,xl_utilities,VIX,low,0.1502,0.1152,254,0.3290,0.0476
UNH,xl_utilities,Rates,high,0.3122,0.1623,63,0.3290,0.0476
UNH,xl_utilities,Rates,low,0.7508,0.2555,63,0.3290,0.0476
UNH,xl_utilities,Bull-Bear,high,0.0664,0.0567,839,0.3290,0.0476
UNH,xl_utilities,Bull-Bear,low,0.2713,0.0890,241,0.3290,0.0476
VLO,biotech,VIX,high,-0.6203,0.2182,312,-0.3103,0.0814
VLO,biotech,VIX,low,-0.0417,0.1232,254,-0.3103,0.0814
VLO,biotech,Rates,high,-0.7557,0.3909,63,-0.3103,0.0814
VLO,biotech,Rates,low,-0.3780,0.4977,63,-0.3103,0.0814
VLO,biotech,Bull-Bear,high,-0.2273,0.0852,839,-0.3103,0.0814
VLO,biotech,Bull-Bear,low,-0.2423,0.2019,241,-0.3103,0.0814
VLO,china_a_shares,VIX,high,0.0990,0.1665,312,0.1388,0.0562
VLO,china_a_shares,VIX,low,0.1622,0.0792,254,0.1388,0.0562
VLO,china_a_shares,Rates,high,0.0607,0.2465,63,0.1388,0.0562
VLO,china_a_shares,Rates,low,-0.1361,0.3819,63,0.1388,0.0562
VLO,china_a_shares,Bull-Bear,high,0.1385,0.0582,839,0.1388,0.0562
VLO,china_a_shares,Bull-Bear,low,-0.0051,0.1518,241,0.1388,0.0562
VLO,china_exposure,VIX,high,0.0076,0.1345,312,0.0865,0.0482
VLO,china_exposure,VIX,low,0.1884,0.0588,254,0.0865,0.0482
VLO,china_exposure,Rates,high,-0.1022,0.2028,63,0.0865,0.0482
VLO,china_exposure,Rates,low,-0.2330,0.3089,63,0.0865,0.0482
VLO,china_exposure,Bull-Bear,high,0.1351,0.0524,839,0.0865,0.0482
VLO,china_exposure,Bull-Bear,low,0.0368,0.1042,241,0.0865,0.0482
VLO,copper,VIX,high,0.3216,0.1684,312,0.3057,0.0608
VLO,copper,VIX,low,0.1918,0.0844,254,0.3057,0.0608
VLO,copper,Rates,high,0.5506,0.2394,63,0.3057,0.0608
VLO,copper,Rates,low,0.5416,0.3510,63,0.3057,0.0608
VLO,copper,Bull-Bear,high,0.3076,0.0657,839,0.3057,0.0608
VLO,copper,Bull-Bear,low,0.4033,0.1438,241,0.3057,0.0608
VLO,credit_hy_spread,VIX,high,1.4353,0.3443,312,1.1074,0.1703
VLO,credit_hy_spread,VIX,low,0.4831,0.3051,254,1.1074,0.1703
VLO,credit_hy_spread,Rates,high,1.8358,1.0242,63,1.1074,0.1703
VLO,credit_hy_spread,Rates,low,2.3443,0.8733,63,1.1074,0.1703
VLO,credit_hy_spread,Bull-Bear,high,1.1409,0.2364,839,1.1074,0.1703
VLO,credit_hy_spread,Bull-Bear,low,0.4382,0.3404,241,1.1074,0.1703
VLO,defense,VIX,high,0.7239,0.2156,312,0.3892,0.0946
VLO,defense,VIX,low,-0.3949,0.1309,254,0.3892,0.0946
VLO,defense,Rates,high,1.2628,0.3320,63,0.3892,0.0946
VLO,defense,Rates,low,-0.2919,0.4273,63,0.3892,0.0946
VLO,defense,Bull-Bear,high,0.3848,0.1095,839,0.3892,0.0946
VLO,defense,Bull-Bear,low,-0.1173,0.2241,241,0.3892,0.0946
VLO,energy_oil,VIX,high,0.2358,0.0614,312,0.2991,0.0303
VLO,energy_oil,VIX,low,0.2986,0.0598,254,0.2991,0.0303
VLO,energy_oil,Rates,high,0.5455,0.1206,63,0.2991,0.0303
VLO,energy_oil,Rates,low,0.3816,0.1534,63,0.2991,0.0303
VLO,energy_oil,Bull-Bear,high,0.5472,0.0448,839,0.2991,0.0303
VLO,energy_oil,Bull-Bear,low,0.1204,0.0532,241,0.2991,0.0303
VLO,gold,VIX,high,-0.4075,0.2276,312,-0.1471,0.0886
VLO,gold,VIX,low,0.1607,0.1207,254,-0.1471,0.0886
VLO,gold,Rates,high,-0.1805,0.3915,63,-0.1471,0.0886
VLO,gold,Rates,low,-0.1587,0.4009,63,-0.1471,0.0886
VLO,gold,Bull-Bear,high,-0.1979,0.0956,839,-0.1471,0.0886
VLO,gold,Bull-Bear,low,0.3379,0.2216,241,-0.1471,0.0886
VLO,growth,VIX,high,-1.1860,1.1597,312,-1.4778,0.5072
VLO,growth,VIX,low,-0.1843,0.8885,254,-1.4778,0.5072
VLO,growth,Rates,high,1.3710,1.7790,63,-1.4778,0.5072
VLO,growth,Rates,low,7.5518,2.0355,63,-1.4778,0.5072
VLO,growth,Bull-Bear,high,-3.0787,0.5771,839,-1.4778,0.5072
VLO,growth,Bull-Bear,low,0.4426,1.2305,241,-1.4778,0.5072
VLO,inflation,VIX,high,2.0095,0.5431,312,1.9454,0.2566
VLO,inflation,VIX,low,1.1535,0.4977,254,1.9454,0.2566
VLO,inflation,Rates,high,2.5041,1.0337,63,1.9454,0.2566
VLO,inflation,Rates,low,2.1259,0.8903,63,1.9454,0.2566
VLO,inflation,Bull-Bear,high,2.3941,0.3654,839,1.9454,0.2566
VLO,inflation,Bull-Bear,low,0.9147,0.4955,241,1.9454,0.2566
VLO,lithium,VIX,high,0.2378,0.1423,312,0.1715,0.0512
VLO,lithium,VIX,low,0.1110,0.0661,254,0.1715,0.0512
VLO,lithium,Rates,high,-0.0516,0.2327,63,0.1715,0.0512
VLO,lithium,Rates,low,-0.3472,0.3982,63,0.1715,0.0512
VLO,lithium,Bull-Bear,high,0.1944,0.0520,839,0.1715,0.0512
VLO,lithium,Bull-Bear,low,0.1903,0.1534,241,0.1715,0.0512
VLO,market_beta,VIX,high,1.2993,0.0967,312,1.1422,0.0559
VLO,market_beta,VIX,low,0.4899,0.1748,254,1.1422,0.0559
VLO,market_beta,Rates,high,0.8909,0.1944,63,1.1422,0.0559
VLO,market_beta,Rates,low,1.1504,0.1893,63,1.1422,0.0559
VLO,market_beta,Bull-Bear,high,1.0558,0.0928,839,1.1422,0.0559
VLO,market_beta,Bull-Bear,low,1.0869,0.1226,241,1.1422,0.0559
VLO,momentum,VIX,high,-1.2425,0.3161,312,-0.4570,0.1234
VLO,momentum,VIX,low,-0.3487,0.1975,254,-0.4570,0.1234
VLO,momentum,Rates,high,0.0941,0.6304,63,-0.4570,0.1234
VLO,momentum,Rates,low,0.3484,0.6719,63,-0.4570,0.1234
VLO,momentum,Bull-Bear,high,-0.5795,0.1214,839,-0.4570,0.1234
VLO,momentum,Bull-Bear,low,-0.0654,0.3432,241,-0.4570,0.1234
VLO,natural_gas,VIX,high,0.0641,0.0638,312,0.0547,0.0222
VLO,natural_gas,VIX,low,0.0596,0.0284,254,0.0547,0.0222
VLO,natural_gas,Rates,high,0.1587,0.0870,63,0.0547,0.0222
VLO,natural_gas,Rates,low,0.0660,0.1398,63,0.0547,0.0222
VLO,natural_gas,Bull-Bear,high,0.0325,0.0236,839,0.0547,0.0222
VLO,natural_gas,Bull-Bear,low,0.1062,0.0527,241,0.0547,0.0222
VLO,quality,VIX,high,1.3942,0.9586,312,0.1594,0.3826
VLO,quality,VIX,low,-0.2196,0.5399,254,0.1594,0.3826
VLO,quality,Rates,high,-2.2098,1.3871,63,0.1594,0.3826
VLO,quality,Rates,low,-0.0363,1.5648,63,0.1594,0.3826
VLO,quality,Bull-Bear,high,0.4513,0.4341,839,0.1594,0.3826
VLO,quality,Bull-Bear,low,0.2405,0.9620,241,0.1594,0.3826
VLO,rates,VIX,high,-1.1361,0.4405,312,-0.8574,0.1700
VLO,rates,VIX,low,-0.2169,0.2287,254,-0.8574,0.1700
VLO,rates,Rates,high,3.0090,1.2886,63,-0.8574,0.1700
VLO,rates,Rates,low,0.2065,1.3853,63,-0.8574,0.1700
VLO,rates,Bull-Bear,high,-1.1056,0.2100,839,-0.8574,0.1700
VLO,rates,Bull-Bear,low,-0.4074,0.3589,241,-0.8574,0.1700
VLO,rates_30y,VIX,high,-0.4515,0.1881,312,-0.3556,0.0761
VLO,rates_30y,VIX,low,-0.0734,0.1100,254,-0.3556,0.0761
VLO,rates_30y,Rates,high,1.4049,0.3324,63,-0.3556,0.0761
VLO,rates_30y,Rates,low,-0.2267,0.4797,63,-0.3556,0.0761
VLO,rates_30y,Bull-Bear,high,-0.5700,0.0943,839,-0.3556,0.0761
VLO,rates_30y,Bull-Bear,low,-0.2007,0.1738,241,-0.3556,0.0761
VLO,semiconductors,VIX,high,-0.9335,0.1865,312,-0.2379,0.0674
VLO,semiconductors,VIX,low,-0.1036,0.0817,254,-0.2379,0.0674
VLO,semiconductors,Rates,high,-0.3631,0.3382,63,-0.2379,0.0674
VLO,semiconductors,Rates,low,-0.8490,0.2820,63,-0.2379,0.0674
VLO,semiconductors,Bull-Bear,high,-0.1134,0.0703,839,-0.2379,0.0674
VLO,semiconductors,Bull-Bear,low,0.0519,0.1813,241,-0.2379,0.0674
VLO,uranium,VIX,high,0.0489,0.1260,312,0.1642,0.0401
VLO,uranium,VIX,low,0.0991,0.0568,254,0.1642,0.0401
VLO,uranium,Rates,high,0.4079,0.1691,63,0.1642,0.0401
VLO,uranium,Rates,low,0.0992,0.2274,63,0.1642,0.0401
VLO,uranium,Bull-Bear,high,0.1750,0.0417,839,0.1642,0.0401
VLO,uranium,Bull-Bear,low,0.2888,0.1037,241,0.1642,0.0401
VLO,usd_strength,VIX,high,0.6680,0.4271,312,0.0973,0.1856
VLO,usd_strength,VIX,low,-0.0554,0.2742,254,0.0973,0.1856
VLO,usd_strength,Rates,high,-1.3440,0.7765,63,0.0973,0.1856
VLO,usd_strength,Rates,low,0.8212,0.7128,63,0.0973,0.1856
VLO,usd_strength,Bull-Bear,high,-0.1932,0.2302,839,0.0973,0.1856
VLO,usd_strength,Bull-Bear,low,-0.9425,0.4474,241,0.0973,0.1856
VLO,value,VIX,high,3.9500,0.3604,312,2.5945,0.1604
VLO,value,VIX,low,0.8889,0.2123,254,2.5945,0.1604
VLO,value,Rates,high,2.1891,0.6768,63,2.5945,0.1604
VLO,value,Rates,low,4.3791,0.6721,63,2.5945,0.1604
VLO,value,Bull-Bear,high,2.2304,0.1669,839,2.5945,0.1604
VLO,value,Bull-Bear,low,2.3148,0.4353,241,2.5945,0.1604
VLO,volatility,VIX,high,0.0788,0.0334,312,0.0033,0.0154
VLO,volatility,VIX,low,-0.0451,0.0299,254,0.0033,0.0154
VLO,volatility,Rates,high,-0.0237,0.0450,63,0.0033,0.0154
VLO,volatility,Rates,low,0.0510,0.0663,63,0.0033,0.0154
VLO,volatility,Bull-Bear,high,-0.0543,0.0170,839,0.0033,0.0154
VLO,volatility,Bull-Bear,low,0.1132,0.0474,241,0.0033,0.0154
VLO,xl_consumer_defensive,VIX,high,0.0341,0.2862,312,-0.1953,0.1225
VLO,xl_consumer_defensive,VIX,low,0.1259,0.1820,254,-0.1953,0.1225
VLO,xl_consumer_defensive,Rates,high,-0.7502,0.4126,63,-0.1953,0.1225
VLO,xl_consumer_defensive,Rates,low,-0.2884,0.5499,63,-0.1953,0.1225
VLO,xl_consumer_defensive,Bull-Bear,high,-0.3670,0.1494,839,-0.1953,0.1225
VLO,xl_consumer_defensive,Bull-Bear,low,-0.5262,0.2712,241,-0.1953,0.1225
VLO,xl_financials,VIX,high,0.3315,0.3913,312,0.1033,0.1693
VLO,xl_financials,VIX,low,-0.5981,0.2566,254,0.1033,0.1693
VLO,xl_financials,Rates,high,0.5055,0.5700,63,0.1033,0.1693
VLO,xl_financials,Rates,low,0.0298,0.8790,63,0.1033,0.1693
VLO,xl_financials,Bull-Bear,high,0.5248,0.1932,839,0.1033,0.1693
VLO,xl_financials,Bull-Bear,low,-1.0229,0.3869,241,0.1033,0.1693
VLO,xl_healthcare,VIX,high,0.2528,0.3363,312,-0.1689,0.1322
VLO,xl_healthcare,VIX,low,-0.0148,0.1776,254,-0.1689,0.1322
VLO,xl_healthcare,Rates,high,-0.7435,0.5531,63,-0.1689,0.1322
VLO,xl_healthcare,Rates,low,1.2243,0.5844,63,-0.1689,0.1322
VLO,xl_healthcare,Bull-Bear,high,-0.3318,0.1458,839,-0.1689,0.1322
VLO,xl_healthcare,Bull-Bear,low,-0.7372,0.3161,241,-0.1689,0.1322
VLO,xl_industrials,VIX,high,0.1296,0.4671,312,-0.0851,0.1936
VLO,xl_industrials,VIX,low,-0.4076,0.2773,254,-0.0851,0.1936
VLO,xl_industrials,Rates,high,0.6307,0.7994,63,-0.0851,0.1936
VLO,xl_industrials,Rates,low,-1.8100,1.0159,63,-0.0851,0.1936
VLO,xl_industrials,Bull-Bear,high,-0.0547,0.2200,839,-0.0851,0.1936
VLO,xl_industrials,Bull-Bear,low,-0.7870,0.4547,241,-0.0851,0.1936
VLO,xl_real_estate,VIX,high,0.8254,0.2150,312,0.2172,0.0893
VLO,xl_real_estate,VIX,low,0.1609,0.1179,254,0.2172,0.0893
VLO,xl_real_estate,Rates,high,-0.2636,0.3458,63,0.2172,0.0893
VLO,xl_real_estate,Rates,low,1.1247,0.2878,63,0.2172,0.0893
VLO,xl_real_estate,Bull-Bear,high,-0.0184,0.1027,839,0.2172,0.0893
VLO,xl_real_estate,Bull-Bear,low,0.1202,0.2087,241,0.2172,0.0893
VLO,xl_utilities,VIX,high,0.4503,0.1794,312,0.0882,0.0779
VLO,xl_utilities,VIX,low,0.1672,0.1115,254,0.0882,0.0779
VLO,xl_utilities,Rates,high,-0.3569,0.2270,63,0.0882,0.0779
VLO,xl_utilities,Rates,low,0.8279,0.3271,63,0.0882,0.0779
VLO,xl_utilities,Bull-Bear,high,-0.1339,0.0941,839,0.0882,0.0779
VLO,xl_utilities,Bull-Bear,low,0.2465,0.1758,241,0.0882,0.0779
VTI,biotech,VIX,high,0.0965,0.1059,312,0.0416,0.0368
VTI,biotech,VIX,low,0.0439,0.0452,254,0.0416,0.0368
VTI,biotech,Rates,high,0.0659,0.2371,63,0.0416,0.0368
VTI,biotech,Rates,low,0.1039,0.2749,63,0.0416,0.0368
VTI,biotech,Bull-Bear,high,0.0203,0.0306,839,0.0416,0.0368
VTI,biotech,Bull-Bear,low,0.1700,0.0951,241,0.0416,0.0368
VTI,china_a_shares,VIX,high,0.0579,0.0799,312,0.0029,0.0254
VTI,china_a_shares,VIX,low,0.0140,0.0293,254,0.0029,0.0254
VTI,china_a_shares,Rates,high,0.0159,0.1452,63,0.0029,0.0254
VTI,china_a_shares,Rates,low,0.4702,0.2016,63,0.0029,0.0254
VTI,china_a_shares,Bull-Bear,high,0.0054,0.0208,839,0.0029,0.0254
VTI,china_a_shares,Bull-Bear,low,-0.1126,0.0714,241,0.0029,0.0254
VTI,china_exposure,VIX,high,-0.0347,0.0645,312,0.0035,0.0217
VTI,china_exposure,VIX,low,0.0349,0.0219,254,0.0035,0.0217
VTI,china_exposure,Rates,high,-0.0818,0.1192,63,0.0035,0.0217
VTI,china_exposure,Rates,low,0.0125,0.1708,63,0.0035,0.0217
VTI,china_exposure,Bull-Bear,high,0.0103,0.0188,839,0.0035,0.0217
VTI,china_exposure,Bull-Bear,low,0.0387,0.0492,241,0.0035,0.0217
VTI,copper,VIX,high,-0.1126,0.0810,312,0.0094,0.0277
VTI,copper,VIX,low,0.0578,0.0312,254,0.0094,0.0277
VTI,copper,Rates,high,-0.1349,0.1460,63,0.0094,0.0277
VTI,copper,Rates,low,0.1229,0.1963,63,0.0094,0.0277
VTI,copper,Bull-Bear,high,0.0598,0.0237,839,0.0094,0.0277
VTI,copper,Bull-Bear,low,-0.0453,0.0690,241,0.0094,0.0277
VTI,credit_hy_spread,VIX,high,0.5072,0.1673,312,0.0249,0.0780
VTI,credit_hy_spread,VIX,low,-0.7322,0.1029,254,0.0249,0.0780
VTI,credit_hy_spread,Rates,high,1.4016,0.5924,63,0.0249,0.0780
VTI,credit_hy_spread,Rates,low,1.9908,0.4396,63,0.0249,0.0780
VTI,credit_hy_spread,Bull-Bear,high,-0.6571,0.0825,839,0.0249,0.0780
VTI,credit_hy_spread,Bull-Bear,low,-0.0762,0.1613,241,0.0249,0.0780
VTI,defense,VIX,high,0.1009,0.1051,312,0.0213,0.0429
VTI,defense,VIX,low,-0.0760,0.0487,254,0.0213,0.0429
VTI,defense,Rates,high,-0.1324,0.2169,63,0.0213,0.0429
VTI,defense,Rates,low,-0.0734,0.2359,63,0.0213,0.0429
VTI,defense,Bull-Bear,high,0.1018,0.0392,839,0.0213,0.0429
VTI,defense,Bull-Bear,low,-0.2092,0.1051,241,0.0213,0.0429
VTI,energy_oil,VIX,high,0.0259,0.0301,312,0.0015,0.0142
VTI,energy_oil,VIX,low,-0.0711,0.0226,254,0.0015,0.0142
VTI,energy_oil,Rates,high,0.0404,0.0820,63,0.0015,0.0142
VTI,energy_oil,Rates,low,0.1324,0.0869,63,0.0015,0.0142
VTI,energy_oil,Bull-Bear,high,-0.0012,0.0174,839,0.0015,0.0142
VTI,energy_oil,Bull-Bear,low,-0.0579,0.0251,241,0.0015,0.0142
VTI,gold,VIX,high,-0.1106,0.1096,312,0.0041,0.0399
VTI,gold,VIX,low,0.0837,0.0442,254,0.0041,0.0399
VTI,gold,Rates,high,-0.2683,0.2284,63,0.0041,0.0399
VTI,gold,Rates,low,-0.0607,0.2208,63,0.0041,0.0399
VTI,gold,Bull-Bear,high,0.0935,0.0341,839,0.0041,0.0399
VTI,gold,Bull-Bear,low,-0.1245,0.1049,241,0.0041,0.0399
VTI,growth,VIX,high,0.8377,0.5553,312,0.5011,0.2287
VTI,growth,VIX,low,-0.2160,0.3265,254,0.5011,0.2287
VTI,growth,Rates,high,3.4183,0.9578,63,0.5011,0.2287
VTI,growth,Rates,low,3.8115,1.1401,63,0.5011,0.2287
VTI,growth,Bull-Bear,high,-0.0468,0.2096,839,0.5011,0.2287
VTI,growth,Bull-Bear,low,1.1244,0.5771,241,0.5011,0.2287
VTI,inflation,VIX,high,0.3113,0.2656,312,0.0201,0.1182
VTI,inflation,VIX,low,-0.9942,0.1740,254,0.0201,0.1182
VTI,inflation,Rates,high,-1.3031,0.6153,63,0.0201,0.1182
VTI,inflation,Rates,low,0.5656,0.5072,63,0.0201,0.1182
VTI,inflation,Bull-Bear,high,-0.2730,0.1335,839,0.0201,0.1182
VTI,inflation,Bull-Bear,low,-0.4380,0.2341,241,0.0201,0.1182
VTI,lithium,VIX,high,-0.0487,0.0685,312,0.0081,0.0232
VTI,lithium,VIX,low,0.0510,0.0242,254,0.0081,0.0232
VTI,lithium,Rates,high,-0.3170,0.1310,63,0.0081,0.0232
VTI,lithium,Rates,low,-0.3465,0.2160,63,0.0081,0.0232
VTI,lithium,Bull-Bear,high,0.0462,0.0187,839,0.0081,0.0232
VTI,lithium,Bull-Bear,low,-0.0897,0.0725,241,0.0081,0.0232
VTI,market_beta,VIX,high,1.0253,0.0038,312,1.0248,0.0026
VTI,market_beta,VIX,low,1.0228,0.0105,254,1.0248,0.0026
VTI,market_beta,Rates,high,1.0326,0.0121,63,1.0248,0.0026
VTI,market_beta,Rates,low,1.0290,0.0083,63,1.0248,0.0026
VTI,market_beta,Bull-Bear,high,1.0223,0.0045,839,1.0248,0.0026
VTI,market_beta,Bull-Bear,low,1.0295,0.0053,241,1.0248,0.0026
VTI,momentum,VIX,high,-0.0058,0.1554,312,0.0249,0.0559
VTI,momentum,VIX,low,0.3808,0.0690,254,0.0249,0.0559
VTI,momentum,Rates,high,0.2002,0.3705,63,0.0249,0.0559
VTI,momentum,Rates,low,-0.1397,0.3701,63,0.0249,0.0559
VTI,momentum,Bull-Bear,high,0.1351,0.0437,839,0.0249,0.0559
VTI,momentum,Bull-Bear,low,-0.2007,0.1617,241,0.0249,0.0559
VTI,natural_gas,VIX,high,-0.0087,0.0307,312,-0.0001,0.0100
VTI,natural_gas,VIX,low,-0.0037,0.0105,254,-0.0001,0.0100
VTI,natural_gas,Rates,high,0.0489,0.0522,63,-0.0001,0.0100
VTI,natural_gas,Rates,low,0.0413,0.0769,63,-0.0001,0.0100
VTI,natural_gas,Bull-Bear,high,-0.0023,0.0084,839,-0.0001,0.0100
VTI,natural_gas,Bull-Bear,low,0.0021,0.0251,241,-0.0001,0.0100
VTI,quality,VIX,high,-0.4490,0.4607,312,-0.0011,0.1723
VTI,quality,VIX,low,-0.0418,0.1986,254,-0.0011,0.1723
VTI,quality,Rates,high,-2.3801,0.7762,63,-0.0011,0.1723
VTI,quality,Rates,low,0.0890,0.8611,63,-0.0011,0.1723
VTI,quality,Bull-Bear,high,-0.1116,0.1551,839,-0.0011,0.1723
VTI,quality,Bull-Bear,low,1.1521,0.4485,241,-0.0011,0.1723
VTI,rates,VIX,high,-0.4496,0.2120,312,0.0167,0.0773
VTI,rates,VIX,low,0.3694,0.0810,254,0.0167,0.0773
VTI,rates,Rates,high,-0.4139,0.7905,63,0.0167,0.0773
VTI,rates,Rates,low,-0.8828,0.7541,63,0.0167,0.0773
VTI,rates,Bull-Bear,high,0.2276,0.0758,839,0.0167,0.0773
VTI,rates,Bull-Bear,low,0.3365,0.1686,241,0.0167,0.0773
VTI,rates_30y,VIX,high,-0.2165,0.0902,312,0.0103,0.0345
VTI,rates_30y,VIX,low,0.1884,0.0387,254,0.0103,0.0345
VTI,rates_30y,Rates,high,0.1353,0.2219,63,0.0103,0.0345
VTI,rates_30y,Rates,low,-0.5508,0.2549,63,0.0103,0.0345
VTI,rates_30y,Bull-Bear,high,0.0888,0.0343,839,0.0103,0.0345
VTI,rates_30y,Bull-Bear,low,0.1618,0.0817,241,0.0103,0.0345
VTI,semiconductors,VIX,high,-0.4610,0.0893,312,-0.0002,0.0305
VTI,semiconductors,VIX,low,0.1277,0.0290,254,-0.0002,0.0305
VTI,semiconductors,Rates,high,-0.1410,0.2003,63,-0.0002,0.0305
VTI,semiconductors,Rates,low,-0.2882,0.1622,63,-0.0002,0.0305
VTI,semiconductors,Bull-Bear,high,0.1495,0.0246,839,-0.0002,0.0305
VTI,semiconductors,Bull-Bear,low,0.0478,0.0856,241,-0.0002,0.0305
VTI,uranium,VIX,high,-0.1121,0.0601,312,0.0112,0.0182
VTI,uranium,VIX,low,0.0027,0.0210,254,0.0112,0.0182
VTI,uranium,Rates,high,0.1139,0.1032,63,0.0112,0.0182
VTI,uranium,Rates,low,-0.1789,0.1232,63,0.0112,0.0182
VTI,uranium,Bull-Bear,high,0.0345,0.0150,839,0.0112,0.0182
VTI,uranium,Bull-Bear,low,0.0185,0.0498,241,0.0112,0.0182
VTI,usd_strength,VIX,high,0.5489,0.2033,312,-0.0214,0.0836
VTI,usd_strength,VIX,low,-0.4422,0.0969,254,-0.0214,0.0836
VTI,usd_strength,Rates,high,0.7824,0.4577,63,-0.0214,0.0836
VTI,usd_strength,Rates,low,0.6874,0.3866,63,-0.0214,0.0836
VTI,usd_strength,Bull-Bear,high,-0.4707,0.0806,839,-0.0214,0.0836
VTI,usd_strength,Bull-Bear,low,-0.8698,0.2058,241,-0.0214,0.0836
VTI,value,VIX,high,0.7914,0.1987,312,0.0727,0.0794
VTI,value,VIX,low,-0.2025,0.0797,254,0.0727,0.0794
VTI,value,Rates,high,0.9476,0.4141,63,0.0727,0.0794
VTI,value,Rates,low,0.9532,0.4660,63,0.0727,0.0794
VTI,value,Bull-Bear,high,-0.2511,0.0651,839,0.0727,0.0794
VTI,value,Bull-Bear,low,-0.4600,0.2155,241,0.0727,0.0794
VTI,volatility,VIX,high,0.0545,0.0159,312,-0.0008,0.0069
VTI,volatility,VIX,low,-0.0084,0.0110,254,-0.0008,0.0069
VTI,volatility,Rates,high,-0.0211,0.0264,63,-0.0008,0.0069
VTI,volatility,Rates,low,0.0598,0.0359,63,-0.0008,0.0069
VTI,volatility,Bull-Bear,high,-0.0567,0.0058,839,-0.0008,0.0069
VTI,volatility,Bull-Bear,low,0.1137,0.0214,241,-0.0008,0.0069
VTI,xl_consumer_defensive,VIX,high,0.4493,0.1349,312,-0.0491,0.0552
VTI,xl_consumer_defensive,VIX,low,-0.1909,0.0659,254,-0.0491,0.0552
VTI,xl_consumer_defensive,Rates,high,0.0466,0.2495,63,-0.0491,0.0552
VTI,xl_consumer_defensive,Rates,low,-0.0029,0.3033,63,-0.0491,0.0552
VTI,xl_consumer_defensive,Bull-Bear,high,-0.3660,0.0520,839,-0.0491,0.0552
VTI,xl_consumer_defensive,Bull-Bear,low,-0.3078,0.1276,241,-0.0491,0.0552
VTI,xl_financials,VIX,high,-0.0797,0.1879,312,0.0117,0.0762
VTI,xl_financials,VIX,low,-0.1317,0.0950,254,0.0117,0.0762
VTI,xl_financials,Rates,high,0.1661,0.3373,63,0.0117,0.0762
VTI,xl_financials,Rates,low,-0.0520,0.4837,63,0.0117,0.0762
VTI,xl_financials,Bull-Bear,high,-0.0346,0.0693,839,0.0117,0.0762
VTI,xl_financials,Bull-Bear,low,0.1773,0.1851,241,0.0117,0.0762
VTI,xl_healthcare,VIX,high,0.5655,0.1583,312,-0.0263,0.0595
VTI,xl_healthcare,VIX,low,-0.2166,0.0639,254,-0.0263,0.0595
VTI,xl_healthcare,Rates,high,-0.2298,0.3293,63,-0.0263,0.0595
VTI,xl_healthcare,Rates,low,0.4819,0.3272,63,-0.0263,0.0595
VTI,xl_healthcare,Bull-Bear,high,-0.2442,0.0516,839,-0.0263,0.0595
VTI,xl_healthcare,Bull-Bear,low,-0.2776,0.1500,241,-0.0263,0.0595
VTI,xl_industrials,VIX,high,-0.2172,0.2238,312,0.0142,0.0872
VTI,xl_industrials,VIX,low,0.3256,0.1003,254,0.0142,0.0872
VTI,xl_industrials,Rates,high,-0.4968,0.4690,63,0.0142,0.0872
VTI,xl_industrials,Rates,low,-1.0624,0.5571,63,0.0142,0.0872
VTI,xl_industrials,Bull-Bear,high,0.2487,0.0781,839,0.0142,0.0872
VTI,xl_industrials,Bull-Bear,low,-0.4642,0.2141,241,0.0142,0.0872
VTI,xl_real_estate,VIX,high,0.2839,0.1043,312,0.0162,0.0403
VTI,xl_real_estate,VIX,low,-0.0704,0.0433,254,0.0162,0.0403
VTI,xl_real_estate,Rates,high,-0.0789,0.2044,63,0.0162,0.0403
VTI,xl_real_estate,Rates,low,0.7657,0.1475,63,0.0162,0.0403
VTI,xl_real_estate,Bull-Bear,high,-0.1775,0.0362,839,0.0162,0.0403
VTI,xl_real_estate,Bull-Bear,low,-0.0277,0.0987,241,0.0162,0.0403
VTI,xl_utilities,VIX,high,0.2937,0.0853,312,-0.0153,0.0351
VTI,xl_utilities,VIX,low,-0.1020,0.0407,254,-0.0153,0.0351
VTI,xl_utilities,Rates,high,0.0350,0.1363,63,-0.0153,0.0351
VTI,xl_utilities,Rates,low,0.5480,0.1757,63,-0.0153,0.0351
VTI,xl_utilities,Bull-Bear,high,-0.2539,0.0325,839,-0.0153,0.0351
VTI,xl_utilities,Bull-Bear,low,-0.0773,0.0833,241,-0.0153,0.0351
WMT,biotech,VIX,high,0.1314,0.0966,312,0.0220,0.0383
WMT,biotech,VIX,low,0.1335,0.0811,254,0.0220,0.0383
WMT,biotech,Rates,high,0.7380,0.2107,63,0.0220,0.0383
WMT,biotech,Rates,low,-0.1678,0.1831,63,0.0220,0.0383
WMT,biotech,Bull-Bear,high,-0.0356,0.0371,839,0.0220,0.0383
WMT,biotech,Bull-Bear,low,-0.0302,0.1003,241,0.0220,0.0383
WMT,china_a_shares,VIX,high,0.0208,0.0730,312,-0.0132,0.0264
WMT,china_a_shares,VIX,low,-0.0144,0.0528,254,-0.0132,0.0264
WMT,china_a_shares,Rates,high,0.0710,0.1411,63,-0.0132,0.0264
WMT,china_a_shares,Rates,low,0.2496,0.1373,63,-0.0132,0.0264
WMT,china_a_shares,Bull-Bear,high,-0.0160,0.0253,839,-0.0132,0.0264
WMT,china_a_shares,Bull-Bear,low,-0.1143,0.0748,241,-0.0132,0.0264
WMT,china_exposure,VIX,high,-0.1130,0.0586,312,-0.0428,0.0226
WMT,china_exposure,VIX,low,0.0425,0.0396,254,-0.0428,0.0226
WMT,china_exposure,Rates,high,-0.0080,0.1165,63,-0.0428,0.0226
WMT,china_exposure,Rates,low,-0.1289,0.1132,63,-0.0428,0.0226
WMT,china_exposure,Bull-Bear,high,-0.0358,0.0228,839,-0.0428,0.0226
WMT,china_exposure,Bull-Bear,low,-0.0433,0.0515,241,-0.0428,0.0226
WMT,copper,VIX,high,-0.2046,0.0734,312,-0.0711,0.0287
WMT,copper,VIX,low,0.0351,0.0564,254,-0.0711,0.0287
WMT,copper,Rates,high,-0.3712,0.1350,63,-0.0711,0.0287
WMT,copper,Rates,low,0.0931,0.1314,63,-0.0711,0.0287
WMT,copper,Bull-Bear,high,-0.0133,0.0289,839,-0.0711,0.0287
WMT,copper,Bull-Bear,low,-0.1039,0.0721,241,-0.0711,0.0287
WMT,credit_hy_spread,VIX,high,-0.1880,0.1548,312,-0.2666,0.0808
WMT,credit_hy_spread,VIX,low,-0.1303,0.2028,254,-0.2666,0.0808
WMT,credit_hy_spread,Rates,high,0.1021,0.6024,63,-0.2666,0.0808
WMT,credit_hy_spread,Rates,low,0.9829,0.3163,63,-0.2666,0.0808
WMT,credit_hy_spread,Bull-Bear,high,-0.5140,0.1024,839,-0.2666,0.0808
WMT,credit_hy_spread,Bull-Bear,low,-0.4249,0.1669,241,-0.2666,0.0808
WMT,defense,VIX,high,-0.4317,0.0931,312,-0.2156,0.0442
WMT,defense,VIX,low,0.0418,0.0881,254,-0.2156,0.0442
WMT,defense,Rates,high,-0.7090,0.1913,63,-0.2156,0.0442
WMT,defense,Rates,low,0.1161,0.1574,63,-0.2156,0.0442
WMT,defense,Bull-Bear,high,-0.0580,0.0478,839,-0.2156,0.0442
WMT,defense,Bull-Bear,low,-0.2616,0.1098,241,-0.2156,0.0442
WMT,energy_oil,VIX,high,-0.0219,0.0275,312,-0.0268,0.0147
WMT,energy_oil,VIX,low,0.0469,0.0414,254,-0.0268,0.0147
WMT,energy_oil,Rates,high,-0.2403,0.0738,63,-0.0268,0.0147
WMT,energy_oil,Rates,low,0.0803,0.0584,63,-0.0268,0.0147
WMT,energy_oil,Bull-Bear,high,-0.0437,0.0210,839,-0.0268,0.0147
WMT,energy_oil,Bull-Bear,low,-0.0239,0.0266,241,-0.0268,0.0147
WMT,gold,VIX,high,0.1582,0.0999,312,0.0936,0.0415
WMT,gold,VIX,low,0.0390,0.0802,254,0.0936,0.0415
WMT,gold,Rates,high,0.1387,0.2242,63,0.0936,0.0415
WMT,gold,Rates,low,0.2993,0.1429,63,0.0936,0.0415
WMT,gold,Bull-Bear,high,0.1096,0.0414,839,0.0936,0.0415
WMT,gold,Bull-Bear,low,0.1377,0.1100,241,0.0936,0.0415
WMT,growth,VIX,high,-0.8355,0.5071,312,-0.8009,0.2374
WMT,growth,VIX,low,-0.5702,0.5871,254,-0.8009,0.2374
WMT,growth,Rates,high,2.6458,0.9674,63,-0.8009,0.2374
WMT,growth,Rates,low,-0.0569,0.8308,63,-0.8009,0.2374
WMT,growth,Bull-Bear,high,-0.8648,0.2528,839,-0.8009,0.2374
WMT,growth,Bull-Bear,low,-1.5487,0.6014,241,-0.8009,0.2374
WMT,inflation,VIX,high,-0.3114,0.2427,312,-0.2098,0.1228
WMT,inflation,VIX,low,0.1811,0.3327,254,-0.2098,0.1228
WMT,inflation,Rates,high,-0.8952,0.6099,63,-0.2098,0.1228
WMT,inflation,Rates,low,0.2064,0.3422,63,-0.2098,0.1228
WMT,inflation,Bull-Bear,high,-0.3093,0.1622,839,-0.2098,0.1228
WMT,inflation,Bull-Bear,low,-0.3579,0.2461,241,-0.2098,0.1228
WMT,lithium,VIX,high,-0.1504,0.0621,312,-0.0661,0.0240
WMT,lithium,VIX,low,-0.0017,0.0440,254,-0.0661,0.0240
WMT,lithium,Rates,high,-0.1749,0.1316,63,-0.0661,0.0240
WMT,lithium,Rates,low,-0.3174,0.1420,63,-0.0661,0.0240
WMT,lithium,Bull-Bear,high,0.0015,0.0228,839,-0.0661,0.0240
WMT,lithium,Bull-Bear,low,-0.2192,0.0749,241,-0.0661,0.0240
WMT,market_beta,VIX,high,0.4907,0.0455,312,0.4684,0.0272
WMT,market_beta,VIX,low,0.3379,0.1156,254,0.4684,0.0272
WMT,market_beta,Rates,high,0.5356,0.1096,63,0.4684,0.0272
WMT,market_beta,Rates,low,0.4801,0.0636,63,0.4684,0.0272
WMT,market_beta,Bull-Bear,high,0.3875,0.0412,839,0.4684,0.0272
WMT,market_beta,Bull-Bear,low,0.4107,0.0648,241,0.4684,0.0272
WMT,momentum,VIX,high,0.2354,0.1414,312,0.0351,0.0581
WMT,momentum,VIX,low,-0.1007,0.1314,254,0.0351,0.0581
WMT,momentum,Rates,high,0.4386,0.3572,63,0.0351,0.0581
WMT,momentum,Rates,low,-0.0695,0.2481,63,0.0351,0.0581
WMT,momentum,Bull-Bear,high,0.0973,0.0533,839,0.0351,0.0581
WMT,momentum,Bull-Bear,low,-0.1974,0.1696,241,0.0351,0.0581
WMT,natural_gas,VIX,high,-0.0098,0.0280,312,-0.0011,0.0104
WMT,natural_gas,VIX,low,0.0162,0.0189,254,-0.0011,0.0104
WMT,natural_gas,Rates,high,-0.0650,0.0505,63,-0.0011,0.0104
WMT,natural_gas,Rates,low,0.0249,0.0515,63,-0.0011,0.0104
WMT,natural_gas,Bull-Bear,high,0.0063,0.0102,839,-0.0011,0.0104
WMT,natural_gas,Bull-Bear,low,-0.0143,0.0263,241,-0.0011,0.0104
WMT,quality,VIX,high,-0.2774,0.4214,312,-0.1301,0.1793
WMT,quality,VIX,low,-0.6058,0.3555,254,-0.1301,0.1793
WMT,quality,Rates,high,-1.8236,0.7774,63,-0.1301,0.1793
WMT,quality,Rates,low,0.1905,0.5764,63,-0.1301,0.1793
WMT,quality,Bull-Bear,high,-0.5476,0.1875,839,-0.1301,0.1793
WMT,quality,Bull-Bear,low,1.2088,0.4701,241,-0.1301,0.1793
WMT,rates,VIX,high,-0.2245,0.1948,312,-0.0051,0.0805
WMT,rates,VIX,low,0.0302,0.1517,254,-0.0051,0.0805
WMT,rates,Rates,high,-3.2271,0.6512,63,-0.0051,0.0805
WMT,rates,Rates,low,-0.8205,0.4999,63,-0.0051,0.0805
WMT,rates,Bull-Bear,high,0.1557,0.0924,839,-0.0051,0.0805
WMT,rates,Bull-Bear,low,0.4133,0.1762,241,-0.0051,0.0805
WMT,rates_30y,VIX,high,-0.1525,0.0828,312,-0.0120,0.0359
WMT,rates_30y,VIX,low,0.0451,0.0728,254,-0.0120,0.0359
WMT,rates_30y,Rates,high,-0.7921,0.1915,63,-0.0120,0.0359
WMT,rates_30y,Rates,low,-0.4501,0.1675,63,-0.0120,0.0359
WMT,rates_30y,Bull-Bear,high,0.0918,0.0417,839,-0.0120,0.0359
WMT,rates_30y,Bull-Bear,low,0.1840,0.0855,241,-0.0120,0.0359
WMT,semiconductors,VIX,high,-0.2448,0.0839,312,-0.1329,0.0315
WMT,semiconductors,VIX,low,-0.1600,0.0533,254,-0.1329,0.0315
WMT,semiconductors,Rates,high,-0.2545,0.1930,63,-0.1329,0.0315
WMT,semiconductors,Rates,low,-0.2069,0.1082,63,-0.1329,0.0315
WMT,semiconductors,Bull-Bear,high,-0.0761,0.0304,839,-0.1329,0.0315
WMT,semiconductors,Bull-Bear,low,-0.1298,0.0894,241,-0.1329,0.0315
WMT,uranium,VIX,high,-0.1599,0.0545,312,-0.0317,0.0189
WMT,uranium,VIX,low,-0.0141,0.0378,254,-0.0317,0.0189
WMT,uranium,Rates,high,0.0025,0.1015,63,-0.0317,0.0189
WMT,uranium,Rates,low,-0.1118,0.0827,63,-0.0317,0.0189
WMT,uranium,Bull-Bear,high,0.0042,0.0183,839,-0.0317,0.0189
WMT,uranium,Bull-Bear,low,-0.0377,0.0521,241,-0.0317,0.0189
WMT,usd_strength,VIX,high,0.8005,0.1824,312,0.2662,0.0866
WMT,usd_strength,VIX,low,-0.0648,0.1815,254,0.2662,0.0866
WMT,usd_strength,Rates,high,1.5199,0.4124,63,0.2662,0.0866
WMT,usd_strength,Rates,low,0.6760,0.2511,63,0.2662,0.0866
WMT,usd_strength,Bull-Bear,high,-0.0777,0.0999,839,0.2662,0.0866
WMT,usd_strength,Bull-Bear,low,-0.1781,0.2234,241,0.2662,0.0866
WMT,value,VIX,high,-0.0294,0.1861,312,0.0329,0.0826
WMT,value,VIX,low,0.0602,0.1453,254,0.0329,0.0826
WMT,value,Rates,high,0.5789,0.4135,63,0.0329,0.0826
WMT,value,Rates,low,0.4437,0.3176,63,0.0329,0.0826
WMT,value,Bull-Bear,high,-0.0281,0.0797,839,0.0329,0.0826
WMT,value,Bull-Bear,low,-0.2868,0.2273,241,0.0329,0.0826
WMT,volatility,VIX,high,0.0221,0.0147,312,0.0073,0.0072
WMT,volatility,VIX,low,-0.0053,0.0199,254,0.0073,0.0072
WMT,volatility,Rates,high,-0.0003,0.0259,63,0.0073,0.0072
WMT,volatility,Rates,low,0.0565,0.0235,63,0.0073,0.0072
WMT,volatility,Bull-Bear,high,-0.0105,0.0074,839,0.0073,0.0072
WMT,volatility,Bull-Bear,low,0.0581,0.0235,241,0.0073,0.0072
WMT,xl_consumer_defensive,VIX,high,1.4083,0.0967,312,0.9880,0.0502
WMT,xl_consumer_defensive,VIX,low,0.8862,0.1069,254,0.9880,0.0502
WMT,xl_consumer_defensive,Rates,high,1.2715,0.1803,63,0.9880,0.0502
WMT,xl_consumer_defensive,Rates,low,0.6403,0.1859,63,0.9880,0.0502
WMT,xl_consumer_defensive,Bull-Bear,high,0.7333,0.0599,839,0.9880,0.0502
WMT,xl_consumer_defensive,Bull-Bear,low,0.9440,0.1208,241,0.9880,0.0502
WMT,xl_financials,VIX,high,-0.7760,0.1660,312,-0.4791,0.0782
WMT,xl_financials,VIX,low,-0.2140,0.1711,254,-0.4791,0.0782
WMT,xl_financials,Rates,high,-1.1113,0.2966,63,-0.4791,0.0782
WMT,xl_financials,Rates,low,-0.5846,0.3153,63,-0.4791,0.0782
WMT,xl_financials,Bull-Bear,high,-0.2918,0.0836,839,-0.4791,0.0782
WMT,xl_financials,Bull-Bear,low,-0.6035,0.1905,241,-0.4791,0.0782
WMT,xl_healthcare,VIX,high,0.6891,0.1423,312,0.3097,0.0613
WMT,xl_healthcare,VIX,low,0.2141,0.1168,254,0.3097,0.0613
WMT,xl_healthcare,Rates,high,0.8572,0.3025,63,0.3097,0.0613
WMT,xl_healthcare,Rates,low,0.4008,0.2171,63,0.3097,0.0613
WMT,xl_healthcare,Bull-Bear,high,0.0933,0.0634,839,0.3097,0.0613
WMT,xl_healthcare,Bull-Bear,low,0.2790,0.1573,241,0.3097,0.0613
WMT,xl_industrials,VIX,high,-0.8247,0.1994,312,-0.4317,0.0899
WMT,xl_industrials,VIX,low,-0.3615,0.1829,254,-0.4317,0.0899
WMT,xl_industrials,Rates,high,-1.6778,0.4076,63,-0.4317,0.0899
WMT,xl_industrials,Rates,low,0.0500,0.3841,63,-0.4317,0.0899
WMT,xl_industrials,Bull-Bear,high,-0.1105,0.0954,839,-0.4317,0.0899
WMT,xl_industrials,Bull-Bear,low,-0.5595,0.2237,241,-0.4317,0.0899
WMT,xl_real_estate,VIX,high,0.0679,0.0964,312,0.0561,0.0419
WMT,xl_real_estate,VIX,low,0.0222,0.0783,254,0.0561,0.0419
WMT,xl_real_estate,Rates,high,0.2253,0.1972,63,0.0561,0.0419
WMT,xl_real_estate,Rates,low,0.4174,0.1059,63,0.0561,0.0419
WMT,xl_real_estate,Bull-Bear,high,-0.0240,0.0446,839,0.0561,0.0419
WMT,xl_real_estate,Bull-Bear,low,-0.0094,0.1035,241,0.0561,0.0419
WMT,xl_utilities,VIX,high,0.4057,0.0760,312,0.2438,0.0359
WMT,xl_utilities,VIX,low,0.1028,0.0739,254,0.2438,0.0359
WMT,xl_utilities,Rates,high,0.5442,0.1130,63,0.2438,0.0359
WMT,xl_utilities,Rates,low,0.5862,0.1022,63,0.2438,0.0359
WMT,xl_utilities,Bull-Bear,high,0.1007,0.0407,839,0.2438,0.0359
WMT,xl_utilities,Bull-Bear,low,0.1456,0.0869,241,0.2438,0.0359
XOM,biotech,VIX,high,-0.2803,0.1486,312,-0.2023,0.0581
XOM,biotech,VIX,low,0.1089,0.0867,254,-0.2023,0.0581
XOM,biotech,Rates,high,-0.2385,0.3263,63,-0.2023,0.0581
XOM,biotech,Rates,low,-0.1703,0.3207,63,-0.2023,0.0581
XOM,biotech,Bull-Bear,high,-0.2077,0.0607,839,-0.2023,0.0581
XOM,biotech,Bull-Bear,low,-0.0827,0.1443,241,-0.2023,0.0581
XOM,china_a_shares,VIX,high,0.2007,0.1121,312,0.1275,0.0400
XOM,china_a_shares,VIX,low,0.0850,0.0561,254,0.1275,0.0400
XOM,china_a_shares,Rates,high,0.2639,0.1978,63,0.1275,0.0400
XOM,china_a_shares,Rates,low,0.2486,0.2436,63,0.1275,0.0400
XOM,china_a_shares,Bull-Bear,high,0.0998,0.0415,839,0.1275,0.0400
XOM,china_a_shares,Bull-Bear,low,0.0816,0.1081,241,0.1275,0.0400
XOM,china_exposure,VIX,high,0.0502,0.0909,312,0.0709,0.0344
XOM,china_exposure,VIX,low,0.1030,0.0418,254,0.0709,0.0344
XOM,china_exposure,Rates,high,0.0019,0.1654,63,0.0709,0.0344
XOM,china_exposure,Rates,low,-0.0909,0.1991,63,0.0709,0.0344
XOM,china_exposure,Bull-Bear,high,0.0952,0.0374,839,0.0709,0.0344
XOM,china_exposure,Bull-Bear,low,0.0392,0.0742,241,0.0709,0.0344
XOM,copper,VIX,high,0.2266,0.1139,312,0.2647,0.0432
XOM,copper,VIX,low,0.2100,0.0587,254,0.2647,0.0432
XOM,copper,Rates,high,0.2276,0.2010,63,0.2647,0.0432
XOM,copper,Rates,low,0.4108,0.2239,63,0.2647,0.0432
XOM,copper,Bull-Bear,high,0.2366,0.0468,839,0.2647,0.0432
XOM,copper,Bull-Bear,low,0.3986,0.1009,241,0.2647,0.0432
XOM,credit_hy_spread,VIX,high,0.9993,0.2325,312,0.7603,0.1217
XOM,credit_hy_spread,VIX,low,0.4550,0.2144,254,0.7603,0.1217
XOM,credit_hy_spread,Rates,high,2.4979,0.7932,63,0.7603,0.1217
XOM,credit_hy_spread,Rates,low,2.1196,0.5279,63,0.7603,0.1217
XOM,credit_hy_spread,Bull-Bear,high,0.6316,0.1697,839,0.7603,0.1217
XOM,credit_hy_spread,Bull-Bear,low,0.2342,0.2430,241,0.7603,0.1217
XOM,defense,VIX,high,0.3091,0.1474,312,0.1735,0.0678
XOM,defense,VIX,low,-0.3737,0.0910,254,0.1735,0.0678
XOM,defense,Rates,high,0.0622,0.3004,63,0.1735,0.0678
XOM,defense,Rates,low,0.0709,0.2756,63,0.1735,0.0678
XOM,defense,Bull-Bear,high,0.2565,0.0783,839,0.1735,0.0678
XOM,defense,Bull-Bear,low,-0.1123,0.1597,241,0.1735,0.0678
XOM,energy_oil,VIX,high,0.2759,0.0395,312,0.3338,0.0204
XOM,energy_oil,VIX,low,0.3032,0.0399,254,0.3338,0.0204
XOM,energy_oil,Rates,high,0.3891,0.1019,63,0.3338,0.0204
XOM,energy_oil,Rates,low,0.4137,0.0889,63,0.3338,0.0204
XOM,energy_oil,Bull-Bear,high,0.4843,0.0304,839,0.3338,0.0204
XOM,energy_oil,Bull-Bear,low,0.2119,0.0358,241,0.3338,0.0204
XOM,gold,VIX,high,-0.0341,0.1547,312,0.0372,0.0633
XOM,gold,VIX,low,0.2420,0.0841,254,0.0372,0.0633
XOM,gold,Rates,high,0.1768,0.3183,63,0.0372,0.0633
XOM,gold,Rates,low,0.0267,0.2580,63,0.0372,0.0633
XOM,gold,Bull-Bear,high,-0.0541,0.0684,839,0.0372,0.0633
XOM,gold,Bull-Bear,low,0.3997,0.1567,241,0.0372,0.0633
XOM,growth,VIX,high,-0.7356,0.7845,312,-1.4388,0.3609
XOM,growth,VIX,low,1.2076,0.6222,254,-1.4388,0.3609
XOM,growth,Rates,high,5.2950,1.2872,63,-1.4388,0.3609
XOM,growth,Rates,low,1.1767,1.4407,63,-1.4388,0.3609
XOM,growth,Bull-Bear,high,-2.5281,0.4097,839,-1.4388,0.3609
XOM,growth,Bull-Bear,low,-0.9145,0.8755,241,-1.4388,0.3609
XOM,inflation,VIX,high,1.5250,0.3652,312,1.5023,0.1824
XOM,inflation,VIX,low,0.8754,0.3505,254,1.5023,0.1824
XOM,inflation,Rates,high,-0.3475,0.8797,63,1.5023,0.1824
XOM,inflation,Rates,low,0.7137,0.5914,63,1.5023,0.1824
XOM,inflation,Bull-Bear,high,1.6995,0.2609,839,1.5023,0.1824
XOM,inflation,Bull-Bear,low,1.2512,0.3464,241,1.5023,0.1824
XOM,lithium,VIX,high,0.1959,0.0960,312,0.1550,0.0365
XOM,lithium,VIX,low,0.1258,0.0462,254,0.1550,0.0365
XOM,lithium,Rates,high,0.0131,0.1895,63,0.1550,0.0365
XOM,lithium,Rates,low,-0.2593,0.2554,63,0.1550,0.0365
XOM,lithium,Bull-Bear,high,0.1675,0.0370,839,0.1550,0.0365
XOM,lithium,Bull-Bear,low,0.1185,0.1094,241,0.1550,0.0365
XOM,market_beta,VIX,high,0.9578,0.0617,312,0.8524,0.0393
XOM,market_beta,VIX,low,0.1691,0.1248,254,0.8524,0.0393
XOM,market_beta,Rates,high,0.9642,0.1357,63,0.8524,0.0393
XOM,market_beta,Rates,low,0.8267,0.1121,63,0.8524,0.0393
XOM,market_beta,Bull-Bear,high,0.7749,0.0660,839,0.8524,0.0393
XOM,market_beta,Bull-Bear,low,0.6867,0.0905,241,0.8524,0.0393
XOM,momentum,VIX,high,-0.8792,0.2133,312,-0.4326,0.0877
XOM,momentum,VIX,low,-0.5487,0.1359,254,-0.4326,0.0877
XOM,momentum,Rates,high,0.5425,0.5084,63,-0.4326,0.0877
XOM,momentum,Rates,low,-0.2073,0.4320,63,-0.4326,0.0877
XOM,momentum,Bull-Bear,high,-0.4514,0.0864,839,-0.4326,0.0877
XOM,momentum,Bull-Bear,low,-0.4352,0.2431,241,-0.4326,0.0877
XOM,natural_gas,VIX,high,0.0552,0.0431,312,0.0428,0.0158
XOM,natural_gas,VIX,low,0.0492,0.0199,254,0.0428,0.0158
XOM,natural_gas,Rates,high,0.1206,0.0710,63,0.0428,0.0158
XOM,natural_gas,Rates,low,0.1257,0.0886,63,0.0428,0.0158
XOM,natural_gas,Bull-Bear,high,0.0360,0.0168,839,0.0428,0.0158
XOM,natural_gas,Bull-Bear,low,0.0715,0.0376,241,0.0428,0.0158
XOM,quality,VIX,high,-0.4222,0.6501,312,-0.6347,0.2724
XOM,quality,VIX,low,-0.9170,0.3766,254,-0.6347,0.2724
XOM,quality,Rates,high,-4.6127,0.9892,63,-0.6347,0.2724
XOM,quality,Rates,low,-0.1893,1.0056,63,-0.6347,0.2724
XOM,quality,Bull-Bear,high,-0.5213,0.3096,839,-0.6347,0.2724
XOM,quality,Bull-Bear,low,-0.2384,0.6857,241,-0.6347,0.2724
XOM,rates,VIX,high,-1.0315,0.2953,312,-0.6924,0.1210
XOM,rates,VIX,low,-0.1581,0.1613,254,-0.6924,0.1210
XOM,rates,Rates,high,0.2336,1.0941,63,-0.6924,0.1210
XOM,rates,Rates,low,-0.9159,0.8829,63,-0.6924,0.1210
XOM,rates,Bull-Bear,high,-0.7248,0.1503,839,-0.6924,0.1210
XOM,rates,Bull-Bear,low,-0.1646,0.2563,241,-0.6924,0.1210
XOM,rates_30y,VIX,high,-0.4827,0.1254,312,-0.3303,0.0539
XOM,rates_30y,VIX,low,-0.0861,0.0775,254,-0.3303,0.0539
XOM,rates_30y,Rates,high,0.4774,0.3014,63,-0.3303,0.0539
XOM,rates_30y,Rates,low,-0.7681,0.2928,63,-0.3303,0.0539
XOM,rates_30y,Bull-Bear,high,-0.3969,0.0674,839,-0.3303,0.0539
XOM,rates_30y,Bull-Bear,low,-0.1352,0.1239,241,-0.3303,0.0539
XOM,semiconductors,VIX,high,-0.6809,0.1253,312,-0.2666,0.0477
XOM,semiconductors,VIX,low,-0.1803,0.0567,254,-0.2666,0.0477
XOM,semiconductors,Rates,high,-0.3899,0.2733,63,-0.2666,0.0477
XOM,semiconductors,Rates,low,-0.4885,0.1839,63,-0.2666,0.0477
XOM,semiconductors,Bull-Bear,high,-0.1654,0.0500,839,-0.2666,0.0477
XOM,semiconductors,Bull-Bear,low,-0.1839,0.1287,241,-0.2666,0.0477
XOM,uranium,VIX,high,0.1151,0.0850,312,0.1557,0.0285
XOM,uranium,VIX,low,0.1274,0.0395,254,0.1557,0.0285
XOM,uranium,Rates,high,0.4634,0.1313,63,0.1557,0.0285
XOM,uranium,Rates,low,-0.0432,0.1463,63,0.1557,0.0285
XOM,uranium,Bull-Bear,high,0.1391,0.0297,839,0.1557,0.0285
XOM,uranium,Bull-Bear,low,0.3010,0.0726,241,0.1557,0.0285
XOM,usd_strength,VIX,high,0.5813,0.2881,312,0.0260,0.1324
XOM,usd_strength,VIX,low,-0.1827,0.1931,254,0.0260,0.1324
XOM,usd_strength,Rates,high,0.3779,0.6454,63,0.0260,0.1324
XOM,usd_strength,Rates,low,0.6568,0.4554,63,0.0260,0.1324
XOM,usd_strength,Bull-Bear,high,-0.3630,0.1640,839,0.0260,0.1324
XOM,usd_strength,Bull-Bear,low,-0.6023,0.3195,241,0.0260,0.1324
XOM,value,VIX,high,2.7528,0.2408,312,2.0655,0.1115
XOM,value,VIX,low,1.1859,0.1357,254,2.0655,0.1115
XOM,value,Rates,high,2.4918,0.5036,63,2.0655,0.1115
XOM,value,Rates,low,2.0991,0.4943,63,2.0655,0.1115
XOM,value,Bull-Bear,high,1.7843,0.1158,839,2.0655,0.1115
XOM,value,Bull-Bear,low,1.8902,0.3045,241,2.0655,0.1115
XOM,volatility,VIX,high,0.0579,0.0226,312,0.0049,0.0110
XOM,volatility,VIX,low,-0.0039,0.0212,254,0.0049,0.0110
XOM,volatility,Rates,high,0.0171,0.0367,63,0.0049,0.0110
XOM,volatility,Rates,low,0.0652,0.0420,63,0.0049,0.0110
XOM,volatility,Bull-Bear,high,-0.0426,0.0121,839,0.0049,0.0110
XOM,volatility,Bull-Bear,low,0.0587,0.0340,241,0.0049,0.0110
XOM,xl_consumer_defensive,VIX,high,0.2766,0.1930,312,0.0845,0.0875
XOM,xl_consumer_defensive,VIX,low,0.2711,0.1274,254,0.0845,0.0875
XOM,xl_consumer_defensive,Rates,high,0.2713,0.3430,63,0.0845,0.0875
XOM,xl_consumer_defensive,Rates,low,0.1243,0.3539,63,0.0845,0.0875
XOM,xl_consumer_defensive,Bull-Bear,high,-0.0208,0.1070,839,0.0845,0.0875
XOM,xl_consumer_defensive,Bull-Bear,low,-0.1428,0.1946,241,0.0845,0.0875
XOM,xl_financials,VIX,high,-0.5066,0.2634,312,-0.3198,0.1205
XOM,xl_financials,VIX,low,-0.8626,0.1747,254,-0.3198,0.1205
XOM,xl_financials,Rates,high,-0.5417,0.4617,63,-0.3198,0.1205
XOM,xl_financials,Rates,low,-0.9381,0.5521,63,-0.3198,0.1205
XOM,xl_financials,Bull-Bear,high,0.1891,0.1384,839,-0.3198,0.1205
XOM,xl_financials,Bull-Bear,low,-1.2663,0.2676,241,-0.3198,0.1205
XOM,xl_healthcare,VIX,high,0.3099,0.2270,312,-0.0431,0.0944
XOM,xl_healthcare,VIX,low,0.1002,0.1252,254,-0.0431,0.0944
XOM,xl_healthcare,Rates,high,-0.0741,0.4566,63,-0.0431,0.0944
XOM,xl_healthcare,Rates,low,0.2977,0.3871,63,-0.0431,0.0944
XOM,xl_healthcare,Bull-Bear,high,-0.1665,0.1043,839,-0.0431,0.0944
XOM,xl_healthcare,Bull-Bear,low,-0.2846,0.2271,241,-0.0431,0.0944
XOM,xl_industrials,VIX,high,-0.1288,0.3159,312,-0.2431,0.1380
XOM,xl_industrials,VIX,low,-0.6508,0.1921,254,-0.2431,0.1380
XOM,xl_industrials,Rates,high,-1.5276,0.6240,63,-0.2431,0.1380
XOM,xl_industrials,Rates,low,-0.5698,0.6658,63,-0.2431,0.1380
XOM,xl_industrials,Bull-Bear,high,-0.2307,0.1569,839,-0.2431,0.1380
XOM,xl_industrials,Bull-Bear,low,-0.7542,0.3225,241,-0.2431,0.1380
XOM,xl_real_estate,VIX,high,0.4409,0.1467,312,0.1210,0.0638
XOM,xl_real_estate,VIX,low,0.3363,0.0807,254,0.1210,0.0638
XOM,xl_real_estate,Rates,high,0.0464,0.2827,63,0.1210,0.0638
XOM,xl_real_estate,Rates,low,0.6729,0.1881,63,0.1210,0.0638
XOM,xl_real_estate,Bull-Bear,high,-0.0234,0.0733,839,0.1210,0.0638
XOM,xl_real_estate,Bull-Bear,low,0.1055,0.1488,241,0.1210,0.0638
XOM,xl_utilities,VIX,high,0.5166,0.1190,312,0.1819,0.0554
XOM,xl_utilities,VIX,low,0.3126,0.0765,254,0.1819,0.0554
XOM,xl_utilities,Rates,high,0.2000,0.1867,63,0.1819,0.0554
XOM,xl_utilities,Rates,low,0.6232,0.2061,63,0.1819,0.0554
XOM,xl_utilities,Bull-Bear,high,-0.0346,0.0672,839,0.1819,0.0554
XOM,xl_utilities,Bull-Bear,low,0.2890,0.1244,241,0.1819,0.0554
